 ps_partkey |    value    
------------+-------------
    2923954 | 20250041.76
    1560134 | 19580776.76
    2645766 | 19198385.74
    2841099 | 19088743.71
    1318244 | 18984326.85
     891129 | 18876288.12
     124792 | 18808751.57
     701067 | 18568815.68
    3069927 | 18497317.44
      48950 | 18454121.20
    3050123 | 18401680.48
    2574784 | 18185456.26
    2889478 | 18067968.64
     153659 | 17982992.15
    1434594 | 17943892.77
    2584761 | 17911324.16
     983476 | 17877883.34
    1032749 | 17824336.06
    2838540 | 17812559.66
     102171 | 17767555.32
     756342 | 17630122.85
    3142025 | 17527529.72
    1895439 | 17414990.03
    1163013 | 17399680.95
    2232119 | 17307106.55
    2678745 | 17197831.30
    1887249 | 17149483.28
    2408179 | 17101391.00
    1015466 | 17101382.73
     945523 | 17070699.33
    2398627 | 17059413.39
    2758710 | 17016381.17
    2705490 | 16984601.30
      31627 | 16968463.80
    1153034 | 16894782.68
    3106042 | 16880539.94
    1184077 | 16844488.52
    2940439 | 16832214.62
     151499 | 16814930.78
     793197 | 16814156.32
     469836 | 16811426.78
    2142849 | 16777421.85
    2831499 | 16680736.56
     616690 | 16675383.34
    2740971 | 16548969.78
     500095 | 16497907.12
    1392654 | 16471865.41
     852949 | 16438263.80
     480668 | 16434173.20
    2210814 | 16411165.48
    1249467 | 16401158.07
    2875695 | 16349539.95
    2811696 | 16341101.06
    2957737 | 16267562.01
    1628469 | 16256456.51
    2078852 | 16133266.38
    3072145 | 16121460.52
    1618139 | 16114559.26
     211512 | 16090361.18
    1605546 | 16074999.05
    1226684 | 16074067.23
    2504810 | 15999791.01
     717619 | 15983648.28
     868242 | 15971858.61
     453068 | 15962397.53
    1145682 | 15942487.60
    1225965 | 15928962.10
    2089786 | 15925715.29
    1279070 | 15901872.96
     357384 | 15879481.96
    1329877 | 15848860.14
    2370577 | 15813600.87
    2636354 | 15796847.68
     623262 | 15784827.03
     770117 | 15777207.53
    1239989 | 15760294.27
    1399089 | 15756781.44
     888567 | 15753188.82
    2455341 | 15752974.34
     920559 | 15748977.91
    1367474 | 15744580.12
    3001646 | 15712628.00
    2515727 | 15701186.98
    1941211 | 15698316.30
    2126560 | 15680438.20
    3108534 | 15642238.03
     940839 | 15612773.07
    2459359 | 15603483.48
    3041151 | 15564535.61
    2260689 | 15546395.09
    1602311 | 15542581.11
     648950 | 15484856.56
    1732345 | 15479674.24
    1962912 | 15456182.11
    2368885 | 15451733.60
     435813 | 15441459.23
    1050109 | 15434707.32
    3139074 | 15431537.49
     907863 | 15423632.19
    1662051 | 15383945.40
    2496783 | 15382402.16
    1497575 | 15376783.50
    3025459 | 15360860.56
    1682333 | 15358811.64
    2351430 | 15356969.88
       6736 | 15354958.92
     993069 | 15353423.30
    2007492 | 15347443.22
    2935887 | 15346029.96
    3064841 | 15340511.74
     939683 | 15337120.71
    1923204 | 15333124.18
     704015 | 15332579.98
    2275368 | 15329029.08
    1166822 | 15307007.95
     487829 | 15302576.45
    1782796 | 15292657.95
    1186677 | 15286740.06
    2651692 | 15272741.29
     633886 | 15261569.30
    1247045 | 15259018.43
    1810046 | 15258405.25
     708911 | 15240770.07
    2296837 | 15226787.98
    2045606 | 15217325.75
    1131290 | 15202290.59
    3048912 | 15200124.32
    2962219 | 15196959.95
    1680161 | 15188522.06
     698470 | 15176220.32
     774528 | 15168474.60
    2670429 | 15163522.48
    1074182 | 15152089.36
    1541227 | 15145616.80
    1728682 | 15145546.92
     338620 | 15143143.03
     831512 | 15124117.58
     548946 | 15123826.03
    1550988 | 15102444.30
     724989 | 15066457.04
    1329922 | 15050971.28
    2739186 | 15042956.06
    2382650 | 15041925.30
     570850 | 15029523.28
     270556 | 15026524.04
     351186 | 15023243.30
    3027619 | 14973186.20
    2680692 | 14962168.70
    1974418 | 14958378.78
    2208894 | 14950628.38
      85642 | 14950197.87
     792562 | 14947099.14
    2703880 | 14941470.80
    1198806 | 14931288.44
     778736 | 14930966.07
     423842 | 14930190.42
    1736257 | 14914835.10
     745330 | 14876114.42
      99777 | 14865318.15
    1803416 | 14808499.05
    3165075 | 14798396.78
    2436206 | 14789634.48
    2504629 | 14778472.83
     652898 | 14769518.35
    1475789 | 14767566.83
    2916535 | 14759708.59
     190842 | 14752109.06
    2835393 | 14709490.68
    2211657 | 14695114.07
    2484720 | 14686466.39
    2224388 | 14649846.78
    1769471 | 14612930.07
     128920 | 14607813.00
     892342 | 14594617.80
    2099112 | 14586651.53
    1177599 | 14584693.38
     666034 | 14568993.72
    2468651 | 14565099.60
     609626 | 14546713.45
    1954217 | 14546037.51
     694011 | 14540877.40
    2707932 | 14540519.00
     375435 | 14530966.21
    2942800 | 14523965.13
    1296762 | 14518430.19
      62291 | 14512753.44
     231031 | 14501613.32
     430721 | 14491075.68
    1855428 | 14480882.42
    2095246 | 14478082.38
    1187680 | 14475136.52
     846651 | 14466909.64
    2829401 | 14458431.41
    1500290 | 14443412.22
    1166362 | 14427020.80
    3063910 | 14420940.49
    1334429 | 14416263.55
     954212 | 14410941.08
     448983 | 14405834.49
    1870546 | 14404706.08
    2782735 | 14403832.95
    2046926 | 14403349.20
    1240701 | 14398121.15
    2717053 | 14394536.10
    1484216 | 14392236.60
     464231 | 14384375.64
     382598 | 14381563.68
    2485438 | 14368740.37
    2632367 | 14368303.34
     250779 | 14362565.62
    2727928 | 14358467.17
     489154 | 14355550.44
    3030766 | 14353511.70
     269836 | 14349579.34
    1274046 | 14334956.34
    1215272 | 14334609.75
     968946 | 14330233.65
    2737853 | 14322253.30
     631766 | 14303751.45
     457222 | 14300213.01
    2063419 | 14300036.07
    1972434 | 14290735.85
      84993 | 14289009.67
     339288 | 14285433.24
     162706 | 14278482.57
     768844 | 14273969.07
     698295 | 14252714.48
    3045996 | 14248517.09
    1779742 | 14243191.84
     198366 | 14242564.30
      70546 | 14237385.05
     840383 | 14230855.20
    2956183 | 14220919.90
    2722568 | 14214236.69
    2556112 | 14212546.11
     287948 | 14208089.36
    3065433 | 14207093.04
    2123805 | 14205412.22
    1289189 | 14199556.95
    2447947 | 14195083.27
    2197424 | 14180623.50
    1373678 | 14180123.42
     944925 | 14169953.80
    2833542 | 14167380.82
    2776218 | 14163090.92
    2852830 | 14157284.82
    2475959 | 14155976.88
    1238754 | 14152463.96
    2491095 | 14151435.75
    1804682 | 14146093.59
       8950 | 14139247.80
    1159077 | 14138243.00
    2428018 | 14136382.66
    2533761 | 14129561.71
    1083576 | 14127174.87
    1081379 | 14095256.18
    2753697 | 14088028.00
    1866205 | 14077805.36
     461885 | 14072478.22
    1838744 | 14068132.86
    1231050 | 14062196.72
    2283692 | 14057887.81
    1108012 | 14053970.09
    1305535 | 14049560.89
     864298 | 14048611.96
     445511 | 14048271.51
    2985472 | 14045828.80
     150382 | 14043551.25
      71472 | 14040102.15
     475815 | 14039747.02
     509827 | 14028421.18
    2909620 | 14010609.76
     542593 | 13994716.62
    1771178 | 13994184.74
    2812375 | 13993636.81
    1758766 | 13976540.62
     682671 | 13974256.14
     966677 | 13970016.18
     499211 | 13967741.73
     527228 | 13946987.39
    2526362 | 13932971.38
    1439162 | 13926966.08
    2491571 | 13911617.88
    1465933 | 13906701.18
    2417601 | 13892119.74
     865903 | 13889383.76
     683998 | 13881795.96
    2348880 | 13871832.54
    2765153 | 13868525.04
     921365 | 13865278.12
    1766657 | 13849003.52
     954603 | 13830193.80
    1186538 | 13828830.25
     349461 | 13826352.16
    2657159 | 13825658.66
     118702 | 13820142.82
    1735321 | 13803873.06
    1837326 | 13802204.36
    1192240 | 13801759.86
    3173802 | 13786407.71
    1860646 | 13786352.04
    1792770 | 13777279.28
    3151322 | 13776822.80
    1115251 | 13771422.86
     290137 | 13770018.06
    2486419 | 13768695.09
     631721 | 13767538.64
     106046 | 13766180.74
    3177443 | 13755970.62
    1013821 | 13755395.06
    2231837 | 13747028.74
     499614 | 13744769.16
    1336533 | 13738005.15
    2385923 | 13726774.16
    2516570 | 13711966.48
     196867 | 13710022.29
    2228942 | 13706518.45
     754552 | 13694046.60
    2142671 | 13693982.27
    2228092 | 13686838.65
    2767828 | 13686052.56
    1973180 | 13685370.84
    2784241 | 13683715.72
     295250 | 13680414.04
    2143854 | 13677694.69
    2739205 | 13676013.68
    1282948 | 13673373.70
    3063864 | 13673083.62
    1901753 | 13669521.27
    1718361 | 13668971.22
    1131635 | 13656958.86
    3185960 | 13655444.76
    1929469 | 13644678.31
     737807 | 13641948.74
     393115 | 13640026.84
     456703 | 13639819.69
    2817071 | 13637144.42
    2502955 | 13634754.00
    2676853 | 13633962.54
    2325620 | 13630703.71
    1300701 | 13619952.70
    2358185 | 13616521.52
     588949 | 13615335.25
    1397429 | 13609239.99
     755944 | 13607478.77
     666087 | 13607310.86
     565642 | 13604519.10
    1702379 | 13601513.00
    2046437 | 13599573.85
    2863907 | 13598132.21
    2080820 | 13592696.81
     190544 | 13590982.50
    3073691 | 13589891.20
     439112 | 13589047.56
    2343708 | 13581967.40
    1036737 | 13571976.22
    1453320 | 13571963.12
    3007676 | 13568807.55
    3113352 | 13567432.56
    2129072 | 13567069.15
    1948960 | 13564769.26
     192206 | 13556675.23
    1743408 | 13556269.48
    3120388 | 13556203.41
    2765747 | 13555028.16
     896398 | 13549627.10
    1953701 | 13545856.33
    1019197 | 13538142.38
    2953485 | 13534146.15
      32941 | 13527353.68
    1903937 | 13523983.28
    3110457 | 13515313.04
    2347195 | 13512308.43
    1082294 | 13493660.12
    1544732 | 13485620.80
    2300412 | 13483256.75
     622701 | 13470416.40
    1951591 | 13469772.44
    2635116 | 13464532.88
    1087067 | 13462693.71
    1034214 | 13462491.10
    1678183 | 13453742.61
    2875604 | 13448223.62
     330379 | 13447108.76
     931463 | 13446271.08
     242983 | 13444024.62
     763889 | 13440747.76
     708637 | 13440324.54
    2378022 | 13429766.35
      95727 | 13429265.97
     974952 | 13424476.36
    2513419 | 13423905.40
    1227221 | 13420923.62
     167949 | 13417327.62
     887697 | 13410129.42
    1552193 | 13409449.00
    2094960 | 13402579.74
    1584887 | 13398406.28
    3138764 | 13391086.94
    1943091 | 13389181.72
     818399 | 13382098.32
     262553 | 13381473.11
    2615211 | 13381174.02
    2472731 | 13379629.88
    1982291 | 13372705.62
    2087879 | 13370134.52
     148092 | 13369568.45
    1490321 | 13364818.36
    1034157 | 13362008.32
    2038020 | 13352044.98
    2996083 | 13345340.24
     246681 | 13343170.60
    1108661 | 13343147.05
     952689 | 13340621.41
     792139 | 13339427.94
    2913528 | 13336295.02
    1335990 | 13332548.39
     735281 | 13330280.95
     569261 | 13330007.28
    2943987 | 13323367.33
    1376149 | 13311092.96
     781075 | 13307829.44
     887120 | 13305088.05
    1883051 | 13296106.32
    2773225 | 13293687.76
     109551 | 13293489.02
    2352814 | 13291690.50
     808389 | 13288291.74
    2747020 | 13287654.82
     173883 | 13277248.52
    1385512 | 13271868.61
     862147 | 13267125.24
    1894430 | 13258445.05
    2734179 | 13254130.89
    3053745 | 13244700.55
    1384216 | 13243561.26
    2683679 | 13240119.67
     650373 | 13235807.92
    1167395 | 13234421.88
    2127076 | 13234007.15
    2676390 | 13227681.95
    1954208 | 13219076.91
    2333300 | 13216342.86
    1782282 | 13210315.06
     245633 | 13210064.53
    2080988 | 13209676.44
    1659696 | 13202482.41
    1824876 | 13198082.94
    1176437 | 13195941.55
     856183 | 13194103.25
    1018503 | 13192686.06
    3034316 | 13189844.46
    1942618 | 13189825.16
    2762488 | 13187597.77
    2920410 | 13185639.69
    1289914 | 13183444.76
    1221352 | 13178885.11
    2222899 | 13176185.88
    1229255 | 13168188.63
    3192636 | 13163742.88
      43223 | 13162985.44
      36845 | 13160862.37
    2051586 | 13160136.38
    1532506 | 13159372.24
    2119105 | 13158542.92
    3129513 | 13142971.06
    1713542 | 13139447.14
     678736 | 13134752.20
    3164268 | 13134492.47
     431183 | 13129979.75
    2591386 | 13128406.64
     968987 | 13124669.58
    1652338 | 13122949.40
     259194 | 13121727.75
    1280708 | 13113644.01
     410055 | 13113367.61
    1390470 | 13112622.53
     461122 | 13109665.23
    1105640 | 13107555.50
     693827 | 13106513.76
    2189259 | 13106034.83
     290024 | 13100804.88
    2956372 | 13097723.08
     216277 | 13093591.42
     606142 | 13088059.46
    1442268 | 13074430.31
    2349799 | 13073192.72
    2732913 | 13072559.10
    2972992 | 13070940.45
     995900 | 13063636.96
    1306826 | 13063227.60
    2316381 | 13054861.82
     618783 | 13054547.30
    1851525 | 13047414.26
    2326896 | 13047046.26
    2668342 | 13040665.00
    2510104 | 13033718.03
    2016950 | 13029776.94
     169720 | 13029766.45
    3075244 | 13026686.28
    1419777 | 13022376.96
     232072 | 13021037.66
    1736393 | 13021036.22
    1709216 | 13017875.18
    2593697 | 13012863.14
    1306455 | 13012202.36
    2877006 | 13010990.15
    2664494 | 13007749.60
     876375 | 12998432.30
    2978527 | 12998150.22
    2512042 | 12997626.96
    2787898 | 12995357.49
    2512059 | 12981489.83
    1918230 | 12980504.34
    1518946 | 12979534.81
     869826 | 12973346.14
    1392183 | 12966034.14
    1645427 | 12961601.89
    1727465 | 12960036.70
    2015056 | 12957368.97
    2827815 | 12956004.16
    1735507 | 12951352.67
    2882845 | 12948818.43
    2735730 | 12948262.88
     463649 | 12945810.22
      66692 | 12942382.10
    2979160 | 12941832.54
    2810178 | 12939228.61
    1604238 | 12936654.62
     744737 | 12927804.69
     239541 | 12926401.17
    1846129 | 12922336.61
     729235 | 12915921.36
    1202583 | 12915271.26
     914677 | 12913522.07
    1701744 | 12910827.36
    1138865 | 12906204.75
    1889756 | 12902488.40
    1089046 | 12893931.64
     880706 | 12892418.48
    1915905 | 12890832.32
    3144617 | 12882243.57
    2429948 | 12877862.48
    2863262 | 12877820.67
     967483 | 12867442.92
      66933 | 12865503.81
      56108 | 12858159.64
    1592465 | 12847021.32
    2383004 | 12845237.58
    2525981 | 12842334.21
     268364 | 12842211.39
     553515 | 12837154.44
    1192461 | 12835350.25
    2146397 | 12834797.23
     191188 | 12829837.00
    2909878 | 12823093.10
    1527456 | 12820640.55
    2645160 | 12817950.30
    2360221 | 12809932.80
      63913 | 12809334.14
    2995317 | 12806832.82
    1567132 | 12801722.48
     333070 | 12797180.61
     743047 | 12791178.70
    2179835 | 12790478.78
    2415319 | 12789186.25
     901755 | 12782285.82
      59112 | 12779263.62
    1394747 | 12778690.73
    2066099 | 12778104.11
    3003192 | 12777775.85
    1160145 | 12775992.50
    2950528 | 12769750.00
     352568 | 12768119.38
    2074935 | 12759926.00
    2014541 | 12750581.13
    3176781 | 12742012.14
    1742272 | 12740013.74
    2329199 | 12737148.56
    2906543 | 12735165.85
    2137196 | 12728184.07
     133599 | 12723244.47
    1120911 | 12720759.69
      55200 | 12717724.98
    3028499 | 12714816.75
    1119167 | 12711832.13
     927290 | 12711338.92
    2805159 | 12711021.31
    1666861 | 12710574.52
    2384195 | 12710024.78
    1887746 | 12709043.91
    2317057 | 12708793.62
    2301034 | 12704449.32
    1417509 | 12693280.05
    1170771 | 12692939.04
     208098 | 12682309.49
    1202934 | 12668058.81
    1109580 | 12667529.94
       4924 | 12665109.21
     246207 | 12663384.66
    3036521 | 12658834.59
    1068906 | 12658017.74
     841419 | 12634633.95
      49877 | 12630988.16
     559494 | 12630052.28
     669772 | 12628975.89
    2150714 | 12624293.66
    2526112 | 12615769.77
    3119116 | 12615372.46
     994151 | 12615332.45
     405451 | 12611577.88
    3052921 | 12609961.80
    1934570 | 12609274.08
     661804 | 12604447.31
    2052270 | 12603031.86
     412714 | 12599871.67
    1133675 | 12595458.60
    2415484 | 12594335.09
     686353 | 12592265.92
    1585997 | 12589409.76
    1548215 | 12585900.79
    2131626 | 12583362.40
    1235651 | 12578869.62
    1592892 | 12575437.64
    2435630 | 12573053.01
    2219350 | 12569255.96
    2994241 | 12563723.89
    1398953 | 12553373.17
    1840239 | 12552845.41
    1066531 | 12542266.02
    2079400 | 12535871.84
     830267 | 12532452.00
    2571468 | 12527913.48
    1761018 | 12526776.72
    2839959 | 12524958.40
    2200398 | 12517740.60
    2589914 | 12515330.68
      29513 | 12511830.39
     197678 | 12510717.13
     898954 | 12510597.26
    1512874 | 12504613.75
    2739726 | 12502284.35
    2889163 | 12495028.54
    2378266 | 12492315.60
     198124 | 12484449.62
    2639689 | 12474610.65
     358358 | 12474312.39
    1870053 | 12470358.75
    2990397 | 12464509.56
    2136230 | 12463366.03
    2052830 | 12451242.83
    1149483 | 12450495.57
     652873 | 12450354.11
     559739 | 12447878.24
     166687 | 12447250.67
     520493 | 12446698.44
    1274556 | 12441234.96
     139735 | 12440136.12
     631463 | 12437458.71
    1866515 | 12436003.90
     581737 | 12435462.66
    2164258 | 12435274.26
    1613049 | 12431299.38
    2392587 | 12427069.14
      74220 | 12426657.08
     165434 | 12423655.33
    2623811 | 12422919.12
    1438961 | 12419973.40
    2203713 | 12418887.36
    2850134 | 12418668.08
      90743 | 12407266.04
    1536482 | 12405684.30
     440257 | 12402388.05
    2470989 | 12401555.33
    2308562 | 12401340.04
     182041 | 12396832.80
    2561434 | 12395531.17
     472141 | 12392065.42
    1485657 | 12388011.28
    2955807 | 12386046.54
    2651411 | 12380770.74
     224226 | 12380454.55
     278855 | 12379567.15
    1854234 | 12377793.97
     696579 | 12368528.76
    2078509 | 12366843.11
    1416947 | 12365483.76
    2991819 | 12365479.17
     427549 | 12365475.39
    2616276 | 12365373.19
    2648015 | 12361936.20
    2560985 | 12360328.47
    2241944 | 12358465.82
    1617568 | 12353789.68
    2698116 | 12352981.56
     818121 | 12345157.15
     651574 | 12342515.18
     801550 | 12341535.65
    2327706 | 12339869.17
     117006 | 12339834.88
    2555566 | 12338647.96
     195275 | 12328513.49
    2313079 | 12326912.87
    1570129 | 12326071.94
    2267261 | 12324766.06
    1846311 | 12323046.60
    2131560 | 12320938.11
    2634002 | 12318488.49
    1438161 | 12317999.87
    1120564 | 12316374.57
     598624 | 12314853.96
    1504474 | 12313500.47
    2213686 | 12313180.51
     254471 | 12311309.43
    2876189 | 12310585.45
    2128464 | 12309588.26
    2030557 | 12308924.04
     817993 | 12308871.95
    3030496 | 12307700.17
     264950 | 12305926.73
    1107209 | 12303682.21
     860178 | 12301706.08
     832776 | 12293919.72
    1709373 | 12281599.53
    1671806 | 12278818.76
    2762817 | 12276459.73
    2341817 | 12270032.07
     659048 | 12269382.82
     107553 | 12267531.14
    1733614 | 12262808.15
    1443211 | 12260792.84
     427992 | 12259176.90
    2561959 | 12256083.90
    1752931 | 12255712.80
     901360 | 12255518.16
    1936955 | 12254634.74
    2585681 | 12253451.28
    2463759 | 12252882.36
    2099269 | 12252698.31
    2812482 | 12247324.88
     548909 | 12233992.20
    1029824 | 12229868.63
    1781624 | 12227083.14
    3109073 | 12225202.08
     845482 | 12224791.76
    1514643 | 12223399.62
    1719144 | 12217827.08
     686674 | 12205133.48
    2469550 | 12204204.95
     257478 | 12201141.49
    1882500 | 12201042.37
     841375 | 12197426.84
    2128842 | 12194838.97
    3093623 | 12193717.36
    2522780 | 12190511.52
    1008947 | 12189964.56
     945182 | 12187189.11
     741071 | 12186275.58
    1496518 | 12181035.58
    1118527 | 12176025.90
     606820 | 12170677.28
    2597130 | 12169682.39
    2003187 | 12166212.18
    3100801 | 12163779.53
    1588412 | 12162823.98
     935324 | 12162756.90
    1578798 | 12162059.62
    2953445 | 12161792.16
    2934011 | 12157180.20
    1208286 | 12156600.96
     395412 | 12154307.25
    1620173 | 12147574.10
     904920 | 12146948.94
    1601386 | 12143684.52
     896541 | 12140224.00
    1765420 | 12136910.38
     789984 | 12136182.79
    1009879 | 12125881.62
     646678 | 12121652.40
    2999505 | 12120947.06
    2670817 | 12119614.61
    2149786 | 12117314.98
     771105 | 12114204.76
    2538463 | 12111303.39
    2939243 | 12110783.23
     343079 | 12109511.38
      77006 | 12107079.69
     177817 | 12094460.73
     568732 | 12093335.46
     174496 | 12090904.76
    2686650 | 12087518.26
    2188359 | 12086947.39
    1368807 | 12082432.71
    1730128 | 12081773.70
    3002523 | 12081061.29
     892259 | 12078327.02
     602237 | 12078183.35
    2464034 | 12075396.90
    2376440 | 12070965.90
    2570025 | 12069353.07
    3085953 | 12068620.41
    1019214 | 12067225.42
    1955295 | 12065734.64
      96032 | 12065463.36
     871517 | 12063607.62
     852226 | 12061434.41
    2546790 | 12060410.75
    1596354 | 12056880.29
     521410 | 12056831.51
    1644441 | 12052635.56
     186064 | 12050846.30
    1925627 | 12048376.22
     168956 | 12047344.83
    1373388 | 12044871.81
    2759822 | 12043280.33
    2023019 | 12034468.75
     143921 | 12033414.75
    1715677 | 12030942.86
     732341 | 12030120.05
    1784654 | 12029652.57
     155906 | 12026040.81
    1061752 | 12024637.62
     722708 | 12023875.08
    2608947 | 12023320.36
    1678806 | 12021630.55
    2633780 | 12019758.84
    2102835 | 12019404.44
    2545417 | 12018089.55
    1655960 | 12017638.52
     426539 | 12017495.61
     111627 | 12015720.43
     509253 | 12015027.84
    1781529 | 12013657.04
     269946 | 12012598.16
    2325819 | 12010571.70
    2313528 | 12010222.62
    1274049 | 12009063.00
     927255 | 12005399.74
    2365243 | 12004687.59
     479579 | 12004431.60
    2918777 | 12002303.87
     805938 | 12001530.30
     324475 | 12001288.66
     965937 | 12000957.90
    2180207 | 11999852.75
    1413686 | 11999800.12
    1675896 | 11996452.48
    1402984 | 11995598.50
    2912533 | 11986456.94
     342923 | 11983016.31
    2357284 | 11979321.91
    2808099 | 11978592.99
    1648920 | 11977347.46
    2861116 | 11976490.94
     357431 | 11975566.63
    1157139 | 11974295.72
    1479454 | 11969317.98
     744220 | 11968898.43
    2789309 | 11967948.50
    2876412 | 11967198.40
    2985662 | 11965461.31
    2908415 | 11965338.12
     343924 | 11963795.74
     589259 | 11963317.83
     425919 | 11962721.90
    2990530 | 11960308.00
    1800130 | 11957637.89
      16693 | 11957472.37
    1266691 | 11953157.44
     526200 | 11952069.16
     952771 | 11951901.80
    1793227 | 11949210.85
    2685176 | 11946783.26
    2822912 | 11946639.50
    2509790 | 11946132.96
    1878112 | 11945391.65
    1685739 | 11941004.17
    3118124 | 11939749.00
     752301 | 11936107.14
     278645 | 11935793.56
    1770529 | 11935561.76
     503754 | 11935465.88
    1520806 | 11934497.96
    3143437 | 11933372.35
    3060789 | 11931162.87
    1601757 | 11928818.86
    1984054 | 11925521.43
    1456691 | 11924811.58
     242717 | 11924420.43
    2721549 | 11922436.90
    1059919 | 11914670.39
    1688418 | 11912088.23
    1726088 | 11911997.72
    2895051 | 11910236.84
    2344911 | 11904636.16
    1552188 | 11900394.14
     619208 | 11898925.61
     332579 | 11898905.51
    2769595 | 11898585.50
     806623 | 11895799.92
    1731400 | 11894962.24
    1514272 | 11888323.86
    3026525 | 11887294.27
     297099 | 11885508.06
    2179313 | 11883959.47
    1186678 | 11880492.40
    1720398 | 11878887.97
     655245 | 11878275.62
    2770661 | 11877798.14
      34056 | 11874432.69
    3035227 | 11873603.16
    1481290 | 11872977.15
     188884 | 11872615.20
     518142 | 11869836.81
    3196183 | 11868856.69
    2544004 | 11868684.64
    2305452 | 11862936.78
     870405 | 11861960.34
    1874067 | 11861697.84
     958822 | 11858701.55
     525639 | 11857082.56
    2030270 | 11856999.14
    2986725 | 11856498.63
    3049163 | 11856228.83
    2916204 | 11853730.07
     835680 | 11851148.06
     826658 | 11848285.01
     150557 | 11845683.27
      17833 | 11844427.06
     860514 | 11840897.17
    2859106 | 11837788.73
     830566 | 11835980.46
    1162279 | 11835335.22
    2627827 | 11834438.40
    1628621 | 11828130.99
    1979247 | 11821129.32
    3004906 | 11820277.91
    2938807 | 11817129.74
    2434997 | 11817049.12
    3056745 | 11816946.53
     511673 | 11816322.87
    3128684 | 11812588.94
    3158439 | 11806128.11
    2420808 | 11804583.58
    2512355 | 11795759.55
     647888 | 11794778.58
    1912046 | 11794593.90
    1627070 | 11794559.79
    1089636 | 11792445.86
    1154262 | 11786587.01
    1065525 | 11775794.72
    1106117 | 11773013.60
    1549797 | 11768602.81
    1227040 | 11763000.00
     388220 | 11757829.44
     550528 | 11754375.12
     179784 | 11753774.70
     209811 | 11751557.78
     477866 | 11750964.20
     796386 | 11747453.82
    2506659 | 11747451.06
    2016541 | 11746366.89
    1828904 | 11744531.01
     143789 | 11744288.08
    2671354 | 11741537.28
    1712492 | 11740472.72
    1045985 | 11739334.88
    1607947 | 11738663.07
    2910997 | 11737986.00
     330161 | 11737024.33
    2490121 | 11736330.08
    2026839 | 11733022.86
    1919128 | 11730916.17
    1625324 | 11730544.68
    2375472 | 11729280.98
    2999640 | 11729159.36
    2778213 | 11729066.46
    1667044 | 11727126.72
    1361543 | 11723902.90
    1871572 | 11723704.40
    2624453 | 11723585.52
    1267047 | 11717260.69
     918614 | 11716530.48
    1272850 | 11713546.15
     192438 | 11709776.58
    3138823 | 11708020.83
     235191 | 11706097.63
     344299 | 11704127.57
     870839 | 11703370.00
    3118183 | 11700083.05
    1984482 | 11690851.60
    1542600 | 11685070.29
    2151091 | 11683009.20
     158912 | 11682615.13
     384603 | 11681702.22
    3031064 | 11678211.44
    1558813 | 11677971.69
    2628800 | 11677313.89
    1752163 | 11677190.40
    2295204 | 11675067.86
    3074253 | 11674489.41
    1148937 | 11673771.66
      52056 | 11672129.96
    2234467 | 11671986.90
    2156234 | 11668076.21
    2132321 | 11664580.44
     141071 | 11662971.38
    1507181 | 11660108.58
    1597361 | 11654312.70
    2271640 | 11653833.33
     618155 | 11653002.17
    2273217 | 11648269.38
     839426 | 11638213.00
    2807274 | 11638165.45
     170138 | 11637403.42
    1095235 | 11632533.38
    2455755 | 11630856.36
     734184 | 11629243.90
     660399 | 11628017.24
    1286824 | 11627187.16
    1136324 | 11615264.22
    2789404 | 11613851.73
    2267322 | 11611585.30
     302591 | 11610943.74
     302705 | 11608467.54
     853072 | 11607659.27
    1298608 | 11607512.76
     513484 | 11602498.69
    1201008 | 11598369.05
     419520 | 11593580.46
    1945561 | 11591717.54
    3095573 | 11589378.73
     611870 | 11587545.41
     125437 | 11583238.25
     169698 | 11582460.16
     265641 | 11581077.78
    3004255 | 11580988.34
    1615403 | 11580550.82
    1983854 | 11574491.70
    3054307 | 11572098.41
     376424 | 11571441.30
    1784229 | 11564806.59
    1349246 | 11563987.86
    2290540 | 11563569.04
    1759114 | 11561723.45
    3012420 | 11559222.51
     893082 | 11554776.18
    2332964 | 11552840.68
    2527355 | 11548693.20
     760913 | 11548519.59
    2260276 | 11548203.08
    1543702 | 11548200.10
     968144 | 11548102.28
    2016441 | 11547730.85
    1490149 | 11540110.46
    1776748 | 11537318.71
     722151 | 11535773.55
    2864741 | 11533472.24
    3153738 | 11532949.88
    1007394 | 11530103.21
      74067 | 11529615.93
    3078927 | 11528442.97
    1395148 | 11528312.36
    1577105 | 11527831.34
    2290865 | 11525437.73
    1750828 | 11523879.35
    2859387 | 11523766.99
     746514 | 11515645.32
     818611 | 11512737.90
     783253 | 11510150.20
    1178239 | 11507299.39
    1050570 | 11507175.09
    1493491 | 11498116.16
    1825502 | 11496547.81
     496215 | 11495529.39
      46766 | 11495486.56
     745658 | 11495304.60
    2561018 | 11494189.14
    2431849 | 11492692.86
     917263 | 11491564.72
     728542 | 11488815.91
    2214609 | 11486270.87
    1527791 | 11484892.71
    1703720 | 11484550.74
    1292935 | 11483250.56
    2279133 | 11481434.80
    1533657 | 11480571.09
     223088 | 11473329.60
    1630979 | 11472968.74
    1540897 | 11472674.69
    1261789 | 11470941.59
     622620 | 11470076.30
     974891 | 11469821.16
    2798018 | 11466440.87
    1586283 | 11465857.41
    3040577 | 11461863.38
     319502 | 11461832.83
    3110416 | 11461817.57
    2358315 | 11459886.39
     650212 | 11459777.04
    2260371 | 11457875.45
    3193390 | 11457282.67
    1850777 | 11456209.30
    2122722 | 11453458.48
    1893688 | 11452278.42
    2882541 | 11451368.16
    3006786 | 11451317.01
    2653388 | 11449754.22
    2031915 | 11449074.15
    2571645 | 11447596.34
     362270 | 11444984.88
    1892582 | 11444351.48
    2506262 | 11441061.20
     487707 | 11439268.06
     278122 | 11437317.69
     968500 | 11436418.21
    1368482 | 11433079.72
    2733208 | 11430523.20
    1855128 | 11429218.92
    1780823 | 11426348.45
    2448804 | 11425647.51
    1061298 | 11424443.88
    1278885 | 11422255.62
    1364152 | 11420421.74
    2064394 | 11419907.51
    3161920 | 11419899.36
    2458064 | 11419792.62
    1776788 | 11419124.10
     369157 | 11416093.83
     471497 | 11414713.73
    2102658 | 11413165.82
     811406 | 11410684.22
    2234779 | 11405525.72
    1976599 | 11404545.60
     247495 | 11403849.25
    1544483 | 11401344.82
    1036994 | 11400935.86
    2673665 | 11397456.15
      70557 | 11396956.21
    1145918 | 11395742.86
     345637 | 11392517.57
     776428 | 11391800.29
     350603 | 11388847.74
    2388044 | 11385975.38
    1184380 | 11384779.38
     258258 | 11384546.75
     142692 | 11380361.70
    1280647 | 11377830.37
    2444705 | 11374502.07
    1299149 | 11373426.29
     728942 | 11368138.62
    2720672 | 11367182.25
     535250 | 11363062.74
    2522387 | 11362636.65
    3107187 | 11356041.48
    2849629 | 11355594.28
    2331818 | 11353926.51
     978137 | 11350553.01
     760183 | 11350363.36
    1227687 | 11348326.06
    1588365 | 11348288.79
    1206596 | 11348163.68
    1784663 | 11346452.81
     702021 | 11345738.08
    3021889 | 11341241.33
    1255232 | 11340472.36
     893264 | 11338003.56
      30997 | 11333110.90
    2879691 | 11330141.56
     408948 | 11329629.04
    2969493 | 11325390.50
     779044 | 11320593.09
    2431591 | 11320105.93
    1600426 | 11319015.47
     445453 | 11315805.38
     846876 | 11313643.95
     828905 | 11311708.38
    2316164 | 11310443.34
    1412101 | 11308815.59
    1771443 | 11308354.29
    2372470 | 11307765.45
    2011154 | 11305481.11
    2534047 | 11303687.71
     157763 | 11302986.86
    2583859 | 11302753.56
    1290151 | 11300287.44
    2625276 | 11299586.99
     370200 | 11297734.47
    2159404 | 11292073.04
    1816522 | 11287615.11
      33134 | 11283985.99
    1722678 | 11283406.05
     438906 | 11282778.10
     998914 | 11282551.90
     974261 | 11281382.25
    2987720 | 11280356.47
    1383749 | 11275905.12
    1860906 | 11275263.64
     980794 | 11275169.08
     158766 | 11273539.75
      86683 | 11273302.17
     727402 | 11271669.53
    2392372 | 11270918.23
    1631333 | 11268046.09
     610685 | 11268034.22
    1731792 | 11268013.65
    1730548 | 11264237.50
    1862101 | 11263866.74
     807522 | 11261382.22
      42322 | 11261060.82
     695840 | 11258557.20
    2666443 | 11257487.79
     276510 | 11251483.55
    2343655 | 11250357.00
    1100788 | 11247521.69
    2662822 | 11247465.98
    2562813 | 11247378.25
     525829 | 11247262.59
     718758 | 11241188.97
    1459579 | 11240975.44
    1696956 | 11240816.58
    2146030 | 11240094.80
    2829458 | 11239737.61
      94430 | 11239242.24
    2577105 | 11238684.36
    3189676 | 11237200.92
      35412 | 11236112.23
    2234988 | 11235666.61
    2076086 | 11235592.12
     710457 | 11231706.58
       9114 | 11230919.75
    2367213 | 11226858.15
     423716 | 11225960.96
    1148137 | 11224705.20
     850123 | 11223969.39
    1855592 | 11221829.20
     553428 | 11221794.88
       6926 | 11217955.56
    1191440 | 11213074.18
    2360152 | 11210756.50
    1414519 | 11210200.72
    3001937 | 11205096.41
    2199472 | 11201036.27
    1072755 | 11200964.11
    1899328 | 11197972.77
    1063708 | 11196278.03
    1576491 | 11194442.20
    2099030 | 11194059.42
    3176560 | 11188381.61
    2778810 | 11187872.74
    1037251 | 11185949.33
     900457 | 11185080.61
    1696441 | 11183293.10
    1400880 | 11182720.26
    2612927 | 11181283.64
    2602842 | 11181277.10
    2104401 | 11173522.95
       8712 | 11173497.52
    2012570 | 11173118.44
     312775 | 11172596.52
    2882383 | 11167793.85
     381664 | 11165595.04
    3074203 | 11160986.00
    2440191 | 11155865.50
     876570 | 11155631.12
    1715926 | 11153887.54
    2886130 | 11152825.98
     408992 | 11150627.57
    2593921 | 11150378.88
    1905170 | 11148274.85
    2982795 | 11146953.01
    1111312 | 11145977.91
     504928 | 11145774.33
    2674152 | 11144485.39
    3039862 | 11144376.76
     120099 | 11143928.90
    1265787 | 11141026.59
    1420747 | 11138517.10
    1164467 | 11136919.80
    1033653 | 11136022.57
    2028942 | 11135545.59
    1179734 | 11133114.77
    2004801 | 11130243.00
      69513 | 11128353.39
     176543 | 11127359.94
     294553 | 11125489.72
    2249669 | 11125299.90
    2526804 | 11123288.03
    2427070 | 11122714.44
     208394 | 11122121.70
    1403297 | 11119392.95
     608306 | 11116144.64
     932162 | 11116095.80
      34067 | 11114624.56
    1997380 | 11114143.66
    2771679 | 11113450.28
    1136177 | 11113100.32
    2445802 | 11111983.05
     998249 | 11111858.28
    1648702 | 11111731.14
    1602369 | 11110856.96
    2944240 | 11106210.90
    2226674 | 11104374.50
    1487712 | 11104333.86
    2450106 | 11101248.15
    1242861 | 11100831.31
     190493 | 11098889.16
    1416867 | 11097787.54
     388800 | 11096105.79
    2094430 | 11094956.52
    1077421 | 11094891.56
    1720831 | 11093879.31
     235014 | 11090274.93
    2583248 | 11086731.38
     613087 | 11086701.73
    2772424 | 11082993.32
    2744330 | 11082963.66
    2939030 | 11079777.78
    1272437 | 11078424.87
    1543906 | 11077124.97
    2760513 | 11076063.39
    1330568 | 11074567.35
    1957344 | 11071476.38
    3166664 | 11071339.57
     919161 | 11070430.64
    2290447 | 11069990.50
    2208921 | 11066683.80
    1732436 | 11065343.52
     181125 | 11063205.74
      67100 | 11055965.62
    2665144 | 11055293.44
    2005480 | 11055288.66
    1879872 | 11055000.07
     989927 | 11054320.13
     676242 | 11052228.29
    1291319 | 11052048.20
     388911 | 11049095.36
    2528164 | 11047733.40
    2575096 | 11045513.42
     441044 | 11039753.74
    2374116 | 11038910.00
    2721346 | 11038026.43
    1206435 | 11037950.28
     902098 | 11035705.44
    2175013 | 11035661.76
     666301 | 11033420.34
    1878148 | 11032780.20
    2304778 | 11030931.74
     984928 | 11030488.04
    2109773 | 11028463.98
    2801051 | 11026896.10
    3012428 | 11025652.62
    1376971 | 11025529.64
    2575246 | 11021420.96
    1526656 | 11021143.56
    1802872 | 11020721.58
     856704 | 11020400.72
     834397 | 11015380.01
    1312476 | 11013986.41
    1168372 | 11013119.35
     881949 | 11012401.68
     104177 | 11009061.20
    1050847 | 11007238.91
    2767244 | 11006314.62
    2506431 | 11005606.15
    2967444 | 11002552.94
     838352 | 11001195.12
     150918 | 11000463.23
    1851851 | 10999022.68
       8209 | 10992750.10
    3006149 | 10991693.57
    1829309 | 10990489.51
    2321586 | 10987257.27
     148915 | 10983564.20
    1551316 | 10982216.84
    2448950 | 10982027.58
    1787709 | 10980619.56
    1011671 | 10977627.45
    1277239 | 10977609.59
    3181303 | 10977582.76
    2130590 | 10976421.98
    2779339 | 10975193.76
    2182872 | 10974318.87
     819561 | 10974163.49
     548224 | 10973538.87
    2673457 | 10971652.79
    2230590 | 10968703.68
    3077124 | 10967385.84
    1945298 | 10966240.87
    2221621 | 10965110.85
    2583832 | 10964825.75
    1322670 | 10964799.12
    2856727 | 10963821.38
    1542692 | 10962181.38
    1724279 | 10961534.11
    1129563 | 10960176.83
    1974109 | 10960130.24
    1576781 | 10958370.91
    2459092 | 10956150.28
     524739 | 10954730.19
    1782660 | 10950331.14
    2242706 | 10950128.83
     655662 | 10949990.36
     436510 | 10949636.79
    2691199 | 10948096.95
    2433671 | 10947647.60
    1061908 | 10947553.32
    1953069 | 10942581.11
    2808942 | 10939511.54
    1913531 | 10936506.20
    2607265 | 10935870.06
    3127478 | 10935818.92
    1318864 | 10933814.53
    1930261 | 10933139.74
     177748 | 10932193.72
    3056394 | 10931757.74
     759672 | 10931504.03
    3021108 | 10929457.92
    2793438 | 10927981.72
    2072063 | 10927443.97
    1319023 | 10926656.48
    1982946 | 10924293.35
    2993463 | 10923218.78
    2989656 | 10919278.92
     463350 | 10918746.07
    1508069 | 10917753.27
    1365349 | 10917456.70
    1889125 | 10914758.21
    2643945 | 10913715.02
     891545 | 10913175.67
     512778 | 10911651.77
    2749387 | 10909946.42
      94136 | 10908883.40
    1189013 | 10908789.76
    1838252 | 10907293.30
     530041 | 10907266.54
    1982707 | 10906222.16
    2394899 | 10905298.60
    1001232 | 10903363.38
     847122 | 10903301.15
     611536 | 10901519.97
    1789441 | 10900998.00
    2952068 | 10898704.14
    2901538 | 10897618.81
    2640382 | 10896834.90
    1189321 | 10896817.05
    1653791 | 10895070.69
     279472 | 10894765.98
    2914262 | 10893683.27
    1795791 | 10892699.56
    2405612 | 10891860.07
    3105598 | 10889529.41
    1384427 | 10888022.98
    1669964 | 10887508.70
    2371265 | 10886422.25
    2222269 | 10886310.35
    2555615 | 10882315.46
    1047510 | 10881992.38
    1736947 | 10881637.05
    2639024 | 10878531.21
    2902372 | 10878320.54
     673102 | 10876558.66
     376807 | 10875967.89
     610582 | 10870554.92
     654266 | 10869536.32
    2666774 | 10869059.99
    3123688 | 10868858.40
     588686 | 10863620.82
     335260 | 10862401.77
    1586924 | 10861296.52
    1602688 | 10861124.30
      15990 | 10860460.78
    3156845 | 10860450.04
    3009534 | 10857518.67
     664382 | 10857418.91
    1389022 | 10856979.78
     996460 | 10851891.11
    2455155 | 10851000.88
     623476 | 10850361.95
    1473136 | 10849686.66
    2500009 | 10849213.48
     929867 | 10848682.74
    1048628 | 10847736.26
     984229 | 10847359.85
    2062744 | 10844150.12
     495764 | 10843823.68
    1762812 | 10842899.43
    1424610 | 10842687.24
    3069691 | 10841906.05
     237686 | 10840386.43
    2948083 | 10839553.48
    2399063 | 10838348.27
     549586 | 10837849.80
     183890 | 10835165.58
     826925 | 10833423.31
     157627 | 10829806.83
     583259 | 10828842.56
    1755319 | 10828543.31
     854115 | 10828086.47
    3061987 | 10827304.04
    3000806 | 10827025.75
    1934429 | 10826630.28
    2388941 | 10821144.84
     154220 | 10819182.94
    2328500 | 10818464.64
       7096 | 10814695.86
    2006914 | 10811791.88
    2512104 | 10811765.52
    2950040 | 10811625.52
     831866 | 10811276.07
     139777 | 10810185.93
    2013878 | 10808903.43
    2350788 | 10808745.18
    1683147 | 10807559.46
    1241770 | 10805861.07
    1375809 | 10805534.72
     687528 | 10805269.41
      37006 | 10801778.93
     841555 | 10799320.73
     551871 | 10795142.88
    2643594 | 10791012.72
      43013 | 10790775.69
    3168808 | 10790473.05
    3124070 | 10788240.76
    2387128 | 10787851.32
    2826871 | 10785452.22
    1004317 | 10783630.34
    1676719 | 10782509.88
    1368379 | 10781502.55
    2206925 | 10779529.26
     396370 | 10776901.22
    2984793 | 10775514.89
      76869 | 10775355.17
    2759888 | 10774979.47
    1169481 | 10774377.66
    3195193 | 10774234.20
     621657 | 10773169.48
    1559091 | 10772549.69
    2148916 | 10772312.11
    2253585 | 10771600.41
     773217 | 10770962.64
    1546046 | 10770858.44
    1164351 | 10769704.48
    2486347 | 10769569.66
     223910 | 10769200.81
    1595745 | 10768624.57
    2217645 | 10763847.20
    1853677 | 10763416.68
     229420 | 10762278.80
    2896187 | 10760277.45
    2847036 | 10757771.15
     950818 | 10757768.01
    2135864 | 10757438.88
    2305341 | 10756677.75
    3184821 | 10755209.12
    2983771 | 10753129.68
    1171297 | 10752078.26
    2889052 | 10748658.61
    2372264 | 10748122.40
    1116121 | 10748090.88
    2219093 | 10746914.25
    1185689 | 10742515.88
     690159 | 10742008.00
     647435 | 10740428.46
    3028603 | 10740288.92
    3149729 | 10740217.62
    2978390 | 10737792.85
    3168870 | 10736739.04
    3083745 | 10732154.02
    1614221 | 10729083.35
    2582221 | 10728385.23
    2614780 | 10724693.21
     311862 | 10724542.62
      93028 | 10722430.25
    1672564 | 10722381.75
    1005979 | 10722331.66
    2682529 | 10719166.14
    1952603 | 10717707.76
     664374 | 10717465.69
    2938378 | 10716848.18
    2616517 | 10715625.70
    1095654 | 10714885.11
    2087381 | 10714156.78
    1534456 | 10709855.19
     443831 | 10707342.11
     890461 | 10706540.30
    2009199 | 10704869.14
    1309034 | 10704302.79
    2518354 | 10702937.59
     401785 | 10702242.10
    1836673 | 10701725.40
     476565 | 10700623.10
    2099561 | 10700544.13
    3162772 | 10698775.59
     670710 | 10697256.22
    2011104 | 10696563.51
    1978485 | 10696038.76
    1598123 | 10694224.02
    1385901 | 10693378.72
     846741 | 10693020.64
     570261 | 10692176.16
    2652962 | 10690617.02
    2935249 | 10688438.74
    1548878 | 10684371.78
    1265180 | 10683458.73
    2276059 | 10682112.00
     848954 | 10680430.18
    2042984 | 10679074.06
    2141806 | 10677387.67
    1059111 | 10676491.00
    2705461 | 10672878.98
    1433481 | 10672359.76
     470828 | 10671302.76
    2152990 | 10670554.60
    2446404 | 10670477.33
    2264763 | 10669861.07
    2579521 | 10668920.32
     964293 | 10665015.36
    2572911 | 10664797.52
    2965737 | 10663226.58
    1975507 | 10662931.48
    2752434 | 10662504.40
      78888 | 10662045.80
    1509392 | 10657831.12
    2717340 | 10656617.79
    1020015 | 10656101.65
    1691696 | 10654125.41
     113056 | 10652227.15
     545392 | 10651028.42
    1993191 | 10649792.40
    1170327 | 10647158.92
     569654 | 10645845.44
      53059 | 10643965.68
     401866 | 10642632.54
    1669455 | 10642088.92
    2323254 | 10637477.83
     815504 | 10636921.96
    1299363 | 10636024.09
    3016917 | 10635822.10
    3185787 | 10633823.31
    2277491 | 10632690.05
    2247747 | 10631748.68
     395562 | 10631611.82
    1491298 | 10631483.10
    2556972 | 10627830.05
    1979614 | 10627346.80
     563796 | 10626780.12
     479114 | 10626449.05
    1050055 | 10623940.56
    1713902 | 10623762.19
     986583 | 10620954.79
     442500 | 10619006.02
     588389 | 10618172.08
    3147221 | 10614072.56
    1866042 | 10613054.62
     866041 | 10612013.46
     352806 | 10610632.82
    2123959 | 10609924.22
     326681 | 10609565.39
    1936667 | 10609450.40
    2437664 | 10608536.97
     211654 | 10604132.36
     744920 | 10603905.76
      47712 | 10603383.00
     568111 | 10603012.10
    1275930 | 10602999.83
    2148673 | 10602602.70
    1314684 | 10602448.29
    3053462 | 10602172.69
     491259 | 10601789.35
    2387280 | 10600496.60
    1987839 | 10596222.47
    1593767 | 10595922.39
    1822532 | 10595847.78
     175555 | 10595786.66
    3054094 | 10595433.18
    1940003 | 10594727.25
    2807697 | 10594352.11
    3093001 | 10592202.55
     657601 | 10589341.78
     678252 | 10588348.38
    1078816 | 10588246.47
    2973069 | 10588193.69
    1600686 | 10587538.52
     175023 | 10586676.58
    3005780 | 10585728.22
    1637451 | 10582780.17
    2201194 | 10575947.99
    2688808 | 10575492.09
    2268241 | 10575072.00
      40842 | 10574752.46
    3090334 | 10572205.56
    1102135 | 10571712.44
    1807220 | 10571703.54
    1330877 | 10570919.04
     593883 | 10570801.56
     506682 | 10569951.87
    1048798 | 10569660.80
     511466 | 10569639.29
     590546 | 10568116.46
     312940 | 10567903.38
    1077700 | 10567181.99
     243280 | 10565193.14
    2277372 | 10564452.84
    2246568 | 10563751.63
     536423 | 10562932.76
    1654435 | 10561252.08
     903903 | 10560849.99
    2798776 | 10559999.00
    2594309 | 10556880.64
    2825865 | 10556167.60
     419531 | 10555676.14
     518252 | 10554727.46
    3142569 | 10554229.18
    1377347 | 10553386.88
     439361 | 10548981.28
     973320 | 10547150.72
    3038759 | 10546314.25
    1160766 | 10544220.92
    1409547 | 10543673.30
     530847 | 10543304.93
    2243781 | 10543224.95
    2674562 | 10542780.12
    1497012 | 10542070.98
    2412913 | 10537080.80
     896971 | 10537006.90
     382860 | 10535095.31
    3185905 | 10534192.43
     935871 | 10533868.24
    3141744 | 10532175.12
    1548267 | 10530779.01
    1281392 | 10526651.79
     205795 | 10523764.92
     153163 | 10522250.62
    2920019 | 10519065.47
    1189394 | 10515672.03
    3151901 | 10512480.88
    1166356 | 10511670.82
    2588317 | 10511215.00
    2356507 | 10511202.36
     441387 | 10510833.54
     776575 | 10510138.48
    2670721 | 10508228.11
     777494 | 10506742.47
    2538265 | 10505923.80
    2774270 | 10504049.96
    2173104 | 10503786.12
    2479905 | 10503362.01
     713205 | 10502397.99
    2152034 | 10500657.40
    2057647 | 10499137.52
    3167041 | 10496249.72
    1292368 | 10496197.86
    1824337 | 10495201.36
     745524 | 10492693.12
    1238985 | 10492661.14
    1198355 | 10492208.13
    1694132 | 10491193.86
    1958621 | 10490611.65
      35772 | 10490568.76
    1053394 | 10487270.20
    1382098 | 10485553.88
    2144213 | 10485317.41
     766507 | 10484204.50
     356572 | 10482847.36
    2502690 | 10480322.96
    2227667 | 10479459.50
    1172846 | 10477964.82
    1959529 | 10477087.64
    1923022 | 10472394.50
    2710262 | 10471372.88
    1776460 | 10470243.12
    1706886 | 10469313.63
    2816748 | 10468874.85
    2710413 | 10468411.90
    1365452 | 10468319.33
    1086130 | 10468000.14
    2212200 | 10467972.72
     273030 | 10466491.26
     578996 | 10465985.82
    2533412 | 10465546.13
     306940 | 10465268.00
    2257919 | 10464832.80
    1267532 | 10464702.54
    1338740 | 10464396.42
    1094173 | 10458357.55
    1166304 | 10458305.35
    1668255 | 10454615.94
     228950 | 10454523.44
     424620 | 10454498.36
     836635 | 10453051.29
    1260853 | 10452086.80
    3099119 | 10452046.68
    3040823 | 10450359.85
    2861693 | 10450172.87
    2020768 | 10447996.94
    2476230 | 10447658.85
    1849167 | 10447656.36
    2916993 | 10446273.70
    2886144 | 10445717.16
    2268210 | 10445039.29
    2550959 | 10444239.64
    3084054 | 10441602.97
     433185 | 10439948.02
    2212471 | 10439055.30
     866046 | 10438413.66
    2138221 | 10438147.12
    1789758 | 10436751.84
    1558766 | 10436646.73
     818380 | 10433936.40
     693225 | 10432897.15
     938820 | 10432138.04
     310996 | 10429962.15
    1012423 | 10429890.66
     857802 | 10429234.18
    2059991 | 10427239.86
    1875894 | 10425937.22
    2949387 | 10425162.73
     263966 | 10424922.35
    1733048 | 10423230.39
     400682 | 10420744.63
     965617 | 10419809.54
    1826071 | 10418952.39
    1834736 | 10418591.55
    1325429 | 10418192.85
    2390074 | 10416214.65
    1786183 | 10415011.90
    1799052 | 10414665.52
    2958748 | 10414142.26
      44990 | 10411263.51
    1782315 | 10410627.69
    1317372 | 10410192.93
     199457 | 10409967.04
    2798727 | 10409662.66
     216544 | 10409481.43
    2669174 | 10405963.74
    2078779 | 10405882.44
     238129 | 10405010.25
    2695757 | 10404334.88
    1936553 | 10404078.17
     361312 | 10403710.65
    1375425 | 10402022.98
      88875 | 10401931.05
      66015 | 10400547.40
    2209313 | 10397504.69
     466541 | 10396911.08
     930244 | 10396858.46
    3183285 | 10396153.32
     362363 | 10394215.25
    2476948 | 10393388.88
    3007368 | 10392267.84
     130540 | 10391084.19
    3080552 | 10390519.16
    3037485 | 10387955.10
    2252926 | 10387333.22
     557386 | 10386191.68
    1013236 | 10384795.41
    2547055 | 10384260.57
    2313884 | 10383749.60
    1437670 | 10381915.04
    1999079 | 10381769.57
     960761 | 10380484.30
    2411668 | 10379096.73
    1489072 | 10378116.72
     139339 | 10377654.24
     122343 | 10375763.47
     969642 | 10375149.58
     183518 | 10374682.39
     275250 | 10371621.36
     776652 | 10371180.70
    2259745 | 10370882.10
     186469 | 10367514.45
    2953906 | 10367400.29
    1354308 | 10367253.27
     499629 | 10367089.89
    1508978 | 10365679.64
    1223461 | 10362554.21
     623005 | 10361810.42
    1719735 | 10361751.70
    3177941 | 10361511.12
    1690538 | 10360717.50
     716047 | 10359354.98
    1613385 | 10359310.45
    2077437 | 10358706.03
    1918329 | 10357521.72
    1939269 | 10354184.50
     216951 | 10353927.92
    2632622 | 10353923.14
    2620178 | 10353548.67
     839695 | 10351351.44
     450564 | 10349706.11
    1441389 | 10348806.54
    2242545 | 10346694.84
    2836824 | 10345946.48
      62171 | 10344221.85
    2236610 | 10339537.10
     581057 | 10339219.36
     713215 | 10339020.72
     261923 | 10338841.34
     673524 | 10338748.96
    1153208 | 10336864.70
    2547171 | 10336747.29
    1944374 | 10336512.44
    1802823 | 10335209.55
    1083211 | 10334069.28
     370132 | 10333885.80
     583604 | 10333447.94
     416401 | 10333119.64
    2423862 | 10332545.16
    1711468 | 10331671.70
    3161581 | 10331444.26
     314067 | 10330813.51
     718845 | 10329796.12
    2743252 | 10329575.82
    2545642 | 10328542.74
     143750 | 10327109.44
    3004792 | 10324411.34
    3060823 | 10324049.30
    1106537 | 10320570.63
      33163 | 10319587.13
     382853 | 10314440.76
    1607661 | 10313119.44
    1971810 | 10310215.56
    2107655 | 10309944.96
     578263 | 10307922.88
    2735507 | 10307639.71
     169199 | 10307261.42
     830207 | 10306445.55
    2608973 | 10306157.10
     410381 | 10305115.90
    1541057 | 10303711.54
     257750 | 10303399.62
     439165 | 10303255.80
    1294076 | 10302856.32
     701233 | 10302779.14
    1576149 | 10301349.60
    2203049 | 10300929.27
    2410740 | 10300100.42
     160707 | 10299112.98
    3134489 | 10297944.04
     837047 | 10295548.84
     957042 | 10295340.03
    3147170 | 10295243.05
    1805127 | 10291204.79
    1561482 | 10289893.88
    2256454 | 10288191.55
     883724 | 10288025.92
    2236693 | 10287140.70
    1552598 | 10286989.56
    2348078 | 10285193.48
     411806 | 10284468.06
    1848823 | 10279853.46
    1830162 | 10278382.00
    1633858 | 10278167.07
    2091499 | 10276630.51
    1911447 | 10274441.80
    1637669 | 10273481.58
    2314028 | 10271734.45
     680724 | 10270023.87
    1184225 | 10268344.98
    2830844 | 10266433.39
    1184509 | 10266005.52
     899788 | 10265307.69
     127967 | 10264281.34
    1985646 | 10261417.73
    1183775 | 10258535.18
    2167314 | 10258180.90
    2438876 | 10257884.04
    3101019 | 10257447.29
       4305 | 10256478.92
     371264 | 10255360.36
    3123794 | 10253005.87
    3159084 | 10252659.57
     639873 | 10251459.51
    2395235 | 10251107.29
    1237101 | 10248688.10
    1431094 | 10246495.62
    2352537 | 10244821.05
    1518034 | 10244793.18
    2703863 | 10243332.51
    2726209 | 10240793.28
     696522 | 10240619.15
     211622 | 10240012.17
    2706103 | 10240010.14
    1904394 | 10239785.64
     830753 | 10239308.64
     318856 | 10239048.21
     733891 | 10238876.11
    2665641 | 10238235.63
    2040579 | 10236348.33
    2459067 | 10234837.56
    3117122 | 10234744.84
    2279253 | 10232737.01
    2693683 | 10232190.44
     541691 | 10230917.99
     129877 | 10230580.66
      44792 | 10227780.07
     788372 | 10227132.18
      23789 | 10227055.56
     791766 | 10227006.40
    1731277 | 10226231.62
    1156237 | 10223119.14
     875412 | 10222435.35
    3097102 | 10222417.16
    2989584 | 10221729.68
    2250526 | 10219920.74
    3099079 | 10219008.30
     354814 | 10218199.35
    2137145 | 10217999.22
     808093 | 10217426.23
    2331440 | 10217345.48
    1522959 | 10216831.48
    1529171 | 10216301.88
     331864 | 10215950.82
    3107033 | 10215562.35
    1347658 | 10214740.60
     946528 | 10212895.72
    1822235 | 10211789.60
    1204110 | 10211062.85
    1004540 | 10209599.55
    2492151 | 10208295.46
    3102006 | 10206648.76
      12670 | 10206612.50
    2121220 | 10206339.50
    1057102 | 10205729.82
     757368 | 10204330.36
    2422522 | 10204202.56
    2714290 | 10202083.90
    2966344 | 10201983.50
    2642858 | 10201874.71
     359454 | 10199943.15
    1911914 | 10199609.92
      46148 | 10199553.48
    2713597 | 10199397.51
     672143 | 10198511.46
     781676 | 10198080.79
     877663 | 10197317.35
    1598264 | 10192530.96
     988972 | 10192520.81
    1186545 | 10192156.88
     221073 | 10191627.02
    1798791 | 10191185.88
     738474 | 10191011.75
     531674 | 10190778.72
     449309 | 10189662.30
    1539220 | 10188809.25
     645425 | 10187666.17
     736571 | 10187644.60
    2902218 | 10184554.46
    2168124 | 10183042.59
    1269711 | 10181390.13
    2904491 | 10181300.79
    2533833 | 10180435.12
    1500796 | 10180128.05
    2576850 | 10178428.50
     784023 | 10178413.78
    3170637 | 10176789.95
    1752655 | 10174768.70
     185937 | 10171519.86
    2235616 | 10171490.46
    1993864 | 10170675.46
    2690009 | 10169193.92
    1709656 | 10164873.40
    3112425 | 10164700.39
    2362837 | 10164210.56
     334130 | 10162742.05
    1512068 | 10162084.08
     517819 | 10161043.55
    1851216 | 10160905.08
    2684478 | 10160416.51
    2556318 | 10159728.29
    2286210 | 10159282.78
    2612946 | 10159049.96
    1388215 | 10158604.71
    1424761 | 10158182.58
    2989779 | 10157943.83
    2182692 | 10157634.49
    2503829 | 10157308.74
    1297817 | 10156288.29
    1225845 | 10155776.34
    1716141 | 10155026.64
    2632849 | 10153776.64
    2489294 | 10152912.75
    2909953 | 10152908.12
    2456331 | 10151531.75
    3120379 | 10151191.67
    1847495 | 10150493.82
     230545 | 10149946.21
     295623 | 10149813.40
     415725 | 10147604.43
     592772 | 10146528.08
    1444207 | 10145466.26
     194493 | 10144089.14
     670433 | 10143247.05
    1288090 | 10141798.04
    3149454 | 10140922.17
    2415441 | 10140688.64
    1368836 | 10140201.39
    2584570 | 10139412.97
    1600841 | 10138798.48
    2944509 | 10137945.74
    1673240 | 10134616.30
    2091066 | 10134248.83
    1122356 | 10134216.43
    2364148 | 10133967.18
    2759072 | 10133229.96
    2107208 | 10132752.59
    1769524 | 10132161.52
    2551375 | 10131994.87
    1796767 | 10131135.09
    2478736 | 10130911.04
    2648050 | 10128441.19
    1591719 | 10127364.32
    1435410 | 10127321.18
    2132930 | 10126490.45
    2918768 | 10125517.09
    2390387 | 10125188.73
    1118123 | 10124604.57
    2771100 | 10123462.86
    1936073 | 10122759.32
    2250240 | 10121733.40
     684473 | 10121536.17
    1575237 | 10119545.10
    1747341 | 10119251.10
     810703 | 10119053.70
    1257138 | 10118978.40
    2703773 | 10118562.13
    2476228 | 10117830.60
    2514512 | 10117655.72
     495151 | 10116024.72
    2988064 | 10115858.04
    2071579 | 10110877.02
    1836379 | 10110499.29
    2770435 | 10108934.09
    3023391 | 10107672.31
    2336437 | 10106944.75
     850588 | 10104107.97
    1351608 | 10101810.30
    2766211 | 10101291.82
    1700845 | 10100333.86
    1028400 | 10100320.72
     179530 | 10099245.30
    3082538 | 10099214.64
    2327342 | 10098242.12
     860804 | 10097481.60
     574708 | 10097327.00
    1423594 | 10096325.01
    2193929 | 10095627.76
     324689 | 10094761.18
    1495755 | 10094575.74
    2574454 | 10092848.13
    2506154 | 10092384.80
     864600 | 10091944.10
    3187794 | 10091714.86
     885935 | 10091424.93
    1196077 | 10090502.04
     734253 | 10090418.88
    3005337 | 10089743.58
    1944574 | 10089568.69
    2228647 | 10087415.29
    3080842 | 10084532.83
     101945 | 10083347.33
    2676956 | 10083336.26
    2666868 | 10081442.09
     539717 | 10080928.16
     866654 | 10080890.24
    1665359 | 10080747.14
     446999 | 10079513.40
     896709 | 10078926.09
     616718 | 10077847.61
    2500196 | 10076590.41
    2578630 | 10076318.17
    1354739 | 10076252.34
     169671 | 10076203.46
    1017190 | 10075974.80
    2941009 | 10074764.55
    1586181 | 10073719.99
    1501062 | 10072805.12
     294129 | 10071797.70
    1993163 | 10070795.82
    1467748 | 10070192.42
    1404822 | 10070077.40
    3175584 | 10070032.51
    1979214 | 10068860.28
    2944141 | 10068851.62
     712782 | 10068271.42
    1392496 | 10067670.20
    2956999 | 10065154.32
    2405389 | 10063966.68
    1187724 | 10063878.31
     908951 | 10063420.22
     962577 | 10061742.39
      90251 | 10061108.24
     933087 | 10060482.52
    2568912 | 10057143.12
    1245357 | 10055541.24
    2584559 | 10054726.81
    2572930 | 10054213.62
    2712678 | 10054147.41
     936714 | 10054123.02
    1945423 | 10053916.62
     356689 | 10053468.70
     374201 | 10053075.24
    2282441 | 10051203.78
    2524481 | 10050384.75
    1611802 | 10050206.56
    1108212 | 10050110.19
     618574 | 10048745.80
    2192810 | 10047593.28
     540155 | 10046960.77
     131978 | 10046928.02
    1525823 | 10046242.17
    3044830 | 10045744.32
    1488816 | 10045102.27
    1653666 | 10045075.78
     900834 | 10044792.35
     904505 | 10043569.59
    2716192 | 10043166.83
    2291512 | 10042170.46
    1821137 | 10042100.62
    2748894 | 10040824.55
    1687396 | 10039724.45
     635737 | 10039470.00
      54341 | 10038196.39
    1944747 | 10035948.42
    2787056 | 10034699.83
    1753912 | 10033670.64
     339817 | 10030715.58
    1061646 | 10030349.42
    2016952 | 10029319.31
     583085 | 10028581.82
     733642 | 10028144.01
    2431963 | 10027851.69
     306063 | 10025898.24
    1151664 | 10025581.27
     321565 | 10025116.75
    1879073 | 10024900.08
     265713 | 10024549.89
    2604785 | 10024184.43
     397621 | 10021479.15
    2061722 | 10018300.62
    1362575 | 10017906.06
     343720 | 10016359.79
     867733 | 10015894.01
     491410 | 10014308.73
    1624016 | 10013874.54
    2887386 | 10012647.34
    2039864 | 10012020.72
    1932546 | 10010889.53
    1971142 | 10010801.30
    1794387 | 10010022.74
    2346042 | 10009894.20
    1743838 | 10009666.54
    2368114 | 10007517.58
    1786537 | 10006716.23
    1715655 | 10006156.26
     901687 | 10002485.62
    1415056 | 10002416.41
    1104010 | 10001447.02
    1721113 | 10000391.20
    2632642 |  9999609.50
     334317 |  9999256.92
     679102 |  9998010.54
    1559153 |  9997966.04
    1922307 |  9996314.40
    1133086 |  9995900.04
     575240 |  9995028.97
     386652 |  9994385.42
    1343375 |  9993469.94
    2243293 |  9989311.48
    2761222 |  9987061.20
    2593300 |  9986504.40
    2369090 |  9986371.16
    2202469 |  9985862.96
     912684 |  9984716.59
    1789101 |  9983645.60
    1151537 |  9983464.62
    3127629 |  9982817.70
    2982246 |  9980725.28
    2634119 |  9980299.76
     811296 |  9978226.22
    3079522 |  9977511.02
    1480734 |  9976516.95
    1999541 |  9975457.50
    2862815 |  9975346.99
     719157 |  9975118.30
     150294 |  9972217.08
    1654277 |  9970019.76
     770936 |  9969620.40
    2460939 |  9969612.70
    2586806 |  9968970.30
     436872 |  9967315.23
     757400 |  9965266.20
    1937428 |  9963642.42
    2919173 |  9963566.32
    1104922 |  9959935.37
    2783862 |  9958135.31
    1656471 |  9957928.97
    1530243 |  9957329.55
    3131477 |  9956986.16
    2014552 |  9956846.64
    2502257 |  9956122.64
     487053 |  9954549.50
    2752453 |  9954049.33
    3005685 |  9953795.36
    2808411 |  9953789.66
    3028700 |  9952274.66
     918986 |  9951333.92
    1152273 |  9950952.15
    1526068 |  9950804.82
    1610830 |  9950785.20
     248298 |  9950342.57
    2592071 |  9950147.07
    1391033 |  9949827.62
    2792814 |  9949598.76
      68915 |  9949236.17
     884263 |  9947902.58
    1064809 |  9947359.80
     262951 |  9946964.01
     835640 |  9944614.93
     644908 |  9944412.64
    1007715 |  9944308.17
    2059184 |  9944116.58
    1897905 |  9944066.30
      99112 |  9943424.72
     830888 |  9943284.26
    2646346 |  9942172.23
    2090629 |  9942041.62
     754369 |  9941183.76
    2938705 |  9940877.90
     592047 |  9940805.56
     907738 |  9940412.89
    1022537 |  9940148.62
    1397687 |  9939781.02
    2989770 |  9939179.12
     189308 |  9938199.22
    1637791 |  9937848.66
     549197 |  9936915.43
     482860 |  9936735.91
    3143994 |  9935105.40
     932726 |  9935087.40
     561949 |  9934728.78
    1222308 |  9934254.41
    1973359 |  9933811.43
    2541182 |  9932350.13
    1030314 |  9931904.40
     594393 |  9931010.38
    1424973 |  9930415.29
     434322 |  9929625.31
     403229 |  9928944.92
    1078986 |  9928506.08
     261074 |  9928361.75
    3077103 |  9927942.20
    2045981 |  9927658.90
    2028400 |  9926928.10
     878357 |  9926878.63
    2690407 |  9926823.38
    2258281 |  9926268.04
    1398848 |  9925974.45
     430255 |  9925185.94
    1653067 |  9924754.13
     436267 |  9924144.00
    1150123 |  9922128.18
    1977584 |  9921121.38
    1226685 |  9921083.26
    2385331 |  9919806.38
     471734 |  9919035.39
     331618 |  9918999.33
    2998741 |  9918673.35
    1685427 |  9915747.28
     738777 |  9915563.80
      50385 |  9915328.53
    2169483 |  9913218.21
     663257 |  9912420.36
    1706275 |  9910811.45
     203903 |  9910346.27
    2490261 |  9906475.24
    1178330 |  9906116.54
     462829 |  9905825.52
     703708 |  9903490.92
      55024 |  9902458.80
    1196878 |  9902454.36
    1562957 |  9901906.04
    1191492 |  9901650.22
     781800 |  9901628.00
    1873831 |  9900922.62
    2549262 |  9900156.38
     458352 |  9899389.78
    2922464 |  9898774.64
    2215480 |  9897279.02
     756299 |  9896297.25
    1138083 |  9895447.02
    2630294 |  9895432.96
    1937915 |  9895035.06
    2853683 |  9895001.60
     247712 |  9894940.75
     600606 |  9894932.58
     633912 |  9894751.68
    1738044 |  9894720.71
     215938 |  9894695.60
     378622 |  9892294.20
    1522577 |  9892176.38
    1534447 |  9892141.68
    1853817 |  9891657.33
    2342866 |  9890924.22
    2381075 |  9890243.20
     850372 |  9888303.60
     244474 |  9887254.33
    2762865 |  9886190.68
    2621718 |  9885959.31
    2011388 |  9885203.95
    2825142 |  9884387.69
    1749804 |  9884185.58
    1602914 |  9882855.12
    2993895 |  9882497.44
    2398218 |  9882427.21
    2326909 |  9882207.90
    1805886 |  9880594.39
    2387861 |  9880169.13
    1318969 |  9879899.94
    2628220 |  9879415.82
     996951 |  9878396.56
     608665 |  9878023.53
    2665158 |  9877179.42
     166241 |  9876846.00
      90161 |  9875318.13
     455368 |  9874664.28
      28082 |  9874195.75
     656534 |  9871757.79
    2262159 |  9871681.14
    2589387 |  9870114.15
    1175642 |  9869238.09
    2216256 |  9869149.64
     137998 |  9869021.21
    2880824 |  9868034.68
    1873935 |  9867841.28
    1804434 |  9867752.85
    2853025 |  9867207.00
    1246808 |  9865872.27
    1083883 |  9864857.92
    2298554 |  9864852.48
    1382095 |  9863616.15
     206141 |  9862997.44
    2590316 |  9862615.56
     988667 |  9859818.30
    1587871 |  9859637.72
     649646 |  9859442.40
     895054 |  9858925.20
    2516390 |  9857934.09
    2292326 |  9857017.33
    1925688 |  9857014.50
     706921 |  9857003.25
    1232821 |  9856807.66
     176216 |  9856761.86
    2634136 |  9856593.20
    1340375 |  9856513.60
    1409351 |  9856279.42
    1958636 |  9855965.60
     998566 |  9855921.80
    2470496 |  9855202.70
    2664505 |  9855083.16
     333147 |  9854646.96
    1272760 |  9853910.44
    2519088 |  9853791.60
    1168470 |  9853587.21
    1545662 |  9852064.58
    1042704 |  9851482.16
    2905319 |  9851121.98
     639694 |  9850725.25
    2278827 |  9850612.17
     987996 |  9849921.36
    1752924 |  9849665.11
    1571656 |  9849328.15
    1647150 |  9849045.60
     141647 |  9847837.41
     921123 |  9847472.88
     154056 |  9846986.07
    1912270 |  9846960.76
     280916 |  9846837.99
    2705998 |  9846459.46
     202100 |  9846325.98
    1652173 |  9846298.96
    1407219 |  9846081.74
    1981729 |  9845987.14
     247745 |  9845980.91
     717439 |  9845557.69
    2485172 |  9845522.95
    1463502 |  9845104.06
    2305435 |  9843714.50
    2639851 |  9842752.62
    1069978 |  9842388.88
     437380 |  9841979.98
     984220 |  9841328.04
     510825 |  9840837.44
     441043 |  9840033.44
     122490 |  9839985.76
    1720110 |  9836959.64
     386475 |  9835600.68
    2750395 |  9834752.45
     473100 |  9834636.54
     818932 |  9834069.44
     723809 |  9833825.82
    3039658 |  9833616.93
    2415442 |  9833594.98
      32441 |  9833076.25
     439457 |  9833012.54
    2712135 |  9832617.37
    2543663 |  9831230.06
     358259 |  9830818.18
     790030 |  9829215.00
     649445 |  9828515.40
     689128 |  9827597.02
    2408332 |  9827474.40
     969199 |  9827351.64
     912498 |  9826989.70
    1393463 |  9826212.84
     544517 |  9825795.45
    2872285 |  9825760.70
    2993659 |  9824946.93
    2064435 |  9824425.76
     410655 |  9824282.13
     444745 |  9823283.46
    3024429 |  9823082.55
    1276383 |  9822787.20
    2634715 |  9822286.80
    2438791 |  9822217.49
     429834 |  9820356.54
    1664227 |  9819776.36
    3072384 |  9819406.19
     833438 |  9818603.97
     801082 |  9818427.41
    3182947 |  9818197.60
     256010 |  9817386.72
    2999038 |  9817234.91
    2843961 |  9816615.05
     750595 |  9816233.16
    2892203 |  9815605.32
    2063568 |  9815073.29
     559970 |  9814216.62
     143913 |  9813755.83
     870149 |  9813138.17
    2876905 |  9812897.92
    2304418 |  9812714.34
    1722636 |  9812006.52
    1255059 |  9811454.18
    1671445 |  9811022.08
    1534243 |  9810862.74
    2544386 |  9810100.98
    1769767 |  9809416.75
    2150457 |  9809399.28
    2574701 |  9809106.55
    1528792 |  9808524.70
     293412 |  9808337.90
     507294 |  9807757.59
      80659 |  9806298.76
    1748364 |  9805989.38
    1253321 |  9805090.59
    1275945 |  9803389.11
    2292229 |  9803160.96
    2246465 |  9803087.19
    2613193 |  9800920.56
    2064086 |  9800698.50
     916600 |  9800389.36
    2091077 |  9800205.25
     216693 |  9800177.65
    2897929 |  9799837.41
    3140743 |  9799799.20
    1829543 |  9799544.01
    2897876 |  9799012.00
      11185 |  9798848.26
    2090827 |  9798793.58
    2998313 |  9798608.82
    2525597 |  9798475.72
     472421 |  9798094.80
    1489157 |  9797186.41
    3002503 |  9796629.29
    2387209 |  9796378.50
      70763 |  9795756.02
     543560 |  9795442.86
    1564983 |  9794747.82
      33886 |  9794426.88
    3157080 |  9794064.24
    2593532 |  9793717.20
    1077678 |  9793478.75
    2959249 |  9793041.85
    1088634 |  9792895.05
    2679141 |  9792297.90
    3055960 |  9792239.54
    1119337 |  9791713.08
     987644 |  9791527.57
     372162 |  9790564.97
    1139216 |  9790470.32
     449193 |  9790367.85
    1331297 |  9790092.95
     419350 |  9789599.40
    2739322 |  9789241.10
    1121250 |  9789013.36
    2615112 |  9788811.66
     644924 |  9787925.43
    3037681 |  9787217.06
     414132 |  9786985.61
    2340667 |  9786869.20
    2782577 |  9786537.15
     438702 |  9785760.65
    1998133 |  9785496.00
     122899 |  9785277.25
    1431026 |  9785228.10
     414733 |  9785005.23
    1677278 |  9784847.10
    2469485 |  9784643.64
    2440121 |  9784363.96
    1708451 |  9784203.51
    1074163 |  9783955.99
    2582589 |  9783688.31
    2664617 |  9783429.67
    2887685 |  9783252.46
     768142 |  9782553.42
    2796282 |  9782482.16
      37445 |  9781868.64
    2124738 |  9781385.25
    1531785 |  9781009.14
     981348 |  9781005.85
    3158362 |  9780788.16
    2473230 |  9780693.55
    2671326 |  9780591.62
    2442504 |  9780363.30
     320095 |  9780180.33
    1206918 |  9779560.13
    2028342 |  9779440.88
    2380660 |  9779436.23
     830400 |  9779241.99
     253086 |  9779072.00
    2727496 |  9778542.78
    2058728 |  9778177.43
    1381239 |  9778054.11
    1600470 |  9777497.12
    2304293 |  9777086.99
    1112476 |  9776949.93
    2758506 |  9776761.86
    1559788 |  9776533.30
    1251628 |  9776271.78
    1552693 |  9776099.85
    2437807 |  9776067.21
    2357071 |  9775916.22
    1198253 |  9775795.72
      54011 |  9775740.00
     199282 |  9775707.72
    2607945 |  9775555.08
    2806487 |  9775424.83
     642914 |  9775395.13
    2559460 |  9775349.04
    2818943 |  9775181.96
    3126785 |  9774297.07
     647826 |  9774222.00
     943004 |  9773507.03
    2957717 |  9772586.13
    1264813 |  9772548.31
    1413062 |  9772199.62
    2630111 |  9772084.30
     564710 |  9771989.97
    2851115 |  9771945.22
    2572849 |  9771232.65
    2462242 |  9770131.72
    2520880 |  9769820.64
    2556222 |  9769740.47
    2674856 |  9769479.76
    2532431 |  9769455.93
     879275 |  9769054.00
    1849081 |  9768917.85
    2996198 |  9768648.33
    1606109 |  9768391.08
    3047408 |  9768224.00
    2048914 |  9767391.00
    2543338 |  9767288.41
    2393415 |  9766891.87
     303923 |  9766638.48
    1135239 |  9766576.34
    2539559 |  9766522.59
    1767254 |  9766449.85
     684990 |  9765508.90
    1383921 |  9765115.32
    2374946 |  9764432.00
    1010773 |  9764306.45
    2025713 |  9763590.92
     740956 |  9763571.25
    1219226 |  9763333.75
     294534 |  9763327.72
    2611606 |  9762861.29
    2291486 |  9762785.12
     257697 |  9762532.50
     631917 |  9762513.00
    2195133 |  9762447.40
    1773761 |  9762446.61
    2136510 |  9761315.40
     120787 |  9761275.70
     486908 |  9760635.56
    1225173 |  9760437.76
    2965762 |  9759805.77
     126766 |  9759804.40
    2788429 |  9758363.00
    1190795 |  9758298.17
     129834 |  9757803.27
     156386 |  9757474.00
    1520723 |  9756596.31
    2109055 |  9756473.40
    1519496 |  9756365.07
    2046207 |  9755849.42
    1021051 |  9755838.04
    1991864 |  9755751.00
    2709349 |  9754980.00
    1026839 |  9754684.34
     475911 |  9753918.54
    3132217 |  9751805.74
    2016524 |  9751606.40
    2919072 |  9751107.45
    2326795 |  9750970.00
    3016251 |  9750736.24
    1286001 |  9750249.56
    2680870 |  9749485.20
    1844602 |  9749343.86
     584617 |  9749103.79
    2813572 |  9749029.43
    1389465 |  9748581.47
     415998 |  9747410.40
    1461364 |  9747143.13
    1382662 |  9747071.25
    2941022 |  9746624.25
     489560 |  9746074.56
     348909 |  9745843.86
    3186878 |  9745411.04
     339568 |  9745405.41
     739741 |  9745160.87
    2482918 |  9744635.67
    2651622 |  9744546.51
    2970630 |  9743929.71
    1448439 |  9743856.76
    2105319 |  9743717.88
     569554 |  9743668.17
    2421365 |  9743606.72
    2551863 |  9743414.85
    1696547 |  9743399.60
    1465917 |  9743393.76
    1294687 |  9742845.68
    2438481 |  9742539.92
    2116290 |  9742033.14
     608523 |  9741937.28
    1711672 |  9741838.35
     420702 |  9740666.16
     440469 |  9740613.12
    2156640 |  9740599.96
    2536058 |  9740503.52
    1632474 |  9740461.27
     845026 |  9740033.50
    1322511 |  9740012.07
    2175374 |  9739977.60
    2943859 |  9739814.41
    2925599 |  9739688.83
    2295105 |  9739561.22
    2042989 |  9738630.66
    1746005 |  9737646.30
    2976223 |  9737393.74
    1326910 |  9736985.85
    1008506 |  9736745.25
    2410564 |  9736526.04
    2306967 |  9736302.99
    1548434 |  9735880.56
    1163222 |  9734351.91
    1786060 |  9731969.13
    2841092 |  9731852.48
    3153392 |  9731825.32
    1924538 |  9731606.99
    1932890 |  9730447.92
     462615 |  9730330.56
    2987393 |  9730040.12
    2056256 |  9729942.19
    2915009 |  9729784.96
    1505869 |  9729155.36
    3151562 |  9729067.50
     873557 |  9728693.88
     924289 |  9728083.69
     915538 |  9727229.40
    2548488 |  9726654.28
    1611670 |  9726430.08
    1049124 |  9725570.89
     636864 |  9725016.82
     807992 |  9724694.10
     396493 |  9724566.28
    1076124 |  9724172.88
    3152738 |  9723927.20
    2099191 |  9723408.78
     341989 |  9722021.40
    1279691 |  9721305.50
     351674 |  9720714.24
    2947036 |  9720572.22
    2551721 |  9720238.06
    2122443 |  9720028.04
    2769225 |  9718195.04
     993393 |  9718118.95
    1940863 |  9717907.72
     742963 |  9717077.02
    2591033 |  9716841.12
    2011524 |  9716648.50
    2251957 |  9716580.06
     497191 |  9714849.54
     150566 |  9714470.22
    2003951 |  9714272.48
     231368 |  9713121.92
    1409788 |  9712717.86
    1106941 |  9711417.12
     610700 |  9711161.88
    1397519 |  9711001.31
     394557 |  9710447.28
    1242434 |  9710273.52
     508963 |  9710109.50
    2532253 |  9709947.80
    2070521 |  9709895.43
    3135113 |  9709260.48
     223719 |  9708316.58
    2542970 |  9707659.87
     605810 |  9705968.37
    2637085 |  9704961.84
    3076743 |  9704513.58
    1678803 |  9704069.00
    1815046 |  9703864.80
     564267 |  9703783.83
    1703928 |  9703385.99
     294945 |  9702245.69
    3038750 |  9701978.75
    1949592 |  9701599.50
    1780371 |  9700228.98
     611407 |  9699659.97
     959172 |  9698117.82
      24523 |  9697668.62
     628030 |  9697565.50
      88950 |  9697111.24
    2790987 |  9696897.10
    2247704 |  9696340.50
    1480797 |  9696168.90
    1777609 |  9695549.94
    1290629 |  9695480.00
     408946 |  9695251.80
    2563674 |  9695182.35
    2510461 |  9694807.32
    1949774 |  9694776.09
    1386521 |  9694207.10
    1580592 |  9692788.00
     624023 |  9691696.06
    1329114 |  9691475.93
    1271012 |  9691299.00
    2848426 |  9690408.00
    1209064 |  9690182.40
    2379850 |  9690090.39
     479459 |  9690073.35
    3018177 |  9689970.14
    3129655 |  9689768.01
    1098958 |  9689719.04
    1881239 |  9689075.31
    2546160 |  9688577.08
    1262345 |  9688567.91
    1203977 |  9687849.84
    1769672 |  9687419.04
    1526681 |  9686625.19
     662845 |  9685704.70
    2153161 |  9685125.89
    1100857 |  9684335.96
    1764918 |  9683871.60
    1132732 |  9683848.14
    2142946 |  9683608.80
    2708652 |  9683184.32
    2050743 |  9682973.98
    2837627 |  9682699.68
    1881085 |  9682653.43
    2170773 |  9682639.43
    2239574 |  9682181.12
     262626 |  9682130.15
    2350541 |  9681608.04
    3150280 |  9680799.04
    1644863 |  9680424.00
    2025658 |  9680131.46
     652168 |  9680018.34
     117543 |  9679919.31
    2482328 |  9679574.00
     134973 |  9679481.83
    1523972 |  9678409.20
    2550763 |  9678024.99
    3170277 |  9677991.93
    1541891 |  9677494.47
     318742 |  9676755.27
    2995530 |  9676183.58
     354405 |  9675846.90
     642268 |  9675527.26
    1141089 |  9675468.44
    1737833 |  9675412.50
    1149806 |  9675053.46
    2957278 |  9674983.87
    2330184 |  9674917.67
     502746 |  9674527.25
    1671561 |  9674112.53
    2953524 |  9673382.40
    1089913 |  9672834.52
     536522 |  9672827.22
     699852 |  9672246.12
     261237 |  9671621.61
    2787431 |  9670853.92
    1828964 |  9670138.80
    1898740 |  9669329.60
    1410143 |  9668808.50
     940846 |  9667582.49
    3183871 |  9667130.75
    1885105 |  9666932.24
    2871701 |  9665684.70
    2436755 |  9664240.49
    2488819 |  9664088.82
    2891056 |  9664085.67
    1913842 |  9663975.00
    1859720 |  9663753.20
    2950393 |  9662971.53
    2601036 |  9662839.68
     178861 |  9662698.30
     420027 |  9662643.99
    1770035 |  9662241.09
    1705686 |  9661935.83
    1828239 |  9661690.80
      89532 |  9661248.16
     605633 |  9661164.12
     862537 |  9661039.20
    2316549 |  9660913.82
    1500404 |  9660895.58
    2936195 |  9660715.00
    2851253 |  9660512.77
     402716 |  9660299.22
    1294261 |  9659649.25
     743520 |  9659155.20
      37380 |  9658845.77
    1252269 |  9658804.81
    1507341 |  9658532.40
    2452317 |  9658411.89
    2415080 |  9658405.41
    2416316 |  9657838.19
    3017383 |  9657798.56
     121029 |  9657681.24
    1608929 |  9657606.42
     399099 |  9656648.20
    2255105 |  9655952.50
     884902 |  9655137.60
    3042925 |  9655094.44
     182926 |  9654897.76
    1562295 |  9654562.43
     379793 |  9654419.00
    2641076 |  9654144.66
    2961282 |  9654072.44
     184452 |  9653622.14
    2328555 |  9653134.26
    1090507 |  9652893.00
    1542264 |  9652626.46
     360272 |  9651980.80
    1995700 |  9651576.04
    2269284 |  9651552.33
    2527132 |  9650011.29
     720393 |  9649745.28
      96148 |  9649735.68
    1866097 |  9649516.80
    1283238 |  9649434.60
    2958294 |  9649313.52
    2603417 |  9648986.72
    2181679 |  9648694.98
    2783535 |  9647517.96
    1059113 |  9647419.53
    2497807 |  9646392.96
    2449463 |  9646379.52
    2275627 |  9646253.37
     411726 |  9646131.00
     543323 |  9644676.12
    3046683 |  9644316.50
     200606 |  9644274.29
    1444673 |  9644167.29
    2813583 |  9644017.50
    1135047 |  9643733.12
     831458 |  9643671.49
    2455419 |  9642420.48
     641883 |  9642413.00
    2546121 |  9641752.50
    3087453 |  9641647.16
     221373 |  9640493.63
    2136769 |  9639269.36
     797209 |  9639160.11
     229794 |  9638966.98
     538838 |  9638807.22
    3181732 |  9638798.96
     354766 |  9638794.24
    3036101 |  9638625.14
    2256720 |  9638499.45
    2259123 |  9638449.20
    2372541 |  9638233.52
    1092159 |  9637997.40
    1528419 |  9637771.53
    1343624 |  9637671.10
    1036109 |  9637493.52
    2117950 |  9637160.43
    2846529 |  9637111.85
     214123 |  9636528.96
    2387742 |  9636415.05
     772957 |  9636322.56
    2324428 |  9635863.83
    1425179 |  9635773.64
    2980229 |  9634935.31
     365949 |  9634765.32
    2092574 |  9633029.76
    3024735 |  9632158.30
     542464 |  9632146.32
    1784209 |  9630635.18
     830575 |  9630561.60
     165642 |  9629358.08
     106669 |  9628806.32
    1998633 |  9627253.68
    2407227 |  9627023.36
     407148 |  9626881.15
    2700498 |  9626466.83
    3098907 |  9625748.56
    2379909 |  9625701.53
    2705062 |  9625567.20
     118629 |  9624960.80
    2327697 |  9623953.96
     547619 |  9623569.16
     422945 |  9623152.30
    1223801 |  9622415.80
     222326 |  9622143.36
    2496426 |  9622025.12
    3055990 |  9621579.76
    1715645 |  9621085.48
    2450546 |  9621084.99
     473558 |  9619596.00
    1703195 |  9619112.91
     344233 |  9619080.88
     993711 |  9618611.10
     766373 |  9617898.24
    1263713 |  9617651.42
    2931683 |  9617518.80
    1582987 |  9615838.03
    1283362 |  9615024.00
    1115412 |  9614933.72
    1499261 |  9614815.84
    2928270 |  9614353.05
     563321 |  9614148.39
    1847261 |  9613715.97
    2423490 |  9612961.20
     711457 |  9612943.60
    1451509 |  9612821.40
    2691708 |  9612558.24
     772863 |  9612205.92
    1492570 |  9611644.20
    1347472 |  9611601.00
    3050328 |  9611596.33
    2367671 |  9611102.96
    1185617 |  9611089.32
      98064 |  9609982.34
    3180960 |  9609629.95
    1200874 |  9609038.70
    2112977 |  9608596.50
     810115 |  9607004.20
    1047126 |  9606947.52
     637245 |  9606512.16
     642579 |  9605537.60
    1584400 |  9605327.18
    1493634 |  9605004.53
     548406 |  9604771.75
    1366718 |  9604113.75
    2654695 |  9603901.89
    1267956 |  9603745.16
    3140403 |  9603473.34
    2567489 |  9603008.08
    2531680 |  9602885.10
    1714763 |  9602073.84
    2004281 |  9601437.08
    2945276 |  9600774.84
     172455 |  9600537.31
    1089854 |  9600134.49
    1192453 |  9599549.20
     149055 |  9599364.32
    1330757 |  9598974.66
     969757 |  9598592.00
    3150808 |  9598240.02
    2106190 |  9597769.74
    2185886 |  9597677.76
     771174 |  9597644.31
    1454869 |  9597559.44
    2799089 |  9596352.00
     985930 |  9596094.00
    2102231 |  9595924.38
    2966203 |  9595683.56
    1381151 |  9595364.73
     478639 |  9595303.05
     694436 |  9594890.59
    3174552 |  9594823.68
    1485684 |  9594601.80
    2887013 |  9593912.53
    1953151 |  9593775.20
     271340 |  9593421.58
     691108 |  9593116.00
    2979094 |  9592963.44
    1248634 |  9592835.12
    1831001 |  9592446.72
     389419 |  9592389.36
    2374753 |  9592361.43
    1868406 |  9591199.20
    2894465 |  9590973.44
     272855 |  9590945.00
    3117366 |  9590911.13
    2624575 |  9590597.06
    2998779 |  9590099.00
    3067875 |  9589918.91
    2438053 |  9589737.07
    2479509 |  9589557.95
    1579122 |  9589506.32
     883090 |  9589250.97
    1273125 |  9589203.00
    1268281 |  9589198.58
    2510650 |  9588591.77
    3064550 |  9588491.29
     979690 |  9587988.77
     412906 |  9587853.14
     615315 |  9587647.04
     578022 |  9586479.00
    2733772 |  9586476.35
    1162234 |  9586266.94
      56898 |  9586263.60
    2801474 |  9586185.01
    2958786 |  9585879.56
     715313 |  9585759.04
     992032 |  9585360.16
     154200 |  9584989.15
    1417769 |  9584985.52
     632153 |  9584913.51
     425865 |  9584619.74
    2287464 |  9584332.31
     222836 |  9584302.20
    2552681 |  9584125.20
    1653952 |  9584092.96
    1723017 |  9584008.80
    3113443 |  9583721.40
     194230 |  9583542.72
    1061401 |  9583201.38
    3183036 |  9583171.76
    1288282 |  9583095.55
     494316 |  9582959.43
     294778 |  9582839.28
    2672111 |  9582252.03
    2853794 |  9581418.00
    2520151 |  9581138.10
    1621759 |  9581122.72
     808490 |  9580510.08
    1332048 |  9580476.34
    1992480 |  9579777.19
    1453863 |  9579736.74
     245834 |  9579432.45
    3038666 |  9578654.24
    2948673 |  9578260.44
    1500409 |  9577964.20
    1019759 |  9577862.79
     833869 |  9577435.86
     537123 |  9577278.72
    2483171 |  9577023.27
    1383632 |  9576685.97
     372472 |  9575808.52
    2095842 |  9575587.32
    1044526 |  9575549.26
    1739854 |  9575548.74
    1331683 |  9575324.66
    1035955 |  9574781.72
     181650 |  9574445.40
     803080 |  9574386.64
     290120 |  9574068.68
    1465387 |  9573040.80
       1261 |  9572313.74
    3082717 |  9571274.28
    1842892 |  9570831.90
     482482 |  9570178.24
     446683 |  9570052.62
    1910083 |  9569953.12
    3087058 |  9569839.47
    1143961 |  9569655.90
    2695080 |  9568978.18
    2741365 |  9568857.44
    1854602 |  9568755.00
      82986 |  9567389.82
    1835309 |  9567130.95
     761246 |  9566902.80
    2366015 |  9566226.78
    2189780 |  9566208.55
    2346654 |  9566103.68
    1651144 |  9565954.66
    2114018 |  9565880.34
    2619440 |  9565560.20
    1896748 |  9564477.78
    2817829 |  9564336.64
     635412 |  9564153.88
    1742952 |  9563986.35
    2942664 |  9563103.07
    2865903 |  9563084.58
    1855030 |  9563081.08
    1842159 |  9562644.00
     185657 |  9562481.40
     505694 |  9562340.50
    1016518 |  9562289.28
     930125 |  9562231.91
    2683518 |  9562116.18
    1535374 |  9562102.90
    2331970 |  9561050.60
    2905249 |  9560718.68
     588422 |  9560682.78
    1980636 |  9560361.96
    2374136 |  9559859.80
    2984660 |  9559749.60
    2410827 |  9559702.62
    2135985 |  9559302.79
    1753295 |  9558591.40
    2834854 |  9558123.28
    1851967 |  9557628.36
    1006362 |  9557536.28
    2616794 |  9557509.95
    2842097 |  9557192.40
    3052335 |  9557147.25
     650586 |  9557050.28
     721328 |  9556479.58
    1968741 |  9555865.83
    1625246 |  9555514.54
    1291391 |  9555285.40
    2221744 |  9554892.67
     663920 |  9554656.08
     567375 |  9554005.08
    2541389 |  9553444.56
     301383 |  9553307.61
    1560931 |  9553302.78
    2311302 |  9553294.26
     837465 |  9553224.77
    1555465 |  9553142.28
    3134498 |  9553024.16
    2353895 |  9553023.24
    1263468 |  9552712.56
    1020039 |  9552678.54
    2327098 |  9551889.68
    2932748 |  9551202.00
    1199446 |  9551092.05
    3047493 |  9550991.04
      92689 |  9550399.18
    2969593 |  9550178.68
     671351 |  9550118.96
     613891 |  9550109.20
    2944074 |  9550100.04
    2665624 |  9550083.66
     620187 |  9550046.68
     385684 |  9549821.96
    3151743 |  9549648.00
    3011149 |  9549106.93
     372117 |  9548236.62
    2703844 |  9547986.59
     549000 |  9547743.28
    3170773 |  9547519.80
     617814 |  9547208.16
    2487332 |  9546546.60
    2198106 |  9546492.22
    1492015 |  9546477.16
    1636825 |  9546184.99
      23948 |  9546071.45
    1362829 |  9545972.08
    2072349 |  9545698.56
     398417 |  9545506.75
     918159 |  9545463.54
     395519 |  9544958.64
     819269 |  9544629.12
    1349124 |  9544595.85
    2545493 |  9544282.88
    1606998 |  9543711.77
     864632 |  9543270.33
    1034417 |  9542919.72
    2710766 |  9542569.68
     860416 |  9542253.60
    3037047 |  9542189.86
    2772790 |  9541832.40
     939720 |  9541690.41
     576790 |  9541670.55
    2293725 |  9541423.94
    1045418 |  9540566.43
     530588 |  9540514.78
    2519073 |  9540077.12
    2303278 |  9539898.68
     151064 |  9539388.94
    1430739 |  9539121.26
    2091487 |  9539088.15
    2176243 |  9538966.95
    1274595 |  9538953.57
    2679900 |  9538215.28
       6362 |  9538034.76
    2451170 |  9537767.96
    2421137 |  9536790.44
    2951871 |  9536773.28
    1344419 |  9536554.47
     994189 |  9536498.30
    1564158 |  9536365.80
    2651327 |  9536059.05
    1539092 |  9535958.46
     155858 |  9535011.00
    1188569 |  9534953.34
      60890 |  9534644.70
    1430480 |  9534536.88
    2257131 |  9534454.41
     772869 |  9534330.07
      26842 |  9534307.29
    1413802 |  9533933.55
     393315 |  9533923.02
      65245 |  9533716.78
    2567667 |  9533136.14
    1227578 |  9532938.60
     514403 |  9532778.76
    1330605 |  9532701.00
    1446335 |  9532696.44
      22946 |  9532542.48
    1232452 |  9531978.75
    1278131 |  9531975.42
     423912 |  9531960.62
    3001420 |  9531956.38
    1296536 |  9531921.74
    2762604 |  9531911.57
    1250018 |  9531765.36
    1394729 |  9531365.70
    1724415 |  9530674.63
    3017173 |  9530641.89
    3107427 |  9529843.00
      24847 |  9529605.89
    3195905 |  9529562.25
     565547 |  9529187.08
    1515959 |  9528700.09
     463490 |  9528433.98
      82295 |  9527368.20
     352782 |  9527170.77
    2206617 |  9526826.26
    3126685 |  9526522.88
     702171 |  9525853.61
     372283 |  9525681.40
    1362353 |  9525677.80
    3080400 |  9525268.48
    2010806 |  9524920.25
    2214751 |  9524720.53
    1149216 |  9524577.45
    1463094 |  9523622.58
    1114917 |  9522890.08
    2160794 |  9522865.40
    2223565 |  9522546.00
    1435965 |  9522530.38
    2663722 |  9522277.44
    1633904 |  9522221.70
    3182938 |  9522176.94
    2007415 |  9521478.57
    3016122 |  9521377.47
      37017 |  9521056.56
     199169 |  9521013.98
    2160388 |  9520838.05
    2190521 |  9520537.53
    2504707 |  9519967.20
    1539094 |  9519870.25
     197520 |  9519782.40
    2407225 |  9519719.65
    1406658 |  9519566.90
     800216 |  9519391.27
     872960 |  9519290.10
    3150029 |  9519286.86
    1717740 |  9519012.80
    1748956 |  9518519.02
    1427066 |  9518473.60
    1981155 |  9517531.71
     242860 |  9516792.81
    1720016 |  9516658.91
    1661227 |  9516593.98
      74966 |  9516258.30
    3057847 |  9516221.26
     244882 |  9516148.38
    1312417 |  9514978.89
     832978 |  9514841.04
    1273690 |  9514690.77
     683191 |  9514470.70
     861111 |  9514391.04
    1899112 |  9513899.58
     110493 |  9513836.10
    1832095 |  9513535.85
     356789 |  9513196.22
     758185 |  9513154.56
     293230 |  9512991.66
    2291893 |  9512260.65
     852096 |  9512249.94
     573885 |  9512175.40
    3197331 |  9511931.76
    3061907 |  9511594.42
    1062782 |  9511469.99
    2362511 |  9511376.79
    3192537 |  9510915.20
    2946549 |  9510189.87
     861624 |  9509916.82
      84127 |  9509754.48
     688592 |  9509705.52
    1736559 |  9509160.18
     469946 |  9509076.00
    2446621 |  9508572.12
    1426915 |  9508563.90
    2026519 |  9508546.01
    1463255 |  9508298.40
    3027742 |  9506868.78
     664684 |  9506395.00
    1205611 |  9506278.50
     378171 |  9505305.92
    2983864 |  9505052.00
     991213 |  9505042.56
    1496639 |  9504980.94
     419026 |  9504964.53
    1603369 |  9504882.90
    1272077 |  9504484.99
    2073973 |  9504284.60
    1932470 |  9504090.50
    2713812 |  9503844.41
    1583838 |  9503840.60
    2251412 |  9503224.64
    1685624 |  9502292.66
     233575 |  9501971.40
     288823 |  9501969.44
    2646792 |  9501953.50
    1106612 |  9501929.04
    1063783 |  9501345.36
    1673864 |  9501099.48
    1250572 |  9500981.10
    1104887 |  9500851.74
     418939 |  9500321.95
    2702013 |  9499540.50
    1146645 |  9499276.71
     930133 |  9499253.66
    2028875 |  9498996.96
      82539 |  9498443.21
     790861 |  9498036.72
    1020238 |  9497928.42
    3056253 |  9497784.60
     998686 |  9496367.25
    2750658 |  9496295.28
    1052954 |  9496048.89
    2691441 |  9495963.37
    1616002 |  9495828.08
    1110452 |  9495780.00
     772986 |  9495749.76
    2622468 |  9495700.76
     485626 |  9495564.13
      74409 |  9495141.54
    1727430 |  9495095.40
     230650 |  9495071.80
     933372 |  9494704.13
    1421669 |  9494581.80
     706613 |  9494216.13
    2570786 |  9494052.54
    1637133 |  9493534.92
    2519161 |  9493247.14
    1847614 |  9492848.28
    2955522 |  9492767.72
    2114166 |  9492171.28
     125467 |  9492128.08
     406820 |  9491785.82
    1639173 |  9491736.32
    1686360 |  9491610.80
    2275291 |  9491082.45
    2467956 |  9490976.12
    2533884 |  9490880.70
    1624283 |  9490605.91
     739856 |  9490398.74
    2677421 |  9490217.52
    2524092 |  9490011.30
    3052138 |  9489903.69
     521488 |  9489506.34
     740619 |  9489233.52
    2821337 |  9489101.80
    2317663 |  9489026.56
    2405358 |  9488875.55
    2322066 |  9488744.26
    2395311 |  9488614.07
     824032 |  9488351.07
    2774225 |  9487891.76
    1541346 |  9487733.52
     175624 |  9487433.40
    2958274 |  9487292.88
     253508 |  9486309.47
     428868 |  9486303.83
    1640261 |  9486211.19
     283017 |  9485266.79
    1801567 |  9485186.89
     802845 |  9485107.65
    2156452 |  9484839.26
    2363042 |  9483071.88
     116376 |  9482621.58
     876376 |  9482616.27
      37648 |  9482452.32
     199939 |  9482233.00
      56926 |  9482125.37
    1531117 |  9482082.96
     294079 |  9481516.03
    2801017 |  9481353.16
    3129580 |  9480978.98
    2560908 |  9479798.90
    2106845 |  9479458.81
    3040225 |  9479359.80
      45986 |  9479353.91
    1650168 |  9479175.42
    2630454 |  9478311.18
    1083056 |  9477842.22
     957753 |  9477838.07
    2570495 |  9477788.07
    2416363 |  9477758.96
    1612317 |  9477739.36
     107350 |  9477525.20
     668466 |  9477325.41
    1370917 |  9477289.70
     729055 |  9477052.82
     348437 |  9476417.73
    2359024 |  9476168.64
    2098214 |  9475930.04
      79285 |  9475807.26
     335572 |  9475752.05
     613785 |  9475295.22
    2640892 |  9475184.25
      40636 |  9475002.03
    1779578 |  9474545.92
     736457 |  9474325.11
     508421 |  9473771.36
    2775126 |  9473512.48
    2508933 |  9473154.50
    2337395 |  9473081.64
    2321525 |  9472861.68
    2153408 |  9472252.68
     796260 |  9472017.94
    2274503 |  9471907.50
     122666 |  9471380.28
    2236800 |  9471364.47
      38540 |  9471324.60
    1929216 |  9470891.82
    1408096 |  9470570.96
    2432730 |  9470288.92
    2605857 |  9469323.92
      75172 |  9469279.44
      21908 |  9468575.52
     405408 |  9468515.63
      39715 |  9468295.08
     227353 |  9468003.36
    1944608 |  9467945.40
    1911842 |  9467801.53
    3070017 |  9467608.65
     825925 |  9467194.44
     548246 |  9467189.55
    1145063 |  9466953.73
     199544 |  9466737.80
     682563 |  9466645.45
    2126336 |  9466520.88
    2741766 |  9466379.75
    1114947 |  9466364.16
    1522910 |  9466192.89
    1448491 |  9465739.62
    1796859 |  9465636.57
    3110823 |  9465585.60
    1709053 |  9465555.28
    1819376 |  9465474.77
    3164461 |  9465416.96
    1686681 |  9464998.37
    2235733 |  9463695.85
    1909756 |  9463353.57
    2382554 |  9462949.02
    2303313 |  9462778.68
     857832 |  9462748.81
    2191104 |  9462746.58
    2353222 |  9462578.04
    1171664 |  9462577.56
     449041 |  9462476.10
     486673 |  9462264.69
    2942764 |  9462130.44
     882947 |  9461556.00
    1246660 |  9461295.05
    3129682 |  9460456.27
      80761 |  9460436.49
     310381 |  9460104.04
     704293 |  9460084.00
    3001583 |  9460049.50
    1768395 |  9460045.68
    2610877 |  9460034.28
    2079775 |  9459916.29
     253806 |  9458892.50
    2358674 |  9458031.20
    1505672 |  9457794.45
    1538539 |  9457621.95
    1577588 |  9457500.91
    1687110 |  9457412.98
    2572150 |  9456490.26
     283780 |  9456146.40
    1559158 |  9456141.08
     748083 |  9456135.43
      29858 |  9455967.30
    2787829 |  9455794.74
     159846 |  9455405.10
     726551 |  9455122.71
    1383195 |  9455013.96
     934221 |  9454859.45
     966126 |  9454668.94
    3028228 |  9454389.03
    2254530 |  9454226.08
     785521 |  9453802.47
    1367037 |  9453703.23
    2848972 |  9453310.20
    3187071 |  9453262.62
    1155937 |  9453041.36
    1016577 |  9452410.78
      11087 |  9452163.50
     310403 |  9452023.10
    1471247 |  9451641.76
     959257 |  9451401.96
     261734 |  9451310.40
    3182790 |  9451143.24
     923214 |  9450965.10
     808967 |  9450642.74
     309422 |  9450451.98
     526989 |  9450404.46
    2347609 |  9450387.18
    1655499 |  9450262.08
    2527475 |  9450240.64
    2170017 |  9450060.27
     866976 |  9449930.19
    3045007 |  9448945.28
     717034 |  9448817.62
     636234 |  9448406.94
    1453882 |  9448335.98
    1528209 |  9448056.00
     643029 |  9447956.32
     688279 |  9447926.40
    1952728 |  9447795.90
     107285 |  9447759.36
    3104375 |  9447661.08
    3073464 |  9447568.44
     593859 |  9447417.50
    3059440 |  9447256.80
    1528036 |  9447159.94
    2500845 |  9447124.89
     161455 |  9446631.30
    2347616 |  9446491.60
     327164 |  9446384.64
    2702602 |  9446226.20
    2513222 |  9446031.36
     195171 |  9445866.18
    1779204 |  9445714.35
     882695 |  9445519.35
    2418134 |  9445515.02
    2322337 |  9445308.92
      88209 |  9445145.01
     986139 |  9445017.40
    2827170 |  9444955.89
    1281853 |  9444726.94
    1092601 |  9444497.64
    1019526 |  9444382.11
    3103323 |  9444265.28
    1576968 |  9443850.00
    3018826 |  9443827.49
     205738 |  9443547.69
    1692587 |  9443366.08
     297486 |  9443134.13
    1230109 |  9442766.32
     637773 |  9442758.66
     578131 |  9442530.86
    2713063 |  9441897.64
    1287971 |  9441599.30
    2596539 |  9441260.80
     704916 |  9441130.31
    1125970 |  9441074.24
    2358589 |  9440866.35
    3118519 |  9440126.92
    2422570 |  9439902.29
     386716 |  9439768.52
    1233093 |  9439172.25
     353134 |  9438965.02
     533481 |  9438778.76
    2474929 |  9438737.94
    1177880 |  9438481.09
    2513170 |  9438370.10
    1777867 |  9438055.18
    1244778 |  9437987.58
    2287950 |  9437719.20
    1974634 |  9437358.99
    1338064 |  9437266.25
    2467718 |  9437140.30
     880489 |  9436932.99
    1714239 |  9436764.92
      64177 |  9436410.51
    2840966 |  9436028.25
    2115900 |  9435876.99
    2337724 |  9435356.17
    2773766 |  9435253.12
    2038079 |  9435169.52
    2397713 |  9435074.02
     748157 |  9434969.82
    1849625 |  9434143.40
    2331525 |  9433950.68
    2320393 |  9433693.06
     824726 |  9433334.88
    1369539 |  9433185.76
    1764759 |  9432639.49
     131234 |  9432120.00
    1420182 |  9431978.90
    2062885 |  9431903.80
    2743890 |  9431446.24
    1374250 |  9431320.32
    3072655 |  9431216.94
    2348938 |  9431065.89
    1356640 |  9430895.96
    2009733 |  9430660.72
      64077 |  9430426.32
    1861539 |  9430351.84
    1268700 |  9429665.12
    3024199 |  9429611.84
     489716 |  9429567.44
    1732216 |  9429541.92
     418695 |  9429146.47
     487706 |  9428151.48
    1739812 |  9427521.88
    2925611 |  9427014.22
    2575032 |  9426957.89
    2749343 |  9426768.78
    3159643 |  9426716.64
    2409584 |  9426468.06
    1061933 |  9426021.71
     163641 |  9425679.60
     564105 |  9425617.68
    1453198 |  9425385.78
    3001064 |  9425003.94
    1093647 |  9424898.56
    2320687 |  9424890.88
    2922406 |  9424833.92
    1765505 |  9424752.48
    2952792 |  9424737.44
     630195 |  9424691.42
     778256 |  9424122.76
    2823772 |  9423743.70
     357097 |  9423467.33
     179488 |  9423455.47
     362734 |  9423419.74
    2085036 |  9423109.74
    1691526 |  9423049.96
    1398581 |  9422385.39
    1953452 |  9422313.81
    1481923 |  9422040.75
    1207587 |  9421673.07
    2542446 |  9421503.70
     906839 |  9421333.68
    2426382 |  9421264.10
    1486253 |  9420912.78
     191272 |  9420844.10
    2521761 |  9420737.82
    2923216 |  9420576.00
    2126697 |  9420412.20
      96184 |  9420272.58
    1845360 |  9420254.60
    2395410 |  9420194.70
    1576414 |  9419760.19
     833713 |  9419759.46
    2725729 |  9419330.88
    2866652 |  9418435.00
    3107361 |  9418280.67
    2499317 |  9418199.10
    1701237 |  9418019.81
    2393350 |  9417678.02
    2626495 |  9417602.10
    1894728 |  9417439.00
    1440143 |  9417409.78
    2449011 |  9417360.81
    2750320 |  9416804.94
    2644495 |  9416460.18
     243781 |  9416246.46
     997611 |  9415927.49
    2566756 |  9415719.62
    1116372 |  9415642.20
     896176 |  9415399.37
     234556 |  9415308.42
     813028 |  9415138.60
     821109 |  9415076.79
    1671823 |  9414936.00
    1899008 |  9414588.08
    2268050 |  9414580.10
    2525453 |  9414327.68
    1362557 |  9413746.46
     979942 |  9413566.25
    2529259 |  9413424.16
     438249 |  9413246.58
      41018 |  9413079.36
    2387240 |  9412895.90
    1669691 |  9412498.57
     342171 |  9412470.58
    3069518 |  9411839.16
    1381060 |  9411781.68
    1956127 |  9411596.36
    2692166 |  9411176.80
    2809106 |  9410921.02
    2550894 |  9410374.92
    2830974 |  9409592.87
    1273954 |  9409412.17
     230511 |  9409371.72
     673157 |  9409250.10
     959444 |  9409207.68
      12913 |  9409136.70
     996304 |  9408633.92
    2861052 |  9408288.24
    2212989 |  9408249.72
     510510 |  9408236.20
    3021071 |  9407948.94
     226041 |  9407595.85
    1251933 |  9407336.10
    1267775 |  9407328.67
     661720 |  9407048.52
    1426216 |  9406658.60
    3016922 |  9406594.68
     441075 |  9406313.28
     398537 |  9406285.26
     101023 |  9405676.35
    1855881 |  9405352.80
    2264892 |  9405310.62
    2447215 |  9405045.24
    2557485 |  9405014.64
     879475 |  9404919.88
    1753360 |  9404805.41
    2262273 |  9403980.88
     527709 |  9403808.40
    2580621 |  9403502.60
    3156688 |  9403206.75
    2408789 |  9401768.40
     522786 |  9401727.89
     917236 |  9401682.89
    2895218 |  9401504.64
    2980717 |  9401346.21
    2056943 |  9401071.70
    2060915 |  9400815.19
    2794604 |  9400535.46
    1420383 |  9400237.20
    1955221 |  9400098.64
    1699674 |  9400027.16
    2396468 |  9399832.68
    2711445 |  9399790.63
     467524 |  9399666.70
     887827 |  9399266.24
    2939723 |  9399220.32
    1426691 |  9399167.10
    2805773 |  9398215.32
     741368 |  9397954.81
     387288 |  9397629.12
    2699211 |  9397446.17
    2071128 |  9397287.20
    2156843 |  9397138.50
    1360419 |  9396093.03
    1926113 |  9395997.65
     567067 |  9395965.28
    2133727 |  9395942.67
    3100634 |  9395817.48
     268222 |  9395647.98
    1821540 |  9395355.12
     702596 |  9394667.84
     313487 |  9394234.94
     871378 |  9394212.72
    3130895 |  9394046.27
    1986860 |  9393525.02
     248751 |  9393517.26
    3080418 |  9393187.81
    1784146 |  9393154.80
     952515 |  9392536.86
     412199 |  9392361.20
     136032 |  9392007.69
    2615247 |  9391716.72
     837375 |  9391183.49
    2614635 |  9390788.94
    1666723 |  9390722.28
     604170 |  9390651.15
    2226695 |  9390648.36
     999132 |  9390285.93
    2802277 |  9389993.35
    2246377 |  9389890.02
    1881046 |  9389778.96
     470681 |  9389667.43
     413927 |  9389653.35
     593774 |  9389503.48
    1790776 |  9389340.24
     305669 |  9389232.73
     668882 |  9389125.68
    2623297 |  9388513.43
     676290 |  9388328.37
     751775 |  9387662.10
     938995 |  9387296.64
    2240659 |  9387224.83
    2359652 |  9387096.72
    1975388 |  9386876.64
    2390058 |  9386757.56
    2559849 |  9386672.10
     185715 |  9386652.60
    1624519 |  9386413.75
     561396 |  9386150.69
    2816909 |  9385905.00
    1211560 |  9385606.50
    1116067 |  9385431.99
    2817768 |  9385117.13
    2674818 |  9384892.19
    1554854 |  9384788.10
    1301728 |  9384669.39
    1441273 |  9384592.14
    2825621 |  9384556.36
    2397887 |  9384500.51
    2585341 |  9384332.88
    2838201 |  9384323.80
     251513 |  9383877.92
    2224092 |  9383775.79
    2420823 |  9383436.96
    1979901 |  9383409.26
    2457123 |  9382363.12
    2891093 |  9382338.76
    2831004 |  9382323.60
    3001624 |  9382195.71
     518993 |  9381851.71
     373059 |  9381340.98
    1579683 |  9381167.46
    2490510 |  9380507.40
     473390 |  9380497.83
    2663233 |  9380423.52
    2487952 |  9380110.23
    1115048 |  9379818.04
     870695 |  9379638.25
    1912250 |  9379628.44
    2513839 |  9379256.74
     965318 |  9379132.38
    2221262 |  9378663.36
    2918879 |  9378623.54
    3050296 |  9378302.31
     657637 |  9378240.00
     984666 |  9377468.16
    3100598 |  9377389.35
    1143859 |  9377164.80
     746266 |  9377087.32
     310194 |  9376978.89
    2314499 |  9376728.27
     839564 |  9376586.45
    2638524 |  9376237.58
    2996903 |  9376203.90
     234632 |  9376112.45
    1660761 |  9375692.32
    2962151 |  9375438.80
    1884660 |  9373671.19
     833512 |  9373653.90
    2842960 |  9373492.68
    1915209 |  9373396.80
    2165458 |  9373332.81
    1296009 |  9373276.85
     734548 |  9373113.31
    1870173 |  9373105.77
      39303 |  9373099.81
    2335478 |  9372960.32
    1708975 |  9372705.44
    1519604 |  9372546.94
    2794509 |  9372013.32
    1922828 |  9371978.03
    1570136 |  9371807.52
    2668719 |  9371775.54
    2955645 |  9371710.80
     273723 |  9370556.25
    2050057 |  9370532.36
     532940 |  9370359.42
     416463 |  9370143.64
     589942 |  9369692.92
     351834 |  9369053.43
      95080 |  9368994.96
      14341 |  9368629.33
    2670371 |  9368281.26
    1828997 |  9368183.54
    1837317 |  9367900.36
    1574860 |  9367875.66
    1586080 |  9367581.51
    1152857 |  9367518.98
     926751 |  9367343.63
    3147185 |  9366939.12
    1552570 |  9366864.10
    1313122 |  9366773.30
    2335358 |  9366732.76
     549858 |  9366646.28
    2634705 |  9366621.90
    1200099 |  9366577.77
    2179670 |  9366365.58
       1264 |  9366007.31
     495962 |  9365599.60
    2420012 |  9365494.60
    1272731 |  9364984.76
     342600 |  9364830.35
     374162 |  9364503.24
    1353163 |  9364326.72
    2048582 |  9364138.12
    1873693 |  9363866.05
     680657 |  9363803.76
    1907640 |  9363336.75
    2574670 |  9363212.04
    1934764 |  9363157.11
     242829 |  9363043.20
    1877615 |  9362990.60
    3007725 |  9362968.59
     778888 |  9362655.15
    1316127 |  9362653.85
     722791 |  9362586.90
    1670653 |  9362575.00
    3075355 |  9362188.27
    2150036 |  9361763.83
    1682349 |  9361537.70
    1312806 |  9361366.18
     266039 |  9361150.32
    2021434 |  9360974.72
    1673342 |  9360361.81
       6240 |  9360353.60
    1504418 |  9360324.88
    1317041 |  9359727.68
    3012097 |  9359716.62
      98336 |  9359671.29
         73 |  9359505.27
     205312 |  9359490.88
    1829362 |  9359370.08
    3154909 |  9359177.43
     699309 |  9359081.18
     190018 |  9358987.77
     692337 |  9358981.85
     707201 |  9358850.71
    2168477 |  9358359.37
    2782142 |  9358195.00
     835973 |  9357141.00
     802646 |  9356850.65
    1047519 |  9356301.10
    2500045 |  9356228.80
    2691619 |  9355934.48
    2260860 |  9355848.50
    1344628 |  9354941.47
    3161924 |  9354924.60
     709417 |  9354864.15
    1210853 |  9354663.28
    2028944 |  9354551.06
    1644540 |  9354101.36
    1028353 |  9353977.14
    3181692 |  9353784.36
    1519276 |  9353663.64
     322268 |  9353100.94
    1409649 |  9352173.30
     146042 |  9352114.89
     551618 |  9352053.25
    1194742 |  9351998.25
    2279560 |  9351633.76
    2640381 |  9351566.95
    1607692 |  9351470.04
    2919469 |  9350979.18
    1097595 |  9350463.93
    2032048 |  9349851.78
    1593868 |  9349846.08
     716236 |  9349416.96
    2226920 |  9348932.56
    2847153 |  9348757.17
    2005075 |  9348713.40
    1168854 |  9348259.16
     719183 |  9348095.00
    1802512 |  9347682.05
    1623644 |  9347638.94
     384235 |  9347549.90
    1429612 |  9347197.12
    1945537 |  9347040.78
    1879568 |  9346755.46
     624206 |  9346579.93
     806711 |  9346354.50
     866019 |  9346152.28
    1226135 |  9345575.60
     951721 |  9345461.28
    2300739 |  9345307.40
     987186 |  9345202.44
    1518804 |  9345152.65
    2055317 |  9345151.15
    2681319 |  9345136.44
    2589618 |  9344981.76
    3031835 |  9344978.58
     763634 |  9344919.90
    1065258 |  9344760.72
     494008 |  9344695.53
    1123107 |  9344641.53
    2914116 |  9344458.33
     198581 |  9344427.54
      98259 |  9344052.15
     269989 |  9343888.62
     755651 |  9343451.46
    1013905 |  9343237.98
    2887195 |  9343201.77
    1590243 |  9342793.93
    2317698 |  9342726.19
    2418304 |  9342711.18
    2016702 |  9342489.84
     160435 |  9340677.79
    2523085 |  9340283.68
    3187199 |  9339239.79
    3174047 |  9339232.50
    3162937 |  9339140.97
    1464140 |  9339084.00
    2721379 |  9338756.40
    1814397 |  9338563.18
    1123441 |  9338238.03
    2092419 |  9337901.09
    1705552 |  9337793.96
    1401274 |  9337440.00
     136583 |  9337299.56
     684598 |  9337150.62
    2881221 |  9337034.55
    1679431 |  9336558.95
     714220 |  9336541.85
    2601284 |  9336374.69
    2136617 |  9336174.19
    2815119 |  9335780.28
    1462996 |  9335527.62
    1224637 |  9335397.77
      30316 |  9335342.96
    3010861 |  9335158.98
    1662004 |  9335127.45
    2128390 |  9334865.01
    2890621 |  9334709.49
     154163 |  9334433.92
    1391175 |  9334290.42
     213286 |  9333853.59
    1856578 |  9333507.60
    1655639 |  9333309.54
     830554 |  9332899.17
    1103598 |  9332665.20
    1841324 |  9332651.15
    2022189 |  9332508.16
    2582142 |  9332459.25
     885868 |  9332452.02
     544226 |  9332396.53
    2113352 |  9332328.00
     299117 |  9332249.99
    2051832 |  9332028.00
    2685243 |  9331998.79
     884664 |  9331948.64
      77047 |  9331544.95
    1385832 |  9331536.29
      20409 |  9331093.65
     879665 |  9330903.04
    2050139 |  9330885.04
     668001 |  9330342.84
     399112 |  9330203.40
    1913761 |  9330116.68
    1412416 |  9330077.19
    1286755 |  9330008.80
    1184431 |  9329866.56
    2242795 |  9329812.82
    2870661 |  9329771.00
     409782 |  9329529.44
    2024484 |  9329483.00
     326914 |  9329476.32
    3127911 |  9329343.47
    2896200 |  9329017.35
    1341019 |  9328808.74
      68250 |  9328514.00
    2393926 |  9328393.58
    2784190 |  9327696.00
    1397296 |  9327580.80
     645411 |  9327579.48
     320009 |  9327288.81
    2734699 |  9326774.14
      46230 |  9326527.05
     399581 |  9326520.63
     113812 |  9326505.42
    2328302 |  9326486.47
    1713854 |  9326462.24
     227067 |  9326439.78
    1447949 |  9326014.25
    2293858 |  9325591.68
    3090742 |  9325303.88
    1239553 |  9325163.68
    2274014 |  9325006.59
    2106274 |  9324750.05
    3096588 |  9324491.71
    1298521 |  9324319.62
    2801082 |  9324133.05
     558537 |  9324124.11
     375199 |  9323781.29
    1198109 |  9323460.96
    2705504 |  9323117.85
    2184479 |  9323104.56
    2404186 |  9323046.54
    1311102 |  9322912.48
     192509 |  9322908.66
    1478966 |  9322845.93
     477681 |  9322743.87
    2324134 |  9322678.18
    2856456 |  9322415.36
     321257 |  9322413.12
    1119231 |  9322367.61
     665532 |  9322360.32
    2905588 |  9322353.00
    2868949 |  9322347.97
    1583305 |  9322153.81
    2436600 |  9321770.91
    2292940 |  9321633.89
    1064326 |  9321513.76
    2305854 |  9321398.34
     153587 |  9321067.21
     655831 |  9320820.74
     975180 |  9320745.42
    1151102 |  9320674.16
    1876639 |  9320454.72
    2610678 |  9320426.16
    2902898 |  9320419.81
    2030678 |  9320245.68
     777409 |  9320157.99
    1067343 |  9319934.40
     779626 |  9319733.12
     369056 |  9319644.18
     664598 |  9319408.34
    2764317 |  9319384.36
    2504420 |  9319344.79
     374030 |  9319076.02
    2251351 |  9318730.85
    2618912 |  9318330.49
     586090 |  9318312.52
    2953551 |  9317742.48
    2277919 |  9317717.74
    2095452 |  9317710.20
    1170101 |  9317520.28
    3183572 |  9317447.40
    2428819 |  9316848.38
    2407632 |  9316730.02
    1360127 |  9316719.36
    2522474 |  9316439.55
    1216268 |  9316249.01
    1473689 |  9315700.66
     972625 |  9315656.24
    2931800 |  9315523.80
    2690920 |  9315369.28
    2828131 |  9315300.90
    2318793 |  9315023.55
    1443693 |  9314978.49
      56538 |  9314837.84
    2903924 |  9314614.14
      95235 |  9314445.60
    1315234 |  9314363.22
    2446066 |  9314188.20
     899232 |  9313986.23
     408622 |  9313920.30
    1108412 |  9313627.84
     954388 |  9313553.20
    1050377 |  9313484.79
    1790075 |  9313200.33
    2512303 |  9312334.41
    2594074 |  9312176.91
    2345638 |  9311756.26
    2744813 |  9311229.18
    1938443 |  9311181.77
    2688596 |  9310858.48
     627932 |  9310721.17
    1323216 |  9310316.66
    2497494 |  9310211.68
     722860 |  9310167.24
    1800077 |  9309330.88
       8875 |  9309318.56
     994397 |  9309221.25
    1363592 |  9308741.40
    2401600 |  9308636.37
    1916282 |  9308442.00
    2480136 |  9308374.73
    3162274 |  9308217.62
    2035224 |  9308190.88
    1943610 |  9308144.75
    2957032 |  9307945.17
    2289673 |  9307838.79
    2536017 |  9307582.50
    1318800 |  9307448.28
    3175227 |  9307422.46
      10678 |  9307334.40
    1702928 |  9307208.96
    1007475 |  9307192.40
    1758218 |  9306674.30
     553593 |  9306648.72
     145882 |  9306475.17
    2396095 |  9306445.68
    1227987 |  9306259.34
    1911960 |  9306063.25
    2859569 |  9305928.15
    1447834 |  9305925.12
     418313 |  9305896.39
    1488852 |  9305367.66
    2726546 |  9305243.96
     365636 |  9305203.14
     375496 |  9305152.31
     441563 |  9304936.11
    2531482 |  9304695.96
    1405765 |  9304338.60
     776530 |  9304293.06
    2833392 |  9304244.25
    2940004 |  9303986.91
    2288698 |  9303985.96
     462860 |  9303727.36
    2104252 |  9303485.28
     759163 |  9302967.20
    1133807 |  9302890.13
     782531 |  9302825.82
     811041 |  9302732.40
    2343046 |  9302644.48
    1413117 |  9302561.11
    1649677 |  9302536.81
    2578964 |  9301886.60
    3096522 |  9301817.30
    2987322 |  9301668.48
    1123033 |  9301304.56
     785416 |  9301182.70
      38369 |  9301111.20
    1643448 |  9301020.60
    1237929 |  9300870.17
    2336247 |  9300040.86
    1365997 |  9299811.06
    1423951 |  9299567.58
     776461 |  9299018.30
    1213821 |  9298870.02
     886606 |  9298463.93
    2251657 |  9298407.88
     136696 |  9298404.72
    1608465 |  9298332.34
    1913206 |  9298159.20
    1475750 |  9297749.80
    2002533 |  9297734.80
    1867054 |  9297351.36
     967049 |  9297269.40
     426444 |  9297150.88
    2531400 |  9296925.30
    2122261 |  9296845.48
    1428529 |  9296644.24
    2992225 |  9296599.78
     124695 |  9296507.12
     626930 |  9296364.50
    1886605 |  9296104.32
     488951 |  9296039.52
     377525 |  9295521.92
    3124073 |  9295049.64
    2953720 |  9295017.04
    1535635 |  9294970.41
     205436 |  9294917.47
     904242 |  9294680.89
    2573982 |  9294409.80
    2248810 |  9294337.58
     105203 |  9294180.84
    1434307 |  9294010.74
    1247379 |  9293969.89
     101227 |  9293907.48
     493899 |  9293388.32
    3048753 |  9293387.82
     525001 |  9293086.20
     537593 |  9293061.69
    2588595 |  9293032.05
    2897401 |  9292623.51
    2694733 |  9291818.58
     673916 |  9291653.16
    2041897 |  9291469.25
    2884079 |  9290497.50
     927516 |  9290321.61
    2512580 |  9289944.73
    2078343 |  9289652.78
    1393134 |  9289235.20
     109074 |  9288053.79
    2194576 |  9287518.44
    1464841 |  9287165.86
    2550873 |  9287078.56
    2873260 |  9286808.43
    3032494 |  9286748.84
    2488942 |  9286664.09
    2427186 |  9286514.35
    3018843 |  9286462.08
    1913058 |  9286373.00
    1223864 |  9286125.20
    2809526 |  9286007.70
     826522 |  9285561.44
     122868 |  9285394.05
      16473 |  9285140.70
     588922 |  9284723.25
    1744475 |  9284295.00
     887615 |  9284236.90
     965616 |  9284163.58
    1560811 |  9284117.22
    3162367 |  9283935.69
    2943916 |  9283790.25
    1737922 |  9283628.70
    1850361 |  9283590.00
    1446938 |  9283513.65
    1072824 |  9283463.33
    1182079 |  9283454.30
    1972702 |  9283394.56
     221274 |  9283280.40
    1111798 |  9283013.53
    2809888 |  9282463.82
    1738545 |  9282194.46
     627097 |  9282170.43
    2439448 |  9281929.23
    1249556 |  9281365.96
    2916773 |  9281132.96
     720289 |  9281010.08
    1120717 |  9280762.62
    1490584 |  9280675.92
    2935935 |  9280610.24
     922469 |  9280558.40
    2053365 |  9280332.67
    2102517 |  9280240.69
    1465760 |  9279935.20
    1173227 |  9279895.68
    1513895 |  9279536.00
    2272786 |  9279399.64
    2312823 |  9279235.79
    2991810 |  9279095.67
    2632398 |  9279082.44
    2799072 |  9279028.46
    2217596 |  9278990.82
    1314033 |  9278983.35
     922919 |  9278894.87
    3104991 |  9278672.84
    1008390 |  9278269.82
    1561308 |  9277483.06
     786650 |  9277020.12
     263789 |  9277002.00
    1472647 |  9276790.95
    1598959 |  9276139.36
     865274 |  9276023.92
    2405577 |  9276017.76
    1745395 |  9275928.96
    1647230 |  9275776.72
    1176799 |  9275302.42
     490761 |  9275020.65
    3135104 |  9274750.56
     392963 |  9274266.89
     789008 |  9274126.86
     718902 |  9274080.89
     918126 |  9273972.90
    1451962 |  9273861.80
    1886485 |  9273152.40
     351270 |  9273099.06
    2542174 |  9273084.63
     397422 |  9273042.02
    3069620 |  9272230.50
    1714319 |  9272142.72
     999345 |  9272086.56
    1614532 |  9271959.70
    3106305 |  9271856.85
    2083760 |  9271578.90
    1552041 |  9271575.82
    1383830 |  9271450.04
     788939 |  9271257.80
    3075688 |  9271089.92
    2057546 |  9270899.96
     804320 |  9270839.13
     530129 |  9270823.04
     567400 |  9270674.91
    1748894 |  9270322.42
      77627 |  9270320.50
    1059620 |  9270161.25
    1422701 |  9270109.95
    3182809 |  9269782.19
     800486 |  9269753.55
     351812 |  9269727.39
    1664204 |  9269654.13
    3043266 |  9269612.16
    2702272 |  9269123.69
    2410540 |  9269064.66
     463514 |  9268406.27
      20274 |  9268378.50
    3076755 |  9267997.50
    3148342 |  9267803.47
    2595247 |  9267581.16
    1800636 |  9267548.96
    1827842 |  9267291.09
    1685654 |  9266852.70
    1512525 |  9266685.12
     695071 |  9266602.19
    2630487 |  9266543.44
     486681 |  9265968.61
    2733174 |  9265950.21
    1428456 |  9265937.10
    1237153 |  9265636.18
    2890458 |  9265630.73
    2262368 |  9264887.40
    1725248 |  9264640.62
      78806 |  9264309.12
    2578132 |  9263594.26
    2798740 |  9263534.77
    2618862 |  9263374.31
    2739686 |  9263334.00
    2714345 |  9263208.63
    3019239 |  9262895.73
    1797678 |  9262846.49
    1387278 |  9262734.00
     843765 |  9262690.00
    1420006 |  9262263.53
    2603365 |  9262063.36
     994960 |  9261781.76
    2192414 |  9261001.94
    2757453 |  9260867.20
    2115512 |  9260701.38
    1422556 |  9260640.52
     238673 |  9260593.20
    1045672 |  9260279.82
    1788455 |  9260112.35
    1781245 |  9259834.43
    2840387 |  9259095.08
    2011550 |  9258543.28
    3105466 |  9258422.20
     154832 |  9258139.20
    2858025 |  9258060.00
     607009 |  9257758.53
      74025 |  9257582.58
      70445 |  9257553.92
     728618 |  9257064.30
     382951 |  9256840.60
     965435 |  9256817.09
    2824483 |  9256786.02
    2937209 |  9256666.40
    2556925 |  9256468.84
    2057030 |  9256279.59
      64918 |  9255952.58
    1937805 |  9255870.33
    2602517 |  9255845.80
     806597 |  9255821.90
    2862257 |  9255712.29
     941604 |  9255648.66
    1488726 |  9255569.76
    2136967 |  9255409.58
    2870693 |  9255229.62
    1534594 |  9255108.72
    2371316 |  9254991.20
    2322424 |  9254575.38
    2862881 |  9254527.80
     676232 |  9254212.59
     469459 |  9254116.05
     265702 |  9254042.37
    1363789 |  9253926.00
    2998931 |  9253565.05
     660710 |  9252864.45
     834777 |  9252091.74
     502169 |  9252053.91
    2000332 |  9252053.22
    1331621 |  9251898.49
    1228303 |  9251195.10
    1325639 |  9250595.25
     949580 |  9250572.64
    3007583 |  9250350.76
     196979 |  9250343.75
    2190049 |  9250275.59
    1348683 |  9250264.46
    1259117 |  9250260.25
    2663290 |  9250168.20
     367963 |  9250164.42
      44013 |  9250101.22
    1150236 |  9250048.32
    2952796 |  9249921.80
    2786854 |  9249848.72
    2449171 |  9249789.25
    1393953 |  9249766.34
    2667607 |  9249534.76
    2997068 |  9249520.54
      87838 |  9249443.20
    1093153 |  9249110.70
    3121877 |  9249023.67
    1217390 |  9248948.24
    1176322 |  9248768.35
    3139319 |  9248660.62
    2976932 |  9248554.04
     427774 |  9248148.24
    2237506 |  9248128.35
    2354832 |  9248015.27
    1424644 |  9247018.80
     625232 |  9245822.25
    3092336 |  9245808.39
     275105 |  9245796.84
    1888719 |  9245762.68
    1154089 |  9245681.03
    1387213 |  9245486.08
     534806 |  9245439.50
    3186045 |  9245096.70
     547094 |  9245065.48
     750370 |  9245052.96
    1416241 |  9244900.98
     772322 |  9244795.80
    1933583 |  9244753.96
     326616 |  9244356.43
    2287837 |  9244054.00
    1647224 |  9244004.70
     974861 |  9243759.33
     233429 |  9243754.82
    2358353 |  9243596.16
     304480 |  9243343.14
    2412886 |  9242883.96
    3080420 |  9242630.38
    2846543 |  9242407.48
     920701 |  9241890.16
    1305625 |  9241572.48
     332417 |  9241416.74
    1195645 |  9241256.92
    2579186 |  9241106.50
    2792478 |  9241075.48
     210376 |  9240945.92
      31402 |  9240807.60
    2236870 |  9240694.44
    2650353 |  9240651.85
    1109846 |  9240323.65
    2046149 |  9240181.40
     165595 |  9240033.66
     785631 |  9239724.00
    3011652 |  9239592.09
     402341 |  9239456.49
    2394000 |  9239375.38
     261897 |  9238814.67
    1525517 |  9238686.08
    2053542 |  9238501.80
    2354873 |  9238221.03
    1835535 |  9238180.10
    2046604 |  9237948.12
     196871 |  9237806.08
     146305 |  9237691.61
    2286959 |  9237670.56
    1930069 |  9237387.49
     325003 |  9237291.25
    2855757 |  9237139.60
    2296819 |  9236868.91
    2743299 |  9236803.68
    2490797 |  9236784.20
    1793882 |  9236729.04
    1810630 |  9236727.42
     622579 |  9236409.39
     343623 |  9236408.15
    2806636 |  9236404.05
    2329023 |  9236341.92
    1069509 |  9236105.75
    1693386 |  9235916.80
     166209 |  9235680.27
    1213352 |  9235572.25
    1101007 |  9235483.20
    2337555 |  9235015.40
    1042792 |  9234305.52
    1937752 |  9233952.94
    1156297 |  9233802.29
    1678836 |  9233622.40
     298902 |  9233612.16
    2522079 |  9233358.43
    1424213 |  9233064.82
     519122 |  9233059.50
    1213306 |  9232903.36
    1719826 |  9232480.00
    1172152 |  9231908.48
    1398752 |  9231485.63
    3073079 |  9230842.07
    1702640 |  9230807.74
    2914718 |  9230770.45
    1676160 |  9230735.85
     357249 |  9230672.29
     224137 |  9230578.19
    1995227 |  9230400.00
     113357 |  9229976.26
    1849844 |  9229858.92
    2219696 |  9229555.25
    1017868 |  9229392.64
     725014 |  9229382.96
    1553197 |  9229189.53
    1598046 |  9229070.64
    2967993 |  9228658.32
    3096764 |  9228628.62
    2709737 |  9228413.25
    1283797 |  9227956.10
    1790822 |  9227524.80
    1639547 |  9227286.96
    1269335 |  9227235.88
    2018254 |  9227181.36
     900105 |  9227056.26
    2419689 |  9226661.43
     646681 |  9226462.58
    3027414 |  9226329.30
    1257195 |  9226254.81
     796673 |  9226228.64
    2659597 |  9226041.38
    2941710 |  9226029.60
    2645597 |  9225972.00
    1151349 |  9225940.58
    2153690 |  9225917.76
    1460435 |  9225867.17
    1624917 |  9225748.56
    1685885 |  9225715.20
     122455 |  9225343.26
    1001290 |  9225291.92
    2082647 |  9224979.12
    2005961 |  9224753.52
    1992475 |  9224402.90
     532972 |  9224340.32
     260959 |  9224331.24
    2997292 |  9224221.76
    2523720 |  9223977.78
    3009205 |  9223764.78
    1261240 |  9223637.33
     294453 |  9223432.85
    2499944 |  9223285.69
    1544138 |  9223176.75
    1623893 |  9222949.68
    1774519 |  9222831.91
    2042583 |  9222763.92
      42286 |  9222682.11
    1602547 |  9222312.70
     647636 |  9221807.07
    2112379 |  9221694.87
    2599134 |  9221632.33
    1228080 |  9221606.04
    3130249 |  9221271.66
    2705311 |  9221105.18
    2146858 |  9221102.26
    2264969 |  9220790.04
    2846578 |  9220602.49
    1585167 |  9220596.00
     663512 |  9220499.60
     698080 |  9219549.38
    2507073 |  9219361.58
      56714 |  9219260.84
     225866 |  9218842.56
    1547851 |  9218415.66
     762809 |  9218165.76
    1908889 |  9217787.16
    1543164 |  9217350.54
    2836033 |  9217301.91
     570242 |  9217150.88
    2277585 |  9217040.22
    1266914 |  9216628.30
    1441773 |  9216602.32
    2442904 |  9216059.04
    1658935 |  9216034.24
    1012855 |  9215793.20
    1444302 |  9215683.61
    1352744 |  9215590.77
    1685283 |  9215357.14
    2916860 |  9215297.88
    3078817 |  9215110.95
    2035951 |  9214840.14
    2905164 |  9214831.20
    1034284 |  9214265.75
    1621514 |  9213993.15
    2534125 |  9213246.75
    2621031 |  9213235.20
     270491 |  9213048.08
    3017114 |  9213011.13
    1475194 |  9212909.55
    2954930 |  9212725.22
    2978750 |  9212590.80
    1850917 |  9212520.48
    1090335 |  9212513.28
     209754 |  9212374.48
     953643 |  9212369.25
    1234761 |  9212363.92
    3066036 |  9211589.70
     779684 |  9211409.97
    1777136 |  9211329.45
    1713354 |  9211252.96
    3113457 |  9211147.75
    3156487 |  9211079.70
    2607892 |  9210914.99
    2242907 |  9210908.28
    1256710 |  9210750.96
    2736509 |  9210747.52
     785688 |  9210727.50
    2667227 |  9210675.22
    1819537 |  9210609.46
    1903405 |  9210396.48
    3197621 |  9210372.36
    1641396 |  9210309.80
     712726 |  9210060.60
     709614 |  9209924.20
    1562586 |  9209530.00
     925363 |  9209315.32
     561296 |  9208718.66
    3089045 |  9208660.20
    1141600 |  9208310.84
     205526 |  9207493.50
    1828411 |  9207381.57
    1743083 |  9207191.16
    2783385 |  9206778.44
    2385424 |  9206743.36
    1918890 |  9206166.06
     983716 |  9205946.18
     996782 |  9205269.30
     488670 |  9205181.76
     812315 |  9205046.76
    1819435 |  9204834.04
      66538 |  9204751.44
     877235 |  9204670.44
    2934576 |  9204505.42
    2278542 |  9204033.08
    3193969 |  9204018.83
    2743808 |  9203819.40
     483954 |  9203634.72
    3141866 |  9203521.18
    1840115 |  9203159.15
    1735931 |  9203012.88
     365543 |  9202856.68
     893145 |  9202818.42
     625976 |  9202743.90
     628893 |  9202737.30
     364991 |  9202704.70
    2814227 |  9202125.60
    1359347 |  9201766.91
    3198737 |  9201665.20
    1564479 |  9201574.98
    1062616 |  9201533.99
    2015443 |  9201395.04
    2622324 |  9201355.32
    1656883 |  9201340.00
    3126296 |  9201076.04
     996959 |  9200999.30
    2932432 |  9200031.36
     347597 |  9199745.94
    1916462 |  9199640.89
     308448 |  9199445.40
     289106 |  9199274.52
    1313775 |  9198841.95
    2225392 |  9198456.00
    2890116 |  9198014.60
    1510551 |  9197992.80
    2241369 |  9197834.10
     152050 |  9197623.35
     952605 |  9197579.70
    3123209 |  9197475.84
    2460815 |  9197389.04
    1273682 |  9197284.92
    2118620 |  9196826.52
    1734251 |  9196583.24
    3199324 |  9196544.91
    1554652 |  9196478.89
    2244363 |  9196358.88
    1889547 |  9195831.22
     795898 |  9195750.97
     588909 |  9195702.29
    2896432 |  9195661.30
     989216 |  9195599.92
    1167580 |  9195520.13
    1259356 |  9195485.74
     690517 |  9195396.16
    1532760 |  9195349.44
    2001887 |  9195176.08
     869788 |  9195138.40
     773194 |  9195057.06
    1177588 |  9194931.62
     961958 |  9194859.70
    1903006 |  9194611.92
     359560 |  9194608.86
    1367407 |  9194520.00
    2574931 |  9194444.56
     412922 |  9194407.32
     421777 |  9194272.08
     408958 |  9194155.50
     421738 |  9194084.28
     268467 |  9193311.56
     241110 |  9193276.83
     285597 |  9193069.44
    1226877 |  9192961.84
    3059762 |  9192864.00
    2219256 |  9192711.22
    1139605 |  9191872.69
     997320 |  9191841.47
     600697 |  9191840.16
     174898 |  9191837.87
     692052 |  9191127.50
    1790418 |  9191101.92
    2488122 |  9190939.18
    1351683 |  9190353.39
     570152 |  9190164.90
    2261076 |  9190134.31
    2823199 |  9190013.00
    1676380 |  9189955.65
    2933020 |  9189689.36
     903655 |  9189522.90
    3169643 |  9189247.50
     576488 |  9189139.50
       4830 |  9189111.25
    2122411 |  9189027.72
     218624 |  9188825.22
    1393573 |  9188372.88
    2897507 |  9188010.20
    2584179 |  9187388.40
     904211 |  9187105.53
    2545421 |  9186378.90
    2154802 |  9186341.82
     803674 |  9186118.20
     516950 |  9185955.84
     546624 |  9185391.04
    1822577 |  9185387.64
    1409906 |  9185342.21
     210182 |  9185304.00
    2664348 |  9184884.28
    2443482 |  9184750.08
     607507 |  9184735.62
    1465352 |  9184711.36
    1846371 |  9184578.90
     475971 |  9184505.00
    1154409 |  9184458.94
    1030310 |  9184455.67
    1490877 |  9184397.66
    1160687 |  9184357.20
    1596203 |  9184345.20
    2432725 |  9184289.16
    2203632 |  9184009.56
    3089990 |  9183783.84
    3172513 |  9183780.14
    1723255 |  9183626.24
    2735603 |  9183344.15
     272448 |  9183081.72
    2735534 |  9183048.04
    1650769 |  9183025.34
     211266 |  9182793.44
     808567 |  9182455.17
     765431 |  9182230.57
    1278696 |  9182113.28
     744286 |  9182088.32
    1590557 |  9182061.11
    3122830 |  9181904.64
    2705420 |  9181820.36
     135471 |  9181459.77
    1072886 |  9180833.34
    2488148 |  9180793.92
     921483 |  9180680.30
    2130640 |  9180452.10
    2361085 |  9180395.68
    2163239 |  9180285.55
    2864680 |  9180246.84
    1429775 |  9180216.32
    1426847 |  9179552.40
    1014947 |  9179527.68
    2429806 |  9179432.48
    1007271 |  9179170.77
     427624 |  9179030.95
    2842776 |  9179008.20
    1422588 |  9179003.73
    1233134 |  9178995.73
    2186713 |  9178300.95
     541068 |  9178208.85
      13406 |  9178193.57
     905782 |  9177975.76
    2161978 |  9177841.05
    1228652 |  9177666.12
     418088 |  9177465.83
     667476 |  9177409.98
    2447528 |  9177065.48
    2689016 |  9176977.54
    1626069 |  9176881.39
    1224793 |  9176357.16
    2327277 |  9175938.48
    2677903 |  9175924.94
    1470407 |  9175743.36
     579756 |  9175446.00
    2328279 |  9175023.31
    2911006 |  9174640.20
     375837 |  9174265.11
    2082640 |  9174252.40
    1624666 |  9174245.74
    1034455 |  9174216.26
     730107 |  9174193.95
    2538088 |  9173958.33
     958473 |  9173813.58
     138144 |  9173427.39
     362963 |  9173205.84
    1933220 |  9172426.32
    1470900 |  9172268.77
    2389757 |  9172012.80
     959750 |  9171690.54
    2116291 |  9171610.50
    1358629 |  9171609.60
    2121856 |  9170882.27
    2252886 |  9170876.60
    2126903 |  9170841.24
     643801 |  9170759.19
    1731945 |  9170608.59
     483064 |  9170599.60
    1886729 |  9170468.92
    2358072 |  9170313.36
     464887 |  9170078.33
    2695131 |  9169841.35
     838029 |  9169838.40
    3129022 |  9169765.62
    2440564 |  9169696.64
    1617184 |  9169600.72
     319433 |  9169526.40
    1498301 |  9169472.96
     359755 |  9169255.99
    2529448 |  9169004.40
    1511256 |  9168893.47
    1170191 |  9168825.82
    1872275 |  9168517.40
    1974916 |  9168516.45
     596834 |  9168426.56
    2033010 |  9168369.72
    2030797 |  9168311.16
    3050114 |  9168096.00
    2398165 |  9167769.87
    1299123 |  9167618.71
    2402922 |  9167496.20
     602308 |  9166954.50
     361916 |  9166734.78
    3147104 |  9166633.32
    2409045 |  9166475.80
    1968863 |  9166214.88
    2246147 |  9165915.92
    2862633 |  9165891.96
    2336861 |  9165841.51
    2654422 |  9165682.08
    2497102 |  9165566.52
     523035 |  9165497.00
    1944286 |  9165095.25
     566335 |  9164904.91
     841406 |  9164507.40
     345575 |  9164486.10
    2885593 |  9164352.00
    1868883 |  9164315.52
    1269920 |  9163758.00
    2797648 |  9163135.00
     148678 |  9163010.76
    2206245 |  9162380.24
    1877474 |  9162266.37
    2849123 |  9162045.78
    1589460 |  9161882.46
      89757 |  9161872.43
      87406 |  9161864.37
     480721 |  9161813.72
    1517483 |  9161762.40
    2535219 |  9161717.76
    1010511 |  9160779.79
    2940409 |  9160505.25
    2377569 |  9160491.32
     559245 |  9160462.00
     321695 |  9160357.52
    1413691 |  9159962.91
    2605945 |  9159917.38
    2630425 |  9159813.27
    2002186 |  9159534.97
    1345867 |  9159524.68
    1712801 |  9159499.85
    1059314 |  9159431.40
    1846320 |  9159417.94
    2128556 |  9159221.40
    3135106 |  9159008.67
    1857766 |  9158760.25
    3031262 |  9158714.64
    2986947 |  9158706.70
    1874484 |  9158518.53
    1964789 |  9158312.52
    2652943 |  9158309.67
    1883571 |  9158165.82
     952861 |  9158131.29
    1792057 |  9157880.62
    3023666 |  9157583.52
    2346685 |  9157510.62
     576318 |  9157443.46
    1928914 |  9157269.64
     940975 |  9157190.22
    1261870 |  9157059.69
    2186506 |  9156542.15
    1993410 |  9156385.00
     692339 |  9156223.56
    1990510 |  9156152.11
    2580550 |  9156062.30
    1084482 |  9155982.26
     742761 |  9155746.32
    2584519 |  9155531.40
    1168586 |  9155064.52
    1633122 |  9154691.28
    2425432 |  9154465.38
    1386188 |  9154289.76
    2231705 |  9154257.60
    1331692 |  9154016.38
    1494925 |  9153914.44
     956122 |  9153806.68
    3066023 |  9153777.14
    2013400 |  9153245.85
    1620697 |  9153169.16
    1057437 |  9152963.72
    1091285 |  9152915.50
    1394393 |  9152895.69
    2214948 |  9152768.16
    2548087 |  9152688.36
    1968003 |  9152611.02
    1301001 |  9151956.84
    1145421 |  9151789.78
     430764 |  9151719.84
     174376 |  9151585.98
    1711902 |  9150949.80
    1655634 |  9150627.97
     697147 |  9150417.72
     887460 |  9150272.20
    3076240 |  9149659.91
    1103747 |  9149420.70
     993908 |  9149128.62
    2753200 |  9148840.48
    1549495 |  9148562.08
    1747465 |  9148450.50
    2965922 |  9148318.08
     352044 |  9148144.32
    2504782 |  9148111.44
    2678158 |  9148002.37
    2779086 |  9147433.88
    3044149 |  9147374.74
     665336 |  9147132.80
    1076254 |  9146906.84
     657075 |  9146796.74
    2364085 |  9146795.12
     276571 |  9146241.19
    3020161 |  9146005.00
     917286 |  9145855.20
     297628 |  9145468.50
     797265 |  9145360.90
    1033136 |  9145204.20
    2588580 |  9145144.52
    1307122 |  9145021.83
    2607035 |  9144479.12
    1761915 |  9144286.23
    1242498 |  9143891.79
    1475858 |  9143655.78
    2544748 |  9143542.48
    2412863 |  9143511.65
    1009193 |  9143333.38
    1088960 |  9143228.74
    2343316 |  9143206.10
      85248 |  9142945.30
     844579 |  9142639.98
     600482 |  9142572.12
    1011617 |  9142037.18
    1956656 |  9141841.51
     616414 |  9141833.80
    1724817 |  9141761.65
    2441600 |  9141759.06
    3133420 |  9141459.60
     610875 |  9141103.89
    2225510 |  9141088.11
    2710322 |  9140517.64
    2912259 |  9140178.04
    1731837 |  9139759.72
    2322560 |  9139730.80
    1094752 |  9139639.89
    2095159 |  9139489.44
    2613143 |  9139312.20
     737868 |  9139298.89
    2603959 |  9139216.68
    1288111 |  9139162.05
    2562545 |  9138831.69
     246430 |  9138732.30
    1299725 |  9138541.50
    1540543 |  9138416.16
     109790 |  9138343.62
    1060840 |  9137860.06
    1220267 |  9137734.41
     517339 |  9137712.68
    1338939 |  9137358.36
    2500755 |  9136929.25
     751041 |  9136734.18
    2701254 |  9136673.28
    3095496 |  9136346.40
    1753087 |  9136168.72
     183754 |  9136137.74
     801045 |  9135925.12
    3066983 |  9135921.60
    1982921 |  9135756.65
    2156054 |  9135661.12
    2243373 |  9135591.40
    2946015 |  9135052.08
    1782199 |  9134284.01
    3032476 |  9134075.01
    1771630 |  9133971.35
     752193 |  9133851.02
    3047949 |  9133807.53
    3172978 |  9133797.00
     381057 |  9133726.20
    2893864 |  9133157.70
     268906 |  9133140.79
    1181192 |  9133052.02
    2639210 |  9132818.16
     488190 |  9132648.93
    2632484 |  9132536.20
    2861209 |  9132531.20
    2656712 |  9132355.88
    2165517 |  9132083.62
    1552450 |  9132036.60
     931239 |  9132004.60
    1322278 |  9131984.29
    2033134 |  9131588.25
     613802 |  9131582.76
    1375617 |  9131235.25
    2302431 |  9130507.99
     308671 |  9130306.68
    1807244 |  9130128.00
    1817878 |  9129966.67
    2942999 |  9129053.12
     741731 |  9129037.95
     635111 |  9128336.00
     741520 |  9128261.68
     904607 |  9127675.35
    1103425 |  9127671.00
    1064919 |  9127506.40
     701833 |  9127480.54
     498125 |  9127443.37
    2843027 |  9126692.80
     102756 |  9126247.32
     503748 |  9126022.62
      39118 |  9125805.82
    1048985 |  9125743.32
    3178463 |  9125736.00
     267256 |  9125685.18
    2048257 |  9125517.47
     593050 |  9125377.38
    1421648 |  9125356.47
    1959122 |  9125222.40
    1387037 |  9125026.58
    2085521 |  9124627.83
     609083 |  9124625.70
    1784611 |  9124449.54
     915212 |  9123745.50
    2694081 |  9123536.25
    2167464 |  9123397.74
    2596517 |  9123315.11
     119363 |  9123261.90
     436693 |  9123209.52
     383732 |  9122880.00
    2070118 |  9122813.40
    1288395 |  9122799.30
    1070775 |  9122715.35
     396861 |  9122138.60
    2954002 |  9121965.43
    1346127 |  9121952.70
    1228452 |  9121878.78
    2857051 |  9121873.18
     805734 |  9121713.34
    1628721 |  9121547.00
     585783 |  9121222.32
    2076151 |  9121033.32
    2994270 |  9121026.12
    2089216 |  9121011.28
     803776 |  9120992.94
     941637 |  9120814.01
    2562992 |  9120510.03
    1335506 |  9120343.64
    1562995 |  9120137.40
    1726726 |  9120017.70
    3152513 |  9119759.46
    3197085 |  9119720.34
    1489023 |  9119594.40
     360097 |  9119186.41
     874557 |  9118888.02
     237651 |  9118808.72
    1352685 |  9118708.56
    2986908 |  9118417.36
    1124588 |  9117994.27
    1247474 |  9117755.01
    2266027 |  9117670.61
    2767265 |  9117007.88
    2079991 |  9116869.56
     975441 |  9116856.51
    2721017 |  9116739.75
     268665 |  9116288.55
    1412812 |  9115973.44
    2338252 |  9115377.82
    2932288 |  9115263.36
    2404822 |  9114979.50
    2408491 |  9114809.45
     449187 |  9114585.92
    2366532 |  9114369.65
    3116513 |  9114354.90
    3003029 |  9114013.70
     793130 |  9114011.99
    2279865 |  9113707.90
    1135114 |  9113620.66
      22221 |  9113568.38
    1239097 |  9113480.50
    3049294 |  9113373.02
    2350170 |  9113266.01
     369632 |  9112707.04
    2851151 |  9112538.33
    2339052 |  9112408.80
     928945 |  9112153.82
    2414426 |  9111980.24
    3055914 |  9111733.88
    2539776 |  9111733.45
    3158334 |  9111663.87
    3150638 |  9111596.72
      61943 |  9111527.33
    2385769 |  9111492.00
    2806462 |  9111110.85
     870851 |  9111027.87
    1761434 |  9110972.08
     607377 |  9110837.92
    2390419 |  9110694.30
     789475 |  9110679.18
     172636 |  9110497.76
    2212883 |  9110446.03
    1003502 |  9110356.55
    2613053 |  9110333.28
    3030802 |  9109727.04
    1165657 |  9109462.60
    2245418 |  9109339.57
    1377923 |  9109189.32
    1740745 |  9108941.66
    1265445 |  9108814.05
    2255391 |  9108741.08
    1023316 |  9108732.39
    2979515 |  9108571.78
    3199535 |  9108404.10
    1208416 |  9108296.52
    2753539 |  9108266.88
    2721180 |  9108234.60
    3148616 |  9108111.32
     847100 |  9107974.17
    2131185 |  9107875.71
    3038579 |  9107572.80
     608230 |  9107480.43
     144474 |  9107080.00
    2799431 |  9106963.30
     734866 |  9106481.32
     218134 |  9106217.30
    1966502 |  9106105.36
      37099 |  9106094.41
    1953475 |  9106038.80
    3156323 |  9106034.08
       8881 |  9105747.66
    1233431 |  9105483.66
    1383330 |  9105143.34
     749576 |  9104840.47
    2245593 |  9104555.52
    2802747 |  9104504.41
    1010172 |  9104469.70
    1143053 |  9104467.59
    3170519 |  9104174.64
    3086563 |  9103791.04
    1799332 |  9103669.75
     854426 |  9103543.88
     148495 |  9103496.60
     915417 |  9103171.96
    1558879 |  9103065.99
    2244704 |  9102504.15
     645696 |  9102165.65
     590485 |  9102108.00
    1941621 |  9102102.87
    2091115 |  9102060.80
    2061611 |  9101918.34
    2296695 |  9101875.68
    1137568 |  9101333.67
    1119455 |  9101324.25
     932947 |  9101136.79
    1687967 |  9101085.37
    1668118 |  9101009.60
     756153 |  9100842.05
     479537 |  9100565.88
    3059336 |  9100376.43
    3107231 |  9100372.17
     999457 |  9100260.06
     228028 |  9100180.88
    1037473 |  9100082.19
     257094 |  9099884.58
    2111392 |  9099768.99
     404472 |  9099714.15
    1826721 |  9099668.97
     269022 |  9099271.89
    2663488 |  9098829.32
    1422692 |  9098067.75
     848432 |  9097885.86
     611813 |  9097693.05
    2423881 |  9097674.32
    2237113 |  9097600.33
     302172 |  9097327.26
    1066163 |  9097175.44
    2893773 |  9096989.43
    2407513 |  9096670.08
    2705244 |  9096630.76
    1190463 |  9096624.90
    1765958 |  9096455.55
     903750 |  9096334.17
    1046989 |  9096128.55
    2260695 |  9096005.96
    1634795 |  9096005.35
    2058756 |  9095853.83
    1659046 |  9095241.48
     773230 |  9094641.81
    2054024 |  9094524.66
     609756 |  9094268.46
     501942 |  9093917.96
    1152137 |  9093717.79
    1088747 |  9093583.46
     158879 |  9093543.76
    1085187 |  9093425.15
    1157686 |  9093386.52
     586654 |  9093291.06
    1275371 |  9093258.20
    1069022 |  9093239.34
    1040907 |  9093177.36
    1450623 |  9093126.26
    2259291 |  9093123.70
    1010908 |  9093051.10
     806592 |  9092903.26
    1679079 |  9092083.14
      25535 |  9091959.57
    1983708 |  9091957.04
    1528591 |  9091755.90
    2541483 |  9091397.91
    1638169 |  9091240.14
    2667485 |  9090865.52
    1132670 |  9090792.98
    2646162 |  9090477.60
    1480086 |  9090452.85
    1670308 |  9090361.52
    2393737 |  9090276.90
    1319171 |  9090148.35
     394161 |  9090051.66
     670891 |  9089946.69
    1247941 |  9089505.89
    2902831 |  9089186.43
     817601 |  9088705.07
    1509404 |  9088688.04
     217441 |  9088687.44
     245191 |  9088424.32
    3000714 |  9088200.93
     667778 |  9087635.92
    3104235 |  9087562.32
    1730148 |  9087404.02
    2584876 |  9087133.44
     116507 |  9087132.60
     630534 |  9087011.41
    2538245 |  9086678.75
     223887 |  9086222.60
    2244894 |  9086085.19
    3098385 |  9085752.00
     805108 |  9085733.36
    2241909 |  9085215.94
    2045363 |  9084935.86
    1412162 |  9084636.30
    2252028 |  9084635.44
    1726370 |  9084597.80
    1273681 |  9084196.38
    2015818 |  9084092.20
      62596 |  9084079.95
    2785034 |  9083999.92
    2302240 |  9083576.37
    2615475 |  9083243.52
    1270375 |  9082906.56
    3175475 |  9082693.17
    2014231 |  9082651.78
    2667393 |  9082378.17
    2727530 |  9082128.00
    1404258 |  9081867.92
     977014 |  9081825.60
     298259 |  9081711.56
    2755629 |  9081708.62
     648946 |  9081518.04
    2901502 |  9081484.98
     705326 |  9081120.90
      34220 |  9080885.32
    3115700 |  9080799.51
    1286244 |  9080609.19
     827486 |  9080466.74
    2229515 |  9080439.69
     640272 |  9080320.81
     791049 |  9079986.72
     382224 |  9079641.48
    1571645 |  9079366.22
    3190797 |  9078426.18
     687748 |  9078166.35
    2248899 |  9078065.40
    1257777 |  9078045.00
    1671072 |  9077679.38
     203045 |  9077237.76
    1375953 |  9077098.08
     981920 |  9076902.12
    1792206 |  9076672.74
    1566802 |  9076630.05
    3065655 |  9076354.30
    2071448 |  9076152.40
    2678493 |  9076055.04
     503355 |  9075548.23
     530877 |  9075116.26
     389003 |  9074932.35
    1965684 |  9074625.26
    1443247 |  9074256.60
    1377807 |  9074069.14
     793422 |  9073846.65
    1908653 |  9073830.31
    3184840 |  9073819.16
     770582 |  9073648.92
    2018879 |  9073626.90
    3113143 |  9073323.52
    1796812 |  9073057.50
     489669 |  9072715.20
    2404328 |  9072584.29
     704254 |  9072562.52
    1596197 |  9072561.27
     689706 |  9072383.12
     324111 |  9072072.23
    1183877 |  9071939.52
    3164130 |  9071938.61
     432585 |  9071930.18
    2264878 |  9071596.86
      34515 |  9071423.14
    1765749 |  9071145.72
    1282255 |  9071032.80
    2157411 |  9070877.25
    2125768 |  9070820.49
     602922 |  9070787.88
     512665 |  9070725.25
     408856 |  9070630.69
    2224239 |  9070507.45
      13510 |  9070435.00
     783843 |  9070202.68
    2975185 |  9069705.20
    1383236 |  9069655.70
    1468341 |  9069352.50
    1401942 |  9069279.39
    1963129 |  9069218.55
     362403 |  9069201.12
    1898072 |  9069092.00
    3104878 |  9069090.69
    1745527 |  9068274.54
     665190 |  9068172.10
     700884 |  9068105.20
    2697860 |  9068028.20
    1875136 |  9067719.40
    1743730 |  9067716.48
    1328492 |  9067470.30
    2571576 |  9067183.61
    3146659 |  9066979.45
    2311433 |  9066960.36
       1399 |  9066942.79
    2313893 |  9066862.08
     975464 |  9066621.30
    1249090 |  9066358.95
    1253347 |  9066306.80
    1929108 |  9066012.90
    1408841 |  9065988.40
    1028945 |  9065958.42
    1262891 |  9065950.40
    2137874 |  9065873.88
    2326181 |  9065820.16
    2967532 |  9065729.06
     972784 |  9065464.10
    3143766 |  9065396.90
     699137 |  9065379.94
    2549812 |  9065342.96
     220618 |  9065062.50
    1094215 |  9064927.80
     519910 |  9064775.19
    1185194 |  9064413.93
    3146024 |  9064298.34
    3078636 |  9064256.04
    2401768 |  9064154.32
    2734827 |  9063391.40
    2462082 |  9063344.16
     208130 |  9062999.46
    2379623 |  9062932.68
    1486643 |  9062883.48
    2634929 |  9062822.00
     974459 |  9062803.85
    2109810 |  9062669.25
    1787705 |  9062486.46
    2939015 |  9062402.04
    1629034 |  9062377.75
    1833795 |  9062354.86
    3187674 |  9062084.08
    2825508 |  9061909.42
     168805 |  9061894.68
     798330 |  9061730.08
    1612599 |  9061420.19
    2256398 |  9061406.55
     975367 |  9061093.80
    1658710 |  9061073.78
    3174832 |  9060987.22
    2767526 |  9060801.16
    2579205 |  9060472.95
      18941 |  9060016.10
    1512894 |  9059825.17
     747557 |  9059478.12
    1256155 |  9059415.00
    1468969 |  9059158.78
     280281 |  9058985.20
    2436808 |  9058876.75
    1774651 |  9058633.75
    1991603 |  9058486.48
    2765722 |  9058330.34
    1038206 |  9058179.20
      92348 |  9058085.08
    3192587 |  9057831.56
    2504595 |  9057807.18
    2144899 |  9057274.96
    2685988 |  9057157.76
    3098120 |  9057071.14
     292264 |  9056208.16
    2815447 |  9055652.40
    1742423 |  9055157.22
    2668641 |  9054945.04
    3048073 |  9054676.84
     552797 |  9054640.74
    1560256 |  9054577.59
    1628010 |  9054280.71
    3030369 |  9054187.24
    2921396 |  9053988.05
     469830 |  9053923.32
     887250 |  9053917.79
    2694949 |  9053846.01
    2228996 |  9053659.30
    1623053 |  9053560.75
     633915 |  9053502.39
    2379019 |  9053246.25
     175842 |  9053032.66
    1154395 |  9052975.87
    1906099 |  9052751.16
    1629726 |  9052688.10
    1975519 |  9052622.30
     710559 |  9052402.80
    1910064 |  9052294.30
    1434485 |  9052168.08
    1080896 |  9051852.15
    1492812 |  9051739.40
    1183878 |  9051700.32
     561953 |  9051666.75
     433573 |  9051624.70
     403947 |  9051617.10
    1606699 |  9051378.96
    1977540 |  9050947.62
     916838 |  9050825.22
    1245113 |  9050766.69
    1923013 |  9050766.64
     661887 |  9050707.35
    1170642 |  9050696.55
    1213910 |  9050686.76
    1311724 |  9050657.54
     196850 |  9050638.50
    1017947 |  9050545.08
     705794 |  9050506.92
     339117 |  9050489.07
    1516567 |  9050325.08
    1025620 |  9050197.04
    2164864 |  9050144.48
    1699723 |  9050100.65
    2887369 |  9049916.68
    1017630 |  9049560.30
    1389732 |  9049540.36
    1159063 |  9049291.59
     730896 |  9048670.26
    3019734 |  9048528.28
     698446 |  9048319.28
     601507 |  9047986.19
    3016724 |  9047859.60
      75412 |  9047819.81
    3185316 |  9047811.15
    2576803 |  9047802.78
    1075396 |  9047755.60
    3099821 |  9047580.84
     429034 |  9047480.64
    3183880 |  9047326.69
    2130340 |  9047262.74
    2483044 |  9047236.80
     877253 |  9045927.54
     242948 |  9045632.70
    2824398 |  9045580.54
    2104972 |  9045351.00
    1355047 |  9045162.00
    1550393 |  9045129.66
    3016390 |  9045093.75
    1056383 |  9045048.48
    1656413 |  9044987.50
     317913 |  9044850.17
    1452944 |  9044501.23
    1002076 |  9044490.99
     258909 |  9044275.88
    2650152 |  9044139.48
    1118822 |  9044020.44
     214802 |  9044002.00
    2279086 |  9043842.65
    2772226 |  9043645.18
    2416359 |  9043421.46
     278267 |  9043344.70
     964923 |  9043266.54
    1954196 |  9043171.45
     840274 |  9043149.72
    1015047 |  9043068.24
    2200807 |  9042870.13
    1469907 |  9042742.10
    2827448 |  9042737.72
    1339885 |  9042725.73
    1708082 |  9042722.30
     374672 |  9042715.85
     941882 |  9042660.42
    1001261 |  9042532.42
    1686180 |  9042486.84
    2309819 |  9042456.66
    1080478 |  9042440.94
    1502128 |  9042391.20
    2876270 |  9042317.90
    1321791 |  9042047.06
    1432186 |  9041779.80
     174454 |  9041763.18
    3193737 |  9041537.87
     429989 |  9041232.33
    2947916 |  9041205.60
    1110294 |  9041021.35
    1818933 |  9040923.75
    2890932 |  9040894.50
    3067126 |  9040515.23
     535116 |  9040397.10
    1732836 |  9040375.09
     115900 |  9040099.18
    1793644 |  9039831.48
     425875 |  9039702.42
    1354032 |  9039454.40
    2752408 |  9039389.33
    1838748 |  9039105.09
    1498039 |  9039080.50
     692256 |  9038750.05
    2604342 |  9038728.80
     452676 |  9038522.94
    2370317 |  9038303.73
    2690168 |  9038136.52
     244147 |  9038108.59
    2336409 |  9038057.46
    1207127 |  9038005.18
     544539 |  9037712.35
    2877683 |  9037598.82
      47311 |  9037223.52
      35117 |  9037140.48
     978906 |  9037137.60
    1594684 |  9037115.60
     323221 |  9037073.07
     865792 |  9037035.42
     563549 |  9036877.50
    1175334 |  9036798.74
    2564273 |  9036690.78
    1261141 |  9036373.16
    2840170 |  9036140.59
    2716925 |  9036095.36
    1878183 |  9035715.40
    1828890 |  9035525.88
    2360293 |  9035523.81
    2698945 |  9035288.92
    2107181 |  9035035.52
    2316737 |  9034971.81
    1149689 |  9034630.36
     807088 |  9034071.72
    1457113 |  9033838.00
    2746692 |  9033729.96
    1566316 |  9033571.04
    2840963 |  9033224.25
      22291 |  9033086.64
    2720359 |  9032891.60
    2796661 |  9032786.74
    1946664 |  9032734.26
    1145790 |  9032617.29
    1822104 |  9032418.96
    2342600 |  9032205.51
     460234 |  9032193.20
    1178885 |  9032108.09
    2657437 |  9032071.85
     471053 |  9031983.75
    2027733 |  9031951.80
     555381 |  9031942.28
    2197153 |  9031915.20
     461030 |  9031831.68
    1877260 |  9031806.29
    1211164 |  9031805.48
    3025604 |  9031774.08
     384674 |  9031320.27
    1729558 |  9031229.56
    2024493 |  9030981.63
    3079367 |  9030792.15
    1762828 |  9030791.29
     785184 |  9030739.20
    2472027 |  9030620.64
    2940238 |  9030252.98
    2264020 |  9030068.27
     509400 |  9030028.73
    2223524 |  9029901.20
    2899063 |  9029865.57
     639074 |  9029755.68
    2012446 |  9029748.38
    2267089 |  9029576.42
    2089926 |  9029457.64
    1423087 |  9029437.50
    2460749 |  9029406.28
     900361 |  9029395.56
      99960 |  9029266.35
    1243438 |  9029222.46
    2761448 |  9029195.20
     183427 |  9029094.30
      87447 |  9028816.62
     562589 |  9028765.80
    2997385 |  9028741.68
     447416 |  9028464.72
    2395878 |  9028266.24
     942731 |  9028214.28
    1864449 |  9028053.00
    2640716 |  9027931.60
     667273 |  9027917.85
    1960480 |  9027894.15
    1611281 |  9027743.40
     349018 |  9027738.96
     462464 |  9027715.41
     500844 |  9027684.08
     794491 |  9027328.08
    1825097 |  9027141.30
    2280904 |  9026977.32
    2508179 |  9026767.44
     879093 |  9026567.78
    2903956 |  9026226.88
     479844 |  9025457.76
     138959 |  9025412.24
    1169246 |  9025298.78
     470861 |  9025000.30
    3078728 |  9024929.12
    1609190 |  9024821.45
    1665245 |  9024344.42
    3182701 |  9024331.84
    2318526 |  9024229.40
    1497593 |  9024106.94
     409055 |  9023917.50
     683897 |  9023730.02
    1754985 |  9023433.45
    1611665 |  9023369.90
    1249339 |  9023173.56
     234136 |  9022894.44
    2374553 |  9022655.40
    3114458 |  9022500.45
     535138 |  9022320.32
    3121966 |  9022310.80
    2997467 |  9021854.40
    2966204 |  9021734.70
    1502183 |  9021598.92
    3138981 |  9021566.05
     144731 |  9021213.97
    3171708 |  9021125.96
    3165601 |  9021066.24
    2102748 |  9021027.96
    3111142 |  9020914.15
    2445530 |  9020751.60
    2232448 |  9019896.60
    2863884 |  9019893.90
    1365491 |  9019730.80
    1689532 |  9019644.75
    1423047 |  9019585.47
    1496807 |  9019132.56
    1039325 |  9019044.09
     189797 |  9018515.31
    1203411 |  9018512.25
     305621 |  9018470.88
    1856933 |  9017917.16
    1399487 |  9017407.78
     770247 |  9017281.12
     671925 |  9017268.36
    1661664 |  9017255.20
    2969824 |  9017139.92
     933119 |  9016908.35
    2833544 |  9016879.90
     463907 |  9016663.10
    2384558 |  9016576.38
    2836025 |  9016445.38
    1433452 |  9016224.21
     710370 |  9016077.12
    2461150 |  9015957.12
    3041510 |  9015697.50
    2154959 |  9015287.61
    2348446 |  9015157.22
    2500578 |  9015087.06
    1220045 |  9014884.44
    2333490 |  9014805.60
    2950521 |  9014783.40
     954772 |  9014732.48
    1786698 |  9014551.15
     409411 |  9014162.40
    1986305 |  9013967.05
    1684996 |  9013914.54
    2825862 |  9013848.00
     666695 |  9013797.49
       2989 |  9013412.04
    2576249 |  9013371.90
    2916026 |  9012445.86
     789202 |  9012396.23
    1345363 |  9011740.17
     758178 |  9011632.70
    1178325 |  9011213.75
     734703 |  9010988.07
    2695593 |  9010966.90
    2115338 |  9010677.20
    2286508 |  9010601.73
    1916192 |  9010236.64
     812523 |  9010234.37
    1844027 |  9010112.64
    2673729 |  9010040.80
    1818392 |  9009779.24
    1901012 |  9009717.39
    1827057 |  9009715.99
     464914 |  9009546.66
     317315 |  9008950.16
    1899022 |  9008935.20
    2923927 |  9008716.47
     275319 |  9008608.04
    1142938 |  9008564.50
    2896521 |  9008344.65
    2373817 |  9008287.42
     110387 |  9008026.37
     736816 |  9007998.36
    2133860 |  9007925.62
    1499666 |  9007925.52
    2966227 |  9007903.08
    2885927 |  9007627.44
     337430 |  9007570.67
    1377021 |  9007389.15
    1967694 |  9007263.40
     360571 |  9006881.23
    1494731 |  9006825.66
    2993181 |  9006709.80
    2656835 |  9006498.13
    1897542 |  9006337.44
    1903840 |  9006296.04
    1506856 |  9006095.95
    1567377 |  9005892.91
    2546169 |  9005849.47
     615507 |  9005792.46
      78891 |  9005693.25
     898133 |  9005687.95
    2972570 |  9005336.89
     234805 |  9004451.23
     421601 |  9004423.05
     624772 |  9004214.52
     331738 |  9004002.84
     272073 |  9003694.39
    2023144 |  9003568.08
    3059211 |  9003445.72
    2282363 |  9003237.60
    2094865 |  9003167.11
    1392078 |  9002914.50
    1636826 |  9002641.56
      47600 |  9002494.17
    2377095 |  9002271.30
     514048 |  9002115.36
     507184 |  9001793.94
    1124187 |  9001691.74
     368083 |  9000821.20
     166146 |  9000756.80
    2041768 |  9000673.50
    2859551 |  9000590.40
    1475575 |  9000521.10
    1391519 |  9000518.28
    2871765 |  9000423.74
     142257 |  9000339.83
     719093 |  9000232.16
     362962 |  8999997.08
    1279540 |  8999953.82
    1487505 |  8999841.24
    3074151 |  8999707.20
    1736803 |  8999573.28
    1761239 |  8999452.41
    1421697 |  8999417.58
    1417594 |  8999374.82
     407407 |  8998992.64
    2023488 |  8998885.35
    1861681 |  8998783.23
     689649 |  8998060.71
    1446799 |  8997880.32
    1889852 |  8997475.41
     293117 |  8997325.94
    1247234 |  8996867.18
    1437585 |  8996502.80
    2806167 |  8996403.00
    1335219 |  8996153.16
    1974510 |  8995781.13
    1453899 |  8995663.44
    1281282 |  8995530.71
    2608602 |  8995475.63
    1926252 |  8995122.90
    1954781 |  8995088.62
     711619 |  8995060.80
     630906 |  8994628.30
    2022935 |  8994453.02
    2793682 |  8994400.87
     744792 |  8994200.65
    3048393 |  8994102.30
     931664 |  8993930.88
    2872294 |  8993464.20
    3142155 |  8993449.75
    2927997 |  8993216.67
    2376941 |  8993101.50
    1747807 |  8992884.60
    1905144 |  8992869.30
    2230422 |  8992850.16
    2219017 |  8992403.01
       7618 |  8992110.05
    2429971 |  8992001.20
    1156376 |  8991679.48
     578411 |  8991609.24
    2705160 |  8991257.54
    2121999 |  8991190.35
    2909927 |  8991187.73
    1729349 |  8990975.88
    2247606 |  8990949.10
     974052 |  8990725.59
      63948 |  8990650.19
    1483009 |  8990461.70
    2423413 |  8990272.00
    3115008 |  8990142.72
    2121225 |  8989997.12
    1803791 |  8989550.57
    1258859 |  8989521.32
    1585626 |  8989352.09
    2791482 |  8989005.08
     475021 |  8988907.20
    2205601 |  8988798.04
     863610 |  8988404.20
     836843 |  8988134.85
    2994006 |  8988115.50
     217477 |  8988111.90
    2093328 |  8987892.57
     212213 |  8987649.20
    1758371 |  8987463.51
    1148287 |  8987362.60
     282500 |  8987339.34
    2082658 |  8987293.20
    2134097 |  8987274.66
      93077 |  8987065.92
     725745 |  8986874.00
     985701 |  8986790.85
    2294620 |  8986636.65
     722583 |  8986607.04
    1512489 |  8986503.10
    1234393 |  8986478.60
    3097602 |  8986387.41
    3155182 |  8986097.72
    2687645 |  8985741.70
    2545971 |  8985573.15
      14948 |  8985201.48
    2937763 |  8985042.55
    2904624 |  8984950.50
     182625 |  8984912.64
    1467713 |  8984904.00
     735753 |  8984643.24
    1879585 |  8984553.50
     594490 |  8984464.48
    2728478 |  8984420.95
    1466354 |  8984412.00
    2864207 |  8984404.58
     561244 |  8984160.36
      68030 |  8983865.10
    1874211 |  8983597.34
    1088844 |  8983474.15
     290710 |  8983444.79
     577989 |  8983439.69
    2298813 |  8982803.87
      57040 |  8982780.45
     172046 |  8982469.52
    2075609 |  8982308.85
    2682527 |  8982296.57
    2637372 |  8982044.80
    2471894 |  8981934.22
    1489046 |  8981895.78
     222420 |  8981794.57
    1837463 |  8981712.70
    1894856 |  8981683.12
    2287724 |  8981292.74
    1375713 |  8980800.05
    1568045 |  8980782.71
    1772891 |  8980485.30
    3122451 |  8980462.47
    2708590 |  8980380.32
    2798777 |  8980339.68
    1918822 |  8980042.61
    2306296 |  8979954.97
     775372 |  8979856.05
    3173664 |  8979836.04
    1237735 |  8979281.20
    2338826 |  8978945.84
     821766 |  8978778.54
     812429 |  8978163.70
     714743 |  8978026.96
    3091816 |  8978001.14
    3156174 |  8977893.12
    1746616 |  8977605.26
     787821 |  8977047.25
     517776 |  8976827.83
    1516988 |  8976625.21
    1486570 |  8976520.04
    2729921 |  8976499.65
     430428 |  8976395.10
    2840880 |  8976246.48
    1164979 |  8975976.10
    1071095 |  8975795.50
    2996201 |  8975610.05
    2737609 |  8975559.36
     456314 |  8975488.86
    1394643 |  8975365.01
    2746845 |  8975207.92
    1021061 |  8975097.56
    1851524 |  8975069.24
     523043 |  8975045.60
    2513887 |  8974914.92
     935654 |  8974563.43
    2873059 |  8974543.90
    3082211 |  8974491.40
     504383 |  8974481.52
    1755097 |  8974354.38
    2066521 |  8974225.23
    1447667 |  8974221.55
     448921 |  8974129.66
    3170127 |  8973839.70
    1013775 |  8973835.56
    1784892 |  8973814.50
    1998197 |  8973610.55
    2988079 |  8973339.60
     800577 |  8973201.38
    1674558 |  8973198.75
    2736343 |  8972791.80
    3176721 |  8972706.70
      95471 |  8972416.64
    2402716 |  8972403.75
    1228004 |  8972196.81
    2597670 |  8971854.32
    1582567 |  8971833.28
      41085 |  8971548.32
      98825 |  8971403.72
    2327283 |  8971113.14
    1082860 |  8971104.78
     175647 |  8971013.02
     575656 |  8970923.75
     976868 |  8970824.52
    1779566 |  8970706.88
     638971 |  8970704.16
     918676 |  8970563.02
     490905 |  8970458.06
    2129198 |  8970268.32
    1883720 |  8970047.13
     617820 |  8970031.46
     566104 |  8969969.70
    1659664 |  8969907.04
    2826442 |  8969811.48
    2944759 |  8969571.80
      93191 |  8969459.40
     626653 |  8969408.14
     816938 |  8968864.58
    2012634 |  8968747.29
     743919 |  8968562.67
    1867328 |  8968459.06
    1405940 |  8968441.16
    2114769 |  8968350.92
    2876011 |  8968329.25
    1584464 |  8968050.00
     383911 |  8968040.70
     691589 |  8967801.50
     905943 |  8967705.93
    2923450 |  8967402.50
    1556609 |  8967139.92
    1115145 |  8966934.34
     400628 |  8966830.03
     463197 |  8966765.22
    2661028 |  8966616.70
    1297602 |  8966509.65
    3042880 |  8966466.90
    1178315 |  8966446.44
    1130627 |  8966399.58
    1607066 |  8965654.29
    2632499 |  8965623.48
    1345927 |  8965609.11
    1163977 |  8965573.89
    1737771 |  8965568.50
    2412121 |  8965493.10
    1609329 |  8965185.92
    3101363 |  8965103.63
    3150783 |  8965010.88
     730064 |  8964940.91
    2037697 |  8964766.30
    1993464 |  8964706.94
     860779 |  8964442.88
     258792 |  8964218.76
    3036605 |  8964087.04
    1041485 |  8963890.96
    1763644 |  8963877.13
    2587171 |  8963828.46
     936562 |  8963683.34
    3029473 |  8963632.26
    2734164 |  8963615.20
     612366 |  8963494.65
    1131724 |  8963082.39
    2282921 |  8962846.60
    1456268 |  8962537.32
    2638729 |  8962331.07
     326410 |  8962307.73
    2770748 |  8962124.43
        659 |  8961919.69
    3098301 |  8961652.00
    1918317 |  8961609.12
      62682 |  8961564.24
    1940040 |  8961410.08
    1304468 |  8960928.08
    2724041 |  8960466.00
    1276554 |  8960383.52
     603331 |  8960311.19
    2016548 |  8960257.32
    1581427 |  8960164.20
    2021611 |  8960077.75
     700823 |  8959953.54
     646794 |  8959852.80
    1398734 |  8959802.58
    1798163 |  8959645.68
     897631 |  8959547.67
    1997050 |  8959082.76
     981330 |  8959069.90
    2300112 |  8959025.10
     433862 |  8958813.33
     455221 |  8958617.36
    2857696 |  8958537.48
     626469 |  8958183.12
    2125431 |  8957872.42
    2335913 |  8957732.40
     192173 |  8957700.09
    2875268 |  8957605.89
     493510 |  8957355.01
    2662951 |  8957339.20
     675398 |  8957155.88
    2902836 |  8956942.94
     191899 |  8956934.36
     493309 |  8956890.02
    2511016 |  8956813.18
    2434045 |  8956786.00
    2550469 |  8956527.40
    1372306 |  8956475.50
    1901711 |  8956365.00
    2079469 |  8956237.29
    1850781 |  8956029.00
     546686 |  8955963.75
    2928516 |  8955781.12
    2850287 |  8955695.70
     500169 |  8955676.49
     956948 |  8955403.86
      58064 |  8955358.56
    2248881 |  8955169.74
    2775890 |  8954794.24
    2679705 |  8954576.20
    1280693 |  8954467.92
    3117575 |  8954461.81
    1428006 |  8954230.32
    2491204 |  8954145.76
     820684 |  8954095.59
    2354278 |  8954083.20
    2262348 |  8954059.40
     321004 |  8953929.60
     410220 |  8953777.26
     363452 |  8953326.38
    3065187 |  8952923.20
     944537 |  8952594.66
    2269762 |  8952436.65
    1771784 |  8952412.14
    2074567 |  8952238.05
     577128 |  8952212.40
     397092 |  8952192.20
     858949 |  8952130.20
    2101092 |  8952031.24
    1877798 |  8951945.19
    2776777 |  8951570.68
    1264237 |  8951534.28
    2366583 |  8951235.18
     331138 |  8950988.16
    2550498 |  8950823.46
       3438 |  8950717.11
    2289587 |  8950573.35
    2900794 |  8950460.35
    1004520 |  8950324.64
    2835015 |  8950324.41
    1778482 |  8950272.38
    2466924 |  8949892.74
    2536718 |  8949849.74
    2407370 |  8949796.22
     455179 |  8949776.68
    2172681 |  8949595.16
    2836564 |  8949550.40
    2033045 |  8948978.88
    1527952 |  8948913.22
    2806353 |  8948903.48
    1963257 |  8948880.96
    1594570 |  8948747.40
      43702 |  8948732.00
     409790 |  8948574.58
     157679 |  8948503.69
    2198179 |  8948407.50
     510034 |  8948233.19
    2612657 |  8948093.79
     771404 |  8948068.20
    1042456 |  8948052.75
    1989463 |  8948050.38
     575958 |  8948009.33
    3075194 |  8947932.90
      58640 |  8947859.62
    2531244 |  8947789.50
     106589 |  8947310.18
    2613180 |  8947073.12
    1905770 |  8946788.35
    2547176 |  8946727.93
    3176948 |  8946666.58
    3133783 |  8946620.96
     208836 |  8946591.50
    1989298 |  8946575.10
     581073 |  8946555.05
    2232498 |  8946185.40
      49720 |  8945903.87
     782606 |  8945892.74
     780967 |  8945470.20
    2535466 |  8945434.19
    1906972 |  8944937.03
    2840048 |  8944720.40
    2861229 |  8944659.36
    1670924 |  8944641.02
    1252978 |  8944569.70
    1812516 |  8944553.53
     814341 |  8944468.75
    1535669 |  8944436.88
     510540 |  8944022.66
    1710742 |  8943890.94
    2431318 |  8943717.67
    2267193 |  8943690.48
    1003787 |  8943675.34
    1574484 |  8943300.00
    3037256 |  8943082.20
     485023 |  8943063.18
    1381618 |  8942752.14
     522803 |  8942702.95
    2232098 |  8942678.80
    2477245 |  8942544.85
     937868 |  8942417.60
     809643 |  8942291.40
    1133662 |  8942230.71
    3090240 |  8942049.60
    2328347 |  8941998.56
    2534121 |  8941795.96
     597861 |  8941530.80
    3078138 |  8941478.91
     235764 |  8941092.00
    3169444 |  8941085.60
    2437295 |  8941069.24
      26061 |  8941022.48
     146389 |  8941016.28
     282696 |  8940941.52
    1913888 |  8940650.82
    2403734 |  8940620.13
    2328086 |  8940212.90
    1250199 |  8940206.37
    3063239 |  8940180.84
    2992259 |  8940146.12
     756090 |  8940140.53
     178174 |  8939769.80
    1666439 |  8939522.61
    2902155 |  8938906.72
    1364282 |  8938853.59
    1699735 |  8938320.35
    1819103 |  8938111.45
     123645 |  8937897.18
     881986 |  8937623.09
    1169683 |  8936886.07
    2518731 |  8936876.14
     389614 |  8936809.96
     273780 |  8936626.80
    1900812 |  8936590.25
    1045766 |  8936466.09
    1378231 |  8936254.14
    2781094 |  8936246.79
    2754563 |  8936085.69
     509815 |  8935908.63
    1987670 |  8935645.58
    1047710 |  8935637.76
     983288 |  8935415.63
     140875 |  8935361.57
    2193383 |  8935027.20
    2684994 |  8934851.12
    3004883 |  8934735.95
     183004 |  8934708.75
     915319 |  8934698.20
    2223492 |  8934549.30
    1929720 |  8934327.47
      57636 |  8934010.80
     248958 |  8933867.99
    1163194 |  8933847.50
    2616588 |  8933819.04
     791730 |  8933565.60
    1568959 |  8933259.30
    1433820 |  8933015.46
     234299 |  8932954.80
     157620 |  8932777.81
    1310785 |  8932487.75
    2889133 |  8932424.41
    2508866 |  8932257.79
     739226 |  8931984.62
    1111232 |  8931950.04
    2648342 |  8931949.86
     793585 |  8931905.94
    1790854 |  8931844.96
    2745063 |  8931659.10
     297636 |  8931141.36
    2336767 |  8931027.72
     783205 |  8931003.62
     124013 |  8930999.66
     628952 |  8930944.07
    1744831 |  8930922.61
    2964099 |  8930531.85
    2074127 |  8930341.97
     776460 |  8930194.63
    2954134 |  8930081.22
    2704209 |  8930064.13
     245527 |  8930040.72
    1668400 |  8929908.90
    1243040 |  8929787.24
    2532760 |  8929685.01
     217786 |  8929629.72
    2938314 |  8929611.45
     994518 |  8929596.55
     180544 |  8929495.60
    2151063 |  8929488.62
    1230076 |  8929452.15
    1484486 |  8929431.87
    1581075 |  8929244.74
    2249027 |  8929234.30
    2104358 |  8928879.24
     893396 |  8928106.11
    2909657 |  8928018.24
     898547 |  8927889.03
     446245 |  8927842.12
    1411708 |  8927754.06
     445380 |  8927710.74
    1870681 |  8927546.25
    1791728 |  8927418.90
    2916286 |  8927226.00
    1901535 |  8927107.91
     857516 |  8927025.99
    2385398 |  8926995.00
     831706 |  8926983.05
     693006 |  8926968.12
    2674645 |  8926848.00
    1929516 |  8926767.77
    1037922 |  8926710.87
     856218 |  8926262.17
    2585557 |  8926228.08
     512297 |  8926109.52
     339030 |  8926097.39
    1826031 |  8925655.29
     420091 |  8925628.66
      10908 |  8925476.24
    2681489 |  8925215.28
     461922 |  8925212.97
     920439 |  8924905.16
     431876 |  8924677.71
    1709666 |  8924561.10
    2902799 |  8924359.50
     406557 |  8924073.60
     347549 |  8924057.92
    1874772 |  8924033.48
    1027241 |  8923226.08
     379392 |  8923047.90
     397151 |  8922617.76
    2160681 |  8922536.87
     746135 |  8922535.26
      88146 |  8922533.76
    2193799 |  8922341.64
    2613099 |  8922220.08
     817658 |  8922144.00
    2316824 |  8922100.11
    1664575 |  8922024.75
    1288382 |  8921959.37
    2517354 |  8921655.84
    1895930 |  8921343.99
    2049096 |  8921096.25
    1024232 |  8920978.55
    2508391 |  8920713.68
     628466 |  8920404.54
    1657877 |  8920111.47
     953694 |  8920071.00
    2423476 |  8919770.00
    1646908 |  8919630.08
    1499832 |  8919487.26
    1231305 |  8919359.40
     416005 |  8918998.14
    1055678 |  8918903.60
     546210 |  8918885.09
     984765 |  8918717.72
    2228212 |  8918185.04
     151274 |  8918061.86
    2710384 |  8918017.33
    3048577 |  8918012.80
     458266 |  8917906.41
    3121749 |  8917774.90
     911915 |  8917758.00
    1132978 |  8917642.48
    1456967 |  8917640.48
      63924 |  8917024.90
    2540657 |  8916692.42
    1206573 |  8916256.92
    1095627 |  8916186.88
    1214744 |  8916165.72
     421237 |  8916153.23
    2257793 |  8916050.78
    1370022 |  8915960.98
     461327 |  8915797.50
    2686481 |  8915759.68
     744549 |  8915671.80
     243848 |  8915640.65
    3166186 |  8915623.50
     855377 |  8915376.60
     108915 |  8915167.09
    2133053 |  8914668.84
      13421 |  8914222.56
    2712063 |  8914202.00
    2497879 |  8913801.56
    2139300 |  8913741.07
     156956 |  8913682.20
    2552258 |  8913634.84
    1545620 |  8913587.30
     764993 |  8913580.53
    1870475 |  8913508.56
     565655 |  8913492.00
     683723 |  8913390.15
    1055936 |  8913198.60
    1851635 |  8912968.48
     774973 |  8912749.25
    1357360 |  8912723.34
     458480 |  8912624.00
    2146721 |  8912545.16
    1180573 |  8912425.76
    2071089 |  8912279.53
     303476 |  8912188.64
    1359053 |  8912183.44
    3006549 |  8911861.65
    1876051 |  8911808.84
    1872492 |  8911678.29
     496534 |  8911425.60
     426205 |  8911403.38
     250790 |  8911355.01
    2355864 |  8911117.84
    1709777 |  8911109.73
    1666250 |  8910984.80
    1089022 |  8910683.34
    2002989 |  8910621.40
     725904 |  8910378.24
     740676 |  8910370.08
    1685566 |  8910339.90
    1683262 |  8910300.80
    2477350 |  8910294.00
    1594334 |  8910258.57
    1175339 |  8910131.58
    1125375 |  8909523.24
     485826 |  8908929.19
    1280178 |  8908765.12
    3193037 |  8908667.63
    2956071 |  8908556.92
     342383 |  8908524.68
     293002 |  8908413.88
     562395 |  8908366.28
    1449282 |  8908350.88
    1709974 |  8908199.63
    2787275 |  8908178.81
     372733 |  8908087.32
    1922746 |  8908079.40
    2732534 |  8907895.49
    2980064 |  8907804.36
    3146853 |  8907703.18
    1878102 |  8907360.00
    1676905 |  8906735.88
    1219314 |  8906697.80
     617304 |  8906475.49
    1023073 |  8906384.80
     138825 |  8906369.15
    1017829 |  8906325.90
    2641050 |  8906129.91
    3157077 |  8906032.05
    3107894 |  8905934.70
     915804 |  8905931.50
    2431673 |  8905886.88
    1573311 |  8905689.00
    2926141 |  8905641.93
     781694 |  8905584.63
     115682 |  8905572.00
    2150531 |  8905510.92
    2021246 |  8905017.00
    3106942 |  8904836.70
    2397477 |  8904662.72
    1842675 |  8904364.00
    1096032 |  8904154.62
    2733280 |  8904110.52
    2913081 |  8903976.43
     601005 |  8903857.48
    1181061 |  8903548.98
    3065989 |  8903536.05
    1894904 |  8903433.63
     299775 |  8903294.40
     394339 |  8903214.36
     950914 |  8903209.35
    1094961 |  8902874.48
     582698 |  8902357.35
    1207231 |  8902260.36
    1466033 |  8902184.05
     858162 |  8902155.50
     912833 |  8900929.59
    3072717 |  8900504.13
    2859294 |  8900209.53
     622568 |  8900062.34
    1360454 |  8899893.54
     687653 |  8899479.00
     857121 |  8899331.92
     735805 |  8899319.78
    2706838 |  8898824.92
    2649081 |  8898796.11
      22832 |  8898539.34
    2033108 |  8898392.14
     949874 |  8898331.14
    3036755 |  8898202.39
     520186 |  8897734.40
    2011329 |  8897682.30
    2697089 |  8897487.60
    2549791 |  8897378.42
    1420892 |  8897254.00
    1965960 |  8897237.64
    3107832 |  8897168.00
    3069363 |  8897085.92
    2332148 |  8897047.94
    1771065 |  8897032.48
    2075719 |  8896951.34
    2434184 |  8896916.02
     782860 |  8896822.88
     806756 |  8896734.32
    1525200 |  8896711.61
    2590777 |  8896271.58
    2136520 |  8896271.30
    2338833 |  8896181.22
    1333072 |  8896066.95
     379930 |  8895620.65
    1404440 |  8895520.44
    2670446 |  8895486.54
      23566 |  8895352.56
    2247070 |  8895316.78
    2013406 |  8895294.56
    2610379 |  8895244.23
    3194479 |  8895216.64
     396049 |  8895128.76
     713057 |  8895082.63
    3076384 |  8895076.74
    3022836 |  8894850.35
     783521 |  8894586.06
    1872129 |  8894565.68
      43041 |  8894430.34
    1571279 |  8894220.48
     271356 |  8893979.82
    2533114 |  8893772.37
    2211588 |  8893770.23
    2060385 |  8893721.33
    2325782 |  8893553.40
     308324 |  8893302.80
    2407201 |  8893277.49
      78029 |  8893171.84
    3170621 |  8893166.10
    3077760 |  8893043.04
     636703 |  8892932.62
    2453791 |  8892798.04
    1826950 |  8892595.32
    2796942 |  8892293.31
    1876961 |  8892254.75
    2769316 |  8891869.41
     276150 |  8891794.68
    3006486 |  8891600.70
      10476 |  8891264.22
    1704602 |  8890532.56
    1233551 |  8890472.32
     413046 |  8890351.02
     482719 |  8890204.16
    3123738 |  8890155.09
    1894748 |  8889449.86
     490178 |  8889431.04
    1423419 |  8889307.14
    2653046 |  8889293.25
    2872956 |  8889184.40
     129132 |  8888870.76
    3152403 |  8888646.58
    2346176 |  8888277.84
    2126607 |  8888253.12
    2984134 |  8887842.59
    2780031 |  8887756.50
    2522240 |  8887723.76
     815424 |  8887486.33
     454525 |  8887373.28
    2590486 |  8887314.15
    2536903 |  8887272.75
     193102 |  8887215.48
    3125579 |  8887205.85
     932538 |  8887086.24
    1820316 |  8886953.70
    2852815 |  8886850.95
    1464599 |  8886582.36
    1899777 |  8886500.82
    1074360 |  8885794.30
    1749312 |  8885779.84
    2946602 |  8885773.44
    1617934 |  8885697.56
    2285309 |  8885614.60
     385243 |  8885580.24
    1758543 |  8885339.68
     607697 |  8885337.03
     251440 |  8885257.80
     795735 |  8884862.96
    1240700 |  8884804.09
    2838830 |  8884744.44
    2615967 |  8884690.41
     727712 |  8884561.53
     659755 |  8884169.97
    2862701 |  8883881.99
    1290379 |  8883837.81
    2574520 |  8883624.76
     230153 |  8883556.88
    1260632 |  8883466.92
    3026631 |  8883461.25
    1483174 |  8883435.44
    3137121 |  8882984.82
     627674 |  8882777.40
    2284429 |  8882743.92
    1317569 |  8882502.27
     502189 |  8882461.62
    1271487 |  8882427.44
    2757465 |  8882329.03
     448489 |  8882308.80
    2800117 |  8882138.48
    2835951 |  8882132.28
    1509122 |  8882001.52
      25908 |  8881939.68
    2486711 |  8881651.68
    2738493 |  8881613.79
    1840967 |  8881312.88
    1436703 |  8881267.01
    2027820 |  8881167.10
    2727104 |  8881162.31
    2917308 |  8880958.65
     500265 |  8880913.54
    2856753 |  8880428.80
     900430 |  8880079.60
     838567 |  8879726.08
       9199 |  8879647.02
     975507 |  8879544.20
      21359 |  8879384.49
    1396021 |  8879270.55
    2735256 |  8878605.64
     299091 |  8878427.52
    2557627 |  8878292.50
    1286388 |  8878237.44
    1866673 |  8878154.88
    1084989 |  8877904.88
    1134458 |  8877894.00
    3171589 |  8877858.43
    2731694 |  8877764.48
    2657687 |  8877723.97
    1416493 |  8877625.12
    1269805 |  8877552.95
    1930685 |  8877489.50
    1020077 |  8877442.10
    1470712 |  8877368.22
     643826 |  8877352.00
    1317005 |  8877340.16
    1019386 |  8877330.73
     493978 |  8877309.75
    1126756 |  8877165.00
    1998499 |  8877032.56
    2135506 |  8876256.66
    1966244 |  8876180.91
     397577 |  8875960.00
    2542117 |  8875809.60
    1793132 |  8875677.81
    2905130 |  8875493.12
    3158440 |  8875100.16
     518879 |  8875030.00
    2183622 |  8874966.96
     325874 |  8874931.34
    1513095 |  8874930.86
    2232964 |  8874921.48
     193270 |  8874921.06
     456896 |  8874726.75
     731872 |  8874478.08
     784836 |  8874338.40
    3117445 |  8874283.65
    2599344 |  8874233.52
      72851 |  8874108.00
    2872536 |  8874084.58
    1716527 |  8874021.42
    1127699 |  8874000.00
    2887914 |  8873809.45
     284798 |  8873741.00
    2356178 |  8873740.64
     942410 |  8873725.96
    1272199 |  8873633.60
    1664696 |  8873224.32
    1836246 |  8873118.93
      77256 |  8872747.35
    1281298 |  8872598.40
     888408 |  8872358.34
    2651300 |  8872353.18
     716865 |  8871975.00
     316914 |  8871784.48
     853231 |  8871780.94
     862781 |  8871681.06
    2621859 |  8871569.22
     230280 |  8871520.00
     736011 |  8871485.09
    3148899 |  8871477.44
    3161512 |  8871293.25
     281056 |  8871116.49
     333827 |  8871044.40
    1740708 |  8871036.28
     384134 |  8871030.40
    1744454 |  8870835.36
     720454 |  8870718.38
     610267 |  8870644.20
      83901 |  8870617.92
     367325 |  8870565.60
    1630020 |  8870357.50
    1773220 |  8870172.72
    1878573 |  8870079.08
    3112541 |  8869966.47
     648996 |  8869937.85
    2342678 |  8869717.35
    1145709 |  8869649.36
    1187182 |  8869634.20
    1864814 |  8869612.87
      87706 |  8869407.40
    2873331 |  8868995.54
    3132318 |  8868967.70
     423755 |  8868928.60
    1027782 |  8868851.95
    1348267 |  8868842.30
    1752187 |  8868748.56
    1727676 |  8868667.34
    1220848 |  8868645.23
    1214877 |  8868503.91
     906683 |  8868187.68
    2030460 |  8868001.44
    3066665 |  8867790.36
    1655603 |  8867713.94
    2084904 |  8867615.60
    3009879 |  8867302.47
     711398 |  8867222.10
    1997011 |  8867026.40
     131740 |  8866994.30
    2342379 |  8866683.75
    2855998 |  8866662.70
    2455824 |  8866396.50
    1330270 |  8866260.54
    2137737 |  8866186.93
    1516460 |  8866060.50
    1114145 |  8865996.08
     148800 |  8865867.56
    2064217 |  8865574.92
    2486117 |  8865573.67
    1020927 |  8865374.24
     563046 |  8865362.52
    1181588 |  8865333.26
     930781 |  8865076.10
    1570121 |  8865039.42
    1191113 |  8864927.61
    1623844 |  8864553.36
     428944 |  8864484.42
    2431593 |  8864465.76
    2278558 |  8864400.12
    3194120 |  8864347.47
      96778 |  8864333.28
    2120912 |  8864067.75
    2824920 |  8864046.63
    3066823 |  8863924.44
    1772945 |  8863889.03
     995887 |  8863754.90
    2415692 |  8863484.76
    1924078 |  8863171.60
     660768 |  8863084.30
    1249386 |  8862989.64
    2161858 |  8862653.84
    1205408 |  8862514.60
    2639784 |  8862487.48
    1474634 |  8862139.51
     180971 |  8862007.20
    1454527 |  8861917.43
     260103 |  8861884.80
    1673583 |  8861558.03
     386663 |  8861411.76
    2160469 |  8861401.48
    1984753 |  8861328.74
    1364304 |  8861280.04
    2076989 |  8861110.05
     417478 |  8861071.72
     468547 |  8861023.70
    2845496 |  8861021.52
    3191341 |  8860964.79
    2653607 |  8860831.20
    3009742 |  8860786.24
    1699076 |  8860743.00
    1063864 |  8860635.52
    1132080 |  8860623.52
    2569839 |  8860486.91
    2110493 |  8860319.02
    1770594 |  8860168.80
    1287999 |  8860027.60
    1950404 |  8859993.39
    2131941 |  8859953.08
    2156819 |  8859892.37
     813274 |  8859747.48
    1820589 |  8859723.74
    2662953 |  8859680.73
    1051436 |  8859573.30
     994049 |  8859424.28
    2234200 |  8859265.19
    1043322 |  8858947.04
    2198254 |  8858876.58
     746293 |  8858294.16
    2950430 |  8858126.87
     891282 |  8858018.26
    2659784 |  8857981.30
    1287311 |  8857897.06
    1060114 |  8857865.52
    1526375 |  8857493.97
     926824 |  8857427.37
    3104617 |  8856993.60
       9412 |  8856864.00
     331674 |  8856624.36
     322344 |  8856517.98
    2321956 |  8856351.35
     538449 |  8856292.12
    3123987 |  8856183.05
    1374449 |  8856144.24
    3061211 |  8855656.32
    1034028 |  8855246.20
    1298083 |  8855181.98
    2821967 |  8855061.06
    1965240 |  8854790.40
    1103285 |  8854129.85
     967939 |  8853996.12
    2758378 |  8853826.32
    1170213 |  8853804.00
     774188 |  8853770.50
    1470970 |  8853605.89
     164198 |  8853379.86
    2481798 |  8853296.06
    2735133 |  8853171.60
    3025408 |  8853159.68
    2609940 |  8853134.02
    1277484 |  8853120.60
     939743 |  8852945.35
    2239775 |  8852817.16
     798113 |  8852703.50
    1395813 |  8852676.08
     149660 |  8852471.23
    2918107 |  8852438.88
    3006472 |  8852404.18
    1389085 |  8852396.40
     978556 |  8852391.99
    2332901 |  8852274.94
    2033119 |  8851853.27
      57030 |  8851737.75
    3094320 |  8851634.10
    3176050 |  8851335.36
    3033084 |  8851305.87
    1503443 |  8851167.48
    2231291 |  8851117.02
      41600 |  8851098.93
    1409110 |  8850859.95
    2722566 |  8850510.70
    2464731 |  8850330.46
     933302 |  8850281.16
    2268741 |  8850073.75
     674195 |  8850012.92
    3014438 |  8849985.50
    1943475 |  8849718.45
    1134104 |  8849594.40
     664575 |  8849150.10
    1042439 |  8849134.70
    2983843 |  8848964.27
      21568 |  8848862.40
    1147214 |  8848847.70
    1994170 |  8848748.23
     952201 |  8848489.72
     257627 |  8848487.98
    2006996 |  8848428.16
    1640606 |  8848316.40
    2641054 |  8848282.60
    2247949 |  8848277.16
    2242871 |  8848234.80
    1835055 |  8848219.80
    2957578 |  8848182.08
    2780171 |  8848077.48
    2632570 |  8847997.38
    2623744 |  8847858.24
    1789298 |  8847495.10
     909575 |  8847161.78
    2817467 |  8847014.40
     662167 |  8846774.10
    2323424 |  8846616.45
    2800625 |  8846226.41
    2102233 |  8846210.46
     564916 |  8846154.14
      52008 |  8846114.55
    2618149 |  8846043.57
    2117644 |  8846000.00
     173132 |  8845921.92
    2442880 |  8845863.42
    2470337 |  8845773.66
    2646966 |  8845769.22
    1201558 |  8845621.68
    2935930 |  8845607.50
    1216748 |  8845602.29
     156695 |  8845594.56
    1314649 |  8845499.40
    2735608 |  8845490.50
    3140812 |  8845465.16
    1225371 |  8845322.30
     346668 |  8845319.70
    2842897 |  8845039.28
     620223 |  8844901.11
    1180090 |  8844818.07
    1236532 |  8844627.92
    2857066 |  8844291.18
    2843182 |  8844187.78
    1428700 |  8844166.50
     693079 |  8844073.92
    1615473 |  8843916.64
    2102473 |  8843831.59
    3108932 |  8843791.14
    2193502 |  8843783.40
     357251 |  8843715.87
     574669 |  8843452.12
    1123247 |  8843333.76
    2978735 |  8843328.77
     294766 |  8843307.00
    1528408 |  8843045.10
     531179 |  8842949.50
     810805 |  8842901.56
    1338329 |  8842788.57
    1938482 |  8842683.74
    2250591 |  8842491.70
     525364 |  8842348.33
    1634158 |  8842299.52
    2947702 |  8841929.03
    2042833 |  8841928.80
     878463 |  8841887.56
    2572553 |  8841850.00
     481308 |  8841800.90
     415815 |  8841714.00
    2826772 |  8841618.36
    2821808 |  8841604.40
     493793 |  8841574.08
    1129376 |  8841281.86
     360243 |  8841261.93
     404095 |  8841258.14
    2194724 |  8841257.37
    2900421 |  8841228.68
     812850 |  8841107.34
     468916 |  8841008.50
     328907 |  8840987.19
    1392790 |  8840839.50
    1864887 |  8840720.16
    1304586 |  8840717.94
     418467 |  8840459.96
     157997 |  8840171.88
    2485150 |  8840051.22
     519103 |  8839898.95
    2737464 |  8839805.52
    1536169 |  8839733.60
     204794 |  8839725.47
    1312737 |  8839307.68
    1778241 |  8839165.34
    2575405 |  8839153.08
     810389 |  8839025.10
    1974663 |  8838989.70
    1099823 |  8838722.00
    2805380 |  8838713.74
    2189253 |  8838698.40
    3009446 |  8838639.81
     802414 |  8838591.09
    2088130 |  8838532.62
     492956 |  8838531.84
     556118 |  8838188.32
        716 |  8838181.00
    1461577 |  8838000.23
    1213405 |  8837934.63
    2021237 |  8837806.80
    2941686 |  8837717.76
    2823993 |  8837484.72
    2895569 |  8837010.81
    1770126 |  8836952.80
     119773 |  8836718.88
     959067 |  8836562.40
    2170215 |  8836497.49
     811259 |  8836429.17
     542800 |  8836299.14
    1288942 |  8836295.28
     170879 |  8836260.00
     508464 |  8836153.48
     416426 |  8836097.52
    1086362 |  8835959.98
    2225923 |  8835792.60
     466479 |  8835768.33
    2440850 |  8835638.40
      76623 |  8835476.13
     389791 |  8835348.80
     664716 |  8835342.34
      54973 |  8835273.58
    3066967 |  8835229.54
     584068 |  8835142.68
     238582 |  8835071.42
    2428279 |  8835056.16
    2340009 |  8834966.30
    2585321 |  8834905.60
    1893314 |  8834760.36
    1601449 |  8834008.71
    1053046 |  8833640.98
    3165585 |  8833504.53
     198416 |  8833466.82
    1894737 |  8833110.21
    1677139 |  8832975.06
     266394 |  8832879.45
    2679024 |  8832657.41
     503425 |  8832395.60
    2875305 |  8832337.80
    1035819 |  8832260.09
    2162832 |  8831975.70
     727801 |  8831949.40
    1381126 |  8831758.72
     766679 |  8831479.43
     111318 |  8831067.98
     650037 |  8830939.50
    1948421 |  8830628.96
    2556707 |  8830570.62
     989818 |  8830108.41
     723259 |  8829981.55
    2932234 |  8829310.00
    2574341 |  8829117.76
    2500987 |  8829112.50
    2857040 |  8829017.80
     343961 |  8828990.20
     463913 |  8828965.80
    2423714 |  8828870.40
    1447703 |  8828726.58
    2091645 |  8828411.28
    2415609 |  8828237.12
     950139 |  8828180.91
      44887 |  8828066.77
     729516 |  8828064.00
     714352 |  8827971.06
    2591718 |  8827969.29
    1561686 |  8827941.87
    2427292 |  8827546.69
    2028666 |  8827538.85
     474925 |  8827446.00
    1663473 |  8827164.27
     825617 |  8826941.40
    3166123 |  8826937.04
     709246 |  8826541.20
    2710852 |  8826294.26
    1774940 |  8826087.27
    2251741 |  8826058.90
    2073844 |  8825878.14
    1613373 |  8825695.95
    2798296 |  8825510.10
     837396 |  8825207.05
    2789631 |  8825149.44
    2639713 |  8825053.26
    3166679 |  8824912.74
    2384387 |  8824882.50
    2577432 |  8824255.65
    1875250 |  8824132.70
    2764057 |  8823678.58
    2928335 |  8823635.30
    1749984 |  8823404.82
    2570957 |  8823097.28
    2716776 |  8822829.36
    1797650 |  8822791.90
    2346871 |  8822763.60
    3107151 |  8822714.12
    2327462 |  8822529.00
    1868270 |  8822332.21
    1089142 |  8821887.36
    2696529 |  8821808.32
    1177606 |  8821671.45
    3155762 |  8821339.95
     128572 |  8820960.00
    1307650 |  8820922.72
    2571384 |  8820415.28
    1547815 |  8820312.30
    1772678 |  8820242.45
    1116837 |  8820241.56
    2412607 |  8820154.92
     958940 |  8820010.08
      10380 |  8819937.62
    1987965 |  8819925.44
     602052 |  8819760.82
    3178583 |  8819548.92
    1813059 |  8819445.14
    2113646 |  8819337.03
     329890 |  8819168.20
     642925 |  8819052.42
     272326 |  8818887.87
    2942915 |  8818621.14
     835240 |  8818310.68
     837823 |  8817986.32
    1841018 |  8817971.34
    2725807 |  8817919.06
     281598 |  8817865.98
     768237 |  8817602.76
    1709472 |  8817526.48
     317626 |  8817213.15
    2705296 |  8817172.36
    3167125 |  8817107.60
    2928947 |  8816962.48
    1407372 |  8816913.54
    2110156 |  8816452.54
     808982 |  8816429.96
      47059 |  8816402.10
     566473 |  8816375.70
    2513608 |  8816323.32
     352812 |  8816233.05
    2679271 |  8815518.16
    2834026 |  8815475.34
    3171651 |  8815217.60
      81991 |  8815183.76
     920681 |  8814784.14
     567859 |  8814591.76
    2689036 |  8814463.34
     931229 |  8814376.80
    2053719 |  8814211.77
      62969 |  8814117.39
    2288628 |  8814088.36
    2239758 |  8814070.20
    2627277 |  8814044.16
     620722 |  8813982.76
     733272 |  8813789.06
     825444 |  8813743.84
    2194467 |  8813638.08
     311813 |  8813185.26
    2999729 |  8813034.45
    2769455 |  8812989.71
    2249607 |  8812946.67
    1394614 |  8812797.27
     537630 |  8812776.00
    1484711 |  8812752.00
    3149736 |  8812702.08
    3021262 |  8812619.64
    2679846 |  8812592.68
     492227 |  8812161.90
    3102366 |  8812094.04
    1279002 |  8812010.40
    1768928 |  8811833.49
    1351308 |  8811767.87
    2770489 |  8811553.50
     403071 |  8811497.46
    1156127 |  8811259.20
    2296277 |  8811226.75
    2962353 |  8811203.49
    2636875 |  8810996.36
    3055404 |  8810948.51
    2576288 |  8810922.67
    1730061 |  8810626.79
    2883966 |  8810518.94
    1539766 |  8810457.79
    2511868 |  8810426.88
    2025314 |  8810380.80
    3122746 |  8810083.32
    1944766 |  8810072.70
    2315877 |  8809952.06
     537122 |  8809847.55
    1768080 |  8809828.86
    2273435 |  8809803.32
     741646 |  8809664.16
     471862 |  8809586.00
    2524813 |  8809540.00
    1353735 |  8809523.80
    3006632 |  8809511.94
     891635 |  8809468.47
    2397620 |  8809366.85
     456438 |  8809300.40
     886558 |  8809249.00
    1856443 |  8809088.12
    2899501 |  8809030.98
    2849463 |  8809010.65
    2447698 |  8808832.64
    2281294 |  8808817.50
     344601 |  8808619.34
    1142297 |  8808533.20
    2787977 |  8808524.86
    1890068 |  8808326.40
     380062 |  8808311.98
    2237298 |  8808213.06
     911654 |  8808146.76
    2087753 |  8808097.95
    1107225 |  8807944.81
    2575881 |  8807935.50
     761430 |  8807830.20
      29222 |  8807743.52
    2651092 |  8807493.00
    1298287 |  8807420.48
     616253 |  8807202.26
    1690694 |  8807197.56
    1841902 |  8807111.32
     482828 |  8806866.21
    1558398 |  8806830.60
     893077 |  8806549.40
     933415 |  8806235.56
      83809 |  8806142.43
    2108546 |  8806118.13
    1076472 |  8806101.24
    1428504 |  8806098.60
    3011353 |  8805876.43
    2624550 |  8805559.06
    2795790 |  8805519.71
    1165605 |  8805303.54
    2264339 |  8805275.62
     882489 |  8805230.04
    2862811 |  8805156.60
    2941311 |  8805097.57
     489017 |  8804972.99
    2608836 |  8804532.93
    1988874 |  8804521.56
    1304791 |  8804500.65
     900904 |  8804361.72
     622612 |  8804124.58
    2615666 |  8803369.94
    1802539 |  8803036.11
    2985128 |  8803005.00
    1345962 |  8802626.88
    1780389 |  8802392.78
     412849 |  8802384.92
    1898767 |  8802210.06
    2963229 |  8801823.39
    1637454 |  8801757.02
     685429 |  8801022.45
    2384747 |  8800953.48
      63923 |  8800837.41
    2121071 |  8800823.98
     483822 |  8800530.48
     580544 |  8800163.31
    2947288 |  8799640.64
    1563999 |  8799321.60
    3187081 |  8799254.52
     386133 |  8799081.07
    1578027 |  8798919.69
    2423479 |  8798844.20
    1178943 |  8798694.95
    2648828 |  8798558.34
     313387 |  8798503.84
     945459 |  8798474.96
     729259 |  8798231.58
    1933379 |  8798210.47
     741734 |  8798043.64
    1155661 |  8797828.26
    3140797 |  8797729.50
     940449 |  8797725.24
    1271057 |  8797425.21
    2485811 |  8797101.45
      76980 |  8797077.38
     847280 |  8796968.46
     207876 |  8796759.12
    2224455 |  8796588.99
     107875 |  8796201.81
     527039 |  8795460.80
     747673 |  8795427.42
    2741203 |  8795126.85
     818232 |  8794966.62
    2803768 |  8794870.56
    2774481 |  8794637.55
    2535311 |  8794618.80
        796 |  8794509.08
     162364 |  8794433.48
      29452 |  8794300.66
    2168927 |  8794223.46
     773943 |  8793887.49
     586799 |  8793743.59
    1381734 |  8793662.40
    2832398 |  8793373.86
    2498884 |  8793338.56
    1229948 |  8793268.82
    3103047 |  8793235.80
    1854329 |  8792963.04
     820781 |  8792704.80
    2673104 |  8792692.70
    2902101 |  8792578.08
     330933 |  8792361.58
    3198194 |  8792348.48
    3187775 |  8792298.00
     686861 |  8792246.41
    2076354 |  8792223.50
    1828049 |  8792019.67
    2629880 |  8791859.85
    1862078 |  8791795.16
    1855361 |  8791769.60
    1254369 |  8791759.20
     923800 |  8791695.24
     874041 |  8791634.25
    1209860 |  8791526.25
      44663 |  8791266.33
    3166433 |  8791249.95
     321160 |  8791116.98
      56011 |  8791017.93
     739634 |  8790729.41
     549449 |  8790655.86
    1602357 |  8790578.26
    2683773 |  8790451.46
     975517 |  8790318.18
    1880152 |  8790298.25
    2303714 |  8790191.75
    1713998 |  8790186.60
    1527639 |  8790040.53
    1140100 |  8789878.88
    2228715 |  8789866.80
    1812755 |  8789855.40
    2432794 |  8789851.54
    2792425 |  8789799.61
     344032 |  8789785.35
    1472666 |  8789585.82
      87231 |  8789553.72
    2235499 |  8789484.99
       5318 |  8789370.32
    2438777 |  8789198.56
    1747476 |  8789170.50
      86496 |  8789099.99
     520225 |  8788717.91
    1126924 |  8788499.20
    1559613 |  8788343.52
    2199610 |  8788322.90
    1593057 |  8788252.85
    2841029 |  8788184.72
    1616616 |  8787756.18
    2064536 |  8787731.25
     745639 |  8787730.56
    2264764 |  8787719.56
    1096426 |  8787705.84
    1818986 |  8787672.30
    3087945 |  8787662.07
    2646351 |  8787631.58
    1029568 |  8787515.50
     211350 |  8787386.50
    2540308 |  8787381.35
    1364918 |  8787309.30
    1819371 |  8787161.32
    2058271 |  8786892.34
    1151905 |  8786799.00
    1650958 |  8786794.25
    2930707 |  8786730.47
     837472 |  8786576.28
    1426551 |  8786559.54
    1763948 |  8786484.52
    1130138 |  8786479.95
    2456360 |  8786410.80
    2454713 |  8786326.28
    2043223 |  8786306.68
     957740 |  8786231.91
     114025 |  8786201.12
    2664407 |  8786194.04
    1694718 |  8786077.94
    2295557 |  8786005.20
     465506 |  8785909.64
     292303 |  8785811.06
     290878 |  8785549.59
    1990261 |  8785548.30
     675754 |  8785281.14
    1765178 |  8785016.95
    1910821 |  8784867.00
    2216722 |  8784385.90
     844022 |  8784323.28
    1881148 |  8784156.50
     189254 |  8783718.26
    2654796 |  8783131.83
    1188335 |  8783055.68
     822690 |  8782888.37
     310373 |  8782651.84
    1984638 |  8782600.52
     539617 |  8782529.57
     164814 |  8782527.20
     130236 |  8782492.20
    1500187 |  8782389.42
    1079292 |  8782270.82
    2524411 |  8781975.78
     557669 |  8781808.32
    2486454 |  8781774.80
    1236063 |  8781541.68
    1257812 |  8781387.55
    2302291 |  8781312.41
     776536 |  8781207.95
    1030828 |  8781137.78
    1544803 |  8781031.98
    2899508 |  8780993.06
    2821868 |  8780843.88
     445165 |  8780820.61
    1988722 |  8780789.44
    2022911 |  8780692.41
    1157660 |  8780634.81
    2769055 |  8780614.78
    2168948 |  8780544.40
     398795 |  8780507.48
    3172588 |  8780367.75
    1488387 |  8780287.10
    2636716 |  8780076.69
    2097170 |  8779874.10
    2208072 |  8779550.37
    2654732 |  8779507.47
    2581076 |  8779496.98
      61740 |  8779433.04
     406360 |  8779196.40
    2277134 |  8779174.39
    3130754 |  8779153.54
    1187350 |  8778941.64
     845943 |  8778910.77
    2010164 |  8778901.50
    1502742 |  8778877.91
    1689264 |  8778394.56
     997945 |  8778339.92
    3147036 |  8778275.40
    2238676 |  8778243.25
     735167 |  8778232.98
    2779926 |  8778178.08
     284717 |  8777818.16
    2632892 |  8777774.00
    1766082 |  8777456.71
     206963 |  8777444.16
    1218776 |  8777295.00
    1272245 |  8777204.52
     754286 |  8777009.39
     114666 |  8776764.28
     121082 |  8776664.65
     650155 |  8776582.16
    1871916 |  8776428.84
     671629 |  8775940.11
    1411930 |  8775903.78
    1500890 |  8775809.90
    1413056 |  8775746.77
    1817606 |  8775741.87
     383933 |  8775581.20
    2633487 |  8775494.00
    2827553 |  8775487.30
      88396 |  8775230.56
    3103929 |  8775197.99
     601776 |  8774864.44
    2677069 |  8774849.72
    1869845 |  8774560.80
      77936 |  8774513.28
     887301 |  8774481.45
    1442053 |  8774220.00
      66313 |  8773929.36
    2352573 |  8773778.01
    1101359 |  8773775.90
    2450834 |  8773722.44
    1784215 |  8773591.71
    2053143 |  8773441.60
    2581668 |  8773130.88
    1000243 |  8772689.81
     636441 |  8772574.25
    1592189 |  8772360.87
     919149 |  8771969.52
    3009739 |  8771873.21
    1242919 |  8771872.50
    2718761 |  8771756.90
     768960 |  8771626.37
     621093 |  8771494.32
      68715 |  8771302.80
    2073188 |  8771087.16
    1649483 |  8771000.55
      19821 |  8770770.82
     440422 |  8770468.74
    1412097 |  8770339.50
    2812804 |  8770311.27
    3064190 |  8770021.95
    2496226 |  8769725.64
      49114 |  8769720.48
    1324712 |  8769485.36
    1287510 |  8769336.20
     389308 |  8769330.24
    1908324 |  8769261.83
     870457 |  8768976.50
    2692851 |  8768589.57
    2628133 |  8768553.36
     944820 |  8768511.36
    2037350 |  8768417.46
    1426306 |  8768371.65
    2458248 |  8767953.48
    1772970 |  8767741.08
    1052446 |  8767705.17
      84456 |  8767523.44
    2581110 |  8767387.92
    2672303 |  8767249.16
    1824484 |  8767021.34
    1844770 |  8766822.40
      57191 |  8766813.98
    2505865 |  8766702.16
     237915 |  8766669.21
    2757823 |  8766487.41
    3064899 |  8766449.54
    2096171 |  8766354.32
    1753124 |  8766008.68
    1632027 |  8765998.63
    1638213 |  8765960.06
    2163540 |  8765792.75
    1844272 |  8765680.48
    1628062 |  8765570.25
      97481 |  8765483.22
    2573356 |  8765457.36
     691618 |  8765423.67
    1949441 |  8765305.76
    2573077 |  8765274.96
    1737131 |  8765273.99
    2059007 |  8765219.70
     336507 |  8765028.84
    2413607 |  8764401.17
     288392 |  8764339.68
    1996968 |  8764304.60
    2515538 |  8764261.96
    1926016 |  8764244.40
    2169242 |  8764101.48
    2335119 |  8764076.03
     527899 |  8763984.88
    3010516 |  8763891.35
    2496482 |  8763855.68
    3007223 |  8763445.60
     642386 |  8763346.11
     163266 |  8763329.25
    1324278 |  8763248.80
    2922435 |  8763227.62
     421227 |  8763042.12
    1823181 |  8762779.12
    1194222 |  8762638.50
    1569665 |  8762611.56
    3170366 |  8762422.00
    1373229 |  8762358.42
     845627 |  8762318.79
    2767439 |  8762272.73
    1369673 |  8762235.10
    2595714 |  8762212.83
     993145 |  8762139.06
    3039399 |  8762019.58
    1443746 |  8761986.15
    2362541 |  8761971.36
     291860 |  8761821.51
     710591 |  8761657.28
    1038034 |  8761523.10
     476234 |  8761520.70
    2121965 |  8761516.10
    2280765 |  8761433.40
    2156303 |  8761021.02
    2883111 |  8760953.43
    1537619 |  8760852.57
    1128899 |  8760817.08
    1221121 |  8760760.89
    2078261 |  8760664.64
    2762260 |  8760436.29
    1937159 |  8760185.90
    2920578 |  8760076.37
    2509407 |  8760044.70
    2674941 |  8759972.04
      94532 |  8759928.24
    1642194 |  8759877.08
    3169018 |  8759664.93
    2187322 |  8759623.89
    1599745 |  8759588.79
    2101370 |  8759420.81
     847371 |  8759063.28
     194871 |  8759041.92
    1584117 |  8759021.41
     763135 |  8758934.78
    1680766 |  8758801.92
    2442956 |  8758547.50
    3091365 |  8758543.82
     252910 |  8758345.07
    2288836 |  8758341.90
    2429518 |  8758224.80
     727830 |  8758117.83
    2158735 |  8757823.36
    2199510 |  8757805.20
    1780689 |  8757464.16
     397055 |  8757239.55
    2163977 |  8757235.56
    2585666 |  8756722.00
    2779260 |  8756611.40
     396961 |  8756467.58
    2811098 |  8756182.72
    2273489 |  8756152.50
    2873975 |  8756126.55
      64036 |  8756104.83
    1790224 |  8756035.20
    2047072 |  8755980.48
    2350751 |  8755870.05
    1905960 |  8755759.92
    1001705 |  8755589.59
     261666 |  8755450.50
      67553 |  8755447.96
     718984 |  8755094.40
    1039680 |  8755068.36
     922560 |  8755020.12
    1835883 |  8754406.60
    1142809 |  8754390.42
    1779987 |  8754287.78
    2472675 |  8754267.44
     795625 |  8754247.92
    2728133 |  8753856.76
     722915 |  8753594.76
    3119686 |  8753545.64
    2543610 |  8753418.32
    2127700 |  8753259.20
     740789 |  8753211.00
    1868222 |  8753207.80
    2478834 |  8753130.13
    2741874 |  8753059.22
     807583 |  8752848.50
     748866 |  8752825.58
      51718 |  8752790.90
    2584252 |  8752350.20
     797138 |  8752130.31
     372064 |  8752039.92
     993513 |  8751976.80
    1815496 |  8751764.16
    2492290 |  8751623.88
     460796 |  8751542.24
     629074 |  8751281.44
    2744391 |  8751180.00
     690005 |  8751170.64
    2252064 |  8751146.04
    2862838 |  8751072.89
     558848 |  8750947.92
    1795926 |  8750886.76
    2237267 |  8750660.10
    1921764 |  8750521.10
    2767898 |  8750278.80
    2175379 |  8750034.60
     575060 |  8749994.44
     829816 |  8749915.19
    1172753 |  8749855.68
     579206 |  8749531.34
    1983773 |  8749074.91
    1343354 |  8749012.32
    1863760 |  8748633.40
     938945 |  8748526.40
     203763 |  8748324.00
    1823915 |  8748188.68
    3007856 |  8748185.60
    2770948 |  8747959.82
    2771740 |  8747783.40
    2942695 |  8747710.61
    3099243 |  8747688.47
    2733573 |  8747574.72
    1913973 |  8747536.75
     121560 |  8747318.26
    2303961 |  8747183.85
    1572149 |  8746723.18
    1884895 |  8746498.95
    1082153 |  8746353.81
    2231581 |  8746345.16
     398655 |  8746336.48
    1516819 |  8745892.14
    2015995 |  8745617.48
    1420155 |  8745531.21
      43671 |  8745464.70
    2892368 |  8745425.95
    1590861 |  8745105.30
    1965824 |  8744921.47
    1844003 |  8744688.72
    1712786 |  8744576.26
    2714798 |  8744414.40
    1834171 |  8744119.70
     439999 |  8743802.76
    2932720 |  8743712.64
     325276 |  8743648.00
    2793335 |  8743500.00
    2944120 |  8743218.96
     855222 |  8743148.75
    2564661 |  8743078.07
    1716863 |  8743015.68
    1328400 |  8742945.42
    3027185 |  8742588.28
    3020598 |  8742505.20
    1777491 |  8742435.80
    2351890 |  8742195.21
    1714218 |  8742085.82
    2965764 |  8741949.30
     504942 |  8741600.00
    1782031 |  8741487.04
    2226080 |  8741197.95
     552932 |  8741151.16
    2132952 |  8741123.50
     261763 |  8741032.82
     416945 |  8740803.05
    2087868 |  8740691.24
    1574545 |  8740535.40
     202825 |  8740443.00
    2752461 |  8740403.84
    1732830 |  8740264.74
     262428 |  8740204.59
    1517424 |  8740174.45
     219485 |  8739537.45
     115193 |  8739344.34
     509773 |  8739342.25
    3109780 |  8739022.32
    2022672 |  8738858.08
    1166858 |  8738810.88
     414703 |  8738752.08
    1204440 |  8738730.00
    1368592 |  8738585.92
      33215 |  8738261.82
    2834287 |  8738109.20
    2686362 |  8738083.93
    2628034 |  8737851.36
    1797759 |  8737798.88
    2079238 |  8737443.22
    2767489 |  8737233.40
      87370 |  8736951.86
    3076352 |  8736902.44
      33921 |  8736901.35
    1598048 |  8736835.40
     392104 |  8736724.36
    1846649 |  8736644.67
    1936567 |  8736554.78
    2722795 |  8736547.97
     691461 |  8735776.45
     583840 |  8735728.08
    2824258 |  8735703.60
    2956501 |  8735534.39
    3154541 |  8734628.64
    3197105 |  8734581.96
    1487681 |  8734566.72
     235903 |  8734500.32
     942101 |  8734434.72
    3076621 |  8734388.91
    1614207 |  8734185.60
     944815 |  8733965.36
    3050223 |  8733943.50
     946428 |  8733777.36
    1520389 |  8733753.40
     169127 |  8733656.58
      46449 |  8733648.82
      52808 |  8733623.22
    1204969 |  8733604.32
    3103853 |  8733542.85
    3024887 |  8733055.43
    2727636 |  8733039.76
    1439994 |  8733014.91
    1489539 |  8732813.25
    2180200 |  8732483.60
     840701 |  8732393.88
     471682 |  8732286.77
     919144 |  8732067.12
    2825326 |  8731994.70
     641063 |  8731926.42
    2618647 |  8731881.71
    1000724 |  8731835.31
     924500 |  8731763.77
    2818725 |  8731605.96
     446098 |  8731540.80
    1239505 |  8731390.54
     922678 |  8731331.46
    2393108 |  8731206.50
    1710808 |  8731152.79
    1182697 |  8731094.96
    2063079 |  8730796.86
    2668576 |  8730756.69
    2890570 |  8730625.50
    1847260 |  8730608.64
     882869 |  8730580.32
    1543400 |  8730429.75
    2160113 |  8730361.84
    2698287 |  8730249.84
    1846546 |  8730174.42
    3009886 |  8730115.85
     822716 |  8730102.33
     470492 |  8730095.34
    2419784 |  8730085.65
    1046428 |  8729993.75
     851736 |  8729957.88
    2105945 |  8729927.31
     915408 |  8729744.16
     941283 |  8729733.87
    1050691 |  8729452.17
     477067 |  8729443.57
      81791 |  8729356.20
    2142266 |  8729343.44
    2210145 |  8729329.29
    2701830 |  8729226.24
     319302 |  8729116.80
     901248 |  8729000.00
    1675787 |  8728962.30
    2896281 |  8728958.22
    2057636 |  8728896.96
     464237 |  8728795.25
    2686642 |  8728666.58
    2731123 |  8728512.60
    1768550 |  8728348.32
    2938356 |  8728176.60
    2164804 |  8727968.83
    3158148 |  8727940.78
     472531 |  8727869.44
     593306 |  8727853.68
     777977 |  8727680.21
    3062842 |  8727551.60
     840005 |  8726770.20
    2430267 |  8726658.16
    2133761 |  8726441.04
    2020765 |  8726103.54
     532027 |  8726089.16
    1428092 |  8726040.15
     315377 |  8725844.66
    2496532 |  8725715.46
      98865 |  8725710.54
    1329082 |  8725595.62
     656479 |  8725504.53
    1789710 |  8725284.74
    2159521 |  8725222.80
     838734 |  8725173.58
    2932552 |  8725089.60
    2972943 |  8725077.18
    2296387 |  8724616.65
     674055 |  8724540.09
    2029463 |  8723684.98
    2034815 |  8723431.27
    2475640 |  8723339.10
     329265 |  8722835.52
    2826498 |  8722710.57
    1623447 |  8722624.48
     293439 |  8722551.70
    2070866 |  8722526.14
    2512772 |  8722518.18
    3182670 |  8722508.89
    1780164 |  8721975.60
     249495 |  8721965.32
     633236 |  8721822.99
    2922270 |  8721784.66
    2580687 |  8721783.85
      10151 |  8721672.55
    3015660 |  8721399.83
    1725651 |  8721249.28
    1906794 |  8721247.99
    2251234 |  8721199.28
    2385442 |  8721188.81
    1260426 |  8721184.62
    2532261 |  8720774.33
    2507016 |  8720759.91
    1763224 |  8720553.15
      63789 |  8720513.88
    2733552 |  8720430.87
    1623252 |  8720380.15
    1480152 |  8720303.25
    2422104 |  8720293.14
    2589747 |  8720292.42
    2028984 |  8720157.57
    2057762 |  8719586.40
    2531651 |  8719417.00
    1081099 |  8719353.35
    1900839 |  8719317.85
     622743 |  8719153.96
    1027187 |  8719039.64
     254430 |  8719005.51
    1307234 |  8718991.50
    1350686 |  8718921.25
    3115339 |  8718882.28
    2471517 |  8718791.76
     245175 |  8718483.01
    2932782 |  8718454.90
    1821030 |  8718389.55
    2011647 |  8718217.20
    1932209 |  8718203.05
    1689493 |  8718161.20
     533421 |  8718125.24
    1705382 |  8718007.73
    2193893 |  8718005.79
     541598 |  8717787.15
    3078775 |  8717754.60
     285683 |  8717684.04
    2482895 |  8717341.68
    1647522 |  8717066.26
     527435 |  8717065.35
    1886192 |  8717006.16
     775507 |  8716998.78
    1594380 |  8716970.71
    2360655 |  8716952.16
     392496 |  8716819.86
    1671469 |  8716717.75
    1631043 |  8716530.00
     923889 |  8716526.72
    1211309 |  8716441.57
    1647957 |  8716351.05
    2293378 |  8716191.54
    2580441 |  8716182.85
    3035843 |  8716009.68
    3095072 |  8715983.72
    2313075 |  8715979.63
    2473360 |  8715869.58
    2140039 |  8715825.88
     816168 |  8715818.23
    2617799 |  8715798.10
    2043281 |  8715595.94
    2116383 |  8715552.86
    2649066 |  8715503.03
    1767373 |  8715486.39
    2408996 |  8715332.90
     519453 |  8715094.68
    1612194 |  8715089.52
    3176336 |  8714903.25
     991666 |  8714807.20
    1055443 |  8714506.50
    1398519 |  8714474.72
     779511 |  8714291.04
    1583915 |  8714227.49
     921416 |  8714021.76
     466257 |  8713973.42
    2856011 |  8713783.65
    1802812 |  8713279.56
     505795 |  8713270.48
    1902105 |  8713259.50
    1505622 |  8713182.52
    2057835 |  8713050.44
     109020 |  8713043.36
    3000049 |  8712954.32
    1361946 |  8712937.97
    3125610 |  8712829.22
    2847231 |  8712761.05
    2697515 |  8712704.76
     260798 |  8712385.60
    3029515 |  8712372.90
     808979 |  8712037.17
    2879285 |  8711477.28
    3050182 |  8711419.68
    1636815 |  8711329.20
    1098302 |  8711298.00
    1803178 |  8710918.70
    1905092 |  8710911.30
    2435129 |  8710827.84
     379624 |  8710714.01
     594428 |  8710650.63
    3146934 |  8710551.45
     700831 |  8710483.65
     929254 |  8710220.22
     856418 |  8710024.45
    1153760 |  8709652.00
    3137445 |  8709642.80
     463714 |  8709516.21
    2918573 |  8709478.30
    2505577 |  8709465.75
     911308 |  8709354.24
     567517 |  8709235.04
    2960709 |  8709134.33
    3167581 |  8708961.24
     980184 |  8708794.00
     843544 |  8708595.60
    2862048 |  8708589.86
    2166878 |  8708407.20
    2571601 |  8708168.46
     558250 |  8708147.52
    3179379 |  8707812.40
    2182437 |  8707698.08
     981641 |  8707673.60
    2069429 |  8707610.28
     195244 |  8707557.32
    1145495 |  8707376.00
     228398 |  8707287.30
     525351 |  8707207.13
    1537087 |  8706990.24
    1519434 |  8706956.24
    1009198 |  8706586.32
    2545176 |  8706352.18
    2266872 |  8706351.04
    1425261 |  8706225.00
    3083616 |  8706148.25
    2046115 |  8706051.36
     388277 |  8705756.10
    2652881 |  8705646.04
    3016756 |  8705645.59
    1190814 |  8705246.40
    1772739 |  8705152.00
     560992 |  8705045.52
     588440 |  8705043.41
    2465304 |  8704949.28
    1170671 |  8704940.16
    2799795 |  8704759.04
     433117 |  8704674.54
     361717 |  8704659.60
    1622662 |  8704547.40
    2400984 |  8704416.83
    2396847 |  8704279.62
     224665 |  8704230.48
    2681494 |  8704118.31
     461354 |  8704108.11
    2758029 |  8704063.15
    2796570 |  8703884.04
    1951486 |  8703692.70
    2144867 |  8703568.86
    1807484 |  8703102.51
    2520429 |  8702928.36
    2357067 |  8702844.15
    2785797 |  8702574.87
    2353899 |  8702311.98
    2513548 |  8702259.94
    1802478 |  8702198.95
    1996564 |  8702186.77
    2167911 |  8701822.25
     446821 |  8701688.40
    2801382 |  8701513.92
    1788908 |  8701501.60
    2058697 |  8701430.76
    1994554 |  8701402.60
    2658398 |  8701396.11
    1841540 |  8701388.52
    1757452 |  8701353.15
     717507 |  8701346.70
    1296888 |  8701277.20
      50786 |  8701152.00
    1292514 |  8701054.44
    1953642 |  8700965.28
    1697582 |  8700650.79
    2678855 |  8700613.50
    2130681 |  8700596.60
    1971737 |  8700170.24
    2743864 |  8700093.75
     914106 |  8699910.57
     189976 |  8699788.50
     802534 |  8699394.42
     167670 |  8699218.32
     918263 |  8698941.44
    1766212 |  8698865.00
     213345 |  8698860.00
    1345626 |  8698795.84
     539140 |  8698767.57
     757125 |  8698710.79
    2045002 |  8698122.40
    1677602 |  8698098.87
    3107925 |  8697925.64
     272142 |  8697805.09
    3055481 |  8697799.17
    3163664 |  8697798.72
     575515 |  8697477.60
    1177947 |  8697332.09
    3186511 |  8697318.96
     325235 |  8697272.98
    1493068 |  8697217.25
    1506725 |  8697103.12
     662498 |  8697054.24
    2883409 |  8697051.04
     598207 |  8696971.77
     238702 |  8696897.69
    1698527 |  8696804.72
     497976 |  8696740.66
    1783847 |  8696599.12
      67934 |  8696586.30
    1334867 |  8696269.14
      57601 |  8696054.50
     749415 |  8695902.88
     746042 |  8695746.54
     322055 |  8695718.88
     573799 |  8695620.80
    3079118 |  8695508.38
     236965 |  8695170.21
    1797666 |  8695128.42
      21945 |  8695085.36
     130576 |  8695062.40
    3089635 |  8694910.72
      93035 |  8694828.45
    1793419 |  8694759.92
    1618507 |  8694712.92
     286500 |  8694301.92
    1650350 |  8694172.68
    2789809 |  8693958.26
    2992814 |  8693923.83
      61263 |  8693697.60
    1480298 |  8693656.40
    1137993 |  8693593.67
    1967219 |  8693559.84
    2202795 |  8693466.12
    2408960 |  8693181.86
     982860 |  8693122.02
    1620692 |  8693048.08
    1176216 |  8692894.56
    1800252 |  8692867.40
    1858803 |  8692855.60
     704386 |  8692842.22
    1640150 |  8692816.02
     732307 |  8692647.88
    2034232 |  8692531.38
    2087289 |  8692182.54
     233008 |  8692151.33
    1317072 |  8692108.16
    1549452 |  8691911.85
    2454867 |  8691747.56
    2256373 |  8691653.30
     666646 |  8691541.50
     361329 |  8691365.40
      65940 |  8691171.08
    3053290 |  8691059.55
    2226940 |  8690845.24
     762718 |  8690770.62
    2394110 |  8690746.25
    1976525 |  8690610.00
    2319431 |  8690448.12
    2994366 |  8690319.93
    1688113 |  8690319.80
    2493111 |  8690298.84
     581882 |  8690126.37
    1055929 |  8690094.36
    2161436 |  8690014.68
      19086 |  8689986.54
    2560227 |  8689864.32
    1387054 |  8689570.04
     703907 |  8689539.52
    2489081 |  8689330.00
     132635 |  8689305.24
    2873859 |  8689258.98
    1402292 |  8689247.68
    2508418 |  8689236.93
    1137734 |  8689177.80
    2568447 |  8689096.00
    2334345 |  8689037.07
    2211134 |  8688969.00
    1655432 |  8688942.60
    1907411 |  8688830.25
    3104454 |  8688788.93
    2640785 |  8688320.55
    1792730 |  8688257.60
    3002490 |  8688162.02
    3191618 |  8688070.60
    1408108 |  8687916.84
      30433 |  8687901.24
      77368 |  8687348.55
    1246419 |  8687347.20
    1069089 |  8687345.00
    2020202 |  8687204.08
    2338531 |  8687183.70
     585318 |  8687092.96
    2028384 |  8686981.39
     733676 |  8686781.01
     585007 |  8686740.16
    1990159 |  8686718.40
    2036232 |  8686546.66
    1319751 |  8686492.20
    1195879 |  8686470.00
     375951 |  8686365.60
    1855997 |  8686324.65
    1896802 |  8686311.75
    2591466 |  8686257.70
    1002325 |  8685987.52
     941546 |  8685817.40
     651174 |  8685633.32
    2353669 |  8685405.06
     579980 |  8685117.68
    1928309 |  8685031.68
    1443495 |  8684975.55
    2579629 |  8684968.50
    1011740 |  8684865.80
    3016473 |  8684861.40
    2452274 |  8684705.80
     911364 |  8684615.94
    2791540 |  8684535.03
    1036246 |  8684366.64
    3141167 |  8683918.92
     909695 |  8683247.28
    2879430 |  8682893.90
     584211 |  8682336.87
    2813607 |  8682179.75
     694977 |  8681992.62
    2966416 |  8681938.25
     502001 |  8681799.72
    2286815 |  8681683.00
    2638426 |  8681543.10
    1016276 |  8681510.04
    2731846 |  8681401.80
    2352247 |  8681371.16
    2197391 |  8680950.24
    2370512 |  8680919.00
     307994 |  8680834.17
    1840165 |  8680603.84
     784722 |  8680588.15
    1542579 |  8680518.35
    1201947 |  8680486.54
    1556808 |  8680182.32
     374341 |  8679703.60
    1137767 |  8679582.00
    1853960 |  8679264.40
    2210368 |  8679252.12
    2618423 |  8679181.35
    2350672 |  8679174.00
    1732968 |  8678919.05
    1441682 |  8678823.30
    1615912 |  8678816.96
    1573444 |  8678768.48
     560944 |  8678649.28
    1398393 |  8678570.28
    3175373 |  8678462.75
    2149955 |  8678325.76
    1188938 |  8678325.42
    2295699 |  8678314.00
     726477 |  8678170.38
      76059 |  8678165.52
    2394389 |  8678084.63
    3169891 |  8678018.00
    1360792 |  8677866.58
    2376953 |  8677860.71
    1032676 |  8677701.22
    2406283 |  8677556.94
    1468160 |  8677513.80
    1550496 |  8677485.05
     659562 |  8677429.95
       5996 |  8677371.78
    2459214 |  8677349.91
     548276 |  8677317.98
     507036 |  8677199.30
    1244915 |  8677084.58
     151033 |  8676997.20
     920494 |  8676813.39
    2517252 |  8676604.46
    3190097 |  8676512.25
     378295 |  8676456.70
    1759990 |  8676456.38
    2862358 |  8676410.52
    1042527 |  8676313.52
    2597389 |  8676158.48
     204973 |  8675933.75
    1948075 |  8675922.69
     523204 |  8675753.84
    3180762 |  8675324.76
      75250 |  8675257.14
    2411350 |  8674848.36
     193553 |  8674763.51
    2712113 |  8674640.10
    1563256 |  8674557.19
    1917510 |  8674474.68
    2592782 |  8674449.62
      31871 |  8674133.10
    2797729 |  8674065.36
    3187612 |  8674042.13
    1878816 |  8673901.72
    2073512 |  8673581.22
    2718867 |  8673430.48
    2954280 |  8673404.44
    2647833 |  8672954.60
    1559100 |  8672580.68
     232157 |  8672529.92
    2154425 |  8672469.35
    2442207 |  8672457.09
    1232192 |  8672369.64
    2235145 |  8672285.47
    2768834 |  8672259.68
    1042486 |  8672256.97
     255728 |  8672204.48
    2250825 |  8671837.22
    3010061 |  8671747.26
    1558745 |  8671685.76
     812484 |  8671658.94
    2592482 |  8671398.96
     782850 |  8671294.41
    1535728 |  8671160.40
    1900104 |  8671054.70
    2856589 |  8670932.82
    2424170 |  8670921.09
    1997915 |  8670653.64
     545839 |  8670605.16
    2728611 |  8670526.92
    1668436 |  8670270.33
    2873114 |  8670143.65
    2215398 |  8670066.66
    1778740 |  8669998.92
     578696 |  8669753.75
     865166 |  8669642.94
    2006369 |  8669606.37
    1926768 |  8669464.35
    1225994 |  8669285.74
    2101336 |  8669285.01
     476605 |  8669246.04
    2287127 |  8668890.58
     378168 |  8668846.20
     389988 |  8668494.45
    1271274 |  8668330.96
    3026122 |  8668059.51
    2974663 |  8667777.95
    2919942 |  8667370.14
    2942419 |  8667306.18
    2384864 |  8667214.95
     311113 |  8667195.90
     117822 |  8667147.76
     381770 |  8667111.00
    3023810 |  8667053.85
     765960 |  8667026.76
    2689281 |  8666999.84
    2544905 |  8666968.83
     475063 |  8666840.88
    2157648 |  8666809.98
    2636011 |  8666771.96
     853671 |  8666563.80
    2575944 |  8666553.96
    1810880 |  8666399.64
     640936 |  8666188.67
    1821332 |  8666181.12
    1795298 |  8666103.06
    2838314 |  8666059.71
     872484 |  8665946.52
     705932 |  8665941.72
    2475584 |  8665927.68
    1551033 |  8665787.96
    1128939 |  8665534.44
     888821 |  8665524.55
     789648 |  8665413.73
     636496 |  8665400.26
     601352 |  8665322.12
    1437245 |  8665313.28
     301091 |  8665161.68
    2410431 |  8665161.48
    2790532 |  8665059.06
      16639 |  8664981.90
    1952468 |  8664645.26
     816549 |  8664445.95
    1989732 |  8664394.41
    3135409 |  8664133.38
    2025080 |  8664050.32
    2493668 |  8663996.88
    2835852 |  8663953.80
    2356619 |  8663905.68
    3133472 |  8663388.96
    1841572 |  8663350.20
    1295942 |  8663303.05
    2263556 |  8663170.20
    2207667 |  8663118.78
    2076386 |  8663051.95
    2059122 |  8662949.76
    2302578 |  8662939.20
      77585 |  8662850.82
    3071094 |  8662403.00
    1010881 |  8662223.96
    2669778 |  8662177.35
     981977 |  8662135.27
     211924 |  8662130.82
     492873 |  8661986.77
    1010051 |  8661825.40
     227655 |  8661781.44
    2094622 |  8661778.73
    2959274 |  8661708.42
     332421 |  8661698.15
     641497 |  8661551.40
     842661 |  8661463.44
    1219998 |  8661391.20
     663144 |  8661334.56
    1840542 |  8661289.56
    3027610 |  8661143.26
     586950 |  8661128.72
    1155042 |  8661069.25
    1755565 |  8661051.96
     268922 |  8660836.08
    2381419 |  8660773.28
     634392 |  8660696.50
    2110997 |  8660473.84
    2282156 |  8660414.62
    1625526 |  8660379.84
    1189414 |  8660173.70
    2989582 |  8660020.32
     937422 |  8659865.33
     337827 |  8659753.52
    2498835 |  8659413.64
    2270135 |  8659245.12
     603410 |  8659079.40
     844299 |  8659070.42
     551469 |  8659068.06
    1880697 |  8659012.12
    1973259 |  8658989.30
    1705965 |  8658964.72
     509322 |  8658516.78
     751038 |  8658516.72
    2171639 |  8658503.26
    2339694 |  8658462.96
     859915 |  8658156.54
     418478 |  8657768.76
    2306810 |  8657369.98
     904650 |  8657336.32
     989536 |  8657299.20
    3194684 |  8657230.80
     795692 |  8657186.42
     409697 |  8657136.93
      10684 |  8657009.62
    1402505 |  8656954.84
    1069434 |  8656852.70
    1229799 |  8656497.78
    2579198 |  8656398.90
     101744 |  8656294.56
    2702178 |  8656180.29
    2022600 |  8655642.82
     278098 |  8655599.43
     910544 |  8655516.72
    2797683 |  8655489.92
    1861117 |  8655455.13
    2557437 |  8654934.44
     887930 |  8654685.96
     818238 |  8654592.72
       5527 |  8654522.54
    1721150 |  8654404.15
    2716274 |  8654303.40
    1634814 |  8654197.12
     261946 |  8654192.00
    2654178 |  8654087.40
     583325 |  8654040.96
    2219489 |  8654031.76
    2030891 |  8653919.28
     296186 |  8653853.89
    1040175 |  8653819.20
    2039505 |  8653765.61
     729044 |  8653712.08
     905515 |  8653565.82
    2022940 |  8653516.56
    3055708 |  8653328.75
     994208 |  8653140.93
    1938704 |  8653049.07
    3177056 |  8652883.29
    1196238 |  8652813.75
    2995539 |  8652722.40
    2946824 |  8652688.00
     559879 |  8652489.98
    1562360 |  8652471.04
    1514140 |  8652420.00
    1167944 |  8652342.40
    1039034 |  8652015.06
    1454535 |  8651965.02
     105324 |  8651955.20
     279074 |  8651860.53
     430429 |  8651795.13
    2108043 |  8651703.10
     615080 |  8651606.18
     260580 |  8651261.40
    1463449 |  8650971.02
    1460560 |  8650905.60
    2369239 |  8650690.19
     951760 |  8650297.76
    1933675 |  8650249.98
    1249054 |  8650248.61
    2673392 |  8650158.36
    1527829 |  8650137.33
    1296551 |  8650110.48
     477370 |  8649761.89
    1361598 |  8649560.00
    2785954 |  8649510.90
    1521083 |  8649498.07
     311470 |  8649496.92
    2866516 |  8649359.50
    3192430 |  8649207.36
    2754721 |  8649186.00
    1591465 |  8649138.96
    2796516 |  8649088.47
      29620 |  8649078.01
    1188224 |  8648844.47
    2390517 |  8648837.25
    1844313 |  8648571.88
    2631689 |  8648481.30
     210853 |  8648317.80
    2939258 |  8648273.40
    2593016 |  8648270.82
     560010 |  8647916.04
     581141 |  8647790.84
    2634258 |  8647776.43
     935499 |  8647758.50
     633131 |  8647662.79
    3033103 |  8647633.83
    2607761 |  8647501.00
    1240478 |  8647480.60
    2101634 |  8647250.82
    2697636 |  8647199.22
    3071461 |  8647127.47
     480915 |  8646949.08
    3122273 |  8646914.43
    1287814 |  8646897.60
    1861159 |  8646810.90
     252235 |  8646485.99
     788912 |  8646418.05
    2529059 |  8646360.54
    3044285 |  8646255.72
    2789921 |  8646214.99
     626024 |  8646205.44
    2523990 |  8646148.00
    1895995 |  8645696.16
    1974265 |  8645604.82
    1857202 |  8645236.11
    2018940 |  8645233.60
    2785385 |  8645014.48
    2393167 |  8644903.74
     250384 |  8644866.40
    1122177 |  8644788.96
     673440 |  8644743.66
     786479 |  8644655.85
    2688379 |  8644569.85
     597135 |  8644331.25
    1647356 |  8644086.05
     147778 |  8644031.97
    3117686 |  8643853.72
    1198099 |  8643809.18
    2650901 |  8643764.61
    1863891 |  8643740.70
    1437989 |  8643509.28
     511572 |  8643375.00
    1196355 |  8643371.94
    3117196 |  8643244.50
    3177237 |  8643199.26
    1832172 |  8642695.82
    2902596 |  8642644.89
     818738 |  8642618.60
    1637417 |  8642562.20
    3140114 |  8642526.68
     731264 |  8642206.24
    2662752 |  8641922.96
     538904 |  8641916.24
     588912 |  8641867.58
     216222 |  8641832.85
    1102696 |  8641719.05
    1996039 |  8641667.25
     167864 |  8641655.68
    2664138 |  8641541.60
    1511819 |  8641356.73
    1604111 |  8641352.60
     881382 |  8641304.00
    2793205 |  8641170.69
    2777121 |  8641027.86
    1029832 |  8640852.48
    2677253 |  8640536.90
    3046377 |  8640341.61
     328626 |  8639979.28
     609857 |  8639864.54
     119091 |  8639842.68
    1482887 |  8639670.69
    3089316 |  8639377.65
    2347603 |  8639332.30
    2521537 |  8639156.76
    1719088 |  8639148.20
    1847292 |  8639145.00
     383962 |  8638963.08
    2678412 |  8638883.36
     714216 |  8638841.04
     226716 |  8638825.25
    1984416 |  8638699.17
     145477 |  8638661.58
    2333644 |  8638656.84
    2422289 |  8638289.44
     805356 |  8637989.40
     310908 |  8637949.48
    1738018 |  8637710.20
     779484 |  8637656.41
     680833 |  8637601.17
     267892 |  8637457.30
    1996602 |  8637406.72
     290392 |  8637380.41
    2492998 |  8637231.16
     253026 |  8637226.65
    2125726 |  8637214.02
    1626760 |  8636899.54
      95951 |  8636626.87
    3142445 |  8636616.08
     117427 |  8636546.10
     112842 |  8636543.52
    2225092 |  8636242.98
     712803 |  8636028.96
    2610842 |  8636021.10
    2605613 |  8635938.08
     720707 |  8635907.28
    3143734 |  8635623.75
    2797661 |  8635613.32
    1967767 |  8635298.23
    2145464 |  8635235.90
    3046192 |  8635061.40
    2843711 |  8634816.45
     391366 |  8634681.10
    2252158 |  8634612.96
    2262351 |  8634558.00
    1307340 |  8634412.64
    1293415 |  8634373.10
     827070 |  8634360.00
    1456278 |  8634282.72
     779436 |  8634071.54
     686973 |  8633880.00
     260845 |  8633825.99
    1303149 |  8633791.90
     847507 |  8633499.15
    2474134 |  8633064.96
     550409 |  8633018.88
    3134208 |  8632973.58
    2669556 |  8632877.58
    1616384 |  8632751.10
    3013383 |  8632738.96
     462038 |  8632708.44
    1428730 |  8632479.12
    1239423 |  8632476.00
     686762 |  8632449.72
    1373900 |  8632393.33
    1225713 |  8632340.50
     560913 |  8631960.90
    2591389 |  8631845.60
     630488 |  8631751.68
    2142679 |  8631741.87
    2605600 |  8631695.93
    1081658 |  8631651.60
     709927 |  8631541.11
     117988 |  8631444.00
    3105447 |  8630898.53
    1849280 |  8630828.28
     982036 |  8630641.70
    1470175 |  8630639.91
    3005829 |  8630493.70
    1961889 |  8630369.06
     179544 |  8630121.63
    1561605 |  8630100.43
    2363411 |  8629929.28
    3071213 |  8629905.26
     777509 |  8629898.60
     423836 |  8629892.04
    2342516 |  8629649.28
    1143214 |  8629588.38
    2310254 |  8628972.20
    3028147 |  8628971.04
    1914380 |  8628762.85
     129383 |  8628624.38
      13028 |  8628547.20
     482958 |  8628546.61
     449832 |  8628482.05
    2402703 |  8628432.06
    3053840 |  8628391.98
    3144702 |  8628299.30
    2117195 |  8627759.58
    2730601 |  8627720.85
    3075754 |  8627429.51
    2994724 |  8627310.84
    1820070 |  8627230.30
    2110665 |  8627133.32
    1642442 |  8627108.92
    1702819 |  8627030.68
    2696181 |  8626995.36
    1308416 |  8626736.81
    1744850 |  8626637.22
    2711302 |  8626628.71
    2013102 |  8626542.50
    1741160 |  8626432.04
     134430 |  8626426.07
    2674182 |  8626333.07
    1512838 |  8626190.30
    1596258 |  8626189.60
     418917 |  8626084.68
    1826537 |  8625969.60
    1952802 |  8625959.10
     825625 |  8625780.49
     139243 |  8625702.40
    2494277 |  8625678.93
     278829 |  8625592.58
    1115009 |  8625377.52
    1064241 |  8625330.60
    2982018 |  8624783.15
    2719868 |  8624467.74
     633714 |  8624404.82
    2155305 |  8624325.30
    1662951 |  8624185.15
    2782520 |  8624096.64
      27701 |  8623996.56
    2036510 |  8623931.75
     948464 |  8623906.20
    1107202 |  8623899.90
      84268 |  8623307.25
    1986809 |  8623130.80
    2616469 |  8623091.84
    1215503 |  8622943.00
    2833684 |  8622927.79
    2163509 |  8622855.36
    1834119 |  8622832.85
     773632 |  8622656.24
    1182390 |  8622535.66
    1793426 |  8622512.32
    1995039 |  8622446.40
     406904 |  8622121.88
     730850 |  8622088.51
    1155900 |  8622069.30
    1276290 |  8622000.18
    3014604 |  8621962.00
    1952441 |  8621929.60
    1963454 |  8621870.40
    2489502 |  8621862.40
    1562252 |  8621843.40
    2198638 |  8621538.30
     780457 |  8621437.50
    1007255 |  8621379.99
     390882 |  8621272.20
    2480709 |  8621159.65
    2904495 |  8621068.50
    2890021 |  8620989.44
    1799367 |  8620976.88
     875223 |  8620891.44
     781898 |  8620852.10
     981076 |  8620615.08
    1413510 |  8620541.00
    1095511 |  8620535.96
     127495 |  8620520.22
    1433556 |  8620176.82
      13686 |  8620020.72
     291343 |  8619874.80
    1440459 |  8619835.20
    1737065 |  8619825.02
     359670 |  8619630.07
     840377 |  8619508.56
     103443 |  8619505.88
    1151461 |  8619436.70
     766904 |  8619126.16
    2071624 |  8618919.32
    2379676 |  8618861.12
     966920 |  8618849.40
    2654148 |  8618786.50
    2862170 |  8618762.64
    1855695 |  8618522.28
     360166 |  8618492.15
    1451147 |  8618325.76
    1156161 |  8618314.00
    3169088 |  8618294.76
     344416 |  8618233.29
    1451635 |  8618047.89
     873733 |  8617909.63
     866308 |  8617905.21
    2098661 |  8617626.20
    1721473 |  8617545.37
    2053970 |  8617542.87
    2495217 |  8617508.84
    2739777 |  8617237.02
    1877952 |  8617083.21
    1836163 |  8617039.20
    2607831 |  8616948.68
    2915323 |  8616900.72
      64418 |  8616357.35
    2982683 |  8615978.80
    2728783 |  8615948.60
     581779 |  8615901.75
    2830320 |  8615813.25
    2613312 |  8615773.14
    2742469 |  8615696.04
    1194285 |  8615395.60
    2863862 |  8615394.72
    1449720 |  8615191.11
     468894 |  8615059.52
    1722979 |  8615005.46
    1478879 |  8614712.12
     636189 |  8614504.50
    1664213 |  8614352.94
    3137887 |  8614109.90
     240915 |  8613967.49
     209337 |  8613946.90
     593720 |  8613743.94
    1566662 |  8613682.50
     118014 |  8613285.33
    2321091 |  8613271.78
    2953653 |  8613268.48
    1128548 |  8613148.40
    1111180 |  8613073.56
    2760558 |  8612858.15
     751678 |  8612712.89
    3153669 |  8612637.95
    2663619 |  8612576.12
    2320010 |  8612490.00
     119325 |  8612285.40
    1592535 |  8612149.32
    1318328 |  8612111.57
    2090754 |  8612047.08
      59033 |  8611806.84
    2606672 |  8611571.29
     368699 |  8611538.32
    3029123 |  8611535.40
    2329379 |  8611482.72
    2542263 |  8611034.96
    2615407 |  8610970.89
    2664066 |  8610967.56
    2456751 |  8610668.54
    1985950 |  8610570.93
     412357 |  8610458.94
    2865920 |  8610387.64
    1053806 |  8610339.69
    1125919 |  8610103.40
    2035393 |  8610035.52
     478799 |  8609327.14
    1635266 |  8609221.10
    2062168 |  8609166.72
    1373644 |  8609100.55
    1245940 |  8608894.26
     714877 |  8608830.20
    2359631 |  8608820.58
    2936073 |  8608798.75
    2502445 |  8608656.86
    2804100 |  8608620.09
     744815 |  8608572.50
      28652 |  8608474.32
    3154749 |  8608307.96
    1587932 |  8608149.12
     977817 |  8607944.16
    1751353 |  8607670.12
    1861971 |  8607515.29
     476125 |  8607371.03
     462169 |  8607336.34
    2704379 |  8607315.42
     391328 |  8607294.14
    1446813 |  8607060.00
     920903 |  8607036.57
    1127516 |  8606952.53
    2213261 |  8606887.68
    2191668 |  8606880.89
    1176331 |  8606838.75
     168149 |  8606823.06
    1226919 |  8606660.30
    2441918 |  8606221.56
     803784 |  8606170.40
    3147718 |  8605410.26
    2628738 |  8605332.98
     116177 |  8605290.15
    1189206 |  8605217.76
     925393 |  8605070.40
    1167634 |  8604988.46
    1579775 |  8604803.52
      68590 |  8604617.00
    1256336 |  8604548.69
      77447 |  8604417.13
    2805355 |  8604342.90
    1000179 |  8604240.96
    1119248 |  8604189.48
     645773 |  8604157.23
    1930029 |  8604103.62
     119242 |  8603974.06
    2452828 |  8603862.51
     846146 |  8603793.52
     554051 |  8603687.05
    2408378 |  8603449.36
    1028878 |  8603375.22
     187529 |  8603246.51
     383963 |  8603165.36
     637116 |  8603100.54
    2062564 |  8603096.30
    2640254 |  8603068.32
     772847 |  8603029.53
    1201375 |  8603022.49
    1720125 |  8602926.70
    1969385 |  8602870.87
    1350130 |  8602681.29
    2621951 |  8602680.32
    2664165 |  8602585.70
    2021623 |  8602478.70
    1863728 |  8602457.16
    2552579 |  8602265.65
    1021221 |  8602144.80
    3036799 |  8601685.54
     470710 |  8601678.00
    1634262 |  8601360.16
    1560650 |  8601068.70
    3128347 |  8600826.58
     277134 |  8600680.80
    2692808 |  8600667.50
    1708273 |  8600645.88
     693348 |  8600350.00
    1216261 |  8600320.12
    2393617 |  8600262.30
    2105329 |  8600113.79
    2997337 |  8600074.23
    2067517 |  8600064.57
     243552 |  8599875.02
     922874 |  8599782.00
      92334 |  8599610.74
    1703779 |  8599599.84
    1113518 |  8599462.62
    1559667 |  8599386.58
    1597368 |  8599370.65
     916193 |  8599330.25
    2055978 |  8599099.80
     740380 |  8599023.72
    1355241 |  8598880.11
    3041342 |  8598439.49
     516317 |  8597991.05
     578640 |  8597855.20
    3038072 |  8597819.79
    1785170 |  8597770.80
       1489 |  8597755.01
    1421110 |  8597752.38
    2290381 |  8597717.49
    1474681 |  8597484.00
     768620 |  8597477.39
    2382980 |  8597305.64
      84117 |  8597198.12
     353521 |  8597093.79
    2831465 |  8596942.46
    1124785 |  8596832.40
    2057974 |  8596821.27
    2815110 |  8596537.28
    2097001 |  8596531.50
     256197 |  8596067.84
    1973771 |  8596027.12
     273286 |  8595848.16
    1576122 |  8595835.62
    1718164 |  8595773.04
     810903 |  8595665.40
    1003029 |  8595505.00
     980534 |  8595423.15
    2555489 |  8595380.64
     591207 |  8595031.50
     306622 |  8594928.25
     480448 |  8594836.80
     191010 |  8594750.84
     828663 |  8594703.88
      56149 |  8594680.44
      50251 |  8594623.43
    2297142 |  8594499.76
      13245 |  8594398.62
    1397368 |  8594372.16
    2215584 |  8594333.86
    2692911 |  8594330.80
    3160759 |  8594207.54
     873099 |  8594146.40
    2129057 |  8594087.22
     637802 |  8594038.74
     261338 |  8593956.45
    2121465 |  8593944.06
    1743638 |  8593867.53
    1106026 |  8593820.97
    2182587 |  8593757.10
    1836543 |  8593726.95
    1137962 |  8593717.14
     158627 |  8593648.24
     607045 |  8593499.86
     414770 |  8593170.17
    2278932 |  8593074.60
    1210220 |  8592964.20
    1905359 |  8592937.68
    2287600 |  8592899.04
     656100 |  8592731.16
    2772273 |  8592705.64
     742352 |  8592481.44
    1667864 |  8592333.12
    1133063 |  8592313.95
    2952428 |  8592141.91
    3104152 |  8591848.16
    1743089 |  8591633.52
    1876398 |  8591545.34
     206016 |  8591307.50
     283243 |  8591224.04
    2736473 |  8591199.10
    2371201 |  8590986.20
      30763 |  8590930.38
    1807187 |  8590762.12
     480007 |  8590678.35
    2825509 |  8590516.32
     148966 |  8590458.96
    3171620 |  8590254.85
     465185 |  8590233.55
    1601121 |  8590223.84
    1256757 |  8590161.03
    2885561 |  8590148.84
      14544 |  8589738.72
    2597749 |  8589309.96
    2107294 |  8589223.35
    3071673 |  8589166.68
    2584501 |  8589125.64
     229674 |  8588989.12
    2565434 |  8588972.80
    2388360 |  8588942.86
    2530095 |  8588753.52
    1716882 |  8588654.65
     656433 |  8588492.22
     169267 |  8588436.06
     238778 |  8588420.40
     609867 |  8588202.20
     303486 |  8588049.12
    2197678 |  8588020.70
    3051178 |  8587991.03
     921482 |  8587982.02
     926469 |  8587727.46
    1059618 |  8587710.93
    2186666 |  8587415.43
     923199 |  8587296.12
     408500 |  8587234.23
    2656982 |  8587007.66
    3107636 |  8587007.18
     318537 |  8586874.82
    2098092 |  8586831.69
    2598966 |  8586819.27
    1110703 |  8586688.62
    2192951 |  8586680.45
    2336423 |  8586463.68
    1072104 |  8586431.23
     158840 |  8586389.66
    3064853 |  8586225.25
    1666051 |  8586176.64
    2809478 |  8586064.20
    2239976 |  8586004.71
     357930 |  8585765.20
     942829 |  8585557.72
     744563 |  8585515.25
    1686927 |  8585484.16
      39839 |  8585288.40
    2515015 |  8585287.20
    2397447 |  8585255.35
     364516 |  8585150.15
    2489638 |  8585146.22
     827756 |  8584971.39
    1562302 |  8584873.68
     651645 |  8584632.90
     545439 |  8584605.55
    2366846 |  8584592.22
      84936 |  8584578.40
     164114 |  8584519.77
     995962 |  8584381.08
     313688 |  8584117.92
     897488 |  8583951.36
    2174287 |  8583732.21
    1572236 |  8583652.77
    2862606 |  8583634.40
    2741845 |  8583625.50
    1551921 |  8583327.32
    1154621 |  8583164.40
     103697 |  8583141.60
    1381010 |  8582851.00
     672918 |  8582692.80
    2443946 |  8582647.11
    1709350 |  8582527.87
    2396750 |  8582347.84
     448471 |  8582305.17
     282581 |  8582282.78
    1210789 |  8582190.24
     166471 |  8582184.60
    2633548 |  8582165.23
    2985210 |  8581957.65
     853295 |  8581698.52
    1670361 |  8581518.36
    2676245 |  8581479.48
     463437 |  8581467.28
    1744453 |  8581255.65
    2664469 |  8581255.02
     115911 |  8581188.36
    2345790 |  8581181.07
     496269 |  8581013.91
    2800638 |  8580992.64
    2418280 |  8580930.99
    1522712 |  8580889.48
    1658979 |  8580647.52
     137876 |  8580641.30
     327496 |  8580514.72
    1596800 |  8580462.10
    1451468 |  8580328.90
    2899590 |  8580322.08
    2776757 |  8580310.50
    1754174 |  8580284.36
    1071521 |  8580261.58
     887255 |  8580209.40
     266860 |  8580065.25
     300024 |  8579933.91
     323043 |  8579900.70
    2421793 |  8579874.00
    2158532 |  8579866.68
     530574 |  8579736.45
    2789448 |  8579667.44
    1589984 |  8579617.60
    1813165 |  8579593.12
     284923 |  8579498.00
     723206 |  8579459.49
    2744027 |  8579245.50
    1175920 |  8579227.91
    2204817 |  8579193.36
     578274 |  8579037.95
    1596837 |  8578923.97
    1776419 |  8578833.60
    2272661 |  8578796.40
    1537584 |  8578755.04
    2175886 |  8578584.42
    3151551 |  8578570.39
    1726926 |  8578556.60
    2139035 |  8578542.40
    1175840 |  8578470.48
    1690847 |  8578431.76
    2297489 |  8578399.68
    2299099 |  8578321.55
    2644465 |  8578159.99
     265732 |  8577990.00
    1591445 |  8577780.54
    1849530 |  8577694.40
    2989328 |  8577628.15
    2286338 |  8577626.67
     534518 |  8577598.25
    2778904 |  8577596.51
    2360191 |  8577592.61
     610967 |  8577174.18
    2082483 |  8577041.85
    2619355 |  8576744.43
     209699 |  8576730.55
    1754785 |  8576589.12
     535694 |  8576580.06
    1927213 |  8576403.33
    2717989 |  8576394.24
    2928280 |  8576272.25
     246391 |  8576173.06
    2247618 |  8576159.40
    1142728 |  8576092.00
    2833930 |  8576056.08
     193163 |  8575862.10
    1222475 |  8575862.02
    2655113 |  8575743.76
     434019 |  8575368.00
    1626944 |  8575325.46
    1738294 |  8575248.46
     887044 |  8575137.13
    1232505 |  8575134.50
    1918261 |  8574990.66
     868994 |  8574830.12
     214551 |  8574737.40
     561509 |  8574571.08
      42369 |  8574312.81
     323547 |  8574244.76
    3091429 |  8573947.84
      24654 |  8573938.56
    1980804 |  8573866.18
    1032510 |  8573772.90
     537768 |  8573693.80
     640658 |  8573594.20
     309307 |  8573588.86
     978898 |  8573381.74
     864597 |  8573260.61
    2386995 |  8573225.92
    1004150 |  8573210.46
    1539380 |  8573095.60
    3053570 |  8573086.56
     196159 |  8572971.12
    2109627 |  8572918.80
    1164982 |  8572867.68
      92470 |  8572851.53
     726129 |  8572244.41
    1688950 |  8572178.29
    1550999 |  8572059.48
     689641 |  8572037.76
    1118888 |  8571800.84
    1420953 |  8571703.29
    2498231 |  8571669.96
    1970880 |  8571648.15
     933269 |  8571529.44
    3175385 |  8571399.68
     802445 |  8571385.38
     795268 |  8571382.24
     983034 |  8571247.20
    2686161 |  8570858.87
     288108 |  8570821.70
    1959698 |  8570536.50
    2328123 |  8570384.64
    1828431 |  8570278.86
    1568197 |  8570262.33
    1547216 |  8570033.17
     638557 |  8569729.14
      57613 |  8569551.90
    2782422 |  8569551.11
    2148118 |  8569301.46
     880121 |  8569128.81
    2427523 |  8569066.24
    2099402 |  8568909.98
    1860451 |  8568786.53
    2282872 |  8568676.08
     817427 |  8568543.03
    1144528 |  8568488.88
    2968554 |  8568360.56
    2909269 |  8568323.10
    1073425 |  8568077.91
    2748388 |  8567941.29
      10159 |  8567779.68
    1034966 |  8567646.02
    2377540 |  8567414.70
    3126104 |  8567315.33
    1708932 |  8567098.65
    3050181 |  8567038.32
    3022440 |  8566967.12
    1999719 |  8566863.51
    1287126 |  8566746.39
    1128829 |  8566724.70
    2986768 |  8566612.33
    2803700 |  8566546.43
     714228 |  8566528.88
    1331917 |  8566513.28
      62743 |  8566472.60
    2382424 |  8566470.88
      45051 |  8566116.72
    2707225 |  8566116.40
    2524426 |  8566055.68
    1594292 |  8566004.68
    1365824 |  8565975.60
    1513087 |  8565975.18
    1629803 |  8565798.72
    2921220 |  8565591.51
    1399472 |  8565456.12
    2867739 |  8565436.48
    1233336 |  8565273.36
     529456 |  8565248.20
     435540 |  8564729.28
    2647713 |  8564641.98
    1498994 |  8564274.81
    1021371 |  8564152.80
      32104 |  8564073.88
    1381664 |  8563867.54
     667788 |  8563687.22
    3104140 |  8563638.72
    3076034 |  8563616.72
    1120778 |  8563587.75
     992842 |  8563400.47
    1310316 |  8563287.04
     212782 |  8563266.53
    1382299 |  8563124.39
    2396869 |  8563073.37
    2488379 |  8563041.48
    1643137 |  8562984.32
     318570 |  8562743.35
    1296425 |  8562688.35
    1315916 |  8562645.38
    2264140 |  8562532.62
    2882745 |  8562353.25
    1769026 |  8562215.70
    3140818 |  8562055.95
    1411188 |  8561955.12
    1656529 |  8561704.71
    2909080 |  8561502.40
     573504 |  8561453.31
    3064194 |  8561289.64
    3114222 |  8561272.95
     584203 |  8561110.26
     541117 |  8560713.16
     895398 |  8560629.08
    2763290 |  8560557.22
     640167 |  8560493.90
     818907 |  8560474.62
     661095 |  8559995.02
    1094124 |  8559974.26
    2400143 |  8559954.48
    1042834 |  8559871.20
    1433531 |  8559787.26
    2972452 |  8559168.48
     305459 |  8559151.10
    2121044 |  8559067.09
    1810496 |  8558996.58
     746830 |  8558976.48
    2993977 |  8558552.98
    2963162 |  8558535.96
    2110888 |  8558522.64
     644301 |  8558332.80
    2606918 |  8558286.81
    2148991 |  8558272.73
    2107510 |  8558151.97
    1441713 |  8558066.70
    1656098 |  8557972.64
    1175084 |  8557946.00
    1581979 |  8557943.00
    1296955 |  8557870.55
    2218731 |  8557739.52
    1276281 |  8557726.64
    1162379 |  8557686.86
    2645972 |  8557626.15
     911619 |  8557382.32
    2772432 |  8557307.37
    2559446 |  8556814.24
    1920860 |  8556614.48
     577204 |  8556578.25
    1358840 |  8555872.84
     659375 |  8555833.44
    3151635 |  8555760.96
    3021359 |  8555636.32
     813480 |  8555616.00
    2893394 |  8555538.11
     384893 |  8555464.33
    1997146 |  8555307.46
    3125972 |  8554981.68
    1671343 |  8554835.43
    2388653 |  8554745.70
    2574376 |  8554651.92
     260093 |  8554592.67
    2797052 |  8554493.50
    1407880 |  8554053.60
    3037849 |  8553858.72
    2232428 |  8553824.72
     437402 |  8553756.20
     733999 |  8553501.25
    2843281 |  8553432.00
    3158773 |  8553364.92
    2211586 |  8553280.89
    1565666 |  8553177.36
    1654635 |  8553028.44
    1037427 |  8552890.82
    1088834 |  8552819.61
    2528791 |  8552778.96
     139630 |  8552654.18
     126148 |  8552557.46
    1447895 |  8552411.10
    2159665 |  8552230.12
    1074111 |  8552221.52
    1396280 |  8552192.44
     156267 |  8551853.73
    1479794 |  8551797.12
    1501336 |  8551735.08
    2392060 |  8551719.96
    2132136 |  8551635.24
    2068361 |  8551598.25
     709331 |  8551583.46
    2828199 |  8551453.36
    1948264 |  8551389.36
      55706 |  8551331.97
     136423 |  8551300.76
     912624 |  8551240.15
     676237 |  8551219.41
     337658 |  8551163.66
     662731 |  8551044.76
    2177401 |  8550827.03
     526682 |  8550818.54
      54241 |  8550785.25
     288376 |  8550711.54
    3092432 |  8550593.48
    1075404 |  8550148.32
     908525 |  8550108.00
    2378688 |  8549668.50
    1441842 |  8549388.94
      52853 |  8549263.74
    1415447 |  8549236.80
    2562526 |  8549189.82
    2168831 |  8549189.34
      10057 |  8549175.26
    1157327 |  8549158.26
     439773 |  8549035.46
    1594152 |  8548786.74
     862947 |  8548608.25
    2122909 |  8548600.96
     786691 |  8548518.34
     879367 |  8548469.55
    1462080 |  8548317.40
    2981652 |  8548193.50
     976967 |  8548022.36
     308443 |  8547934.81
    2210450 |  8547860.41
     514607 |  8547762.52
    2805313 |  8547703.08
    1368534 |  8547596.88
    2337055 |  8547458.52
    1760204 |  8547415.06
    3173020 |  8547328.30
     777424 |  8547218.52
     948459 |  8547116.10
    2897793 |  8547108.04
     496614 |  8546848.12
    1443773 |  8546843.32
     773287 |  8546702.62
     412450 |  8546617.06
    1646362 |  8546594.25
      69509 |  8546583.80
     560558 |  8546541.43
    1853336 |  8546532.92
     787784 |  8546490.18
     709132 |  8546351.46
    1197571 |  8546317.00
     203782 |  8546171.96
    1199509 |  8546027.20
    2261617 |  8545995.56
    3032367 |  8545951.68
    1552409 |  8545675.77
    2451683 |  8545655.20
    1752500 |  8545581.00
    2744177 |  8545574.18
     120261 |  8545569.48
     993587 |  8545516.11
     784928 |  8545226.60
    2779992 |  8544961.46
      61810 |  8544787.40
    1047443 |  8544494.40
    1600187 |  8544469.86
     128516 |  8544418.56
    1320737 |  8544404.70
    3130997 |  8544266.00
    1848551 |  8544187.08
     639342 |  8544154.08
    2449547 |  8543744.52
     145246 |  8543612.28
    2772774 |  8543454.13
    2970017 |  8543324.16
    1723799 |  8543267.78
     552617 |  8543192.44
     266624 |  8543110.48
    1321904 |  8542797.55
    1775361 |  8542680.25
    1638428 |  8542610.91
    2429367 |  8542350.60
    1017910 |  8542186.94
    2237639 |  8542180.16
    2403219 |  8542118.20
    1806127 |  8542015.46
     341730 |  8541861.29
    1426080 |  8541744.72
    1478656 |  8541576.75
    1425358 |  8541415.96
    2345350 |  8541311.72
    2779526 |  8541259.44
    2336495 |  8541201.92
    2424659 |  8541179.01
     832373 |  8540912.76
    3191492 |  8540771.64
    2225836 |  8540651.52
    1086638 |  8540436.44
    2217439 |  8540429.92
    2402771 |  8540417.50
     690743 |  8540323.68
    2113303 |  8540293.95
     576268 |  8540224.56
    1486048 |  8539936.74
    2801583 |  8539818.26
    2295895 |  8539659.20
     200436 |  8539580.23
      83937 |  8539442.07
     324792 |  8539398.04
    2065051 |  8539233.52
     794684 |  8539140.64
     676816 |  8539101.42
    1309385 |  8538656.80
    1124787 |  8538612.10
     664888 |  8538484.57
    2673459 |  8538465.55
    1422959 |  8538292.80
    2342357 |  8538209.35
    2038256 |  8538024.96
     437483 |  8537984.65
      47510 |  8537820.62
     244939 |  8537756.37
    2333069 |  8537678.88
    1622859 |  8537636.25
    2481894 |  8537581.05
    2118005 |  8537147.82
    2185534 |  8537051.40
     563799 |  8536829.27
    2795909 |  8536816.88
    2791555 |  8536815.52
    2999064 |  8536788.10
    1886648 |  8536510.00
    1548619 |  8536167.86
    1511606 |  8536162.05
    1389978 |  8536137.03
    1160243 |  8536032.72
    1690758 |  8536027.20
    1489233 |  8535959.52
    1490886 |  8535820.32
      51194 |  8535353.45
    2537904 |  8534918.36
    1829159 |  8534747.65
    2171847 |  8534636.15
    3126602 |  8534631.68
    2188007 |  8534459.90
    2632754 |  8534374.40
    2421755 |  8534276.52
    1848065 |  8534142.50
     641775 |  8534136.96
    1407281 |  8534129.17
    2153704 |  8534075.40
    3131960 |  8534035.50
      82122 |  8534027.15
    1104741 |  8534012.76
    2576502 |  8533359.45
      94891 |  8532982.50
    2676176 |  8532862.23
    2728537 |  8532832.00
    2762043 |  8532764.46
    1180571 |  8532582.76
     943740 |  8532235.00
     387251 |  8532216.15
    1627004 |  8532109.60
    2267823 |  8531941.74
    1970383 |  8531686.66
     931968 |  8531680.80
    1277770 |  8531664.96
    1727301 |  8531664.05
     178472 |  8531640.90
    2897333 |  8531560.80
    1618817 |  8531456.08
    1845783 |  8531237.95
    1666014 |  8531166.60
    1786932 |  8531145.87
    2485594 |  8530571.96
     100308 |  8530323.12
    2140177 |  8530322.87
    2467903 |  8530211.84
      98256 |  8530210.36
     903335 |  8530132.50
    1491357 |  8530110.40
    1583755 |  8529837.82
    1446480 |  8529415.26
    3179237 |  8529307.60
    2432474 |  8529181.54
    2349443 |  8529119.01
     436468 |  8529054.66
      65729 |  8528891.35
     521093 |  8528838.08
     387668 |  8528785.74
    2919309 |  8528666.80
     658771 |  8528517.60
    2296898 |  8528510.87
     115956 |  8528480.76
    1294538 |  8528438.35
      30062 |  8528366.40
     836651 |  8528215.25
    2348867 |  8528123.52
     326680 |  8528068.56
     850673 |  8528056.65
    2011257 |  8527906.75
    3082583 |  8527859.17
    2034278 |  8527841.26
    1772326 |  8527829.52
    3030481 |  8527825.20
    1408987 |  8527725.48
    1613672 |  8527720.50
     183170 |  8527685.86
     223570 |  8527666.86
    1091177 |  8527634.28
    2976978 |  8527513.01
    1326914 |  8527493.50
    1029198 |  8527361.32
    2946198 |  8527304.40
    3092063 |  8527272.96
     255727 |  8527212.36
    1705436 |  8527160.07
    2636477 |  8526505.47
     380749 |  8526433.68
    2816441 |  8526336.00
    3040824 |  8526235.04
       7967 |  8526089.04
    1043547 |  8525866.44
    1780684 |  8525824.17
    2844877 |  8525623.23
    1029744 |  8525536.88
    2526939 |  8525109.48
     726136 |  8525102.55
    2266650 |  8525094.60
    1844982 |  8525037.05
     399700 |  8524897.04
    2266543 |  8524890.07
      84234 |  8524856.24
    2273428 |  8524763.52
     364470 |  8524484.16
     653821 |  8524315.84
      19205 |  8524089.57
    1749282 |  8524087.60
    2170239 |  8524008.48
     741986 |  8523898.76
    2758555 |  8523897.48
    1046326 |  8523622.77
      37431 |  8523479.61
     784719 |  8523378.02
     168520 |  8523360.67
    2277395 |  8523265.34
    3003625 |  8523060.00
     969454 |  8523050.74
    2574266 |  8522945.20
    2617484 |  8522761.44
    2310589 |  8522572.80
    2875229 |  8522421.04
    3016880 |  8522066.07
     625642 |  8521979.62
     205199 |  8521956.48
    2336854 |  8521916.16
      38986 |  8521804.20
    2646417 |  8521744.27
    1434044 |  8521686.25
    2566886 |  8521505.02
     907322 |  8521457.34
     735040 |  8520900.48
    3180852 |  8520746.70
    2089897 |  8520724.44
    1592503 |  8520593.80
    1909804 |  8520511.35
      42500 |  8520386.16
      47842 |  8520248.10
     512821 |  8520143.36
    1551515 |  8520029.82
    3047060 |  8519821.43
     894082 |  8519782.98
    3038932 |  8519779.82
    2794815 |  8519595.50
     274771 |  8519565.42
     279436 |  8519472.00
    3052514 |  8519145.38
    2345854 |  8518938.12
     157678 |  8518896.90
    1348118 |  8518817.74
     763297 |  8518666.88
      64401 |  8518418.23
     262108 |  8518346.76
    1989972 |  8518294.32
    1085899 |  8518276.20
    2705867 |  8518083.00
    2950416 |  8518076.58
     584226 |  8518067.25
    2767712 |  8517971.63
    2750070 |  8517884.20
    1572592 |  8517786.32
     135255 |  8517746.16
     293035 |  8517646.91
    1713706 |  8517637.57
    1323033 |  8517553.89
     569586 |  8517540.09
     828434 |  8517424.86
    2688108 |  8517368.58
     115782 |  8517181.82
    1749619 |  8517110.35
    2914013 |  8517000.45
    1648803 |  8516950.56
     978881 |  8516843.76
     669397 |  8516792.37
    2037023 |  8516752.10
    1627637 |  8516570.13
    3191259 |  8516534.11
     405980 |  8516424.00
    2317686 |  8516389.49
    3038354 |  8516329.74
    2189554 |  8516213.25
    1978993 |  8516180.85
    2038162 |  8516124.54
    2554982 |  8515849.39
     589978 |  8515692.40
    2849309 |  8515686.96
     621904 |  8515672.20
    1985450 |  8515431.60
    2793071 |  8515400.89
    2107174 |  8515243.77
      24027 |  8515195.40
     400161 |  8515092.50
    1944707 |  8514910.72
     177096 |  8514304.64
    2233373 |  8514285.57
    1125805 |  8514274.56
    1293022 |  8514250.17
    2077903 |  8514180.00
    1748365 |  8514138.36
    1177774 |  8514072.84
    2120967 |  8513963.84
    2053550 |  8513648.43
    1004007 |  8513448.16
    2791613 |  8513415.30
       7289 |  8513280.60
      26579 |  8513276.85
    2503892 |  8513160.14
     696257 |  8513140.09
     396617 |  8513106.48
    2622320 |  8512920.35
    1595907 |  8512741.00
    2497308 |  8512581.66
    2495141 |  8512561.20
    2388727 |  8512461.41
    3022044 |  8511923.80
    2586168 |  8511799.24
     638050 |  8511666.24
    1222098 |  8511662.71
    2132256 |  8511599.94
    1942248 |  8511557.76
    1641531 |  8511541.60
    1877656 |  8511532.85
    2141641 |  8511526.17
    1087949 |  8511470.64
     136599 |  8511298.04
    1042977 |  8511127.45
     859181 |  8511021.40
    1568582 |  8511017.01
     284695 |  8510989.76
     814771 |  8510911.45
    2932911 |  8510846.30
    1789471 |  8510444.28
    2176498 |  8509998.38
    1236463 |  8509838.68
    2463055 |  8509398.78
     505360 |  8509397.22
     197093 |  8509209.03
     249258 |  8509080.80
     240670 |  8508983.45
    3097247 |  8508967.74
     657934 |  8508846.94
    1347065 |  8508783.68
     657126 |  8508733.64
     496465 |  8508626.41
    1967380 |  8508509.24
    1101368 |  8508418.75
     274736 |  8508390.48
    2926395 |  8508165.82
    2689626 |  8507993.22
    2482292 |  8507916.82
    2947763 |  8507893.08
    2265421 |  8507868.93
      97097 |  8507714.84
     228715 |  8507630.69
    2080359 |  8507513.85
     924133 |  8507313.84
    1778505 |  8507219.12
    1958169 |  8506893.83
     456532 |  8506877.94
    2977676 |  8506715.58
    1180919 |  8506712.94
    1181743 |  8506695.45
    2644252 |  8506527.48
     205623 |  8506389.78
    1524999 |  8506342.00
     854021 |  8506201.11
     818741 |  8506188.00
     151577 |  8506110.67
      49646 |  8506007.80
    1024122 |  8505938.27
    2121911 |  8505934.42
    1496299 |  8505649.80
    2209697 |  8505644.76
    1244427 |  8505596.52
    2143929 |  8505310.99
    2206610 |  8505264.24
     564412 |  8505059.30
    2807456 |  8504886.68
     306468 |  8504822.83
    2641150 |  8504787.12
    2171105 |  8504696.85
    2891987 |  8504666.90
     686951 |  8504569.80
     684809 |  8504308.00
    1454426 |  8504203.50
    1385461 |  8504113.12
    2397774 |  8503996.48
     983963 |  8503693.44
     583816 |  8503561.20
    1674863 |  8503508.00
    1797627 |  8503461.06
     671275 |  8503328.16
     363798 |  8503301.51
    1390561 |  8503120.16
    2350270 |  8502968.11
    1130533 |  8502884.09
    1351738 |  8502852.55
    2165344 |  8502804.00
    1259105 |  8502748.16
    1738632 |  8502688.52
    2601459 |  8502349.34
    2820407 |  8502286.88
    1801873 |  8502167.87
    1006969 |  8502048.96
    3025961 |  8501938.90
     716849 |  8501818.01
    2143858 |  8501773.38
    2713618 |  8501762.88
    3189499 |  8501694.81
    2769298 |  8501406.76
    2310561 |  8501379.00
    2454577 |  8501300.85
    2674611 |  8501253.90
    2795376 |  8501242.24
     162614 |  8501233.35
    1428827 |  8501196.60
     209482 |  8501192.74
    1034400 |  8501187.87
    2270189 |  8500664.22
    2880418 |  8500429.42
     442537 |  8500376.34
     294087 |  8500260.12
    2736866 |  8499765.56
     982859 |  8499728.80
    2095029 |  8499688.00
    2323785 |  8499159.18
     162099 |  8499085.84
     552164 |  8499075.00
    2887663 |  8498999.04
    2493200 |  8498894.16
    2273954 |  8498846.40
    1528086 |  8498627.73
    2158496 |  8498590.66
    2745449 |  8498573.52
    1566243 |  8498518.46
     121787 |  8498487.96
    2486881 |  8498262.33
     800717 |  8498256.82
    1481041 |  8497916.16
     121455 |  8497912.02
     127327 |  8497573.92
    2961628 |  8497571.58
    1582588 |  8497279.48
    2097316 |  8496998.76
    1988018 |  8496672.36
     366482 |  8496566.19
    2707740 |  8496549.00
    2723775 |  8496538.84
    2449095 |  8496519.01
     160810 |  8496403.30
    2379681 |  8496358.58
    2162824 |  8496141.14
     432081 |  8496079.54
    2433486 |  8495877.86
    1158138 |  8495793.11
    1943270 |  8495609.38
    2744787 |  8495402.24
     457800 |  8494921.47
     132375 |  8494902.60
     153390 |  8494849.12
    2235354 |  8494838.55
     111490 |  8494629.50
     844084 |  8494482.36
    2155276 |  8494458.28
     794213 |  8494399.52
    3097897 |  8494349.38
    1126135 |  8494297.52
    2959288 |  8494231.20
    1389368 |  8494200.92
    2741370 |  8494135.02
    3051488 |  8493876.00
     571180 |  8493758.70
    1706686 |  8493708.00
    2760635 |  8493688.69
     822315 |  8493638.40
     281532 |  8493603.87
     969576 |  8493564.96
    1680271 |  8493553.60
    2120647 |  8493469.38
     146307 |  8493396.30
    3056341 |  8493308.46
    3004269 |  8493283.31
     731216 |  8493207.38
    1245170 |  8492743.50
    1781433 |  8492694.21
    2055028 |  8492500.30
    1558035 |  8492396.88
     710496 |  8492302.42
    2157459 |  8492277.86
     134948 |  8492149.54
    2268964 |  8492048.10
     910289 |  8491549.60
    3147005 |  8491502.61
     898164 |  8491461.66
    1606959 |  8491444.75
     509914 |  8491339.16
     500018 |  8491101.94
    2355049 |  8490999.30
    1840519 |  8490914.67
    3158545 |  8490872.88
    1926449 |  8490737.10
     543299 |  8490732.18
    2737210 |  8490637.11
     511712 |  8490584.43
     592475 |  8490578.60
       5700 |  8490504.45
      39737 |  8490484.97
     216470 |  8490425.12
    1452038 |  8490373.55
    2907878 |  8490231.12
    2299376 |  8490207.84
    1670586 |  8490114.96
    1126086 |  8489999.78
    2732986 |  8489930.94
    1556109 |  8489812.56
    1037694 |  8489744.64
    1852570 |  8489674.55
     852565 |  8489581.75
    3025906 |  8489293.84
    1506545 |  8489111.67
    1587532 |  8488982.75
    1234227 |  8488890.09
     949700 |  8488869.20
    2399741 |  8488849.20
    2585892 |  8488812.00
    1876944 |  8488758.00
     185353 |  8488726.68
     746344 |  8488483.29
    2555742 |  8488448.08
     655633 |  8488434.50
     538064 |  8488287.50
    3058314 |  8487975.96
     423314 |  8487685.17
     838664 |  8487647.98
    2011004 |  8487646.20
    2135105 |  8487556.60
    1072429 |  8487545.10
    3114757 |  8487532.94
     422890 |  8487050.86
     927714 |  8486963.40
    1872999 |  8486942.64
     255066 |  8486907.20
       3813 |  8486899.20
    1272118 |  8486854.08
     559445 |  8486692.32
     583965 |  8486627.42
    1598405 |  8486540.00
     783880 |  8486230.62
     852679 |  8486149.48
    1490939 |  8486077.20
    1744807 |  8485918.47
    2928972 |  8485900.15
     656683 |  8485672.50
    1020826 |  8485645.44
    2831274 |  8485582.54
     211131 |  8485563.45
    1085453 |  8485419.38
     568674 |  8485328.16
    2186061 |  8485243.16
    2003037 |  8485230.04
     612264 |  8485191.50
     794140 |  8485130.51
     309402 |  8485103.25
     684009 |  8485094.40
     534994 |  8485080.78
     721588 |  8484971.95
     632294 |  8484963.68
    2789715 |  8484856.06
    1373109 |  8484743.02
      70387 |  8484705.00
    2172348 |  8484551.46
    1458918 |  8484548.72
     702250 |  8484456.67
    2299181 |  8484411.25
    1698256 |  8484307.12
    1142251 |  8484282.41
     258093 |  8484229.60
    2829833 |  8484149.96
     911709 |  8483982.74
     281168 |  8483891.25
    2387488 |  8483637.65
     336516 |  8483635.46
    2195332 |  8483504.92
    3080918 |  8483434.63
    1213196 |  8483279.04
    2854161 |  8483209.56
    2062978 |  8483006.46
     944085 |  8482998.81
     941002 |  8482961.88
     104474 |  8482960.76
    2727370 |  8482935.13
    1487489 |  8482825.80
    2161924 |  8482737.42
    2996824 |  8482714.85
    1778786 |  8482665.75
    1654806 |  8482575.60
     587829 |  8482504.08
    1189322 |  8482394.85
    1277512 |  8482312.16
    1959010 |  8482223.75
    1283866 |  8482167.60
    1080641 |  8482024.86
    2109967 |  8481970.16
    2876521 |  8481866.88
     564296 |  8481860.82
    3056503 |  8481797.30
    2129297 |  8481391.40
    3057837 |  8481322.80
    2578805 |  8481229.07
     800297 |  8481033.96
    1324487 |  8480918.52
    1428623 |  8480849.18
    2920468 |  8480792.76
     854059 |  8480755.20
    1911450 |  8480706.26
     863897 |  8480360.70
    1991487 |  8480227.00
    1728100 |  8480149.83
    1574252 |  8479962.24
    2259112 |  8479893.96
     535072 |  8479787.02
    1249002 |  8479748.88
     377126 |  8479577.78
    1984052 |  8479552.52
     553878 |  8479550.64
    1384813 |  8479535.34
    2165408 |  8479504.32
     105732 |  8479476.13
    1634132 |  8479472.40
    1888832 |  8479465.00
    2709857 |  8479415.63
    2929621 |  8479387.40
    1741594 |  8479263.38
     704287 |  8478861.68
    2472167 |  8478844.62
    1311849 |  8478176.00
    2038955 |  8478012.48
    2002458 |  8478005.12
    2706423 |  8477878.70
     240497 |  8477834.96
    2203601 |  8477749.09
    1339760 |  8477669.88
    2418739 |  8477560.16
    2012510 |  8477407.94
     869864 |  8477349.12
     482660 |  8477275.04
     729209 |  8477113.37
    1890385 |  8476812.00
    1952080 |  8476752.24
     626137 |  8476689.60
    2356693 |  8476567.04
    1564701 |  8476493.02
    3005712 |  8476479.23
    2252418 |  8476317.30
     621120 |  8476046.04
    2709449 |  8476041.20
     932436 |  8476025.52
    2667851 |  8475901.40
    1912365 |  8475747.18
     534722 |  8475636.75
     855256 |  8475583.38
     125453 |  8475511.44
    3189788 |  8475437.00
     459334 |  8475261.76
    1934179 |  8475047.99
    2846800 |  8474628.94
    2133133 |  8474616.49
     365431 |  8474598.36
    1861742 |  8474389.69
     963074 |  8474382.54
    2488300 |  8474339.22
     570230 |  8474144.38
    2680268 |  8474069.80
    2505756 |  8473906.56
    2925860 |  8473898.82
    2549756 |  8473889.55
     936160 |  8473790.52
    2936469 |  8473709.20
    1757441 |  8473411.43
    2996023 |  8473384.64
    3038846 |  8473379.27
    2785430 |  8473255.74
    2234218 |  8473024.74
     710914 |  8472795.10
    2506425 |  8472792.24
      46129 |  8472717.96
    1750987 |  8472533.00
     734707 |  8472517.04
     987803 |  8472371.10
    2999137 |  8472227.40
     828973 |  8472195.25
    3030416 |  8472141.40
    1678772 |  8472093.80
      93420 |  8471999.25
    1710429 |  8471858.71
    3036639 |  8471836.32
    1407096 |  8471746.80
     318738 |  8471580.00
    2089508 |  8471452.08
    3057568 |  8471311.97
     577383 |  8471284.44
    2143236 |  8471194.16
    2628920 |  8471035.30
    2039418 |  8470687.33
    2265433 |  8470622.38
    2011692 |  8470024.29
    3129777 |  8469882.45
    1526918 |  8469819.60
    2618904 |  8469793.47
     372664 |  8469534.48
    2369106 |  8469415.24
    1144626 |  8469344.48
     923511 |  8469306.52
    2208830 |  8469159.92
    1935587 |  8469129.06
    3068408 |  8468971.50
    3077214 |  8468828.16
     583447 |  8468523.00
    3064517 |  8468455.20
    2278515 |  8468018.11
    1515956 |  8467986.98
     436176 |  8467837.02
     339149 |  8467401.60
    2382923 |  8467338.03
    1985863 |  8467288.70
     570964 |  8467277.70
     122356 |  8467274.88
    1245257 |  8467218.48
    1197663 |  8467076.52
    2462293 |  8467021.80
    1375184 |  8466819.40
      11178 |  8466774.80
     655159 |  8466721.73
    1877837 |  8466693.34
    1107185 |  8466449.80
     675952 |  8466437.34
     813094 |  8466276.90
    2514839 |  8466162.98
    2079873 |  8466048.30
    1167469 |  8465976.20
    2847204 |  8465887.35
    2980572 |  8465872.80
    1843594 |  8465782.50
    2742899 |  8465697.24
    1052943 |  8465327.40
     851617 |  8465282.62
     751577 |  8465171.37
    2699672 |  8465155.18
    1021078 |  8465092.80
    1428667 |  8465047.92
     463099 |  8464853.25
    2173301 |  8464849.60
    1676166 |  8464652.80
    2709874 |  8464617.28
    1395015 |  8464405.20
    3142543 |  8464321.80
     547670 |  8464287.72
     383201 |  8464258.28
    3189121 |  8463859.95
     953225 |  8463795.45
    2218124 |  8463778.24
    2476338 |  8463768.30
     425553 |  8463648.62
    3000827 |  8463413.00
     206875 |  8463386.40
     222593 |  8463313.09
     342868 |  8463219.87
    2698324 |  8463169.77
     233267 |  8463158.68
    3054399 |  8462974.40
     767492 |  8462890.94
    2101733 |  8462676.30
    1070138 |  8462560.00
     897504 |  8462550.63
     916323 |  8462485.98
    2196267 |  8462462.50
     486374 |  8462444.49
     954408 |  8462414.80
     535050 |  8462345.15
    1278812 |  8462249.28
    2745657 |  8461885.60
    1445895 |  8461827.85
     263802 |  8461635.49
     535653 |  8461484.51
    2600377 |  8461458.94
    2796155 |  8461445.76
    3196101 |  8461318.85
    1293206 |  8461104.94
    3005823 |  8461000.16
    1089005 |  8460696.17
    1194043 |  8460544.49
     488503 |  8460475.22
    1271492 |  8460474.70
     135923 |  8460369.40
    1325816 |  8460323.32
     978979 |  8460244.10
    2482820 |  8459991.14
    1373339 |  8459863.23
    1358745 |  8459719.02
    1471728 |  8459550.56
     326626 |  8459417.98
    1643543 |  8459173.94
    2187854 |  8459161.62
    2669991 |  8459145.76
      67024 |  8459121.61
    1361418 |  8458864.47
     246829 |  8458652.24
     503112 |  8458546.32
    2239063 |  8458541.07
     800273 |  8458480.56
    2013196 |  8458344.04
    1988118 |  8458316.70
    3181534 |  8458304.00
     158183 |  8458265.88
     391516 |  8458149.69
     884410 |  8458149.31
    2802834 |  8458031.22
     533639 |  8457507.10
    1698889 |  8457313.63
    3071260 |  8457313.00
     477506 |  8457109.44
      92720 |  8456778.01
    2663268 |  8456764.21
    1041238 |  8456759.41
    1642863 |  8456717.34
    2641218 |  8456716.96
    2219910 |  8456654.40
     879873 |  8456591.82
    1966482 |  8456574.00
    1752464 |  8456555.96
     101908 |  8456360.82
    3104462 |  8456325.61
     356660 |  8456217.03
    3087708 |  8456112.83
    1961988 |  8455436.73
    2712803 |  8455289.22
    1111874 |  8455277.16
    2543505 |  8455276.80
    1445721 |  8455258.56
     921409 |  8455144.72
     736215 |  8455048.35
    1105854 |  8454905.70
    2838935 |  8454894.76
    3060785 |  8454798.66
    1557260 |  8454687.48
    2578815 |  8454668.67
    1421359 |  8454455.46
    2765271 |  8454348.54
    1125577 |  8454246.52
    1238777 |  8454106.10
    2896465 |  8454074.82
    2843417 |  8453830.72
    3047223 |  8453771.00
    1340505 |  8453653.28
     407255 |  8453489.01
     516997 |  8453391.48
    2138827 |  8453317.68
     757252 |  8453313.16
    2545570 |  8453104.60
     277880 |  8453068.44
     946093 |  8452905.25
    2086956 |  8452902.71
    2185422 |  8452815.00
    2044650 |  8452703.75
    3060146 |  8452608.32
    1506015 |  8452156.96
    1675214 |  8452104.00
    2924625 |  8451955.05
     246339 |  8451858.00
    2458476 |  8451698.27
    2445850 |  8451436.76
     794578 |  8451397.92
    2928827 |  8451276.00
    2096163 |  8451073.57
     974501 |  8451036.32
    1537000 |  8450940.60
     302929 |  8450927.80
    2384903 |  8450927.36
     503948 |  8450858.03
     130184 |  8450843.16
    1727836 |  8450639.36
    2290556 |  8450611.26
    2672073 |  8450511.42
    2924584 |  8450374.80
    2439461 |  8450294.27
     164162 |  8450178.40
    2770973 |  8450129.64
     504829 |  8450060.06
     816153 |  8450040.91
    2150296 |  8449657.20
    1585511 |  8449629.98
    2631165 |  8449403.28
    2567370 |  8449382.29
    2530805 |  8449156.76
    1237116 |  8449019.04
     787086 |  8448912.00
     138783 |  8448870.32
     788216 |  8448793.53
    1339753 |  8448681.68
    1816470 |  8448614.22
    1010643 |  8448555.00
     381693 |  8448415.20
     611291 |  8448373.04
    1478777 |  8448228.48
    1289392 |  8448148.80
    1360299 |  8448142.05
    2221852 |  8447903.31
    1068153 |  8447805.24
    2174208 |  8447689.32
     758545 |  8447628.04
    1796539 |  8447527.80
    2733746 |  8447486.94
     602986 |  8447472.54
    1246339 |  8447292.55
    2991447 |  8447278.59
    2357211 |  8447236.17
     841766 |  8447193.45
    1583732 |  8447164.69
    3143665 |  8447063.04
    1641048 |  8446710.14
    2314284 |  8446640.92
    1962275 |  8446507.80
    1158884 |  8446450.00
     840432 |  8446447.80
     797065 |  8446420.08
    2916467 |  8446398.03
    1020815 |  8446256.10
     146498 |  8446202.20
    2854805 |  8445893.94
    1359491 |  8445554.55
    1852943 |  8445526.20
     842514 |  8445494.05
     171543 |  8445234.19
     131630 |  8445200.40
     452926 |  8445101.80
    2296759 |  8445040.80
    1640851 |  8445023.44
     807405 |  8444962.42
    1535991 |  8444835.00
    1751745 |  8444650.27
    1263843 |  8444503.74
    1111585 |  8444230.47
    2992936 |  8444136.51
    1558645 |  8443863.96
    1803422 |  8443785.12
    1810128 |  8443652.76
    2026806 |  8443533.98
    1932158 |  8443421.25
     616822 |  8443341.04
    2489599 |  8443305.00
    2459335 |  8443293.48
     432801 |  8443183.58
      74863 |  8442599.32
    2702029 |  8442596.30
    1818463 |  8442575.68
    2871577 |  8442552.16
    1078212 |  8442381.42
    3021595 |  8442217.92
    2118325 |  8442168.40
    1695170 |  8442159.48
    2838755 |  8442155.51
    2846648 |  8442119.35
     709255 |  8441955.82
    1168506 |  8441945.00
     838138 |  8441608.84
    1429493 |  8441535.52
    3067054 |  8441439.30
    2524275 |  8441282.43
    1171298 |  8441234.88
     853286 |  8441037.00
    2295662 |  8441008.23
     365764 |  8440928.60
    1984605 |  8440865.12
     868881 |  8440821.79
    1458449 |  8440806.70
    1975990 |  8440792.92
    2683990 |  8440529.24
    2648849 |  8440358.70
     823091 |  8440330.00
    1314184 |  8440167.75
     273248 |  8440161.48
    1709660 |  8440149.27
    2065842 |  8440116.70
     830283 |  8440072.70
     518801 |  8440031.60
    1226703 |  8440031.52
    2978730 |  8439939.50
    1864385 |  8439892.32
    2761297 |  8439792.71
    1650673 |  8439722.64
    1446847 |  8439592.94
    2390696 |  8439586.02
    1193483 |  8439470.38
     686628 |  8439320.49
    3140059 |  8439254.19
    1314579 |  8439229.84
     705828 |  8438936.64
     734241 |  8438845.50
    2985704 |  8438794.90
    1867048 |  8438672.88
     741341 |  8438663.31
    1889176 |  8438522.73
    1389800 |  8438453.67
    3087599 |  8438308.50
    1009472 |  8438099.88
     922840 |  8437648.62
    2053507 |  8437397.71
    2338497 |  8437326.44
     843152 |  8437262.88
    2942088 |  8437131.45
    1998605 |  8437130.22
     669582 |  8437123.62
    1725908 |  8436932.22
    1178437 |  8436876.88
    2381345 |  8436834.36
    1965313 |  8436550.65
    1520485 |  8436348.26
     882967 |  8436262.41
    1515548 |  8436141.20
     442053 |  8436115.16
    2098208 |  8436114.60
    2432799 |  8436075.06
    2652835 |  8436002.68
    1241382 |  8435991.75
    1268457 |  8435984.96
     271589 |  8435957.94
    1400911 |  8435945.70
    2371856 |  8435782.55
    2989306 |  8435464.15
    2869789 |  8435414.76
     921589 |  8435108.78
    3080368 |  8434729.04
     600790 |  8434686.15
     130148 |  8434501.50
     215438 |  8434472.20
    1338355 |  8434406.99
    1828488 |  8434338.69
     688063 |  8434186.42
    1975120 |  8433346.00
    3160758 |  8433282.79
     581427 |  8433281.22
      43727 |  8433193.02
    2814589 |  8433157.00
    2661734 |  8433095.60
    1914622 |  8433077.04
      40261 |  8432921.10
     996520 |  8432755.83
     723862 |  8432504.08
       9972 |  8432275.28
    1730782 |  8432155.96
    2261359 |  8432094.45
    2328985 |  8432048.81
     135346 |  8431913.00
    3074563 |  8431874.94
    2963047 |  8431762.50
    3090807 |  8431372.95
     248015 |  8431352.41
    1498832 |  8431136.34
    1896050 |  8431035.08
    2162708 |  8431030.30
    2018996 |  8430938.43
     981419 |  8430933.69
    2389859 |  8430788.80
    2874601 |  8430788.75
    1447260 |  8430754.88
     486870 |  8430747.95
    2207645 |  8430696.92
    1051500 |  8430589.74
     755600 |  8430585.36
    2588990 |  8430559.52
    1420773 |  8430548.58
     892318 |  8430505.20
     410035 |  8430275.28
    2551698 |  8430080.00
      46393 |  8429995.37
     946190 |  8429839.44
     764836 |  8429510.39
    1335960 |  8429468.67
    1886362 |  8429398.75
     333650 |  8429384.11
     295439 |  8429359.77
     171305 |  8429326.36
    2110911 |  8429171.40
     898540 |  8429054.75
    3070423 |  8429021.12
    1118366 |  8429017.80
    1709680 |  8428858.92
     623893 |  8428839.87
     839503 |  8428770.11
    2502061 |  8428631.13
     439874 |  8428481.41
    2469390 |  8428457.04
     773271 |  8428130.60
     644270 |  8427853.36
     165974 |  8427751.15
    1212954 |  8427641.28
    1934957 |  8427617.40
    2338430 |  8427605.44
    1265910 |  8427525.85
    3102816 |  8427404.56
     275780 |  8427326.88
     893881 |  8427304.71
     917918 |  8427135.72
    2667282 |  8427106.60
    1394533 |  8426979.00
     729426 |  8426884.20
     966686 |  8426641.36
     230469 |  8426247.28
    2951441 |  8426237.41
    1633419 |  8426181.40
    1790493 |  8425984.42
     677873 |  8425975.11
    2855490 |  8425964.80
    2174741 |  8425910.60
      88569 |  8425832.20
    1621413 |  8425811.16
     997979 |  8425809.00
    2908918 |  8425710.56
    2430888 |  8425694.28
    2823392 |  8425662.46
    2821755 |  8425592.50
     192501 |  8425546.57
    2564776 |  8425539.60
    2857982 |  8425422.32
    1596480 |  8425341.10
    2151859 |  8425300.74
    2921039 |  8425289.40
    2322768 |  8424804.43
     970701 |  8424557.11
    1579560 |  8424421.74
    1080595 |  8424397.44
    2597661 |  8424150.02
     355818 |  8424118.56
     289927 |  8423911.44
     831733 |  8423902.33
    1014011 |  8423636.11
     286480 |  8423561.72
    1396687 |  8423527.20
    2708121 |  8423489.53
    2007635 |  8423471.25
    1167489 |  8422866.21
    1750317 |  8422764.75
     344375 |  8422762.20
    1548101 |  8422730.36
    2581357 |  8422718.52
     326995 |  8422718.24
    1675943 |  8422676.64
    2356137 |  8422565.99
     824930 |  8422420.94
    1261122 |  8422402.26
    3002398 |  8422154.88
    3184175 |  8422124.05
     865545 |  8422103.90
    2706794 |  8422037.00
     829861 |  8422030.52
     518031 |  8421916.44
    2711156 |  8421738.32
    1816501 |  8421688.14
    1193430 |  8421556.50
    2645937 |  8421378.80
     340453 |  8421346.20
    2973358 |  8421273.98
    2243637 |  8421140.52
    2119254 |  8421078.69
     739238 |  8421057.75
    1473409 |  8421043.36
    1038319 |  8420357.04
     463053 |  8419943.07
    2542938 |  8419802.88
    1191043 |  8419534.88
    1656828 |  8419531.75
     100960 |  8419403.46
    1914632 |  8419242.08
     976880 |  8419215.58
    2883147 |  8419117.33
     150154 |  8419086.00
     303262 |  8418803.01
     372699 |  8418563.65
    3034166 |  8418440.48
    1054546 |  8418398.04
    2393096 |  8418268.74
     224347 |  8418205.32
     144110 |  8418172.20
    1796210 |  8418008.52
    1961085 |  8417880.62
    1046130 |  8417798.00
    2600776 |  8417789.94
     471722 |  8417732.07
    2003984 |  8417416.84
    1970905 |  8417375.16
    1309861 |  8417229.73
     570525 |  8417103.20
    1022888 |  8417027.50
     104726 |  8416869.94
    1948920 |  8416817.41
     450708 |  8416800.00
    1251126 |  8416787.16
    2984368 |  8416732.80
    1929803 |  8416512.82
    2647277 |  8416427.79
    2037348 |  8416302.72
     673568 |  8416233.84
     378021 |  8416168.46
    3104609 |  8416119.30
    1425260 |  8415855.50
    1747390 |  8415721.05
     499253 |  8415551.16
    2586854 |  8415527.16
     685945 |  8415476.85
    2144953 |  8415452.76
     226860 |  8415408.96
    1398674 |  8415166.61
    1413270 |  8414999.84
     369720 |  8414903.00
    2150723 |  8414803.52
     103618 |  8414750.78
    2851396 |  8414552.96
    3163528 |  8414510.85
    1886935 |  8414247.03
    2390555 |  8414140.50
    1669831 |  8414067.36
    3193527 |  8413954.01
    1341341 |  8413874.24
    3139823 |  8413851.26
       4792 |  8413735.31
    1312284 |  8413712.45
    1341246 |  8413608.40
    3192646 |  8413606.26
    2096968 |  8413582.59
     720667 |  8413382.64
    2299807 |  8413150.55
    1695240 |  8413087.05
     211128 |  8412805.10
     919244 |  8412223.10
    1789009 |  8412212.68
     452959 |  8412033.45
    2423777 |  8412030.10
     578104 |  8412008.70
     979708 |  8411963.82
    2267203 |  8411583.84
    2081923 |  8411355.54
     415147 |  8411224.11
     992314 |  8411107.36
    1184009 |  8411056.00
    2922881 |  8410856.76
    1374860 |  8410772.59
    2765431 |  8410742.08
    2538951 |  8410656.54
    1160951 |  8410595.04
    2339734 |  8410429.25
    1806590 |  8410087.00
    2918650 |  8410062.18
    2229475 |  8409918.13
     356867 |  8409912.36
    2646666 |  8409893.76
    1058131 |  8409683.98
     184027 |  8409520.32
    3139530 |  8409513.81
     827246 |  8409497.46
     691398 |  8409452.76
    1256399 |  8409372.52
    1378264 |  8409293.58
    1465436 |  8409265.64
    2431074 |  8408998.32
    2107061 |  8408869.95
    1713787 |  8408392.59
    2400888 |  8408122.63
    1004723 |  8407945.51
    2275289 |  8407752.22
    2106292 |  8407560.07
    1362342 |  8407529.73
    2948051 |  8407516.00
    2573999 |  8407467.84
    1146531 |  8407201.95
     207276 |  8406959.00
     872765 |  8406810.61
    1111499 |  8406785.17
    1807265 |  8406772.00
    1274479 |  8406345.04
    3156126 |  8406261.36
    1078976 |  8406131.20
    2526140 |  8406002.94
    1516994 |  8405913.45
     420655 |  8405857.68
    1955271 |  8405738.64
    1872054 |  8405675.52
    1343855 |  8405657.28
     742788 |  8405496.06
     992739 |  8405495.64
     448612 |  8405337.11
    1120930 |  8405311.63
    2441074 |  8405156.62
    1599188 |  8405024.46
    2924144 |  8405013.76
    2225520 |  8404992.24
    2990478 |  8404986.78
      96292 |  8404897.20
     984992 |  8404722.60
    2257105 |  8404710.60
      80842 |  8404568.83
    2530847 |  8404526.53
    2892907 |  8404485.04
    2663460 |  8404256.80
    2336512 |  8404073.86
    1609647 |  8403909.16
    2461800 |  8403782.63
    1370840 |  8403315.85
    1848558 |  8403292.08
    2073527 |  8403212.48
     910293 |  8403146.36
    1618191 |  8402987.88
    2020770 |  8402860.62
    1598853 |  8402664.60
    2063197 |  8402647.00
     585704 |  8402508.24
     854077 |  8402398.41
    1315305 |  8402375.47
    2594338 |  8402286.49
    1883775 |  8402166.08
     359544 |  8401993.22
    1235403 |  8401989.66
    3173401 |  8401806.24
    2411234 |  8401685.88
    2062272 |  8401630.16
    2437582 |  8401515.00
    1016696 |  8401436.60
    2821613 |  8401330.24
    2674191 |  8401289.25
     498506 |  8401233.00
    1701329 |  8401221.01
    1268915 |  8401071.54
     609059 |  8401060.84
     686268 |  8400995.91
    3193342 |  8400879.72
     521383 |  8400791.80
    2014229 |  8400789.87
    1230240 |  8400782.80
     622470 |  8400632.89
    1344725 |  8400564.90
     725424 |  8400505.80
    1008430 |  8399902.18
    1236507 |  8399802.20
    2121013 |  8399689.65
     873083 |  8399593.32
    1876804 |  8399515.59
     950973 |  8399474.16
    2988949 |  8399462.96
    2511100 |  8399221.41
     694128 |  8399205.02
    1429665 |  8399147.28
    2478327 |  8399050.81
    2344045 |  8398996.50
    2752776 |  8398927.96
     634214 |  8398679.73
    1202483 |  8398669.20
    2903010 |  8398660.25
     823055 |  8398585.38
     575313 |  8398399.36
    2357604 |  8398206.60
      23805 |  8398117.00
    2172746 |  8398039.44
    2270280 |  8397832.92
    2498992 |  8397734.45
    1584760 |  8397699.24
    2403972 |  8397387.20
    2760618 |  8397364.60
     581638 |  8397363.12
     503424 |  8397261.90
     821585 |  8397201.93
    2010279 |  8397194.40
    2081915 |  8396921.06
     409475 |  8396681.58
    1452945 |  8396597.16
    1894125 |  8396583.27
    2619567 |  8396454.16
     757678 |  8396443.29
    1130161 |  8396414.92
    2143436 |  8396408.54
    1183858 |  8396384.80
    2626842 |  8396353.36
    1716904 |  8396291.70
    1608359 |  8396176.18
    2531395 |  8396149.78
    1808554 |  8395795.50
    2601990 |  8395751.00
     241597 |  8395715.44
    2120940 |  8395515.66
     213228 |  8395155.80
    3162724 |  8395095.66
    1521933 |  8394992.18
    3183507 |  8394937.78
    1894025 |  8394897.60
    2332637 |  8394827.68
    1856740 |  8394800.40
    1354635 |  8394749.48
     198033 |  8394695.46
    2394299 |  8394556.48
    2984484 |  8394484.80
    1044899 |  8394357.61
    2862885 |  8394241.92
    3183233 |  8394185.75
     403020 |  8394147.51
     803991 |  8394019.86
     295411 |  8393864.38
    2065696 |  8393829.21
    1201068 |  8393807.47
    3191565 |  8393805.38
     701373 |  8393705.17
    1508793 |  8393616.68
    2630605 |  8393586.32
    2946638 |  8393579.65
    1336229 |  8393559.36
    2801126 |  8393281.57
    1617458 |  8393088.04
    1206482 |  8392832.28
    1035146 |  8392802.50
    3051768 |  8392581.33
    2010536 |  8392446.79
    2363889 |  8392296.77
    2569056 |  8392231.90
    2109284 |  8392066.96
     136967 |  8392028.28
     978434 |  8391998.12
     466446 |  8391879.12
    3161768 |  8391695.15
    3150515 |  8391606.30
    1398115 |  8391513.60
    2624122 |  8391462.57
     665696 |  8391447.00
    1117098 |  8391277.95
    2766538 |  8390966.02
    2262884 |  8390930.85
    2329532 |  8390881.31
     109476 |  8390818.14
     451513 |  8390761.44
    1592967 |  8390521.64
    2641314 |  8390199.57
    2252454 |  8390105.50
    2222383 |  8389939.41
    2021218 |  8389879.83
    2081451 |  8389739.52
     917778 |  8389725.66
    2521037 |  8389501.21
    2776184 |  8389333.15
    2138162 |  8389250.40
     501713 |  8389174.00
     511441 |  8389164.84
    1191031 |  8389148.13
    2384761 |  8389104.39
    3173295 |  8389005.45
    2114207 |  8388633.99
    2106445 |  8388550.80
    2161933 |  8388463.48
    1349292 |  8388285.78
    3043046 |  8388233.28
     321956 |  8388201.83
    3106758 |  8388088.38
    2418744 |  8387886.69
     891956 |  8387859.64
    3180208 |  8387846.92
     118793 |  8387713.75
    1979338 |  8387469.50
     393792 |  8387353.48
    2186205 |  8387320.21
    1645213 |  8387256.15
    1634321 |  8387128.32
    1358806 |  8386924.02
    2497467 |  8386856.97
    3162237 |  8386744.65
     496987 |  8386574.20
    2425528 |  8386553.76
     720007 |  8386500.44
    1510067 |  8386408.55
     145960 |  8386392.46
     160271 |  8386249.20
    3023841 |  8386206.63
     484472 |  8386070.32
    1600240 |  8386051.32
    3031136 |  8385994.26
    1915604 |  8385792.64
      26368 |  8385743.50
    2610808 |  8385685.74
    2767564 |  8385486.85
    1396510 |  8385221.68
     401246 |  8384979.65
    1914568 |  8384826.84
    2650559 |  8384805.45
    1965639 |  8384702.75
    2236163 |  8384631.60
    1073490 |  8384611.13
    2316253 |  8384465.65
    2977943 |  8384335.20
    1597421 |  8384330.24
    1878944 |  8384276.55
     170393 |  8384276.53
    1067257 |  8384090.00
    1936009 |  8383871.34
    1816440 |  8383845.00
     511987 |  8383456.30
    2534605 |  8383245.24
     354500 |  8383213.02
    2081840 |  8382997.50
    1441093 |  8382979.30
     958766 |  8382875.76
     318923 |  8382856.00
    2533855 |  8382682.20
     931791 |  8382642.38
    1456765 |  8382627.87
    1613123 |  8382561.31
    1940012 |  8382350.16
     630452 |  8382292.28
    1215847 |  8382223.88
     278622 |  8382199.98
    1958388 |  8382045.10
    1133792 |  8382044.48
     222097 |  8382004.27
     983889 |  8381832.25
    3113357 |  8381750.14
    2426124 |  8381334.90
    3012812 |  8381291.76
    2285752 |  8381131.78
     832694 |  8381095.25
     432859 |  8381089.42
     829059 |  8381044.48
    1703911 |  8380945.00
    1166912 |  8380888.10
     689696 |  8380876.44
    1893420 |  8380770.30
    3131818 |  8380761.95
    2510879 |  8380675.50
    2076513 |  8380654.51
     303771 |  8380536.00
     855052 |  8380364.64
    2889442 |  8380314.93
    2394492 |  8380294.49
    2094576 |  8380283.49
    2866099 |  8380201.05
     419296 |  8380109.78
    1859466 |  8380035.60
    1258130 |  8380005.89
    2047838 |  8379953.44
     852460 |  8379866.32
     280668 |  8379834.85
      96376 |  8379713.94
    2004865 |  8379694.32
     816436 |  8379657.52
    1255447 |  8379637.52
      54536 |  8379600.06
    2492523 |  8379543.68
    2450281 |  8379518.72
    2616693 |  8379513.54
    2759844 |  8379506.30
    1434056 |  8379376.17
    2131683 |  8379213.80
    1141027 |  8379024.68
    3112174 |  8378985.68
    2375715 |  8378954.40
    3033557 |  8378757.14
    1688416 |  8378628.48
    2059111 |  8378557.40
     195048 |  8378453.16
    2680127 |  8378445.43
    2120569 |  8378325.06
    1341049 |  8378183.84
    1820400 |  8378170.48
    2629441 |  8378007.66
     718899 |  8377857.34
     107054 |  8377121.30
    2603781 |  8377099.38
    2301845 |  8377081.35
     825896 |  8377058.94
    2544166 |  8376939.26
     536260 |  8376867.84
    2680057 |  8376848.10
    1762716 |  8376801.60
    1039116 |  8376746.50
     165468 |  8376686.70
    1952731 |  8376645.96
    1830729 |  8376618.50
    2530364 |  8376572.74
    1873245 |  8376557.70
    3060115 |  8376385.50
    1487413 |  8376360.38
    1099771 |  8376338.88
     834698 |  8376301.70
    1743880 |  8375939.59
     906061 |  8375914.88
    1701820 |  8375741.50
    2715487 |  8375713.20
     961434 |  8375624.84
    2145962 |  8375557.78
    2712399 |  8375529.08
    1560671 |  8375441.76
     343197 |  8375409.21
    2320944 |  8375278.57
     934615 |  8375024.28
     761385 |  8375002.35
     315225 |  8374911.05
    2784347 |  8374788.67
    1475099 |  8374664.79
     942256 |  8374351.21
    2883218 |  8374298.52
     481434 |  8374068.12
     659069 |  8373959.95
    1699089 |  8373799.05
    2966788 |  8373792.57
    2561906 |  8373761.92
    3055494 |  8373534.08
    2835807 |  8373472.62
    2656609 |  8373152.52
     490038 |  8373126.71
    1058054 |  8373001.84
    2401040 |  8372913.84
    2428961 |  8372795.67
    2215700 |  8372683.93
    2901927 |  8372650.80
    2751320 |  8372599.61
     729068 |  8372501.64
    2553408 |  8372288.08
    1999041 |  8372277.96
    1812047 |  8372272.32
    2036747 |  8372222.88
    1236956 |  8371877.47
    2954966 |  8371738.98
    2117158 |  8371738.40
     529052 |  8371707.86
      94351 |  8371621.20
    3136541 |  8371556.43
    3178740 |  8371281.88
    2407932 |  8371174.32
    1765807 |  8371088.10
    2406118 |  8370939.50
     595321 |  8370803.79
    2989105 |  8370721.92
     907689 |  8370659.44
    1169922 |  8370582.18
     182936 |  8370342.15
    2680387 |  8370310.14
    1672849 |  8370303.17
    2486311 |  8370235.20
    1193469 |  8369899.50
    2787960 |  8369871.77
    2233926 |  8369735.58
    1223004 |  8369538.15
    2611279 |  8369462.15
    1173421 |  8369343.96
     301535 |  8369001.20
     769657 |  8368835.84
    1478684 |  8368639.06
    2924719 |  8368391.46
    1082350 |  8368378.81
    1353326 |  8368373.25
     681139 |  8368370.39
    2219502 |  8368207.12
    2193659 |  8368192.56
    2520999 |  8368156.80
    1461948 |  8367707.71
    1723251 |  8367589.65
     402702 |  8367441.42
    2686866 |  8367423.75
    2468157 |  8367420.40
    1108822 |  8367378.96
    2081024 |  8367348.48
    2071957 |  8367155.20
     931939 |  8367140.81
    1028748 |  8366827.00
     654367 |  8366755.54
     778740 |  8366690.50
    1609628 |  8366669.64
     146446 |  8366633.94
     588327 |  8366617.58
    1929459 |  8366370.15
    2900542 |  8366157.16
    1187889 |  8366084.75
    2227061 |  8365934.96
     921433 |  8365769.52
    2546000 |  8365757.37
    1447600 |  8365434.87
     441432 |  8365338.06
      71848 |  8365258.44
    2697243 |  8365139.52
     604534 |  8365046.77
    1196304 |  8364936.49
    1265702 |  8364919.86
     964870 |  8364908.25
    1665848 |  8364762.96
    2967253 |  8364681.86
    2800743 |  8364621.75
    2687879 |  8364499.11
    3190344 |  8364474.66
    1937967 |  8364419.04
    3035852 |  8364341.00
    1522286 |  8364124.83
    2134201 |  8364065.78
    1941642 |  8364031.62
    2949702 |  8363947.48
    3104586 |  8363935.47
    1035670 |  8363905.52
    2161020 |  8363617.13
    2310294 |  8363607.04
    2381197 |  8363594.04
     342886 |  8363519.06
    2648989 |  8363035.74
    2156811 |  8362953.33
     847489 |  8362869.76
     592624 |  8362825.92
    2887442 |  8362473.60
    1711952 |  8362258.06
    2998091 |  8362237.65
    1286496 |  8362099.48
    1508239 |  8362072.72
     432814 |  8361970.34
    2244888 |  8361951.36
     436240 |  8361734.18
    2432153 |  8361690.12
    1185548 |  8361633.90
    2885806 |  8361150.44
    1025588 |  8360904.00
    2525008 |  8360874.72
     406865 |  8360301.42
    1081246 |  8360246.00
    1427085 |  8360221.17
    1732147 |  8360131.68
     104087 |  8360112.74
    1202391 |  8360089.60
    1819476 |  8360087.06
    1837339 |  8360052.91
    2596807 |  8359979.54
    2312049 |  8359906.40
    1446663 |  8359826.75
     637433 |  8359752.96
    2825884 |  8359568.10
    1146667 |  8359531.14
    2570136 |  8359466.20
    2835892 |  8359458.84
    2699792 |  8359355.90
     239236 |  8359354.92
      98131 |  8359351.33
    3121143 |  8359219.44
    1893081 |  8359048.40
    1581505 |  8358922.88
    2587503 |  8358884.24
    2872401 |  8358784.20
    1996845 |  8358432.50
    2825467 |  8358386.05
     178028 |  8358256.12
     635156 |  8358220.62
    1928389 |  8358187.00
    1094679 |  8358118.56
     482862 |  8357956.75
     592183 |  8357762.62
    2443453 |  8357700.80
    1803170 |  8357464.72
    1287914 |  8357379.68
    1456484 |  8357278.54
     413628 |  8357266.65
    1780167 |  8357262.05
    2315172 |  8357219.04
    1568572 |  8357161.89
     237870 |  8357020.55
     335198 |  8356950.25
     304971 |  8356909.12
    2656251 |  8356870.40
    2617967 |  8356850.26
    1073515 |  8356801.50
     676845 |  8356794.57
    1609382 |  8356790.25
    1534766 |  8356610.02
    1283440 |  8356590.70
    2440311 |  8356547.21
    2796186 |  8356546.24
    1167032 |  8356376.00
     342441 |  8356373.01
      44377 |  8356355.35
    2324583 |  8356300.20
    1812448 |  8356265.60
     816861 |  8356208.96
    3101725 |  8356200.36
     650568 |  8356076.81
    1586507 |  8356028.29
    1501808 |  8356024.56
    3161092 |  8355893.88
    2057683 |  8355890.00
    2882664 |  8355842.36
    1246685 |  8355832.38
    2617700 |  8355832.38
    3090168 |  8355811.72
    1589805 |  8355801.50
     829741 |  8355794.22
    1794309 |  8355747.96
    3111789 |  8355702.00
    2609363 |  8355655.80
     677783 |  8355469.41
    1471508 |  8355284.64
    2689710 |  8355259.68
    3172879 |  8355172.04
      78268 |  8354931.48
     623004 |  8354893.32
    1151476 |  8354803.94
     102204 |  8354731.28
    2318292 |  8354634.54
     126519 |  8354587.78
    2912547 |  8354518.27
    1815989 |  8354361.72
    1940337 |  8354322.24
      71405 |  8354300.29
     787442 |  8354279.23
     439577 |  8353889.04
     546589 |  8353866.96
    1157099 |  8353761.00
     553181 |  8353757.55
    2526909 |  8353308.39
    3158889 |  8353280.22
    2802583 |  8353254.92
    3018159 |  8352999.60
    1400126 |  8352946.58
    3141329 |  8352767.08
     919293 |  8352751.25
    2066652 |  8352699.84
    2622237 |  8352519.24
     849316 |  8352464.12
    1628512 |  8352367.37
     647448 |  8352318.30
    2078576 |  8352272.15
    1622171 |  8351990.67
    2176047 |  8351929.74
    2244830 |  8351885.43
    3131926 |  8351832.80
     674348 |  8351823.26
    2025492 |  8351790.94
     219732 |  8351756.09
    1659603 |  8351658.92
     360707 |  8351645.08
    2111823 |  8351609.63
     777206 |  8351462.40
    1238124 |  8351124.04
     688214 |  8351119.92
    1959773 |  8350892.04
    2963497 |  8350834.26
    1165433 |  8350813.80
    1573248 |  8350750.80
    2967636 |  8350721.91
     212942 |  8350681.92
    1131511 |  8350641.74
     881098 |  8350130.04
    2282604 |  8350053.36
    2714477 |  8349982.50
    2675669 |  8349812.82
    2214306 |  8349685.16
    1499937 |  8349587.62
    1917765 |  8349125.85
    1675688 |  8348996.44
     573084 |  8348717.39
    3090159 |  8348684.02
    1519227 |  8348665.08
     552076 |  8348594.80
     519920 |  8348424.51
    2257681 |  8348240.77
    2516616 |  8348109.49
    1575492 |  8348018.25
    2298294 |  8347944.00
    2159964 |  8347903.20
     406749 |  8347887.44
    2843518 |  8347834.18
    2200752 |  8347816.68
     956874 |  8347600.80
    2383508 |  8347535.36
    1727244 |  8347533.07
    1394925 |  8347445.60
    1946523 |  8347417.68
     276853 |  8347409.84
     469899 |  8347208.48
     301159 |  8347201.96
      29984 |  8347136.14
     859160 |  8347113.28
    2257405 |  8346964.68
    1190013 |  8346910.33
      42739 |  8346700.80
    2903948 |  8346677.35
    2120771 |  8346626.28
    2925588 |  8346484.30
    2051708 |  8346399.60
     813773 |  8346398.20
    1934315 |  8346338.00
    1652670 |  8346160.71
    1013921 |  8346103.56
     406932 |  8345875.13
     214455 |  8345765.00
     654207 |  8345702.28
    2902875 |  8345432.70
      89483 |  8345425.20
    2791884 |  8345021.20
    1781049 |  8344993.41
     828511 |  8344918.72
     337745 |  8344802.36
    1731111 |  8344616.01
    2130168 |  8344588.14
    2674942 |  8344263.24
    2712458 |  8344213.80
     388416 |  8344187.16
    1220357 |  8343935.88
    2695424 |  8343901.08
     342648 |  8343809.70
    2878461 |  8343796.56
    2365604 |  8343687.62
    2902261 |  8343621.53
    1203086 |  8343500.40
     863518 |  8343327.46
    2226832 |  8343315.09
     416196 |  8343199.36
    2240710 |  8343143.15
     959103 |  8343141.12
     582101 |  8343135.57
     847353 |  8342981.90
    1530917 |  8342958.36
     989914 |  8342940.60
    1643053 |  8342888.60
      22079 |  8342776.58
    1001790 |  8342748.00
    1029397 |  8342662.25
     779126 |  8342627.79
    1878324 |  8342462.70
     610067 |  8342462.08
     718954 |  8342271.28
    1376952 |  8341927.50
    2518644 |  8341925.76
     246754 |  8341920.47
    3024440 |  8341853.31
      62152 |  8341545.84
     635076 |  8341496.32
    2109379 |  8341098.87
    2924706 |  8341076.62
     624573 |  8341072.72
    1706066 |  8340928.94
    1128393 |  8340811.74
     474431 |  8340802.97
    1935151 |  8340514.94
    1135061 |  8340491.10
    1580996 |  8340477.66
     833090 |  8340471.93
    1885984 |  8340461.36
    1510086 |  8340409.44
    2250075 |  8339998.68
    3158550 |  8339888.70
    1646651 |  8339856.69
     241937 |  8339799.00
     245990 |  8339650.28
    1895478 |  8339531.13
    1042557 |  8339214.40
    1856023 |  8339188.48
     553354 |  8338991.36
    1425520 |  8338943.91
    2311681 |  8338924.04
    1515915 |  8338860.96
    2786663 |  8338714.52
     931652 |  8338535.47
    1210147 |  8338449.58
    2500444 |  8338416.00
    1001337 |  8338372.76
    2500407 |  8338370.91
    1809460 |  8338335.24
    2464232 |  8338299.84
     933023 |  8338130.54
    1461039 |  8338117.92
    2819314 |  8338063.20
    1937886 |  8338060.86
     454884 |  8338005.68
    3121543 |  8337977.06
    2762088 |  8337902.52
    1878463 |  8337878.64
    2536782 |  8337840.87
     377695 |  8337768.30
    2444317 |  8337726.36
    1910018 |  8337710.70
    1355315 |  8337522.90
    1519340 |  8337500.22
     447244 |  8337438.08
    1209876 |  8337429.66
    2136928 |  8337384.34
    2038999 |  8337370.37
    3181216 |  8337015.83
    1062689 |  8336985.78
    3109003 |  8336607.12
    1265642 |  8336455.38
      41459 |  8336452.41
    1470338 |  8336430.72
    1722500 |  8336367.48
    2067532 |  8336305.68
     952077 |  8336223.34
    2987167 |  8336069.20
    1304571 |  8335972.26
     124143 |  8335841.76
     994496 |  8335822.77
    1537467 |  8335770.50
    1466654 |  8335633.99
      24579 |  8335421.60
    2835225 |  8335380.57
    2278819 |  8335332.01
    1901290 |  8335278.16
    3196091 |  8335100.98
    2447573 |  8335009.62
    2444299 |  8335009.54
      30845 |  8334904.50
      21327 |  8334761.00
    2850568 |  8334727.05
     603990 |  8334710.44
     688986 |  8334673.32
    3130140 |  8334644.92
    1694321 |  8334624.96
    1243199 |  8334594.80
    2481216 |  8334329.20
     189501 |  8334325.78
    2396690 |  8333827.76
    1250982 |  8333523.03
    1632500 |  8333130.96
     413115 |  8332990.76
    1603949 |  8332969.05
    1137784 |  8332935.40
    2357423 |  8332677.24
     338750 |  8332493.70
    2104591 |  8332473.94
    2091670 |  8332465.77
    2475341 |  8332454.32
     727677 |  8332304.76
    2530943 |  8332241.45
     560438 |  8332132.20
    2387329 |  8332011.28
    1707728 |  8331956.34
    1636656 |  8331875.16
    2913250 |  8331732.64
    1409215 |  8331666.30
     663879 |  8331518.30
     308936 |  8331326.28
     861192 |  8331061.50
    2753528 |  8331048.32
    1602655 |  8330976.24
      17097 |  8330953.41
    2711569 |  8330790.00
    1240207 |  8330753.07
    1312512 |  8330736.45
     499768 |  8330692.34
     904756 |  8330607.22
    2246392 |  8330572.80
    2613930 |  8330505.12
    1449142 |  8330480.64
    1371317 |  8330474.82
    1620164 |  8330241.11
    2823890 |  8330100.87
    1618827 |  8330012.20
    1340947 |  8329923.70
    1018580 |  8329919.28
    2960672 |  8329812.12
    1658837 |  8329801.80
    1312794 |  8329785.39
      13283 |  8329772.74
    1086501 |  8329613.10
    1926377 |  8329577.64
     192131 |  8329307.22
     544161 |  8329265.11
    1523513 |  8329254.96
    2436162 |  8329253.46
    2542883 |  8328934.10
     109616 |  8328855.92
    3179260 |  8328821.08
    1266061 |  8328780.59
     411533 |  8328545.19
    2664729 |  8328535.74
    1597886 |  8328495.12
    1966173 |  8328407.47
    2135636 |  8328362.56
    2350006 |  8328353.40
     976770 |  8328299.31
    2097553 |  8328289.02
    3010233 |  8328260.28
     446650 |  8328147.55
    2365471 |  8328093.00
    1833562 |  8328036.85
     725071 |  8327869.48
    1613656 |  8327819.48
     394295 |  8327796.24
    1112294 |  8327516.67
     555618 |  8327443.58
    1752725 |  8327355.36
    3055484 |  8327229.16
    2575202 |  8327030.28
    3137582 |  8327017.25
    3070363 |  8327008.56
     950581 |  8326982.47
     338354 |  8326947.02
     744541 |  8326917.78
     597425 |  8326721.60
    2768695 |  8326620.25
    1122767 |  8325965.04
    1868641 |  8325942.83
    3128986 |  8325904.12
    1589280 |  8325646.56
     701254 |  8325442.10
    2390957 |  8325439.98
     996154 |  8325415.80
    2545161 |  8325376.02
    1692853 |  8325360.14
    2229262 |  8325214.95
     534551 |  8325088.08
    3053377 |  8324826.08
    1378234 |  8324619.34
    1601722 |  8324120.14
     936243 |  8324091.79
     742739 |  8323932.87
    2231406 |  8323823.03
    1793200 |  8323547.20
    2410792 |  8323358.12
    1554341 |  8323319.18
    1156755 |  8323235.70
    2756230 |  8323088.31
     113613 |  8322981.78
      85412 |  8322778.20
    1708306 |  8322770.96
    2735340 |  8322756.00
     498177 |  8322731.40
    2857509 |  8322540.84
     112151 |  8322525.26
    2196240 |  8322405.00
    1077104 |  8322338.42
    1671321 |  8322330.72
    2846192 |  8322267.12
     945662 |  8321731.64
    3078739 |  8321601.86
    1989404 |  8321569.86
    1716845 |  8321509.99
     137904 |  8321253.75
    1378809 |  8321109.50
    1942723 |  8321103.63
     787324 |  8320842.96
    2657395 |  8320789.46
    1510656 |  8320738.14
     913583 |  8320734.18
    1879538 |  8320681.40
    3078186 |  8320344.49
     881560 |  8320197.52
    3069290 |  8320075.53
    2201085 |  8320067.20
    1257841 |  8320053.30
    3076099 |  8320044.81
     363902 |  8320009.60
    1845464 |  8320005.00
    2543004 |  8319977.32
     134675 |  8319828.44
      41785 |  8319715.20
    1001479 |  8319712.05
    1258771 |  8319640.00
    1798126 |  8319514.78
    2277451 |  8319184.50
     479910 |  8319158.16
    1490550 |  8319085.02
    2511816 |  8319042.10
      67350 |  8318987.56
     790480 |  8318910.96
    2734618 |  8318870.63
     886180 |  8318857.44
    2903181 |  8318631.78
     955566 |  8318531.52
    2298424 |  8318528.12
    1073030 |  8318501.04
     966393 |  8318498.38
    1356035 |  8318493.54
     889532 |  8318337.32
    2277657 |  8318147.54
    2322294 |  8318119.38
    2975431 |  8318078.34
     184948 |  8317911.32
    2396853 |  8317680.12
    2759173 |  8317590.75
    2059631 |  8317522.20
     776703 |  8317362.00
    1567591 |  8317236.89
     239165 |  8317164.40
    1721885 |  8317127.28
     809013 |  8316874.80
    1353515 |  8316854.26
    2412518 |  8316761.44
      10594 |  8316687.94
    2214459 |  8316660.87
     898461 |  8316457.80
    2915725 |  8316436.62
    3021770 |  8316286.52
    2645227 |  8316242.65
    3049026 |  8316073.86
    1710391 |  8315814.24
    2135161 |  8315526.25
    1291025 |  8315464.67
     127522 |  8315355.52
     988092 |  8315266.44
    1173452 |  8315128.80
    2291560 |  8315003.00
    1880433 |  8314909.58
    1599249 |  8314900.68
     100839 |  8314840.04
    1376842 |  8314819.26
    2956980 |  8314724.25
    1149948 |  8314572.00
    1192280 |  8314557.60
    1472059 |  8314521.79
     695560 |  8314487.76
    1820907 |  8314348.80
    2754056 |  8314241.13
    2349946 |  8314075.00
    3000221 |  8314013.88
     816009 |  8313859.65
    2570561 |  8313734.84
    1861042 |  8313731.58
     891400 |  8313731.09
     449425 |  8313654.18
    2215092 |  8313596.19
    1783267 |  8313511.10
    3065428 |  8313470.14
    2182912 |  8313435.10
    3157591 |  8313195.84
    2814897 |  8313191.01
      29101 |  8313075.54
    1068719 |  8312936.88
     554025 |  8312850.00
    1753240 |  8312762.21
     546663 |  8312553.78
    1631522 |  8312491.90
    1348911 |  8312451.96
     335835 |  8312297.84
     995886 |  8312250.62
    2178613 |  8312011.45
    1700761 |  8311920.28
    3023228 |  8311658.88
    2052417 |  8311654.79
    1282916 |  8311565.01
     126482 |  8311562.82
    2472437 |  8311546.65
    2846540 |  8311400.40
    2535315 |  8311227.72
    2630806 |  8310628.41
     796495 |  8310555.60
     191466 |  8310524.74
    2586656 |  8310300.50
    3176425 |  8310225.04
    3088452 |  8310206.36
     621605 |  8310063.60
    3135947 |  8309961.68
     724694 |  8309932.29
    2981664 |  8309846.51
    1378508 |  8309735.60
    3101084 |  8309461.89
    2836208 |  8309397.60
     250383 |  8309370.51
     390290 |  8309235.76
     342038 |  8309183.58
    1070476 |  8309039.91
    2979690 |  8309002.12
    1341231 |  8308908.00
    2756644 |  8308839.78
    2136872 |  8308756.96
    1509364 |  8308679.04
     174465 |  8308470.56
    1966853 |  8308404.30
    1438761 |  8308118.00
    2609088 |  8307818.75
     813746 |  8307739.26
    1484727 |  8307697.72
    1814919 |  8307610.32
    1187023 |  8307593.28
     990603 |  8307580.40
    2746561 |  8307503.04
    3181192 |  8307388.80
    1828875 |  8307296.71
    1923839 |  8307261.60
    2601202 |  8307008.67
    1178385 |  8306938.28
     742939 |  8306904.30
    1270408 |  8306903.40
    1298923 |  8306715.17
      20771 |  8306489.61
    1723438 |  8306378.26
    2162533 |  8306263.24
    2463982 |  8306235.42
     946031 |  8306010.34
    1658325 |  8305998.61
     177208 |  8305803.12
    2266642 |  8305684.70
    2692603 |  8305597.16
    2978722 |  8305536.96
     641372 |  8305308.30
     871957 |  8305193.20
    1924273 |  8305148.18
    2291067 |  8304464.76
    1635329 |  8304352.24
    3108700 |  8304332.86
     668220 |  8304308.29
    1063025 |  8304235.70
    2815001 |  8304189.82
    1537400 |  8303825.88
    2778518 |  8303675.90
    1077121 |  8303555.22
    1301026 |  8303420.32
     761388 |  8303397.24
    2604510 |  8303391.95
    3038187 |  8303375.97
    2509421 |  8303317.80
    1849690 |  8303286.81
    2678864 |  8303217.16
    1050249 |  8302908.78
    2228353 |  8302842.30
     154915 |  8302681.72
     667233 |  8302545.72
     604481 |  8302468.95
      46891 |  8302192.12
    2985878 |  8301943.00
    1235935 |  8301815.50
     662590 |  8301803.86
     954578 |  8301795.60
    1991836 |  8301584.00
    1891407 |  8301568.94
    3197203 |  8301552.71
     942137 |  8301426.00
    1459547 |  8301424.71
     402168 |  8301326.40
     555772 |  8301271.14
    1185545 |  8301229.00
    1522850 |  8300955.81
    2138148 |  8300881.75
    1887405 |  8300831.61
     721783 |  8300754.28
    1150788 |  8300743.52
    2058787 |  8300727.42
    1439495 |  8300429.50
     581538 |  8300183.14
    1980054 |  8300173.61
    1012428 |  8300168.36
    1601985 |  8300126.28
     995233 |  8300105.53
    1445048 |  8300096.04
    1037933 |  8300096.02
    1567952 |  8300065.14
    1717308 |  8299999.40
    3063580 |  8299989.48
    2207722 |  8299952.50
    1968576 |  8299831.45
    2273067 |  8299812.62
    2000753 |  8299768.73
    2214515 |  8299759.65
    1446699 |  8299677.54
    2098332 |  8299594.80
    1762876 |  8299473.00
    3092943 |  8299423.32
    2429827 |  8299361.84
     997927 |  8299187.97
     477625 |  8299101.70
    2536841 |  8299012.96
    3185918 |  8298933.18
    1714104 |  8298830.97
     862361 |  8298584.79
    1220578 |  8298437.58
     806663 |  8298403.02
     243047 |  8298310.23
    3078164 |  8298153.19
     862928 |  8297965.62
    2802848 |  8297947.82
    2924377 |  8297730.24
    1212656 |  8297616.38
    1821897 |  8297302.16
    2690508 |  8297178.66
    1855463 |  8297076.15
    2893176 |  8297064.30
     974893 |  8297052.57
     385399 |  8296961.51
    2069134 |  8296913.46
    2854605 |  8296429.12
    2550808 |  8296418.37
     280270 |  8296416.04
    3139826 |  8296323.75
     574946 |  8296163.05
    2817086 |  8295909.05
    1794023 |  8295898.95
    1554391 |  8295768.32
    2265804 |  8295706.26
     548837 |  8295662.23
     507208 |  8295358.76
    1833357 |  8295332.28
     493346 |  8295241.27
    2715682 |  8295237.35
    2145496 |  8295174.22
    1207142 |  8295100.88
    1409712 |  8295060.72
     481299 |  8294955.04
     214054 |  8294945.44
    1721778 |  8294910.75
    1623945 |  8294613.60
    1320003 |  8294364.73
    2163700 |  8294180.81
     626768 |  8294082.00
    3065035 |  8294023.60
     560136 |  8293830.35
      45362 |  8293696.32
     344761 |  8293567.06
    1467198 |  8293467.66
    1073573 |  8293200.52
    1185974 |  8293143.54
    2422854 |  8293142.72
    2066446 |  8293128.46
     225597 |  8293073.74
     243229 |  8292989.64
     609462 |  8292925.40
     420987 |  8292913.72
    3128171 |  8292908.06
    1062175 |  8292878.23
    2434687 |  8292846.60
    2833311 |  8292711.77
    3073697 |  8292546.92
    1436144 |  8292448.52
    2714246 |  8292099.15
    1828261 |  8292093.40
    2296934 |  8292065.64
     326226 |  8291774.66
    2255881 |  8291597.02
    2508015 |  8291569.12
      80170 |  8291567.13
    2817549 |  8291440.26
    2610123 |  8291405.41
    2203964 |  8291359.56
    2012150 |  8291177.18
     949684 |  8290907.44
    1958328 |  8290852.18
    2038031 |  8290577.52
     198264 |  8290568.54
     797089 |  8290364.94
     472294 |  8290052.66
    1369090 |  8290042.49
    2330879 |  8290025.04
     189269 |  8289991.20
    3177857 |  8289876.88
    3103719 |  8289867.39
    2786475 |  8289675.63
    2915139 |  8289658.20
    1218523 |  8289584.08
    1962415 |  8289530.90
     486536 |  8289521.13
     918259 |  8289513.72
    2973223 |  8289471.18
    3022684 |  8289388.89
    1656431 |  8289373.59
     979026 |  8289264.02
     482646 |  8289235.56
    1639895 |  8289183.27
    2815290 |  8289025.26
    1113825 |  8289011.00
    2101270 |  8288890.78
    2996085 |  8288835.25
     951766 |  8288802.60
     870999 |  8288364.00
    3052751 |  8288297.73
      75548 |  8288287.20
    1543234 |  8288250.72
    3084827 |  8288226.50
    2166573 |  8288043.75
     327396 |  8288034.00
    3175274 |  8288031.20
    1468512 |  8287916.77
    2823965 |  8287725.60
    1179525 |  8287715.34
    2084421 |  8287660.15
    2119978 |  8287544.01
     947356 |  8287499.10
    2907871 |  8287446.25
    2413612 |  8287282.74
    1690359 |  8287269.76
    2100897 |  8287212.08
     328235 |  8287176.15
    3143682 |  8287164.96
    1043995 |  8286919.68
    1819214 |  8286817.71
    3167271 |  8286698.65
    2328107 |  8286689.32
    1002672 |  8286676.65
    2378847 |  8286294.41
    2602899 |  8286274.47
    2717695 |  8286181.82
    1145378 |  8286177.83
     387120 |  8286176.88
     337583 |  8286150.99
    1718799 |  8286054.14
     782700 |  8285888.52
     746529 |  8285784.36
    2920257 |  8285740.80
    2728077 |  8285575.20
     483086 |  8285378.56
    2722916 |  8285342.66
    2610973 |  8285266.90
     510862 |  8285096.31
    2776465 |  8285007.50
     135625 |  8284930.92
      76853 |  8284918.43
    2867469 |  8284821.48
    2151319 |  8284730.60
    1079743 |  8284713.45
     803285 |  8284558.64
    2023241 |  8284450.45
     568938 |  8284410.50
    2978825 |  8284312.92
     690216 |  8284247.43
    2707024 |  8284203.75
    2990311 |  8284138.92
    1007486 |  8284002.06
    2455359 |  8283941.82
     622135 |  8283932.15
    2596524 |  8283846.59
     651615 |  8283702.55
    1439744 |  8283632.48
    3180892 |  8283541.00
    3158249 |  8283378.37
     228162 |  8283345.70
    2265327 |  8283205.37
    1882478 |  8282810.88
     778650 |  8282798.72
    1660415 |  8282684.48
    2533013 |  8282640.42
    1025447 |  8282593.52
    2388121 |  8282278.40
     117755 |  8282232.60
    1004441 |  8282153.88
    2430958 |  8282102.58
     770068 |  8282095.02
    2997395 |  8282015.86
     375469 |  8282000.09
    2300632 |  8281802.74
     484303 |  8281701.72
      12714 |  8281578.60
     864792 |  8281576.92
    2079645 |  8281380.10
    1784353 |  8281241.08
    2653430 |  8281053.82
     364881 |  8280925.80
     734724 |  8280806.40
    1858537 |  8280666.40
     384720 |  8280650.49
    2297902 |  8280640.50
    2941005 |  8280354.72
     781072 |  8280248.68
    1490396 |  8280111.28
    2496149 |  8279877.84
    2717686 |  8279858.90
     873968 |  8279457.64
    1816527 |  8279368.01
     336744 |  8279286.65
     953029 |  8279187.36
    2863470 |  8279125.20
    1525740 |  8279095.71
    1221974 |  8279018.79
     584223 |  8278981.57
     308693 |  8278974.25
    1234102 |  8278932.80
    2177908 |  8278757.03
    1777595 |  8278597.68
    1097398 |  8278586.40
    2574458 |  8278554.48
    1567247 |  8278545.75
    2200734 |  8278448.23
    2656533 |  8278424.46
    1663196 |  8278416.72
    1367478 |  8278402.75
    1570060 |  8278245.00
    1199867 |  8278156.78
    1763167 |  8278130.64
    3061270 |  8278111.02
    3149829 |  8278109.81
    1135187 |  8278040.34
    2329590 |  8278029.63
     333389 |  8277712.50
    3023269 |  8277662.70
    2178094 |  8277574.98
    1270833 |  8277518.41
     695698 |  8277487.94
    2719238 |  8277344.01
     846957 |  8277228.99
    1376258 |  8277224.86
     287943 |  8277178.08
     546163 |  8277175.96
     329231 |  8277082.88
    2261953 |  8276955.39
    1658386 |  8276587.11
    1671868 |  8276556.69
    1807813 |  8276508.66
     869979 |  8276507.24
    1149034 |  8276368.98
     409555 |  8276293.69
    1286557 |  8276275.00
    1711571 |  8276193.57
    1946818 |  8276142.28
    2698743 |  8276020.60
    2906899 |  8275945.21
    2959940 |  8275937.88
    1360496 |  8275828.26
    2038317 |  8275775.80
    2861000 |  8275595.40
    1240538 |  8275507.50
    2747090 |  8275448.29
    1500408 |  8275337.60
    3121314 |  8275260.98
      74090 |  8275202.45
    2050316 |  8274932.25
    1038696 |  8274926.10
     784224 |  8274877.30
     348906 |  8274851.20
     155329 |  8274806.10
    1126568 |  8274772.08
    1728125 |  8274457.49
     233893 |  8274154.20
    2238388 |  8274132.52
    1041764 |  8274112.23
    2901808 |  8274017.70
     300964 |  8273968.29
    1901019 |  8273927.25
     164273 |  8273799.69
    2702141 |  8273797.62
    1403797 |  8273779.36
    2735464 |  8273654.16
     925781 |  8273552.51
    2005418 |  8273542.81
    1406370 |  8273494.06
     132446 |  8273491.73
      66770 |  8273407.80
     546473 |  8273384.10
     519867 |  8273289.36
     753692 |  8273146.05
    1450786 |  8273136.72
    2346900 |  8273117.04
     738778 |  8273028.47
    1478169 |  8273013.21
    2453013 |  8272976.27
    2781926 |  8272899.20
    2362329 |  8272893.85
     451978 |  8272861.38
     465349 |  8272825.26
    2590433 |  8272803.02
    2526784 |  8272409.44
    1463610 |  8272383.00
      55026 |  8272317.61
     288527 |  8272315.00
    2070997 |  8272261.35
    2033702 |  8272145.92
    1645317 |  8272142.84
    1111450 |  8272140.40
     559545 |  8271943.08
    2522532 |  8271898.25
    2806961 |  8271791.70
    1713629 |  8271762.08
    2267173 |  8271716.08
    2600421 |  8271668.90
      68755 |  8271578.05
    1764580 |  8271520.84
    1573605 |  8271433.65
     481026 |  8271110.40
    1741693 |  8271002.20
    2136279 |  8270922.86
     772200 |  8270887.00
     386268 |  8270802.24
     267993 |  8270687.05
     669320 |  8270564.40
    1338153 |  8270515.78
     251954 |  8270398.28
    2492473 |  8270366.72
     320389 |  8270327.32
    1533232 |  8270302.83
    1965811 |  8270270.47
    1090799 |  8270238.87
    2200718 |  8270206.29
     756405 |  8270196.48
    3136179 |  8270151.24
     996418 |  8270097.44
     214648 |  8270011.15
    2258898 |  8269989.21
    2527794 |  8269964.50
    2572714 |  8269916.49
    1261281 |  8269719.78
    2037714 |  8269616.96
    2988430 |  8269501.29
    1238545 |  8269497.82
    1592437 |  8269486.47
    2892986 |  8269382.52
    2356362 |  8269310.06
     599582 |  8269262.08
    1217905 |  8269240.98
     511107 |  8269235.65
    2041473 |  8269056.74
    1405413 |  8269046.53
     646683 |  8269000.54
    1743690 |  8268347.25
    1587824 |  8268270.54
    1969922 |  8268157.23
    1844477 |  8268110.62
     169156 |  8268052.71
    2853540 |  8267957.81
     212165 |  8267952.50
    1549671 |  8267948.16
    3112719 |  8267939.12
     229858 |  8267696.96
    1572097 |  8267570.05
      70337 |  8267467.20
    1619683 |  8267310.20
    1534047 |  8267270.77
    3038801 |  8267105.70
    2133440 |  8267091.33
    2052385 |  8266991.88
    2003549 |  8266830.30
    2740011 |  8266556.70
    1254644 |  8266549.62
    1059485 |  8266500.36
    2201521 |  8266415.64
    2009262 |  8266281.34
     435066 |  8266261.96
    1694158 |  8266203.40
    1159955 |  8266165.81
      11164 |  8265874.54
    2466653 |  8265869.64
     479441 |  8265855.93
    1222866 |  8265816.45
    2055039 |  8265810.33
    1188023 |  8265787.92
    2253467 |  8265774.50
    2913301 |  8265655.74
     340328 |  8265655.44
    2729188 |  8265613.52
    2372347 |  8265562.59
     777915 |  8265505.91
    1996186 |  8265486.40
    1228949 |  8265320.24
     474216 |  8265037.76
    1037413 |  8265015.22
    1718744 |  8264870.88
    2359042 |  8264828.71
    2540300 |  8264564.06
    1950094 |  8264543.76
    2143408 |  8264489.12
    2783427 |  8264421.00
      67101 |  8264244.00
    1134651 |  8264100.24
     277747 |  8264057.50
    1198833 |  8263985.47
    3133415 |  8263857.05
    2119515 |  8263770.69
     561892 |  8263749.76
    1773190 |  8263650.24
    1001502 |  8263500.14
     427054 |  8263432.65
    1892162 |  8263145.60
    1629555 |  8263125.12
    1473072 |  8263109.52
    1950351 |  8262754.57
    2443337 |  8262730.71
    1821150 |  8262689.60
    1685597 |  8262659.82
    1924234 |  8262640.40
     805631 |  8262566.56
    1650617 |  8262529.20
    1294023 |  8262345.14
     932602 |  8262232.40
     639175 |  8262231.46
    2045795 |  8262225.60
    2003380 |  8261764.36
    2466716 |  8261711.40
    1301700 |  8261647.60
     981005 |  8261509.56
    2081434 |  8261383.94
    1159303 |  8261287.86
     806503 |  8261263.80
    1673002 |  8261047.46
     112850 |  8260875.04
    2596390 |  8260858.88
    2047407 |  8260764.41
     132177 |  8260646.73
    1480659 |  8260631.22
     205751 |  8260586.11
    1987379 |  8260560.22
     253247 |  8260128.50
     437537 |  8259993.86
    1793851 |  8259971.72
    2217789 |  8259809.76
     282919 |  8259803.34
    1356173 |  8259622.02
    2476838 |  8259531.18
     326539 |  8259456.04
    1219165 |  8259343.96
    1492366 |  8259342.63
     518328 |  8259317.16
    2983975 |  8259137.37
     481104 |  8259092.70
    2515540 |  8259018.18
    1727299 |  8258894.16
    2623704 |  8258874.92
     856981 |  8258820.00
     610789 |  8258783.98
    1344074 |  8258575.64
     759150 |  8258209.55
    2287866 |  8257916.80
    1106868 |  8257846.32
     409068 |  8257838.40
     759158 |  8257539.48
    3024252 |  8257458.24
     845624 |  8257413.56
    2557092 |  8257338.43
    1480380 |  8257242.59
    2759446 |  8256937.26
     285977 |  8256580.80
    2530560 |  8256577.85
    1746585 |  8256558.42
    1476999 |  8256479.84
    1776381 |  8256338.40
    2664000 |  8256115.79
    1259623 |  8255940.28
    2561380 |  8255694.96
    1786944 |  8255611.96
     602913 |  8255567.19
    2600992 |  8255487.30
    2153450 |  8255359.61
    1822927 |  8255335.68
    2838985 |  8255236.50
    2194788 |  8255058.22
    3151330 |  8255024.46
    3080633 |  8255012.74
    2163818 |  8254835.04
    2040670 |  8254805.22
    2360265 |  8254504.70
    2871564 |  8254457.31
    2422276 |  8254453.67
    2074551 |  8254446.24
    2302615 |  8254441.80
    3008564 |  8254366.88
    1890475 |  8253947.37
    2837608 |  8253859.88
    1705919 |  8253855.60
    1073431 |  8253823.44
    1946077 |  8253806.60
    1978872 |  8253388.00
     982492 |  8253187.03
    2473854 |  8253119.00
    2143625 |  8253056.00
    1180015 |  8252876.00
    3138607 |  8252836.02
    1224016 |  8252691.32
    1704237 |  8252665.86
     211406 |  8252563.64
    1481600 |  8252535.50
     466759 |  8252358.10
    2144927 |  8251978.67
    1704731 |  8251856.01
    1730495 |  8251767.04
    2158093 |  8251577.31
    2203426 |  8251382.45
    2948255 |  8251364.37
    1143429 |  8251284.88
    1174423 |  8251276.80
    2047883 |  8251139.50
    2365555 |  8251095.84
    1035807 |  8251006.55
     940110 |  8250991.65
    1433540 |  8250691.56
    3170312 |  8250621.76
      64170 |  8250533.06
     596133 |  8250457.80
    2887225 |  8250447.03
    1352484 |  8249900.06
    1869826 |  8249569.20
     780892 |  8249476.90
    2902558 |  8249467.23
    1076194 |  8249395.77
      21019 |  8249336.91
     263005 |  8249258.31
      10590 |  8249227.40
     410670 |  8249168.53
    3009277 |  8249139.36
    2068299 |  8248987.56
    1331079 |  8248967.80
    2100508 |  8248844.28
    2583889 |  8248754.12
    1749575 |  8248620.24
    2446921 |  8248488.40
    2243645 |  8248466.40
     182707 |  8248421.72
    2967649 |  8248386.26
     408941 |  8248271.50
     939237 |  8248084.36
    2040494 |  8248030.58
    2240356 |  8247900.77
    3178584 |  8247770.74
    1531671 |  8247710.04
    3188265 |  8247661.12
     132760 |  8247362.20
    1733452 |  8247351.74
    2366138 |  8247163.12
     777971 |  8246969.10
     921068 |  8246833.71
    1262579 |  8246749.32
    2355888 |  8246569.10
     864106 |  8246500.89
    2287598 |  8246481.94
    2931301 |  8246469.16
    1234248 |  8246426.78
    2714102 |  8246384.30
    2526930 |  8246351.23
    2966425 |  8246271.29
    1252830 |  8245891.50
     364144 |  8245873.34
    1638014 |  8245775.05
    1343140 |  8245758.32
     745878 |  8245712.48
     412181 |  8245673.75
    1742400 |  8245612.76
    1322351 |  8245559.10
    2228613 |  8245540.28
     635604 |  8245426.55
    1119073 |  8245380.26
     913304 |  8245349.64
     513781 |  8244901.74
    2526472 |  8244782.40
     825354 |  8244586.78
    3022075 |  8244538.75
    2887578 |  8244506.72
     314467 |  8244221.50
    1953692 |  8244050.88
     697137 |  8244050.08
     925853 |  8244001.57
     901646 |  8243863.95
    2705307 |  8243730.44
    1341560 |  8243634.37
    3036978 |  8243595.45
    1788233 |  8243534.00
    2401642 |  8243505.41
    2898028 |  8243503.70
     339052 |  8243314.38
    1183743 |  8243268.41
     778170 |  8243056.64
     285576 |  8242807.55
    1722149 |  8242654.24
    2572297 |  8242653.51
    1304098 |  8242290.00
     820089 |  8241999.50
     621367 |  8241989.52
    2284036 |  8241970.10
     947523 |  8241932.79
    2369877 |  8241876.90
    1884412 |  8241789.60
    2358899 |  8241766.36
       7881 |  8241678.88
    2123702 |  8241656.28
    3147766 |  8241539.75
    2616981 |  8241333.10
    2609796 |  8241209.53
    2849880 |  8241073.26
    2006040 |  8240891.16
    3029405 |  8240873.94
      87289 |  8240796.52
    1227851 |  8240749.00
    2660749 |  8240692.71
    1717226 |  8240581.56
     361395 |  8240557.36
    2278010 |  8240526.02
    1245496 |  8240443.54
    2336448 |  8240439.08
    1843560 |  8240277.43
     927480 |  8240215.42
    1257511 |  8240178.15
     748797 |  8240157.12
     243514 |  8240025.84
    2184852 |  8240005.69
    2369840 |  8239916.16
    1748908 |  8239853.16
    1567505 |  8239839.96
    2085773 |  8239825.00
    2364117 |  8239771.38
     156472 |  8239754.46
     844725 |  8239652.10
    2263413 |  8239621.68
    2480881 |  8239568.28
    2164305 |  8239545.60
    1714155 |  8239524.60
    2472091 |  8239282.25
    2497403 |  8239219.47
    2045660 |  8239215.34
    1165732 |  8239112.64
    2657083 |  8239050.68
    2565550 |  8239041.90
     529881 |  8239026.24
      44877 |  8238754.80
    1915724 |  8238738.56
    1048430 |  8238711.00
    1228403 |  8238434.77
    2733994 |  8238215.16
    2049233 |  8237687.85
    1237494 |  8237659.65
     605437 |  8237556.80
      35251 |  8237551.84
     531297 |  8237509.08
    2450270 |  8237427.96
     894420 |  8237401.20
     596576 |  8237394.30
     743717 |  8237360.70
    2250210 |  8237339.52
     722982 |  8237275.38
    2049031 |  8237087.04
    2571086 |  8237015.29
    2084451 |  8236999.62
    2668105 |  8236983.39
     268915 |  8236939.28
     112437 |  8236907.52
    1240398 |  8236906.51
    1216798 |  8236903.85
    1283700 |  8236846.80
    1311452 |  8236790.70
     562459 |  8236635.66
    2863985 |  8236613.40
     992381 |  8236566.66
    2356070 |  8236566.00
    1455941 |  8236549.00
    2561346 |  8236459.15
     240493 |  8236325.88
    1162812 |  8236051.60
    2126956 |  8235961.72
    2223822 |  8235960.85
     632613 |  8235932.85
    2870759 |  8235541.86
    1402578 |  8235436.83
    2299042 |  8235356.58
    2561759 |  8235248.86
    1757085 |  8235209.94
    1482512 |  8235137.58
    1104223 |  8235042.82
     736149 |  8234890.94
    1982367 |  8234885.44
    1789415 |  8234628.87
    2457364 |  8234604.69
    1386565 |  8234385.90
    2151608 |  8233820.55
    1070671 |  8233782.33
    1664878 |  8233696.14
     345190 |  8233582.08
     167673 |  8233539.70
    2515809 |  8233447.20
    2495795 |  8233359.92
     850864 |  8233300.20
    2659771 |  8233279.64
    1109997 |  8233227.60
    1221539 |  8233205.76
    1222022 |  8233194.80
    2728377 |  8233069.12
    2752296 |  8233064.28
    2201991 |  8232956.29
    1617075 |  8232671.06
      72849 |  8232588.92
    2393500 |  8232436.76
    2196176 |  8232289.20
    2518207 |  8232204.72
    1677194 |  8232198.38
    2736967 |  8232053.26
    1082708 |  8231804.19
    1253603 |  8231797.80
    2805419 |  8231763.75
     537137 |  8231753.04
    2999724 |  8231716.64
       8993 |  8231650.82
     509219 |  8231636.40
    2657536 |  8231617.24
    2989191 |  8231575.20
    2924599 |  8231558.84
     736368 |  8231517.70
    2321649 |  8231486.40
     771876 |  8231430.19
     544212 |  8231396.86
    1702576 |  8231394.29
    3191645 |  8231236.20
    2392698 |  8231202.24
    1339366 |  8231200.90
     776571 |  8231152.62
     191619 |  8231058.52
    2584271 |  8230936.02
      47447 |  8230856.20
    2590512 |  8230851.57
    3163185 |  8230829.85
    2085919 |  8230758.46
    2885346 |  8230709.85
    1117667 |  8230695.88
    1766854 |  8230469.04
     785172 |  8230447.41
    3131525 |  8230380.60
    2829616 |  8230327.62
     381040 |  8230296.75
    1487881 |  8230229.96
    1693593 |  8230181.62
     352623 |  8230089.43
    1340891 |  8229995.35
    2899973 |  8229945.14
    1299524 |  8229829.20
    1734468 |  8229820.83
    2950699 |  8229796.08
    1395249 |  8229433.69
    1932511 |  8229374.40
    2964013 |  8229098.22
    1057093 |  8228852.57
     912919 |  8228833.47
    1459928 |  8228818.80
    1103338 |  8228787.19
    1691400 |  8228776.27
    2157461 |  8228491.93
    2879537 |  8228468.08
     297131 |  8228404.70
    3025620 |  8228375.67
    1052219 |  8228363.20
     863773 |  8228300.66
    2579590 |  8228241.00
    1074425 |  8228200.18
    3069618 |  8228181.66
     587772 |  8228032.20
    1692872 |  8227872.84
     796233 |  8227654.48
    2828987 |  8227621.44
    1455345 |  8227472.23
    1914112 |  8227463.40
    3081564 |  8227459.25
     701963 |  8227127.07
    2891832 |  8227104.00
    2467538 |  8227042.50
    1262650 |  8227038.20
     396820 |  8226991.68
    2507559 |  8226938.60
    2142903 |  8226831.45
    2102142 |  8226815.25
     429763 |  8226783.18
    1358648 |  8226738.56
    2038855 |  8226675.13
     142705 |  8226632.64
     296181 |  8226488.40
    1874485 |  8226478.08
     320874 |  8226426.78
     610771 |  8226323.42
      52782 |  8226316.00
    2071319 |  8226302.72
    2927213 |  8226236.12
      40378 |  8226065.12
    1958664 |  8225968.54
     812793 |  8225831.64
     977235 |  8225791.88
    1934990 |  8225750.40
     962817 |  8225565.88
    3161086 |  8225517.60
     263622 |  8225507.16
    3020648 |  8225409.00
    2646878 |  8225244.20
     240607 |  8225066.08
    2114047 |  8224933.22
     418138 |  8224651.80
     570917 |  8224511.58
    2220413 |  8224466.08
     292179 |  8224356.29
    3053042 |  8224344.30
    2276239 |  8224169.72
    1781081 |  8224064.64
    1725909 |  8223928.58
    2752013 |  8223747.84
     251268 |  8223616.18
    3129310 |  8223581.52
      76859 |  8223501.42
     862708 |  8223468.99
    1098515 |  8223387.28
    1363671 |  8223342.87
    2082758 |  8223272.75
    2255543 |  8223077.23
    1078107 |  8223062.72
    1156380 |  8223010.92
    2010324 |  8222962.67
     727443 |  8222805.10
    2865511 |  8222762.30
     501152 |  8222563.16
    2398632 |  8222405.70
    2366507 |  8222334.40
     578390 |  8222300.32
     678732 |  8222195.52
     439503 |  8221885.20
     844069 |  8221869.25
    1911826 |  8221562.57
    3070242 |  8221559.50
     285835 |  8221477.13
    2758776 |  8221414.58
    2121176 |  8221407.42
    2883991 |  8221390.37
     305875 |  8221179.84
    2514859 |  8221144.32
     862540 |  8221130.36
    2868873 |  8221117.95
    2046370 |  8221096.08
    2462620 |  8221047.02
    2171009 |  8221033.67
    2419859 |  8221029.62
    3079737 |  8221008.18
     895481 |  8220870.35
    1930869 |  8220732.83
    1103049 |  8220670.16
    1685977 |  8220461.91
     608577 |  8220316.16
    2622230 |  8220301.22
     780735 |  8220242.72
     764006 |  8220108.94
    2423789 |  8220044.84
    2541486 |  8219896.74
    2027235 |  8219857.73
     483111 |  8219834.64
    2283162 |  8219709.56
    2156124 |  8219482.46
     521714 |  8219437.44
     371091 |  8219223.45
    1896155 |  8219060.85
    2357080 |  8219060.78
    3192931 |  8219047.81
    1842706 |  8218960.00
    2265745 |  8218792.54
      23262 |  8218526.16
    1120423 |  8218453.98
      43745 |  8218383.37
    2118879 |  8218318.16
     784472 |  8218189.32
     309017 |  8218145.78
    2968379 |  8218020.48
    1365545 |  8217990.66
    2160117 |  8217959.36
    2335640 |  8217732.60
     952368 |  8217654.34
    2431762 |  8217652.40
    2497076 |  8217506.34
     223878 |  8217416.50
    1115695 |  8217394.34
    3119129 |  8217339.66
      92766 |  8217170.20
    2738964 |  8217155.52
     482038 |  8217043.89
    2814948 |  8217034.12
     650588 |  8216955.50
    2009697 |  8216942.93
    1783651 |  8216829.12
    1478241 |  8216595.75
    1173748 |  8216368.84
    2812318 |  8216165.80
    2338122 |  8216110.03
    2837376 |  8216055.99
     107023 |  8215979.19
    1968807 |  8215893.75
    1652204 |  8215744.44
    1209550 |  8215711.28
     480169 |  8215470.72
    1885708 |  8215464.84
    2148731 |  8215431.40
    1158249 |  8215429.83
    3192775 |  8215172.56
    2243547 |  8215104.56
     452991 |  8215089.75
    1497820 |  8214820.88
    2306038 |  8214782.40
    1461024 |  8214715.95
    2891146 |  8214617.50
    2030522 |  8214427.76
    1335513 |  8214427.20
    1200165 |  8214301.44
     202321 |  8214245.50
    2358103 |  8214204.83
      27054 |  8213998.38
    1742654 |  8213867.30
    3094787 |  8213826.14
    2732209 |  8213698.24
    1042965 |  8213536.08
    1911708 |  8213434.76
    1940115 |  8213427.36
     323501 |  8213244.00
    2769015 |  8213235.08
     791394 |  8213139.69
     422981 |  8213065.50
     624596 |  8212971.63
    2793235 |  8212798.83
     909425 |  8212744.89
     772164 |  8212643.96
    2321296 |  8212620.75
      96544 |  8212405.30
    1976565 |  8212394.83
    1108842 |  8212317.84
     935829 |  8212035.74
    1392658 |  8211901.60
    2489110 |  8211796.98
    2269913 |  8211727.20
    1764052 |  8211716.76
     558323 |  8211607.04
    1689706 |  8211586.68
    2160643 |  8211542.04
     212054 |  8211425.60
    2502514 |  8211293.24
     544548 |  8211283.20
     961769 |  8211124.61
    1045639 |  8211112.20
    2785486 |  8211045.54
    1589491 |  8210879.30
     242985 |  8210805.34
    1296740 |  8210782.58
    2767098 |  8210724.18
    2898976 |  8210313.25
    1039102 |  8210254.52
    1167557 |  8210117.46
     396119 |  8210001.80
    1036185 |  8209936.15
    1448073 |  8209791.12
    2464953 |  8209752.80
     909706 |  8209588.00
     957905 |  8209168.90
    2373885 |  8209144.60
    1826773 |  8209138.20
    1362781 |  8209120.73
    2339612 |  8209033.92
    2438674 |  8208889.92
     812967 |  8208873.47
    1217117 |  8208868.05
    1358537 |  8208766.20
     671042 |  8208732.16
    3089519 |  8208718.45
    1674047 |  8208703.47
     713106 |  8208700.50
    1528563 |  8208598.92
    1288498 |  8208295.14
    1206189 |  8208224.64
    2096415 |  8208104.28
     228640 |  8208024.24
    1362114 |  8207864.00
       8528 |  8207699.37
    2616998 |  8207555.48
    2554527 |  8207449.56
     907350 |  8207443.73
    3019260 |  8207276.85
    2986027 |  8206966.50
    2083247 |  8206800.80
    2665355 |  8206768.94
     950190 |  8206523.64
    2336005 |  8206410.26
    2976657 |  8206306.68
     603937 |  8206115.22
    2010127 |  8206084.62
     617115 |  8205890.55
    3147044 |  8205770.83
     423251 |  8205632.64
     292033 |  8205494.08
     175318 |  8205479.40
    1978521 |  8205322.40
    2380176 |  8205181.58
    2798523 |  8205158.79
    1007315 |  8205060.18
    3170252 |  8204602.56
    2429620 |  8204440.55
    1959940 |  8204313.11
     729431 |  8204307.20
    3105107 |  8204063.29
    2842778 |  8204061.36
    2059551 |  8204035.40
    2749375 |  8203945.90
    2434367 |  8203814.29
    3143621 |  8203737.50
    1225049 |  8203681.01
     400773 |  8203651.80
    1784542 |  8203645.19
       6682 |  8203499.38
     516239 |  8203380.07
    1301892 |  8203376.04
    1673674 |  8203056.96
     630095 |  8203016.00
    2287834 |  8202873.40
     780318 |  8202727.23
    2909800 |  8202691.73
    2624919 |  8202606.72
     486472 |  8202567.24
    3129894 |  8202437.10
    1768202 |  8202368.16
    1083123 |  8202327.00
    1334252 |  8202302.51
     196508 |  8202113.95
    2041049 |  8202065.28
    1802613 |  8201998.95
     471044 |  8201856.55
    2496554 |  8201856.10
     889710 |  8201706.24
    2538552 |  8201630.36
    1055035 |  8201528.10
     888396 |  8201507.60
     238555 |  8201468.04
    2861517 |  8201460.60
    2231429 |  8201376.00
     752395 |  8201351.52
    2166887 |  8201300.90
    2159553 |  8201075.30
    2563348 |  8201070.58
    2082973 |  8201069.05
    1179354 |  8200980.05
    1854510 |  8200967.72
    1773061 |  8200826.80
     663291 |  8200745.13
    1063900 |  8200498.32
    2132871 |  8200413.30
    1009113 |  8200292.31
    1486587 |  8200271.70
    2311453 |  8200140.61
    2081336 |  8200071.00
    2301537 |  8200014.00
    2168107 |  8200008.39
     735547 |  8199949.50
     192941 |  8199819.20
    2309885 |  8199624.96
     806675 |  8199612.30
    1144898 |  8199585.17
     341904 |  8199525.04
    2875257 |  8199369.35
    3105373 |  8199281.84
     540746 |  8199241.05
     770385 |  8199159.57
    2117414 |  8199127.50
     212423 |  8199104.25
    1540666 |  8199078.66
    2101036 |  8199070.56
    1707455 |  8199067.11
    1710464 |  8198871.94
     237481 |  8198731.62
    1784766 |  8198704.86
    1170757 |  8198659.63
    2215640 |  8198633.25
    2970219 |  8198507.57
    2681234 |  8198466.88
       7244 |  8198431.14
     943898 |  8198330.64
    2041770 |  8198308.49
     769430 |  8198285.60
    3165423 |  8198241.66
    2635339 |  8198159.55
    2081016 |  8198125.52
     760643 |  8198054.55
     266552 |  8197949.44
    1723396 |  8197917.75
    2149376 |  8197731.52
    1399734 |  8197590.08
     529157 |  8197441.57
    1786905 |  8197434.24
    3078381 |  8197360.60
    2379275 |  8197352.28
    2465774 |  8197205.29
     405715 |  8197031.49
     371459 |  8196834.27
    2528932 |  8196824.37
    1199677 |  8196712.48
    2071617 |  8196614.80
    2878847 |  8196580.60
    1836834 |  8196515.58
     586529 |  8196407.17
    2501918 |  8196389.50
    1083720 |  8196341.28
    3157784 |  8196143.68
    3144731 |  8196130.00
    1383766 |  8196076.91
     130780 |  8196033.89
    1238840 |  8195539.20
     734121 |  8195434.85
    2761382 |  8195259.10
    2813702 |  8195213.02
     105559 |  8195053.98
    2963141 |  8195048.00
    1953306 |  8194919.81
    2591297 |  8194802.96
    1981806 |  8194781.04
    1952859 |  8194761.56
    1449646 |  8194697.99
     654084 |  8194662.00
    1401925 |  8194574.19
    1918474 |  8194512.40
    2878188 |  8194480.65
    2711226 |  8194309.96
    1023578 |  8194211.64
    2559500 |  8194156.28
    1834730 |  8194041.04
    3169090 |  8193944.13
    2025894 |  8193817.50
     536441 |  8193816.90
    2250913 |  8193688.44
     287302 |  8193652.80
    2630268 |  8193629.28
    2644048 |  8193410.24
    2253599 |  8193394.86
    1785401 |  8193340.00
     723468 |  8193261.09
    1255830 |  8193243.00
    1682983 |  8193138.95
    1989189 |  8192960.55
    2307954 |  8192928.80
    1054937 |  8192673.58
    1749806 |  8192594.42
     441260 |  8192264.16
     313928 |  8192163.26
    1328944 |  8192072.20
     251844 |  8192052.48
    1565581 |  8192002.88
    1062155 |  8191940.58
     176856 |  8191847.73
    2149719 |  8191741.60
    1623882 |  8191706.36
     783371 |  8191676.29
     977847 |  8191578.08
     211090 |  8191211.82
     234793 |  8190939.75
    1551181 |  8190917.55
    1110730 |  8190883.47
    2074668 |  8190671.28
    2810790 |  8190604.95
    2916290 |  8190588.90
    1506606 |  8190583.68
    2322412 |  8190536.08
    1032406 |  8190416.64
    1752101 |  8190344.00
    1005025 |  8190249.12
    2862968 |  8190038.18
    2553597 |  8189968.90
    2084964 |  8189962.20
      68058 |  8189958.40
    2326473 |  8189950.08
    2592206 |  8189909.63
    2694199 |  8189832.25
    2034466 |  8189799.24
    3007952 |  8189634.00
    1243944 |  8189487.23
    2421135 |  8189430.10
    1385662 |  8189359.97
    3158310 |  8189192.22
     467626 |  8189111.20
    1038758 |  8189050.14
    2185310 |  8188984.88
    1165903 |  8188912.41
    1000668 |  8188804.77
     303891 |  8188789.35
     946046 |  8188666.94
     989826 |  8188642.56
     878912 |  8188590.71
    1841305 |  8188570.95
    2921125 |  8188531.89
    1541747 |  8188531.25
    2705684 |  8188509.94
     619774 |  8188453.00
    2035913 |  8188404.96
    1430190 |  8188262.28
     560437 |  8188252.50
    1963543 |  8188203.15
     661723 |  8188078.00
      90159 |  8188042.34
    2009047 |  8188023.23
    3184210 |  8187930.12
    1631064 |  8187844.86
       4456 |  8187442.74
    1345377 |  8187403.05
    1287705 |  8187359.40
     767155 |  8187317.24
    2341764 |  8187312.00
     130740 |  8187118.04
    3051116 |  8187107.90
    1997386 |  8186971.44
    2536560 |  8186942.70
    1760261 |  8186918.73
     822168 |  8186897.28
    1743334 |  8186852.88
    2773214 |  8186738.37
    2272850 |  8186461.29
    2670470 |  8186401.72
    1113403 |  8186396.55
    2202745 |  8186349.49
     518813 |  8186347.80
     693836 |  8186260.05
    1579474 |  8186149.74
     885491 |  8186115.42
    1827245 |  8186103.90
    2516830 |  8185941.48
    1543076 |  8185757.45
      71104 |  8185655.10
     559357 |  8185654.80
     292045 |  8185419.20
    3172374 |  8185369.14
     202703 |  8185358.16
     646870 |  8185320.08
    2451295 |  8185284.03
    1752251 |  8185216.48
     361064 |  8185193.50
    2298865 |  8185138.08
    1883222 |  8185098.60
    2897410 |  8184966.22
     545352 |  8184866.15
     795100 |  8184808.95
     405105 |  8184797.11
    1031477 |  8184722.36
    2528808 |  8184690.80
     190683 |  8184568.92
     447299 |  8184561.60
    1111367 |  8184349.80
     443672 |  8184289.00
    1710959 |  8184215.13
    2349886 |  8184164.52
    1817387 |  8184135.08
     306932 |  8184126.38
    1910399 |  8183994.68
     162061 |  8183955.78
    1098136 |  8183905.64
     162395 |  8183848.68
     102466 |  8183832.28
     150493 |  8183796.72
    2100745 |  8183791.56
    1890226 |  8183744.38
     382252 |  8183737.10
     328287 |  8183499.30
    1628202 |  8183482.02
    2598840 |  8183374.80
    1259714 |  8183189.04
     342596 |  8183109.64
    1843254 |  8183016.45
     485642 |  8182950.30
    1413209 |  8182851.70
     830689 |  8182851.60
    1449046 |  8182767.43
     596916 |  8182752.94
    2418260 |  8182751.50
     516265 |  8182731.87
    1125864 |  8182708.43
    2292042 |  8182681.72
    2750388 |  8182625.10
     703936 |  8182544.98
    2295754 |  8182536.85
    2179549 |  8182343.61
     928943 |  8182219.44
     959084 |  8182184.45
    2159077 |  8182135.80
    2249386 |  8182119.66
    1175073 |  8181915.45
    1768936 |  8181856.53
    2195763 |  8181802.43
     466060 |  8181754.23
    1608814 |  8181545.42
    1227742 |  8181203.73
    2238268 |  8180991.98
    1479664 |  8180956.84
    1393033 |  8180771.04
    3189711 |  8180719.61
     383890 |  8180591.44
    1119047 |  8180535.21
     390487 |  8180500.72
    3095212 |  8180449.55
     528194 |  8180302.12
     895514 |  8180296.28
    1429057 |  8180234.88
    2204378 |  8180232.84
    2180009 |  8180104.77
    1697362 |  8180043.96
    1682851 |  8179980.21
     709796 |  8179956.30
    2554684 |  8179955.98
    1125979 |  8179918.88
    3145360 |  8179904.34
    2645527 |  8179879.91
    2501319 |  8179822.50
     756951 |  8179681.32
     412619 |  8179639.70
    2691137 |  8179574.78
    1499769 |  8179548.80
     698144 |  8179537.24
    2006317 |  8179310.14
    2935093 |  8179160.70
    1776856 |  8179148.12
      49588 |  8178933.42
    1911713 |  8178848.96
     218336 |  8178686.88
     545090 |  8178634.58
    3164236 |  8178630.92
    1930371 |  8178613.06
      97880 |  8178568.62
      75410 |  8178550.00
    1923535 |  8178303.78
    2888638 |  8178222.50
    1053534 |  8178198.57
     463013 |  8178192.20
     306790 |  8178119.38
    1169547 |  8177771.70
      96393 |  8177573.25
    1849416 |  8177520.96
    1152901 |  8177475.92
    3154448 |  8177357.43
    1043335 |  8177336.64
    2627138 |  8177333.88
    2782037 |  8177311.80
     254605 |  8177284.08
     409066 |  8177130.24
    2401205 |  8177124.41
    1583517 |  8177109.82
    3047377 |  8177109.43
    2153716 |  8176995.24
     496148 |  8176976.61
     793531 |  8176950.58
    1144841 |  8176935.06
    1690049 |  8176595.70
     832094 |  8176566.50
    2404993 |  8176520.34
    1042695 |  8176431.68
    3165419 |  8176242.20
    1094414 |  8176234.32
     198819 |  8176132.10
    2852186 |  8176127.52
    1816639 |  8176112.71
    2519485 |  8176078.86
      39523 |  8176057.87
     988210 |  8175927.78
      12056 |  8175898.13
    1847866 |  8175871.58
     431925 |  8175755.15
     861779 |  8175548.16
    1670114 |  8175537.76
     651657 |  8175518.82
    2120668 |  8175407.19
     409020 |  8175393.72
     895249 |  8175386.50
    1071678 |  8175278.76
    1262886 |  8175090.80
    1025508 |  8175015.15
    2527126 |  8174678.16
     149111 |  8174671.96
    1196292 |  8174596.20
    1995316 |  8174566.39
    2068915 |  8174533.07
    1885908 |  8174448.20
     717360 |  8174428.85
    2480454 |  8173876.25
    1176575 |  8173717.16
     438075 |  8173705.52
    1305450 |  8173700.71
    2182498 |  8173581.57
    2706143 |  8173517.28
    1193315 |  8173145.11
    2888717 |  8173069.65
    1423478 |  8173015.08
    2448947 |  8172840.78
     490236 |  8172787.86
     980213 |  8172786.62
     179536 |  8172749.76
     849340 |  8172728.70
    2357912 |  8172322.97
    2402489 |  8172302.35
     700290 |  8172286.65
     103205 |  8172283.68
    2404108 |  8172256.22
    2845953 |  8172044.52
    2146350 |  8171988.18
    1680821 |  8171964.56
    1457793 |  8171769.85
    2359201 |  8171653.32
    1517391 |  8171387.12
     179769 |  8171362.32
     829797 |  8171064.00
    1791308 |  8170918.39
    1534544 |  8170779.42
    1463894 |  8170740.24
     172574 |  8170451.52
    2149292 |  8170428.33
     238879 |  8170260.84
    2125936 |  8170074.65
    1940870 |  8170035.90
    1246370 |  8169995.96
     706038 |  8169988.56
      59029 |  8169973.70
     466036 |  8169611.44
    2393538 |  8169600.83
    2678607 |  8169577.70
    2872041 |  8169552.81
    2385569 |  8169432.60
     367600 |  8169151.56
    1071012 |  8168998.95
    2516360 |  8168976.20
     400709 |  8168848.86
     653591 |  8168819.20
    3030006 |  8168698.88
    2605599 |  8168636.20
    2400253 |  8168566.96
    2232553 |  8168526.48
    2637651 |  8168503.68
    3065226 |  8168297.28
    2394288 |  8168263.80
    2513327 |  8168232.80
    2603337 |  8168229.00
     351242 |  8168219.67
    2233684 |  8168137.46
     979606 |  8168011.95
    1489197 |  8167988.70
    1532229 |  8167947.04
    2256616 |  8167926.08
    2358250 |  8167682.24
    1922650 |  8167668.60
    3052545 |  8167664.90
     807117 |  8167616.52
    2264561 |  8167533.90
    2681598 |  8167471.62
    1631796 |  8167385.97
     404693 |  8167362.86
    1260006 |  8167309.23
    2169496 |  8167228.44
    1694205 |  8167221.58
    1811884 |  8167150.95
     225127 |  8167079.40
     937720 |  8167000.59
     976605 |  8166966.24
    1948373 |  8166898.80
     556997 |  8166774.42
     302949 |  8166746.35
    1722333 |  8166688.08
    1170519 |  8166621.98
    1291186 |  8166620.00
     601740 |  8166590.88
     603963 |  8166582.28
    1600812 |  8166522.24
    1978356 |  8166434.64
    2495300 |  8166393.80
    1543188 |  8166195.53
    1554742 |  8166156.04
    1583907 |  8166033.20
     636307 |  8165903.90
    3020565 |  8165850.63
    1539374 |  8165756.97
     868939 |  8165634.25
    2429901 |  8165542.74
    2028248 |  8165345.00
     684849 |  8165292.12
    1255421 |  8165071.20
    1952563 |  8164868.66
    2557653 |  8164815.82
    1888363 |  8164783.50
    2827100 |  8164776.76
    1062684 |  8164753.38
    1267347 |  8164545.17
    1540763 |  8164512.48
    2333929 |  8164328.82
    1050024 |  8164258.48
    2218544 |  8164256.70
    1521860 |  8164231.79
     382309 |  8164164.30
    1259466 |  8164153.26
     379618 |  8163956.66
    1798271 |  8163778.08
    2815261 |  8163773.57
    2289848 |  8163587.88
    2055680 |  8163581.43
     622436 |  8163580.48
    2802932 |  8163392.00
    3055801 |  8163349.04
    1487486 |  8163314.17
     454392 |  8163269.52
    1401920 |  8163114.33
    1090734 |  8163005.49
     907618 |  8162906.08
    2494979 |  8162820.12
    1972634 |  8162775.04
    3058625 |  8162678.50
    1568747 |  8162647.50
    3173376 |  8162608.59
    2737392 |  8162532.61
    2070102 |  8162505.12
    1011401 |  8162502.70
    2684959 |  8162451.45
    1953353 |  8162257.03
      43522 |  8162162.10
     847317 |  8162156.45
    2102200 |  8161671.27
    2920756 |  8161560.00
    1471925 |  8161553.50
     797220 |  8161409.88
    1102602 |  8161393.73
     200683 |  8161256.25
    2044966 |  8161186.25
    2575424 |  8161020.54
    3064808 |  8160819.52
    1609244 |  8160648.80
     248963 |  8160648.72
    1877782 |  8160581.61
     287369 |  8160539.25
    1987204 |  8160513.62
    2137207 |  8160485.00
    2400246 |  8160437.60
     736332 |  8160422.69
     250261 |  8160366.84
    2984052 |  8160341.28
     815217 |  8160247.89
    1431276 |  8160100.44
    1462872 |  8160021.60
     392528 |  8159995.05
    2441494 |  8159962.45
    3013777 |  8159917.37
    3119422 |  8159917.02
    1558779 |  8159891.04
    2262359 |  8159885.64
    2406496 |  8159871.33
      72990 |  8159859.81
     652913 |  8159806.15
    1530776 |  8159755.20
    1541933 |  8159680.90
     336569 |  8159633.82
    1132623 |  8159449.60
    2454163 |  8159439.00
     707318 |  8159372.97
    2406659 |  8159364.99
    1942728 |  8159171.72
    1155545 |  8159081.89
    1657205 |  8158837.83
    3178769 |  8158745.92
    1804456 |  8158662.36
    2505289 |  8158636.46
    1836268 |  8158594.60
    1907763 |  8158402.00
    2163651 |  8158318.65
     680647 |  8157775.69
     833455 |  8157658.60
    1947225 |  8157642.92
    2489336 |  8157559.28
    2091439 |  8157483.32
    2503019 |  8157348.54
    2906203 |  8157248.56
     961451 |  8157229.92
    2673238 |  8157217.72
    2935373 |  8157205.02
      31308 |  8157126.36
    2966559 |  8157103.02
      43851 |  8157101.40
    2406452 |  8156948.64
    2643975 |  8156945.04
    1520103 |  8156944.65
    1651296 |  8156845.97
     664439 |  8156841.80
     248710 |  8156732.76
    2087235 |  8156728.72
    3098544 |  8156558.34
    1384753 |  8156544.78
    1165621 |  8156486.95
     918897 |  8156416.52
    1192403 |  8156356.80
     639300 |  8156339.87
      31982 |  8156306.55
    2434769 |  8156144.04
     354655 |  8156067.30
    1473348 |  8155738.85
    2300626 |  8155649.70
    2558113 |  8155588.50
    3074454 |  8155293.24
    2775473 |  8155288.05
    2901550 |  8155250.72
     268446 |  8155183.80
    1748274 |  8155075.17
      36853 |  8155015.85
    1998552 |  8155009.50
    1247056 |  8154885.75
      71880 |  8154797.91
    2122504 |  8154649.86
    2956368 |  8154577.50
    1448393 |  8154362.91
    2768214 |  8154320.16
    1943167 |  8154184.62
     283990 |  8154147.00
    1592008 |  8153737.20
    2964502 |  8153598.36
    2309314 |  8153580.96
    1502082 |  8153485.56
    1331978 |  8153452.89
     191763 |  8153142.44
    1613856 |  8153041.68
     859492 |  8152632.95
     388362 |  8152628.77
    2283490 |  8152617.60
      25962 |  8152537.92
    2889298 |  8152513.80
      15886 |  8152496.99
    1762688 |  8152344.86
    1825543 |  8152303.12
    2799647 |  8152245.94
    1506033 |  8152217.36
    1071357 |  8152046.28
    2938213 |  8151762.84
    3052690 |  8151501.40
    1773112 |  8151175.36
    1935862 |  8151165.84
    1869799 |  8151023.54
     836204 |  8151005.52
      44092 |  8150899.34
    2024473 |  8150818.13
     277429 |  8150567.49
    2731601 |  8150197.44
    2586626 |  8150194.43
     197358 |  8150139.34
     118021 |  8150017.14
    2521436 |  8150015.06
    2866678 |  8149991.76
     524689 |  8149986.25
     904605 |  8149985.87
    3112893 |  8149984.92
     901616 |  8149930.30
    2182851 |  8149904.01
    2682618 |  8149834.35
    1828341 |  8149691.60
    3086862 |  8149668.32
     508115 |  8149658.20
     806610 |  8149645.83
    1864918 |  8149460.22
      52203 |  8149430.52
     871302 |  8149379.70
    2787454 |  8148932.04
    2873522 |  8148857.90
    1886481 |  8148846.89
    1076571 |  8148729.22
     121868 |  8148454.80
    2998345 |  8148166.48
    1085419 |  8148144.08
    2454011 |  8148040.01
    2069580 |  8147845.36
    1032492 |  8147779.17
    3016358 |  8147767.93
    3163315 |  8147712.57
    3172991 |  8147418.34
    2312131 |  8147314.72
    1684282 |  8147256.42
     352102 |  8147162.29
    3134637 |  8147135.08
    2361658 |  8147107.76
     296423 |  8147105.33
     537045 |  8147033.16
    2349966 |  8147011.73
     886543 |  8146909.92
    2125987 |  8146903.60
     554782 |  8146782.72
    2766054 |  8146658.34
    2332456 |  8146615.41
    2969160 |  8146533.00
    2545909 |  8146508.42
     521915 |  8146465.82
    2807699 |  8146395.95
    1784748 |  8146392.03
     242157 |  8146340.18
    2304482 |  8146040.52
    2218123 |  8145981.94
    2338106 |  8145845.29
    3024249 |  8145784.85
    2032770 |  8145678.75
    1582044 |  8145634.73
    1324127 |  8145076.35
     505528 |  8144959.59
      39742 |  8144956.33
     419025 |  8144628.60
    2560077 |  8144393.51
     925463 |  8144345.25
    2376516 |  8144324.87
    1216816 |  8144211.60
    2866687 |  8144210.16
    3058865 |  8144019.45
    3097085 |  8143978.65
    1777264 |  8143927.53
    1305551 |  8143920.97
    1868391 |  8143896.50
    1348436 |  8143840.95
    2231892 |  8143810.56
    1360428 |  8143792.79
    2513129 |  8143670.64
     123047 |  8143666.65
     522896 |  8143531.11
    1232754 |  8143488.73
     360653 |  8143392.70
    1703083 |  8143360.94
     793521 |  8143238.64
    1817177 |  8143225.68
    1713352 |  8143168.67
    2062543 |  8143088.58
    2783040 |  8142890.60
    1822736 |  8142841.56
    1838099 |  8142757.11
     828483 |  8142530.00
    2053686 |  8142450.09
    2904452 |  8142402.96
     531510 |  8142196.68
     148228 |  8142100.30
    1362951 |  8142030.72
    1247486 |  8141780.70
     659054 |  8141517.60
     487416 |  8141357.55
    2803974 |  8141211.80
    2259189 |  8141059.62
    1186243 |  8141012.66
    2847271 |  8140793.58
    3029037 |  8140594.70
     114222 |  8140553.34
    1123006 |  8140519.09
    2525780 |  8140358.72
     543915 |  8140279.23
    1442925 |  8139892.03
     765188 |  8139786.14
     538914 |  8139779.32
     196704 |  8139714.59
    2006515 |  8139653.12
    2920990 |  8139624.31
    2951015 |  8139413.10
    2939247 |  8139353.04
     782670 |  8139288.74
      71329 |  8139227.00
    1207967 |  8139170.97
    1033319 |  8139135.12
    2185511 |  8139112.30
    1063948 |  8139079.98
     481336 |  8138918.61
    2809530 |  8138889.27
    2493875 |  8138864.25
    2452027 |  8138758.36
    1063413 |  8138752.43
     688741 |  8138723.89
    2311480 |  8138635.70
     597221 |  8138605.77
    2434984 |  8138568.90
     273929 |  8138564.70
     634909 |  8138437.50
     283281 |  8138433.40
     244828 |  8138327.60
     383441 |  8138288.68
    2544468 |  8138281.14
    2909038 |  8138206.05
     181481 |  8138012.19
    2274998 |  8137891.26
    1111469 |  8137836.97
    2244818 |  8137682.14
    1689044 |  8137632.00
    2801216 |  8137555.80
    1104048 |  8137420.20
     199018 |  8137409.50
    3180006 |  8137372.56
    2225490 |  8137301.48
    1289869 |  8137254.08
    2423898 |  8137097.00
     971488 |  8137054.32
    2664775 |  8136978.30
     170841 |  8136976.44
    2618104 |  8136973.44
    2556191 |  8136874.20
    1460961 |  8136778.50
    2143148 |  8136695.01
    2511428 |  8136355.06
    2180595 |  8136242.84
     623256 |  8136195.68
      15334 |  8136186.08
     231900 |  8136095.90
    1530222 |  8136030.10
    1181259 |  8135936.64
     229035 |  8135917.22
    2875687 |  8135837.05
     657109 |  8135732.01
    1130920 |  8135644.48
    1114019 |  8135627.88
    3155878 |  8135588.50
    1430366 |  8135382.90
     106389 |  8135323.02
     859290 |  8135207.64
    1838891 |  8135171.12
    3022460 |  8134811.98
     992743 |  8134705.35
    1775200 |  8134681.44
    1747064 |  8134633.84
    1664417 |  8134593.00
     706814 |  8134381.92
    2470550 |  8134366.02
    2550581 |  8134233.45
    1684358 |  8133877.96
    1452690 |  8133775.38
    1508731 |  8133679.75
    2817863 |  8133628.26
    1477861 |  8133474.69
    2699248 |  8133457.02
    3138837 |  8133360.67
    2097861 |  8133333.84
    1810453 |  8133239.45
    2489466 |  8133233.78
    2398387 |  8133216.45
    2214253 |  8133178.24
    1306697 |  8133174.60
    1774962 |  8133115.97
     305829 |  8132825.20
      34290 |  8132782.68
    2037063 |  8132692.95
    1087641 |  8132409.04
    1174234 |  8132348.21
     933652 |  8132309.96
    2006180 |  8132089.05
    1119437 |  8131982.67
    1060808 |  8131968.16
     347510 |  8131966.50
      24032 |  8131852.52
     752165 |  8131822.34
     525405 |  8131758.14
    3189948 |  8131724.34
    1222599 |  8131582.52
    1869321 |  8131544.00
    1416016 |  8131415.58
    1493932 |  8131174.92
       4704 |  8131002.11
    1357431 |  8130983.85
     402917 |  8130892.47
    1554351 |  8130842.81
     244348 |  8130826.86
    1745328 |  8130826.55
     279127 |  8130741.30
     712699 |  8130631.08
    2703932 |  8130621.24
    1889228 |  8130363.00
    2815873 |  8130360.42
    2262593 |  8130313.40
      76800 |  8130058.32
    1566149 |  8130047.33
     851555 |  8130018.54
    1348737 |  8129971.26
    2047876 |  8129956.30
    1439399 |  8129936.01
    1495414 |  8129936.00
    2251597 |  8129896.83
    3026674 |  8129856.76
    1866840 |  8129823.21
    3185207 |  8129790.00
     157482 |  8129695.24
    2111100 |  8129612.40
    1608438 |  8129475.28
    3056809 |  8129459.46
     477267 |  8129263.86
     508320 |  8129230.20
    1903778 |  8129207.50
    2405590 |  8129199.33
    2969261 |  8128922.60
    1230802 |  8128477.30
    2496610 |  8128426.48
    2027977 |  8128405.98
     343790 |  8128320.52
     165435 |  8128296.19
    1995813 |  8128258.72
    2841329 |  8128003.03
     570907 |  8127973.04
    1616656 |  8127921.00
    1918174 |  8127839.77
    1308935 |  8127816.06
    2459243 |  8127712.31
    2633319 |  8127626.94
    1266926 |  8127600.48
    2688161 |  8127549.08
    2572058 |  8127533.68
     559068 |  8127494.20
    2496798 |  8127466.08
    1056541 |  8127453.34
     615308 |  8127405.36
     421828 |  8127397.52
    3106521 |  8127338.62
    2565060 |  8127271.36
    2838356 |  8126913.78
    1219701 |  8126767.04
    1750722 |  8126738.76
    2686929 |  8126730.00
    2470086 |  8126656.68
    2233676 |  8126406.30
    2402477 |  8126397.76
    1262277 |  8126396.10
    1208172 |  8126393.73
    1509900 |  8126391.00
    1973217 |  8126182.05
    2009010 |  8126013.90
    3086938 |  8126009.62
    2787251 |  8126006.62
    1822534 |  8125857.60
    2421844 |  8125730.52
    2514041 |  8125697.36
    2430503 |  8125553.84
    2658271 |  8125550.38
    1933854 |  8125374.01
    3006075 |  8125362.00
    1735400 |  8125258.23
    2005563 |  8125246.64
     217700 |  8125149.70
     283351 |  8124843.18
     414550 |  8124721.38
      90334 |  8124688.23
    3032803 |  8124534.00
    2505878 |  8124477.32
    3022538 |  8124477.00
     346380 |  8124443.31
    3088696 |  8124000.00
     135069 |  8123999.10
     118181 |  8123844.12
     218543 |  8123807.00
    2923393 |  8123762.50
    1652363 |  8123640.93
    2762748 |  8123551.15
    1021483 |  8123514.88
    2025913 |  8123459.56
    2242539 |  8123359.64
    2982861 |  8123320.74
     273457 |  8123312.96
    2885701 |  8123300.75
    1901115 |  8123246.46
    3077753 |  8123151.20
    1439942 |  8123120.20
    2648362 |  8123030.84
    1359279 |  8122946.16
    1381978 |  8122939.44
    1768549 |  8122911.16
     901177 |  8122863.39
     652824 |  8122836.60
     948968 |  8122685.48
    3094714 |  8122598.40
    1931105 |  8122512.42
    2113691 |  8122409.13
    2316161 |  8122401.37
     231328 |  8122256.76
    1729130 |  8122244.72
    1366436 |  8122240.96
     764309 |  8122201.20
     312651 |  8122131.16
     617945 |  8121984.55
    1646162 |  8121886.50
    1557631 |  8121881.43
    2717267 |  8121817.90
    1476928 |  8121497.05
     419191 |  8121439.80
    1013713 |  8121371.31
    1516381 |  8121330.36
     606347 |  8121261.50
    2923439 |  8121152.00
    1443494 |  8121111.60
    1282004 |  8121025.50
    2252464 |  8121010.59
    2755418 |  8120875.18
     123246 |  8120831.18
    1274772 |  8120801.16
     808549 |  8120587.20
     581183 |  8120513.00
     440838 |  8120503.22
    2777578 |  8120408.85
    1769276 |  8120343.64
    1756683 |  8120303.04
    1630300 |  8120296.17
    2194633 |  8120032.88
    2098083 |  8120005.80
     337205 |  8119927.60
     946653 |  8119893.42
    1919184 |  8119701.37
    1316532 |  8119681.29
     853751 |  8119616.55
    2268041 |  8119436.72
    3034527 |  8119416.80
    1333875 |  8119398.95
    1858032 |  8119278.90
      73056 |  8119242.33
    1903856 |  8119064.43
    1771846 |  8118883.45
     820370 |  8118763.50
     936688 |  8118751.14
    2170161 |  8118714.12
    2690778 |  8118547.05
     632070 |  8118379.92
    1439836 |  8118302.76
     103470 |  8118232.50
     451943 |  8118213.65
    2678023 |  8118197.76
     494294 |  8118097.20
    1536108 |  8117897.76
    1388145 |  8117885.12
    1301011 |  8117845.00
    1182810 |  8117744.24
     273132 |  8117685.09
    1707420 |  8117641.17
    2724159 |  8117591.10
    3031837 |  8117504.48
     117213 |  8117411.46
     512811 |  8117387.64
    2704622 |  8117238.08
    1095329 |  8117195.58
     923570 |  8117182.00
    1911618 |  8117153.84
    2255358 |  8117095.35
     926850 |  8117041.50
     774640 |  8116986.42
    3192810 |  8116889.82
    1953024 |  8116804.98
    2692897 |  8116794.84
     234240 |  8116585.10
    2268464 |  8116536.97
    1818003 |  8116502.52
    2525162 |  8116399.50
    1072051 |  8116353.18
    1870072 |  8116308.96
    2802473 |  8116228.66
    2848129 |  8116192.20
     436534 |  8116176.64
    2398674 |  8116094.50
    2346939 |  8116092.01
    2741779 |  8115967.12
     596850 |  8115762.56
    1641966 |  8115666.72
    1207591 |  8115600.40
    2004403 |  8115593.96
    2484272 |  8115576.98
    1262681 |  8115558.30
     714043 |  8115555.21
    2154127 |  8115481.92
     983431 |  8115398.10
    3128550 |  8115366.80
     112726 |  8115229.28
    1760637 |  8115166.34
      42890 |  8115092.40
    2719046 |  8115089.84
    1194581 |  8115061.02
    2312628 |  8115036.70
    1937102 |  8114995.80
    1379769 |  8114829.52
    1923948 |  8114799.05
     487073 |  8114763.80
    1283413 |  8114553.00
    2498949 |  8114419.68
    2119135 |  8114348.80
    2476661 |  8114238.54
    1932690 |  8114105.06
     490911 |  8114032.08
    2895054 |  8113915.14
    3112132 |  8113808.28
     748888 |  8113783.65
    2829664 |  8113782.60
     157006 |  8113704.33
     392455 |  8113683.87
    1434254 |  8113593.95
     950202 |  8113537.37
    2808865 |  8113393.80
     609701 |  8113262.70
    1307881 |  8113202.06
     554938 |  8113200.96
    2542698 |  8113170.96
     666516 |  8113148.33
     820894 |  8113078.80
     939304 |  8113053.52
     460821 |  8112961.77
    2045422 |  8112745.44
    2422860 |  8112680.45
    1188225 |  8112538.40
    2187158 |  8112516.75
    2763515 |  8112470.52
    1202656 |  8112450.75
      27101 |  8112427.92
    1902188 |  8112321.12
    2588202 |  8112114.48
     356140 |  8111956.60
    2589467 |  8111830.20
      91468 |  8111785.50
    2754633 |  8111680.74
    1073301 |  8111679.50
    1983452 |  8111662.00
    1308955 |  8111660.16
    1683512 |  8111571.00
     263313 |  8111535.41
     179695 |  8111502.16
    1906548 |  8111404.85
     844782 |  8111367.94
    2622850 |  8111357.02
    1624767 |  8111192.85
    2029674 |  8111173.40
    1059897 |  8111105.72
     206045 |  8111099.85
     135656 |  8110937.34
    2745108 |  8110761.30
    1714046 |  8110723.40
     107808 |  8110529.64
    2399645 |  8110463.36
    1250119 |  8110014.64
     526683 |  8109928.78
    2186901 |  8109910.99
    1441046 |  8109821.67
    1700580 |  8109785.44
      96981 |  8109437.77
    2326052 |  8108966.44
    2398805 |  8108784.95
    2295052 |  8108588.78
    2572937 |  8108456.58
    1611183 |  8108230.00
    2555142 |  8108172.50
     210880 |  8108103.06
    1126908 |  8108006.20
    3029822 |  8107970.00
    1318801 |  8107960.00
     589221 |  8107908.90
     525484 |  8107692.96
     798584 |  8107689.04
    1500804 |  8107684.40
    2487934 |  8107655.94
    1166584 |  8107559.46
     118391 |  8107360.29
    1272434 |  8107227.68
     459522 |  8106835.06
    2458726 |  8106802.24
    1347221 |  8106476.94
    2468546 |  8106285.60
    1761844 |  8106159.75
    1613328 |  8106138.64
    1918744 |  8106090.45
     345073 |  8105964.70
    1391333 |  8105879.44
     320435 |  8105815.10
     362682 |  8105786.04
    1270271 |  8105651.52
    2975354 |  8105528.90
       7671 |  8105495.84
    1413828 |  8105409.36
      46938 |  8105348.61
    1637301 |  8105310.00
    2083056 |  8105179.25
    2044223 |  8105167.80
    1413465 |  8105132.16
     947101 |  8105046.25
     454540 |  8105019.72
    2383845 |  8104993.20
    1746629 |  8104979.40
     237934 |  8104444.08
     302681 |  8104419.36
    2983719 |  8104352.40
    2982617 |  8104244.78
    1016886 |  8104081.52
    1165429 |  8104057.53
    2746933 |  8103938.34
    2560935 |  8103903.75
     601768 |  8103829.58
    2180415 |  8103815.48
    1392635 |  8103741.46
    2320217 |  8103699.24
     416766 |  8103672.33
    2743948 |  8103560.22
    1104465 |  8103521.66
     199474 |  8103450.00
    1456969 |  8103440.74
     244783 |  8103365.04
    3149401 |  8103344.44
    1187237 |  8103329.31
    1490457 |  8103175.08
    1577182 |  8103121.44
    2441826 |  8102864.04
     301554 |  8102854.60
    1911558 |  8102841.64
     262346 |  8102762.98
    2016243 |  8102693.11
    3184548 |  8102660.85
    1696002 |  8102601.48
     313657 |  8102392.85
    3027832 |  8102392.32
     810770 |  8102373.65
     848866 |  8102322.36
     142682 |  8102253.36
    2020861 |  8102006.22
     661063 |  8101974.23
    3185882 |  8101965.28
    2332916 |  8101865.40
     225911 |  8101827.96
    2388488 |  8101746.68
     220437 |  8101624.80
     645582 |  8101479.84
    1090869 |  8101071.00
     913134 |  8101012.32
    1471199 |  8100947.20
     820447 |  8100795.56
    2193687 |  8100756.44
    2219385 |  8100746.28
    1080401 |  8100541.35
     339123 |  8100492.72
    3023590 |  8100355.16
    3148069 |  8100348.36
     928099 |  8100253.34
    1623720 |  8100237.99
     852505 |  8100210.51
     840258 |  8100146.60
    1539084 |  8100077.37
     931673 |  8099884.10
    1465187 |  8099821.80
    2901698 |  8099780.06
    2145906 |  8099691.82
     542787 |  8099661.70
    2742854 |  8099633.32
    1151228 |  8099587.25
     611680 |  8099394.40
    1325660 |  8099384.04
    1610357 |  8099214.48
     213452 |  8099108.62
     390508 |  8098980.66
    2000316 |  8098830.25
    2788409 |  8098787.08
     484834 |  8098765.95
    2216562 |  8098750.00
    2996837 |  8098616.24
    1968938 |  8098612.32
    2847513 |  8098513.64
    2767011 |  8098445.02
    2084329 |  8098362.41
    1325589 |  8098208.30
    1015611 |  8098202.06
     884229 |  8098038.42
    1672439 |  8097993.60
    2320256 |  8097966.09
    2539646 |  8097892.18
    3047662 |  8097850.89
    2743705 |  8097765.31
     203323 |  8097684.48
    1399553 |  8097666.62
    2153104 |  8097634.65
     791955 |  8097596.87
    1084079 |  8097529.32
     198538 |  8097343.20
    1081491 |  8097267.39
    2368944 |  8097048.96
    2301009 |  8096996.56
     804537 |  8096963.64
    2329055 |  8096935.86
    2074758 |  8096915.52
    1054118 |  8096902.76
    2535632 |  8096835.75
    2425324 |  8096820.76
    2122172 |  8096797.74
    1033585 |  8096772.10
    3052404 |  8096673.26
      73200 |  8096490.27
    1466933 |  8096371.89
    2447622 |  8096266.32
     332943 |  8096152.72
    1798948 |  8096007.92
     967492 |  8096005.20
    1690560 |  8095912.77
     326086 |  8095456.16
     509989 |  8095402.56
     313561 |  8095332.80
    1698474 |  8095197.18
    1619512 |  8095147.78
    3042703 |  8094960.00
    1250027 |  8094940.83
    1868248 |  8094889.88
    3125886 |  8094856.66
     215852 |  8094706.20
    2407667 |  8094245.79
    2241266 |  8094201.75
     580719 |  8094111.03
    2605297 |  8093989.41
    2802288 |  8093977.28
    2307197 |  8093951.04
    2806346 |  8093748.96
     547739 |  8093723.86
    2665935 |  8093568.45
     452898 |  8093487.42
    1144163 |  8093411.34
     135373 |  8093408.20
    2387850 |  8093374.52
    1437047 |  8093268.54
     823913 |  8093212.43
    2301238 |  8093193.28
    2904909 |  8093167.36
    2352739 |  8093112.13
    2529037 |  8093019.60
    3077177 |  8093008.44
    1365612 |  8092900.62
    2564178 |  8092896.79
     815105 |  8092893.93
    1490605 |  8092857.74
    1167298 |  8092664.25
    1569043 |  8092624.57
     776625 |  8092569.84
    1486969 |  8092545.12
     167275 |  8092310.76
    2622708 |  8092200.83
    2075548 |  8092136.37
    1527734 |  8092007.70
     761029 |  8091951.84
    2048442 |  8091753.69
     543482 |  8091641.72
    1434158 |  8091640.26
    1817202 |  8091519.70
     134844 |  8091477.72
    2125543 |  8091365.73
    2514333 |  8091293.48
     474159 |  8091018.69
     896533 |  8090819.55
    2970252 |  8090745.63
     620044 |  8090717.19
      41151 |  8090663.49
     693193 |  8090654.40
    1571412 |  8090525.22
     556264 |  8090392.34
     880099 |  8090137.60
    1662496 |  8089726.88
    2264477 |  8089713.18
    1583416 |  8089601.52
    1559453 |  8089560.70
    2864297 |  8089290.88
    3189927 |  8089175.52
    1293213 |  8089170.18
     847475 |  8089042.72
     829620 |  8088900.16
    2340162 |  8088882.76
     228326 |  8088813.95
    2170649 |  8088802.80
     502820 |  8088391.32
    1624329 |  8088381.05
    1501639 |  8088374.80
    1962270 |  8088366.75
    2095105 |  8088318.95
    1622227 |  8088289.20
    2344633 |  8088174.63
    2550092 |  8088148.60
     634056 |  8088139.30
    3042055 |  8088078.40
     877216 |  8088067.40
    2481305 |  8088035.80
    3022857 |  8088029.82
     724091 |  8088011.18
    2517197 |  8087804.00
     326666 |  8087725.10
    1668434 |  8087718.54
     148169 |  8087709.45
    2512530 |  8087570.63
    2805614 |  8087256.32
    2691595 |  8087254.40
    1319075 |  8087143.98
    1092892 |  8087023.44
    1951969 |  8086988.25
    1544800 |  8086965.25
    2364877 |  8086776.32
     669305 |  8086699.44
     741626 |  8086551.60
     348946 |  8086353.45
    2120693 |  8086330.96
    1089794 |  8086252.16
    1606583 |  8085978.54
    1958969 |  8085973.14
    1368832 |  8085912.64
    1932611 |  8085767.10
    1515615 |  8085502.50
    2417980 |  8085489.74
    1193077 |  8085414.81
    2530525 |  8085335.81
    2721985 |  8085082.02
    2136413 |  8085062.02
    1569041 |  8085006.36
    2198142 |  8084947.50
    3190828 |  8084945.60
    2206469 |  8084936.97
     302384 |  8084911.80
    2478282 |  8084876.80
    1743074 |  8084785.45
     445552 |  8084672.70
    2669939 |  8084616.64
    1652902 |  8084615.84
    2575680 |  8084446.72
    1807881 |  8084386.76
    2511698 |  8084308.89
     341069 |  8084269.98
     400388 |  8084128.80
    2303482 |  8084093.90
    1515467 |  8084015.32
     752115 |  8083986.35
     698994 |  8083736.64
    3086577 |  8083503.90
    2740783 |  8083497.36
    2110433 |  8083465.32
    1826652 |  8083351.98
    2959661 |  8083346.32
     246750 |  8083068.32
    1394589 |  8083047.32
    1929860 |  8082838.68
    1691164 |  8082769.36
    2680701 |  8082447.98
    3028991 |  8082292.32
    2304982 |  8082281.10
    1032839 |  8082214.05
    2152037 |  8082154.60
    1052847 |  8082138.96
     272436 |  8082031.95
     795857 |  8081943.30
    1665689 |  8081631.00
     618987 |  8081588.13
     575201 |  8081319.84
    1224397 |  8081228.06
    2450141 |  8081157.50
    2284908 |  8081086.95
    2459585 |  8081085.60
    2465626 |  8081074.36
     931502 |  8080933.00
     403163 |  8080924.52
    1645275 |  8080770.04
     982315 |  8080693.11
     366600 |  8080687.20
    2471530 |  8080570.16
     421720 |  8080495.34
    1807997 |  8080305.96
    1414825 |  8080277.92
     539492 |  8080165.88
    3105599 |  8079648.71
    1419115 |  8079516.84
    1849535 |  8079468.00
    1069330 |  8079396.04
    1273341 |  8079362.34
    1607833 |  8079344.39
     396791 |  8079273.24
    2503108 |  8079127.00
    1853791 |  8079035.37
    1441057 |  8078967.12
    1398665 |  8078907.21
    1975337 |  8078889.56
      46951 |  8078828.40
    1934937 |  8078601.83
    2974824 |  8078579.92
    2553693 |  8078408.40
    2717221 |  8078364.25
    2685371 |  8078340.93
    1398010 |  8078298.00
    1653713 |  8078179.90
    2966848 |  8078122.08
    2368100 |  8078119.64
    2182207 |  8078104.50
    2996940 |  8078088.75
     215883 |  8077824.20
    2094152 |  8077661.20
     826363 |  8077613.93
     624678 |  8077597.50
    1758045 |  8077587.23
     144669 |  8077459.30
    2273835 |  8077319.55
    2117121 |  8077097.21
    3188131 |  8077079.20
    2281445 |  8077021.94
    1561833 |  8076961.50
    3061156 |  8076931.20
      84555 |  8076734.00
    2723910 |  8076637.15
    2884273 |  8076284.59
    2848509 |  8076271.26
    1349592 |  8075859.00
    2197482 |  8075310.26
     379595 |  8075206.55
     438888 |  8074640.58
    1121170 |  8074631.95
    3068233 |  8074428.64
    1109434 |  8074343.90
    2091172 |  8074312.29
     825583 |  8074292.38
    2445684 |  8074206.45
    2538021 |  8074064.64
     276981 |  8073978.88
     812935 |  8073861.00
     173280 |  8073840.54
    2709851 |  8073794.80
    2486965 |  8073794.00
    1242674 |  8073722.80
     683514 |  8073698.43
    1166589 |  8073530.34
    2227632 |  8073510.90
    2157763 |  8073502.86
     266066 |  8073483.00
    1385303 |  8073469.95
    2977979 |  8073338.70
     279508 |  8073236.09
     212347 |  8073202.56
     455884 |  8072895.78
    2767918 |  8072881.88
    3098218 |  8072748.20
    2418796 |  8072724.64
    1978000 |  8072600.12
    1306537 |  8072561.16
    2406799 |  8072488.36
    2942954 |  8072446.26
    3102561 |  8072300.01
    1409631 |  8072134.35
     976593 |  8072099.84
    3088800 |  8072015.12
    2658884 |  8071988.88
    1217631 |  8071979.28
    2675162 |  8071953.56
    2625697 |  8071930.66
    1973057 |  8071707.90
    2650771 |  8071565.72
    3121413 |  8071450.86
    2102032 |  8071439.23
     806252 |  8071305.92
    2547279 |  8071277.68
    2842605 |  8071255.08
    2658467 |  8071192.17
    1634050 |  8071145.03
     446469 |  8071059.01
    1458696 |  8071031.36
    1373686 |  8070738.96
    2472228 |  8070729.04
     210588 |  8070480.25
     776736 |  8070433.50
     308870 |  8070362.06
    3074371 |  8070324.00
    2998311 |  8070298.66
    2178373 |  8070195.70
    2387582 |  8070017.30
    2539847 |  8069968.50
     589093 |  8069842.50
    1763923 |  8069836.08
    3065631 |  8069756.32
    2465523 |  8069713.12
    1950533 |  8069624.23
    3118725 |  8069538.64
    1571397 |  8069497.24
    3064740 |  8069456.28
     231626 |  8069343.11
     486597 |  8069227.56
    1915941 |  8069192.23
    1506799 |  8069075.84
    1295733 |  8069045.84
    1703506 |  8069010.27
    3188965 |  8068955.44
    1426111 |  8068919.83
    2621572 |  8068613.35
    2806313 |  8068604.64
    2153125 |  8068553.85
    2912273 |  8068450.65
     564732 |  8068399.58
    2224074 |  8068224.45
    2414036 |  8068027.82
    1223443 |  8067978.36
     630074 |  8067970.16
    2327503 |  8067908.80
    2416634 |  8067899.84
    2486789 |  8067821.88
     371365 |  8067409.68
    3023305 |  8067389.44
     127945 |  8067280.26
      28359 |  8067161.70
    3102207 |  8067123.72
    1714964 |  8066398.63
     587350 |  8066292.58
     864888 |  8066090.72
    2646275 |  8065620.66
    1445684 |  8065586.10
    1736996 |  8065582.46
    2018467 |  8065518.25
     148030 |  8065471.21
     895374 |  8065432.95
    2757791 |  8065345.88
     712139 |  8065309.56
    2746607 |  8065219.52
    3122017 |  8065043.80
     604535 |  8064875.88
    1251860 |  8064598.40
     454431 |  8064461.50
    1241562 |  8064273.80
    2371024 |  8064244.72
     503747 |  8064213.12
    1121068 |  8064192.00
    2671736 |  8064183.50
    1488836 |  8064112.77
    1512291 |  8064090.80
    3072923 |  8064079.52
    1150521 |  8064076.34
     959839 |  8063941.44
    3096537 |  8063902.12
     382122 |  8063890.72
    1392649 |  8063880.24
     286208 |  8063760.46
     607132 |  8063672.95
    1844884 |  8063670.72
    2438328 |  8063631.12
    3132954 |  8063607.16
    3052898 |  8063494.53
    2230994 |  8063355.30
    1271451 |  8063340.17
    1116072 |  8063159.60
     872615 |  8063140.80
    2435891 |  8063090.42
     526915 |  8063082.77
    2448096 |  8063050.71
    2536569 |  8063043.30
     880537 |  8062958.86
    2760569 |  8062947.80
    1741352 |  8062947.45
    1443531 |  8062924.22
     502932 |  8062899.82
    2865459 |  8062805.65
    2051125 |  8062787.45
    1313155 |  8062716.99
    3189670 |  8062697.86
     695264 |  8062640.64
    1773780 |  8062384.20
    1673906 |  8062375.27
    2541530 |  8062362.00
      88528 |  8062329.06
    1759059 |  8062243.00
     441740 |  8062236.00
     611616 |  8062084.08
     333242 |  8061900.00
    2532898 |  8061762.13
    1281134 |  8061753.42
    1444956 |  8061678.90
    2197594 |  8061598.01
    2082880 |  8061594.75
     161867 |  8061562.08
     333822 |  8061561.54
    1384063 |  8061454.51
     700453 |  8061434.75
     326199 |  8061377.22
    1526924 |  8061309.09
     385903 |  8061150.32
    1701042 |  8061056.55
     335464 |  8061047.74
    1792153 |  8060972.92
    1660764 |  8060467.57
    2894951 |  8060447.23
    1799546 |  8060353.28
     498210 |  8060266.04
    1096922 |  8060172.42
    2557990 |  8060167.50
    3005084 |  8060099.70
    1718387 |  8060059.80
    1159199 |  8059981.82
    1339924 |  8059907.88
    1548203 |  8059871.74
    3008795 |  8059825.56
    2952640 |  8059755.86
    2367356 |  8059614.56
     508556 |  8059494.30
    1493791 |  8059453.44
    1476851 |  8059311.36
    2635771 |  8059234.75
    3056955 |  8059226.96
     753641 |  8059086.00
     495697 |  8059025.16
     722963 |  8058978.70
    2832813 |  8058789.10
    1974985 |  8058786.40
    2033465 |  8058664.53
     979191 |  8058654.70
     769661 |  8058405.07
    3068317 |  8058270.80
     765515 |  8058228.30
      12853 |  8058082.39
    1142756 |  8057927.70
    1883594 |  8057893.14
     703513 |  8057880.20
    2383041 |  8057873.88
    2271516 |  8057841.48
    2706640 |  8057669.46
    3077513 |  8057660.26
    1236549 |  8057641.70
     945261 |  8057571.84
     145187 |  8057439.14
    3198667 |  8057201.56
    1088436 |  8057118.00
    2383399 |  8057086.71
     395232 |  8057003.96
    3089175 |  8056549.72
    2573462 |  8056530.04
    1222061 |  8056496.63
    2461719 |  8056457.77
    1864497 |  8056363.95
    1200919 |  8056334.00
     852981 |  8056149.79
     704654 |  8056112.61
    1958132 |  8056033.86
    1824707 |  8056018.08
    2392786 |  8055989.40
    2740609 |  8055948.28
    2517758 |  8055903.41
    1382396 |  8055786.90
    2367594 |  8055783.54
    1503809 |  8055781.20
    3049336 |  8055602.60
    2756092 |  8055594.58
    1626062 |  8055563.88
     133761 |  8055336.48
    1904783 |  8055327.20
    1176819 |  8055272.96
    1836521 |  8055145.12
     923991 |  8055047.28
     785640 |  8055027.22
    2195645 |  8055014.66
     620161 |  8055011.40
     953470 |  8054942.72
    3043255 |  8054810.68
    2577121 |  8054627.14
    1882386 |  8054596.55
    2596418 |  8054594.94
    2805454 |  8054505.72
    2245898 |  8054439.72
    2749216 |  8054375.56
    2843187 |  8054353.12
    2123708 |  8054158.72
    2676679 |  8054116.65
    1047231 |  8054017.29
    1726660 |  8053888.65
    2399056 |  8053804.90
    2506544 |  8053757.38
    1227189 |  8053728.21
    1643924 |  8053721.28
       6209 |  8053554.33
    2520747 |  8053366.77
    1457971 |  8053344.69
     437195 |  8053214.00
    2592268 |  8053146.08
     680907 |  8053077.90
     474374 |  8052688.26
     410065 |  8052313.24
      77485 |  8052302.50
    1955705 |  8052297.21
     873019 |  8052201.99
    1062025 |  8052125.13
     297446 |  8052123.30
    2050737 |  8052122.40
    1083531 |  8052050.82
    2406823 |  8051978.18
     603250 |  8051951.10
    1951046 |  8051857.24
    1377478 |  8051853.79
    3055394 |  8051813.46
     893053 |  8051746.56
     341977 |  8051353.14
    2705804 |  8051346.66
     621550 |  8051301.20
    1698508 |  8051188.06
    1112140 |  8051064.00
    3128645 |  8051025.56
    1909205 |  8050806.50
    2700313 |  8050678.24
    1794904 |  8050649.94
    2879209 |  8050594.36
    2291628 |  8050170.24
    1524093 |  8050156.59
     128875 |  8050065.01
     769011 |  8050019.79
    2052064 |  8049910.68
    1934376 |  8049813.66
     149392 |  8049675.69
    1383929 |  8049572.96
     666878 |  8049487.68
    2982897 |  8049422.01
     547061 |  8049330.20
    1289192 |  8049286.38
    2169644 |  8049136.96
    2530136 |  8048903.24
    1712031 |  8048683.50
    2201651 |  8048600.00
     133087 |  8048563.20
    2982437 |  8048528.76
     188485 |  8048386.10
    3194386 |  8048142.96
    2913356 |  8048011.05
    2776417 |  8047725.61
     401897 |  8047706.50
    2701664 |  8047634.10
    1922948 |  8047340.49
    1762545 |  8047312.46
    1342574 |  8047174.68
     353363 |  8047026.95
    2889189 |  8046860.92
      93675 |  8046792.00
    1998766 |  8046650.72
    2820480 |  8046434.77
    1548773 |  8046292.60
    2694867 |  8046237.14
    3189787 |  8046215.63
    1237782 |  8046208.19
     441308 |  8046200.32
      11293 |  8046169.60
     502590 |  8046147.80
    2259581 |  8046136.80
    1952762 |  8046128.54
     959691 |  8046117.60
    2326424 |  8046066.60
    2405096 |  8046009.51
    1987040 |  8046006.48
    2037255 |  8045988.93
    2913677 |  8045958.21
    1822122 |  8045903.72
    2201070 |  8045865.25
    1379317 |  8045760.87
    1609320 |  8045742.25
    2460875 |  8045633.25
    1695383 |  8045509.41
    2908888 |  8045338.29
    1376553 |  8045332.35
    1888076 |  8045301.00
    2200244 |  8045217.62
     431901 |  8045195.34
    2922539 |  8045194.63
    3048491 |  8045059.93
    1714197 |  8045011.24
    2761199 |  8044949.62
     570178 |  8044859.53
     820817 |  8044803.96
     649153 |  8044785.19
    3068621 |  8044716.21
    1529948 |  8044178.22
    2034879 |  8044112.70
     532579 |  8044001.02
     177404 |  8043965.28
    2225314 |  8043930.80
     189018 |  8043927.54
    2221290 |  8043827.40
     915058 |  8043755.29
    3161323 |  8043707.10
    1649058 |  8043689.64
    1635690 |  8043477.96
    2205460 |  8043369.57
    1208421 |  8043133.42
    1455364 |  8043079.93
    2569923 |  8043053.76
     985081 |  8042963.76
     971941 |  8042650.20
    1637029 |  8042619.42
    2776524 |  8042490.75
    1351296 |  8042445.61
    2750530 |  8042382.06
     210775 |  8042359.93
    2859458 |  8042347.36
     471844 |  8042238.30
    2992794 |  8042158.70
    1909279 |  8041875.00
    2880686 |  8041700.54
    2672941 |  8041645.77
     319309 |  8041625.60
     917124 |  8041409.73
    1927231 |  8041357.28
    1966559 |  8041072.44
     440653 |  8041016.40
    2392059 |  8041010.56
     917162 |  8040966.48
     687937 |  8040907.04
    2213260 |  8040890.70
    2458832 |  8040732.87
     605770 |  8040689.58
    1079040 |  8040420.55
    2993794 |  8040362.63
      47380 |  8040317.24
     123674 |  8040256.04
    2890970 |  8040217.58
    2426908 |  8040194.97
    1902829 |  8039931.80
    2827116 |  8039847.42
     824026 |  8039739.60
(14656 rows)

