          s_name           |                s_address                 
---------------------------+------------------------------------------
 Supplier#000000011        | JfwTs,LZrV, M,9C
 Supplier#000000027        | lC4CjKwNHUr6L4xIpzOBK4NlHkFTg
 Supplier#000000041        | G 1FKHR435 wMKFmyt
 Supplier#000000072        | mKpAJojtawk2alqV4 ZEbJ3PH3wfYqy AM8rGq1
 Supplier#000000099        | 4SxkTHG28nZrtT0,MnVF9H
 Supplier#000000119        | 4CxBrM0o4yt6LYFxZIyZ89Xnf8LZNn6KcYc
 Supplier#000000187        | oMtyTl6hTyLQhiBwrUaa42zKOjfNobEq
 Supplier#000000196        | TQX4fMwB5tXoz4Fi4CEhALhi6
 Supplier#000000209        | fpTboatC6ogrozMPApz2DXmlukC9YVzCLCgQOtgU
 Supplier#000000294        | 20vnacv,dtZ0mr5kukNf
 Supplier#000000302        | ow8Io1JHkPnIAGCQYCWC
 Supplier#000000324        | QDsgOSozg jniYR2HzxofLZyk0qGdJe
 Supplier#000000385        | 4RDwKCNc6 yBY
 Supplier#000000388        | n27XQohXrXlJRLdsyXNoljPS
 Supplier#000000527        | udKczd6U1Bm79UVDkA8P2Xa1VY qv9mvsXo
 Supplier#000000589        | 3C4,WjUCjL59QhMSxyq1
 Supplier#000000636        | Kc rcRwa,q,TQx1W 3fu
 Supplier#000000643        | mJN4aN B Lxz2esIAW0GoxEw1rAU
 Supplier#000000719        | nQoXFQ,ztoTyboWFmO,a
 Supplier#000000843        | iguHIr15YUL9RMmH7U3XsDfdyEg1441
 Supplier#000000915        | hzB2437Op7JLYX73d3,qU2
 Supplier#000000928        | VL,J8Fq0GI0BnVTaTU9Dcp9Z
 Supplier#000000947        | 6xS,tBAgcKGW,nXNhfm2Hv26uYicU3
 Supplier#000000956        | dmmnYeCuIZB7b2pWTOQ9zrAdi6zxwIrj4aT446L
 Supplier#000000987        | DAWJ1lDhybbSO3mngqD28aX
 Supplier#000001027        | z7udzhYewB47VSqZrhYfek6Jz
 Supplier#000001238        | o3IxY ehZtQ64ubysr84V
 Supplier#000001249        | aoY82cGgJZpmWsBQaPARId5
 Supplier#000001378        | cyTlnVEoMOYxy1JjQ1jm2Wh6vr3ycFrSI21jiO
 Supplier#000001466        | ARHmacYHsfIRRxVdonchVtjf6zLe1thHGa
 Supplier#000001487        | 0ISabDJ8Fj7H8qu3qPvx
 Supplier#000001497        | mB9z,cnNICcr 4EiYuUJArHLUL4ZzySsg2kll9
 Supplier#000001505        | ,JOcArGRA6o61VZ53KRQf1hYTIWq0xyzMwQdwE
 Supplier#000001515        | Eg98ocIKS2VH1hYsFQl2 wp,PnSQ3Q
 Supplier#000001676        | mZ7D3z736uNNMs66KaoK JkGOnjdgRJAklq
 Supplier#000001732        | GbsJPNJVFf1BfA
 Supplier#000001763        | jlElnSpkpQuxgYbev1Z35nETkj6DQCINaQOuJ8Af
 Supplier#000001783        | ac5hhWNSEs9oqWSDfSbjsQBogoFpZI
 Supplier#000001843        | AZ ees0HgmszAkT1WVhBzbt8HhD0
 Supplier#000001860        | tw9w5n AwYCbIETps1ogy75zkAoWk8l
 Supplier#000001864        | ExiJvugY2QxsI r5goq5So mi NTI Zj
 Supplier#000001928        | w5ksuneIutUKiRFmRt
 Supplier#000001995        | EUOX4y1yxYE20JLEYPc06nADD
 Supplier#000002098        | 2MCSyt8XGXTLfXRzKGf7
 Supplier#000002195        | aDZzLrVyjTGTrQkFbZIsVRz HvhC4Qvd
 Supplier#000002315        | A PIXxBK8AIEDcrDps7j0T9O7qhdBa,hiCSUyJM
 Supplier#000002390        | HGW9n1scoMDHgF8z7O6iTm,
 Supplier#000002402        | 7jxiJXJwB1ze4uD4p7DKz44Ifg
 Supplier#000002482        | VgZca,08Okt4SYYxnN80OkUy3Lt0X0TB2ue
 Supplier#000002484        | GNI43eYjlbcTIG9A VsSJrppaMrVAj
 Supplier#000002500        | 3E6egPL3NCIN4Vawqt0pxUoH7ji Zp
 Supplier#000002562        | 8wONfGJQNBwFNWLjnPQAC5
 Supplier#000002614        | If3TvxLfsTCqdJ1
 Supplier#000002650        | 51iJSMOmYqTXNLB
 Supplier#000002666        | phm2stNKBHUQEfOhJ
 Supplier#000002687        | bfA0yTgLN6MHtwVjEknzyZA
 Supplier#000002715        | Z5oAPo57q31ygVY2IibeIZGsSA6txe3UDxOXAq
 Supplier#000002742        | MOOEut4u QZ2xkXfwiNKTxep,USxRUQ9
 Supplier#000002793        | aJBVO0DwezZsCpS9cD7DwubbGvSON48MGiWW
 Supplier#000002861        | 0q6yjuni0wE5g
 Supplier#000002903        | KDCfcaxRMpHV
 Supplier#000002904        | 3AVLyzSjCrHYuiLian1626bEfJgpw5J M
 Supplier#000002967        | lIgtycEJeN4N1WUZG1hX8v1irzyj4qx7kCwrCZj
 Supplier#000002994        | gMO5J1X9uSPlI3glDUSYsud,yzfOG5HTQ
 Supplier#000003025        | HtCJxqcyYoMKBu7BQ5hRdVXj24Fkw5s8LgGe3
 Supplier#000003055        | hIK4aKsmc jZgrCSUk6EyGArXqBa4
 Supplier#000003199        | dCLmojN3T0Nm9F
 Supplier#000003268        | wcRKYUyc1wQxr5q
 Supplier#000003279        | ewVQdElxm9 
 Supplier#000003340        | 2YpvPC0Foz4750wOE0ZPaRt
 Supplier#000003460        | 0iXLHfjoBD9oySRtdK
 Supplier#000003523        | QliqObPv6XqEWceH4Q3Bj
 Supplier#000003525        | o7P4WyAXhI1qxY3s1Qfha0bIjWzi W el
 Supplier#000003551        | bumlGkLc0PiTwlwIVoIM7yvF6EBPZ0
 Supplier#000003672        | oeypLDwHF1wD
 Supplier#000003728        | l2Q01AnPC0yOpEoHhDSwERUMLMEWf182j
 Supplier#000003763        | pj1BzZfawlj8 zLBiX b
 Supplier#000003893        | czTNFPTvwoGe,lZxSzf00Q3kR9,i
 Supplier#000003983        | 51aAi CtErnk,wAHIVjVRJMv4QH2YPEW9
 Supplier#000004154        | et0DhpDSfxa
 Supplier#000004271        | jDQ3KyKBTobR86UfM7YVOf
 Supplier#000004471        | N,TTUEjO,aX3CVT2OVCCewJ
 Supplier#000004525        | xQNjiof2bcjYhUA2jSqApTzKMHcGS
 Supplier#000004547        | ,eGSwy2GVX6A
 Supplier#000004569        |  2vqHMjpdviyiM
 Supplier#000004570        | ZUwh9xolomrElngKfKQwrX9a0bgmUFqdL2V
 Supplier#000004629        | g04u2eDpI gUdAe
 Supplier#000004645        | F,lDH 3YCmLaKimHIJwiwwubh9gATstzL
 Supplier#000004666        | WYWOwZg19CNmeGM6707e0
 Supplier#000004718        | t1YKEJQ52LiytbQubjUkSqCrjN2WcUe7lA
 Supplier#000004724        | lljIGbk5L5dtN3mTFhSXIhi1o6GzBUyC9
 Supplier#000004733        | I1QE,rcg 143Fon8X8aceGxMVxrq2 s
 Supplier#000005008        | RxAVQWjolHk,kzy
 Supplier#000005032        | jIz N2Ybtuqj7J28jS,r1gZiw
 Supplier#000005083        | ygFclVTpIKWAJEX6yDaN,Qeq6XUZKiKuvLRoNYq
 Supplier#000005084        | 3uuAO49y ROyS
 Supplier#000005188        | Y9oC3,NpTpcLqZFcPzzIbiril5K,VpXWyS
 Supplier#000005218        | LeY2,jtHtxXE06Yj23mQJQfSL,zzwXXFXq9j
 Supplier#000005262        | FIF9QmqWKYv,0rQdgvx9SikmUAoyG
 Supplier#000005265        | lia7ERpiunMw,Ni87P4dqtUgG0Emxyy2D0A3
 Supplier#000005268        | thwtEsD6637kzSSBEQqtVKVZN
 Supplier#000005424        | eJ44,Ds5P6Ljs2ohg5oEYMMbOAHN
 Supplier#000005541        | Y0XWrU5rdpSD 5k8Byo3x28AxIEbysGvOx
 Supplier#000005593        | DLs4RI0zsa WbJez23,2RPdSVo6LfVxU
 Supplier#000005630        | s,XoCisPT9F8GjDHpG 60X 1ahQ6b
 Supplier#000005695        | YOkDgHOjMdM0E8gGx6adBSLSnQ9
 Supplier#000005781        | iYF7vxZ1yn6U6QETAT UF4w95 Qy52CZr
 Supplier#000005832        | zd9aAhG3UaqglPdUP5VErS3gmwVbCjseJEnj8g
 Supplier#000005879        | rtkHSrcVLnC
 Supplier#000005895        | 03OgeZendt7MogwRw5oKwvMfuh76e0dWpCQDY9
 Supplier#000005924        | EsAX2Kl2ePben8iCc9airPaQAuA9HIr0c9A4T,K
 Supplier#000005995        | rXSzCk rTYRWsfJ
 Supplier#000006024        | oRpraJFkxy ptVsFMwZW31ehtiLMSkcGVF3
 Supplier#000006061        | xuzhMVdyWT
 Supplier#000006071        | ojOm7rfzVPqx XWyF0rvU3wbJ
 Supplier#000006133        | laVL18hHUi3
 Supplier#000006225        | SrmCApiIP0DxRwh1LRea0ASb3fBjLx6KsFk
 Supplier#000006255        | 9dS8 2Vopjq4HrL
 Supplier#000006273        | SGMEJDhNRsinMcSCymSVfAq0uq
 Supplier#000006293        | G8Cl7YvkoXL4jKmC4
 Supplier#000006309        | dwPuozxMI5LRuDS6BWZC5Ydk,
 Supplier#000006341        | XtXSvFQoDs2wMiN7hi5wv080ce
 Supplier#000006357        | seiEPN3dM5I4osXQVTQ,GLuRwkHZ730Tyw jctB
 Supplier#000006429        | 25JSp02FAStUL02dHWDmMMhjnoCyx7toe9U
 Supplier#000006539        | sLBC76iRNMe57dw0rDZiE09EYR65YZMc88qbafxc
 Supplier#000006571        | 3r2brZx9EKf,R5vlQkGWDhZGJ
 Supplier#000006604        | WpvmKwKdhWwK
 Supplier#000006720        | ylUyy,j2,U4UdToTQ08j4E2ltkiH
 Supplier#000006752        | i8fWpSw62jh
 Supplier#000006774        | svP9cI7FSB 3a
 Supplier#000006799        | 4ev9pKH Aa4Yt8h
 Supplier#000006833        | x4IaVRBV1hzeI5eXy5DXmLn83y mmbI
 Supplier#000006856        | P0TMrpdsH6oCXz0ba43wadaU4Q33CZtgyk
 Supplier#000006867        | QqN,6nvxhphZJM84MvBXuadwxJdSwgC9N3BzG
 Supplier#000006887        | SJ3DVcv4HILypegf9
 Supplier#000006895        | hIHfCilwAb
 Supplier#000006969        | gHahGeOEeEQN837a4oV85IE5qi
 Supplier#000006972        | t Cj14WjX65vSj8OC0g
 Supplier#000007083        | mzBkq7paoo
 Supplier#000007283        | qSEuR1Ri4Hrk LrOLGh
 Supplier#000007302        | QAerqePJk tcgi
 Supplier#000007411        | CNyc3Jvk4jSckyj0xU
 Supplier#000007468        |  E9dKc7,wBKDQtwEapLWicUwxs
 Supplier#000007502        | ,rSo5R1i654jwDP8DIUT1W1YW1TJ3onUPaXa,2
 Supplier#000007533        | ucjeK PHikh0uTVT
 Supplier#000007539        | LkQVe  q9XKuQwc1voX2m2
 Supplier#000007586        | Pq1 SpXCLkeIw9ISg2Hs5jo6L8ySmrInx
 Supplier#000007606        | WvQk,AYhITiI,7WZ7cGLmb0Yt TxU
 Supplier#000007654        | GmS Z,Kw43pcnPlIyQREHBEB,0H
 Supplier#000007750        | wtDhjsvnoWBD01XH7ydI
 Supplier#000007855        | u FDeIpb3pxD9ChYiIi0bb8QLijGQfbUiZo
 Supplier#000007930        | vofDxBRAvejcwdaWvU0wmYHWbiJt
 Supplier#000008262        | L2I4wL9HgO82PVzZ5nRE3HtF2H6mq
 Supplier#000008455        | ,zB2VbEOs1o7,YOYmE
 Supplier#000008601        | Tq2xNb9t22iA
 Supplier#000008656        | sMvnqSyJogRS2Cdfrjz85bh2KgG
 Supplier#000008667        | EG3BUReUgU6UDA3JqClhk6oy3RJtBT
 Supplier#000008764        | jwL8nL9LUXBie
 Supplier#000008806        | 474Q,OCoa8ecS7v6IDJ91gm3RVu5
 Supplier#000008896        | HtivFouKEZTIhN3jeya8KEkx6rXnRoQ2U9KL9
 Supplier#000008916        | Y0pCkSR5qPKd9TKAgQW0SvgvwTztALd Q
 Supplier#000008969        | Bgr7cJ0x7Ngg1JjVZ
 Supplier#000008999        | fpMNdR7m9gsgyg6jK6kwAAIQ
 Supplier#000009004        | nSdPFga2ARrshqSR Zqkd4VBTtv
 Supplier#000009045        | XCXQUEIp36OKslCv7bLMnYnSxdAMPk3t
 Supplier#000009051        | rqjg3yDWpJlheWrvkAwt9iADnozWmy
 Supplier#000009222        | v9IhjRciCeigCsJZ2 8sV
 Supplier#000009284        | JF5cmh0k 0WFd10
 Supplier#000009286        | 0Rsc3gYBFVPEusbTFPQ
 Supplier#000009308        | yV4zFJaBvx9P5wLH7,
 Supplier#000009411        | y 9HOu3o5fXmQKc7VmA
 Supplier#000009434        | zBhG4DSvr0YB6eQ47vEa,YQDks
 Supplier#000009467        | JbdJxWu,7IXIeLdbYYDPqXaBN3MV
 Supplier#000009522        | E6cXgsoyeJCXZBGE
 Supplier#000009655        | ,ZpiRbWDArIS7
 Supplier#000009657        | FotUbqfNjurHDJtawD02Cvgc
 Supplier#000009672        | fupxQmsgDlv
 Supplier#000009756        | WgIcZYJP2W1bmBy0Pz84TIDPzljBLjKhqq,
 Supplier#000009775        | 30kUV46mOw91fKbZOLgxrss2UT E
 Supplier#000009939        | wFs,fIjp0vKa4
 Supplier#000009941        | nt5XPlHwYecqnkW
 Supplier#000009962        |  YlK6u3oLVeIPXQWyeQSUvNZVsCk,Z0D0,Bo
 Supplier#000009977        | 8MBpF ,IjFsqejw2J,IoEZfTmlE7HdivNbYUBNS
 Supplier#000010028        | ZF5nOzykiPjYWfSDRt
 Supplier#000010124        | fmran4BDjO67x9EN9dm2,F1olYJYuoO0NAGeCJLe
 Supplier#000010146        | SorfXw8rxS7VksF3oCRPFxpuNS0l1dD,gQnZeO1A
 Supplier#000010284        | nxZh4dxBUcNLlNFYJXL9VAct
 Supplier#000010294        | ,3oUdCJXtmhGLRistJDFfTO0Ic4PSKfaS9F2U
 Supplier#000010358        |  TC2yvTQSuDd1CqGRvKXeccmtsErrJ
 Supplier#000010415        | q36tsDkAwsh88EL 5Ll02G07gZSy1xf
 Supplier#000010450        | P8SLabvCvA28DVhozh,V3BuqZinnor
 Supplier#000010613        | SzF2ssOGR,MYgE
 Supplier#000010653        | EM7vSyPXNdry32,br2KPj
 Supplier#000010690        | 7LTz7vawcxpguiqT7x7ETgobQWbSg,tMrcAoXkh
 Supplier#000010827        | dWMb0IcJzl3z
 Supplier#000010907        | 8F6VJPSvFsdLTnsypS
 Supplier#000010946        | W4PYTegRRLuIsx
 Supplier#000010968        | 0LX2SEYwvCq o957KZiz5p2
 Supplier#000011046        | RcoiVUEihLbkPUcADp
 Supplier#000011082        | M3xKJaixi0pY y,0HOnh3h 63BFPtM30rMeyGAEk
 Supplier#000011154        | Nq,upaJewpPMSU
 Supplier#000011192        | guyYQaCQCOIpYKyrXCAwIiEsTXnJvF9
 Supplier#000011300        | IsowIv7pPi
 Supplier#000011308        | L9GTsVgacCtXsrF8P4efwUgiUrMEjG0
 Supplier#000011312        | 1JVvW5X7QV
 Supplier#000011340        | Z1mcriQtI69h
 Supplier#000011347        | vBXFNzWtgHQW,zopaSFlpk8XF26y
 Supplier#000011386        | PH SG6vM6f3UoIWKRFzc
 Supplier#000011435        | 8LUuCifag L3LLf,bAsbA
 Supplier#000011457        | P0H LKP6yN172Jq8b,GJnZ1rxjbuz1bC 9
 Supplier#000011477        | XxdsSIZ8AhcX8pLjjQVptkt3ECsA
 Supplier#000011682        | bmyGLZ,E8UI
 Supplier#000011693        | OyDZToI79827r7j92iw2lb
 Supplier#000011716        | mGeZDbKn0Jv9ypzeMCm6htHAuPmTYXuGJqu
 Supplier#000011738        | JUObG2MSFFal
 Supplier#000011766        | gipDRyk78FR,vVToKRDaaqh,JUhEPEgyo40ih6
 Supplier#000011870        | NDFuXYnUepm1ZXmUwf3Atx5vR
 Supplier#000011899        | qsTTgUbDJ9pR8WOu63hKFal5B8zuU1uao
 Supplier#000012137        | VwkKjf1aPKXD9OE1SsDStmONvjkabmNOm2dCzP
 Supplier#000012159        | fyal9,wy1lfD2f7o3gWZrhBPUNXDJzuP
 Supplier#000012218        | j5cRI2o0vMtnBr5e5lTiG,9D6dXGorwGbWKy,
 Supplier#000012222        | LlJOVjyfeAEPRh,xUUj
 Supplier#000012227        | FTyNQm5aCHEH09vhX7mSC2z,i
 Supplier#000012289        | PCB7UAVwKWxZPHVXYaciAU
 Supplier#000012405        |  ty1ZUk116Ndj3RMI5Gs5jNESWPKnZD
 Supplier#000012556        | l0HsMYH9D JbUbH5MMlCuAe086OdROKj x
 Supplier#000012674        | wsUYTN5ET60lEJ46R5CQ
 Supplier#000012793        | B7zGiTGrjFDiubleGE,S7pkpH3ldVHGv
 Supplier#000012827        | Gq,pzfkNsZZGvxUdmh8ba0q3EJfsxYFLx0pjiI
 Supplier#000012856        | rYQ4kmzjR30G 8F9wnmMsYTQDghb
 Supplier#000012934        | z8ZYclON7BJq4J8kM0aVdKlgrzOtXvhC
 Supplier#000012985        | 9H6TC0ZL ZNGCSDJ nmB7PD8X3fam0XmMpW
 Supplier#000013003        | lMZRF8j9ucbLWr00jzDCJKfdaoCTxs 3Eq6
 Supplier#000013048        | MvtnE8bZ2gw,plXHxLsprnrbfjfy,
 Supplier#000013139        | G1xssZRV 4 mQsWCZSZgkjpuK,3s6nv1pOrEEj
 Supplier#000013151        | p,VLz11qj4
 Supplier#000013204        | DVIpYLlXDHf5MYOaaj xn6d
 Supplier#000013219        | WuZRggSDilQK1EhcDQ9IF0c
 Supplier#000013232        | V70UPgRpfASHPcLOWIzSMXMO4rJa2VeD efug
 Supplier#000013240        | xp1e7kMfhO5xu4RogZE
 Supplier#000013247        | RGZPhcjFUK,fijfv5ythrLcyyI2Y33qVej3k5a
 Supplier#000013271        | wY1URx8WMV74SvcktkQ2qJpf
 Supplier#000013300        | yOpFw8yDuvawoBAXGzH2O
 Supplier#000013304        | FEC7A9qEYOOof523VRbJi550HYgIR8KeWD
 Supplier#000013316        | UIGZyUktaWPVorS7sXHU3ySO9FicXjd
 Supplier#000013324        | RT84hDc6VlJ2qMbUi
 Supplier#000013341        | bNT25LIYdUmaU92yo92PTH
 Supplier#000013372        | rqBdg73xyzTDRkYE4DoK
 Supplier#000013426        | agvC7rZ90j98BWdMcyptTg5
 Supplier#000013444        | iRbmZiFp1P61HUrC4imapHP
 Supplier#000013461        | X5nlSvVlzagQKf7155qTKRAG8a,6yK1RLoBM8R2
 Supplier#000013503        | GhZxUEygE888QRazX U45
 Supplier#000013614        | swAeBd Dr0dcSUoJp c3j2sGp
 Supplier#000013733        | q29zYxMkqnRYl52ULxb9ZkFfNh6BPJP
 Supplier#000013753        | 4vqtR XgmBktf
 Supplier#000013774        | vsfpc1C,BTtDua88AfN
 Supplier#000013806        | Er83TGrirZ,Qw5LsfZOShM7uM 9qatb22p
 Supplier#000013838        | sjK952ylA08UpUcKS ZRQ1B4G
 Supplier#000013868        | a2maB6rfwB3dh
 Supplier#000013957        | ouDFXvBZFvAk
 Supplier#000014030        | mv4ci8E,JvoJ5bJ4Xkcy,YAejzfSktUAgSh6Yc
 Supplier#000014213        | w4btCaY96uf4owyE2,f LwbPxlv4
 Supplier#000014246        | Q6nN3Mc0iuHinN9B
 Supplier#000014260        | e3nOzHndF45F5tDsjFTJYVlIx2GGnadHKdhEB
 Supplier#000014263        | UA1Eyxv4x3Jj
 Supplier#000014269        | i,EfCctDr0VS6toWb0T3jPRTC8Tu34B
 Supplier#000014358        | U4rkwsguijmdI7ojS7MflT68INDK6HnRW
 Supplier#000014489        | 1pzcafCXxBBswPsHOMPw  U34GGH3sbsY
 Supplier#000014583        | tG3,Xc36vj0EIIaoeBHFWk8FAWrILqgjXGIc
 Supplier#000014634        | hDTXmaPkWe769nYS
 Supplier#000014644        | DzrHg2U T3AYTvZuXNCDlV OF1Neye8,J
 Supplier#000014689        | 3z7DIR,1m27XwBCew8kOdv25
 Supplier#000014693        | ZYGODVMrvtgH
 Supplier#000014739        | n9tawqN1HpXSo9
 Supplier#000014771        | Bx 2GSjK5LAH5bOXaW
 Supplier#000014795        | YpKQdhW6Pr8zP6
 Supplier#000014982        | qxv b,3VhsP8EBy5g6YhBNBP3p
 Supplier#000015000        | jifGbXcaW7eF7P0V0u
 Supplier#000015040        | ZrhUndx4i1gsEwL,dUydAL3w6Be8Wc4MHIWF
 Supplier#000015076        | aJv6TBLfPMMFvmfL2
 Supplier#000015111        | wuXCh43FVgzG6TrWBiyF
 Supplier#000015144        | QG,v75Padz,hMinAwBb2JlOIPUbc5D
 Supplier#000015150        | Ogn4fIsVT2LH3YK2dqmbdsiW
 Supplier#000015163        | D4azXjt4FPkhETjH00u0vwNk6hOHrYOH8iQOGEF
 Supplier#000015306        | foPEsl,4VEbOfPi1M
 Supplier#000015309        | aMZC9z9tky
 Supplier#000015358        | ub1ZuxKECL zX2YAUsHgw2jp9vMOmiYy4R
 Supplier#000015385        |  pXGESbq2jiXuFtehAz,DNcgpUm
 Supplier#000015411        | 5PyY0r8m1yFEVqfDIdwA1
 Supplier#000015422        | ZV4pNTjprnB0
 Supplier#000015444        | gLYLDN67Eirn49Fk3wpO2s3LING
 Supplier#000015511        | bs5YhgJCv0aBuTK2GQF
 Supplier#000015619        | LCP7Hu5NbVnYUdH8StKSX
 Supplier#000015638        | 2O,XyljKl0dIVTcM4M0S8aonFcb
 Supplier#000015743        | qBrIV0G2GLgFCaSEY7Q5
 Supplier#000015771        | Z5uXT1bK2gWdNMZaWz
 Supplier#000015928        | hsUJ1DPGJ2oO4RMi3dCKnaokwJp5l
 Supplier#000016235        |  yCJOu,yhns86X
 Supplier#000016311        | gyjYuFg4lQIKMhK8L
 Supplier#000016444        | 1Xx7L2anx9tz98oT2X44c5lPHZF4
 Supplier#000016459        | ahkbJyP StI6uBIoFKGhCAvMRye
 Supplier#000016486        | t etQLy4tej2ZjPCOc8Dwi2r1Pd4RyT
 Supplier#000016624        | hQpqeDtMQSEyqgaKeYEsQcAeeccabn
 Supplier#000016636        | NDxoXLnqEcVkhcfVz5q
 Supplier#000016675        | r736qHQgsFB92a KtyV6yHHLRuZvEJphbck4v0 9
 Supplier#000016689        | RGLjjWi6mF
 Supplier#000016752        | 1XfABaOmX,,6k73v
 Supplier#000016761        | Co8QDXROHoENsBveCOiFItYKLRM0R29rt6R
 Supplier#000016792        | eTs JN0KrBJi
 Supplier#000016893        | IqGMQtaM09SkJJDN7C76J FNTgtga1QjKCHzr,TS
 Supplier#000016920        | EkkmHGNSNoNEqpnTN
 Supplier#000016969        | LYRC1,4eja
 Supplier#000016985        | Mgpp5EW,Tf,A3t153FqQ2YboGWI7
 Supplier#000017042        | o0BC2ptDIGDBYr
 Supplier#000017053        | TqoaJf0SiD
 Supplier#000017056        | C6Qj4kMouOcuWVLp2Pn3zOryyUKX
 Supplier#000017445        |  Txy3VUaLwXFE,9M39oFwcWNEYU
 Supplier#000017466        | 00o09cfBu1LkqbaynWIVAju1OXZBY7j8m84LV
 Supplier#000017498        | GK38qwSqfVHD oCk8T
 Supplier#000017541        | mNC7AYPixPDCfnjOtI6Y
 Supplier#000017560        | TIwgEbrH,Jx,gGosymW99TGr1Q,vvdocKbbh6p
 Supplier#000017579        | 7Xu9xGfTr1S pf
 Supplier#000017693        | P5Y0x8r0G11ihX498euKAhWfETs4nlFuUht4tud7
 Supplier#000017739        | oA Lj zfnTZK1RvP0r5AuwMTNpb5hrA3KByXEhfF
 Supplier#000017744        | qCrVyTt6Furlc82xBbvQzeKvfQAjGnhGKAIBna
 Supplier#000017751        | ,boa6sjKlfXRlUlUHar5hMe
 Supplier#000017814        | 1ekyU3oFGyH,f5ThDr
 Supplier#000017861        | V1nIFGVPVIP9puOHptvN7m
 Supplier#000017863        | YMnyvA7ZiWBTQRNdDw
 Supplier#000017884        | ,q0KVBbJnem2AwSHa8uc6,HNW
 Supplier#000017940        | jhmsIxJnsKRRQq3DyjQYDJCuU0Y4jo
 Supplier#000018024        | ,QyAklqdxfmtW8qsGjRuLZL
 Supplier#000018045        | XbKaeljBIATUs
 Supplier#000018172        | s04 qYDboPljKoVi 
 Supplier#000018277        | MWn9SpGdHZ KYWcTFhjnE4h57VNl
 Supplier#000018390        | MI8n5 BDMZ8N tsZ9BBq4H2JdiC,3RBj Rif0iT
 Supplier#000018417        | dGUyio2YnbnYRt,DuEbV9bCU8
 Supplier#000018434        | 2v2NYoZwFv,apUl1gi1jlqFvRjICVPR1Dh
 Supplier#000018450        | a5atoGLc2hz8Z oteQTkf9AxoSIoxqlRKxQ1
 Supplier#000018665        | 4yP7lbIpPTGhza9I2PQM
 Supplier#000018783        | wGhM8dKPp4n
 Supplier#000018818        | IMldEGMJhJzGOiNVkJ1EesOH3Q QTFHGnYOPjf
 Supplier#000018832        | eRAGbdG,v dCCaeHwBD68dgpg
 Supplier#000018956        | t NQT,H2OQu,NaKtURkXRzC
 Supplier#000019063        | VpJG7PqjCG wzs
 Supplier#000019180        | bk3QTH2 UO0oYCh 5BBkCkWrzS
 Supplier#000019207        | OcMnSpjnU2A9xmBDrnrzMFmBC
 Supplier#000019226        | 0x6NgQy0dl
 Supplier#000019227        | L8BNoP 2Ye4KfK,V2gdgjGEL7dnCgUO
 Supplier#000019269        | OFRjimpvUrmmSzmpmbs I6 DzWl
 Supplier#000019309        | opzpQUnsu9A62IpHca31nN5G YYFXKgYNSAR
 Supplier#000019343        | ajJdSMhBUP643O134BE45RJa7a
 Supplier#000019385        | B4kPYof03Qah5PCvCrjuuQqU0xkbRBxNSmtKIKkx
 Supplier#000019429        | 6iAKId0NCF4FiXPMEz75M6E
 Supplier#000019459        | nuxWa9YEjlVJQJsHQIwgpkHA,6Is
 Supplier#000019576        | U4cd2ZlmulfNvYkRD,AxyZY
 Supplier#000019693        | HmRPyZ0,I xuk,CzSm
 Supplier#000019743        | UhULoXW5ig
 Supplier#000020040        |  W,6XZyNZh5BUb0Q V1Qw0r
 Supplier#000020057        | 4QqO2UKyadtUcGb1008ZM24TBluMIciLf
 Supplier#000020066        | nNhkj3nXaNaQ5Mn 29NspLXzOro5DA3xdt1xqv8
 Supplier#000020077        | mtGFPaABVOkcCEyGofOt3ZmdWITYaMIfO
 Supplier#000020079        | dPatg5tf3sj2sfnZStbnKzhi49hY0r
 Supplier#000020160        | 2cd2jZ4hlDf5KSDpO4I4BLh8p7T
 Supplier#000020181        | 3GtCyz ixEeQVjAvQFZhbZ,ywcVud7wIZKAF
 Supplier#000020193        | uTlcP4Rv6lsXHktDiLBC2hD
 Supplier#000020250        | 9Qyv7 qKOHhUAD7JGvSPdBhxpGd4k
 Supplier#000020299        | egrADws,nXMcjm0ilWbwqAeas12ZW1il1vGU,Vm
 Supplier#000020434        | Bi9D,qTMv7DXf F7YR
 Supplier#000020564        | ocoOW1FpmM eDGMh
 Supplier#000020587        | cjSkftge6L3f2aNs0
 Supplier#000020737        | MHfLal7MF3JsS7k1qlNtrRxjdt4p
 Supplier#000020743        | UFPYaXMEiM6
 Supplier#000020790        | 3J9IRu,ojbTK,7
 Supplier#000020835        | SsBKZEEyq6Rnz1 xH9LjmO72ap
 Supplier#000020869        | zpe3zXVlVzXDCiJf0KCrxoADvqX5Mqu3Ufi8qVfb
 Supplier#000021123        | ToH6FVEQN3Q2eDrHx70vPysTnpOTfDdRXd Xm
 Supplier#000021185        | WD3fvsnH4GQbXutv45fD9TrXfVwNX73ErQHxGSI
 Supplier#000021240        | dINuBhUUlwr
 Supplier#000021267        | CzgXePJOvN,Y9a,GEP,37wErIT HKS
 Supplier#000021323        | BD8DQAVpOZO4 qIF3A
 Supplier#000021614        | yPpU6AnLGcZ8XFRmWkn
 Supplier#000021644        | OZ19QwEfCmB
 Supplier#000021700        | m8wU2L8G aE75X
 Supplier#000021712        | Ptrt8sdJnDB3aDIb7ODc2Is6Jd0OrvPf
 Supplier#000021716        | POu4WifRRldBztRnc5K
 Supplier#000021742        | knbZ,Q1lqxz6i89M
 Supplier#000021748        | Z14cKjuwR8suN9yQdmBT8a9k
 Supplier#000021750        | ijNuuVjyGB6
 Supplier#000021965        | mpjaly8zG4Jrhn8Uq4znLrLtVBb5qs9vB6
 Supplier#000021970        | ZFDQ7 cFbmaH7Rf0
 Supplier#000022041        | bcM5wXnLTaBwsCZloOKDO,
 Supplier#000022055        | zudy ,0g1kb6MkkOl8EppQid0nQ0dzXKWlJm
 Supplier#000022108        | t5WhqjQjOoSXdta
 Supplier#000022144        | g3ZHdhP3rs5g
 Supplier#000022169        | ZcO8CuSfZSPmKTWgEfsMUa
 Supplier#000022237        | ShNnPnCIkikGUmYu
 Supplier#000022265        | igqUsYuDtDUPnNYUs0fSMFy,5zK8E
 Supplier#000022527        | ,DSDksvFGTLvzzi1pAZR73cdIq
 Supplier#000022750        | zCnW83 eSuz8phUfehv6RbIzYVc1KGuBx 8 uW
 Supplier#000022873        | 6ki L0kq59mrT0H72iyraJ I7Dgj6hSkKG
 Supplier#000022975        | TEJN,ILRUyKYJr7Bdka4pWW
 Supplier#000022994        | BzW2cAAZAlgYVmDY
 Supplier#000023065        | ,t4QAqirDjxbWlt10cDDnjlChStdbLLN
 Supplier#000023111        | zyG9Ui7Y8tt02Eq2O3ed3Fc7C
 Supplier#000023243        | x0tSK1UMyb0aNrqDQsgRp765qsDY
 Supplier#000023306        | z4KFqsOfKcVkbvbksrnDqk
 Supplier#000023327        | 7fi0eIgXPHOJ3Y2yiNuLUZvD jKUB7AKK
 Supplier#000023545        | dFpu5z0m NNbEfBl,h8mVdcHopBkXXZDI55WT
 Supplier#000023744        | MGYD32lJuVBMioq, sFxSqMRhz,0H6LaJTgBy7
 Supplier#000023788        | mKeqrmKMk5226ijv,YIPtbDNjGeklkD nOEyjgO
 Supplier#000023930        | ,y5okBMyo1IMbkkw3B
 Supplier#000023939        | NXKe97Z0i0ztPXVG4UPUfDSSL7s
 Supplier#000023948        | ,nOpoagu2wyLzmEYZq8zY99BTHviJDMDX
 Supplier#000024006        | SI7rzB8p7CPXsp6e2y16iLLgXk,mOlk39qyvX3,
 Supplier#000024035        | O3 2PgFubdc Aw17
 Supplier#000024084        | oyTTyVga78HXrog8Asj1gnnRpvspMjaR5h
 Supplier#000024102        | y2DNUHuJLthGUYB1agQ
 Supplier#000024189        | EjtzM3jeAmSzFd98gIzzeCy0R3UD18HcppBj2
 Supplier#000024235        | wu9YgH1A3FwprLhl02G46hyr0XTN3,lf4E
 Supplier#000024277        | Ohqu78PQ63Ew7uUBxc6k6D
 Supplier#000024351        | 3JaQNPV1iD2YVQmN3LcFLiLwVHH9
 Supplier#000024481        | YTV1WGd0gQa16DYWwn4
 Supplier#000024499        |  ldnpGhoKtWH7g5s1 m
 Supplier#000024721        | 7QvsYKTMF6J5Bi
 Supplier#000024894        | mobRs,IyBnxDoCaB4RQHzH
 Supplier#000024977        | TXfQdVGSKqDXC8hW
 Supplier#000024985        | T8WDJx6n2YKVI
 Supplier#000025033        | zJ4SakXpV4ZJGN5o UV0VlWzGr8QPC QO
 Supplier#000025212        | CaETTTQu2zq6jMwNlReNWtfwp,xUY
 Supplier#000025234        | fgePBbs6bsd3f8CVnh
 Supplier#000025351        | bninLDE2nOtI
 Supplier#000025466        | Bu v32hs nZdUVy8p28o5NiHBQ7qTUtvWjclbY
 Supplier#000025479        | xp1tjragqFS8uakB9CL9AC4UXTrOGKnFqgobEB9
 Supplier#000025485        | zhg1q7IHo,I4T3KGyqV
 Supplier#000025633        | p0sdDsPEQwQx6UEYSsxiAjBAeTLrJOEAY
 Supplier#000025638        | ZGIS,xBQZ,5 lJeYSOwF68FmePUMgw
 Supplier#000025678        | bXjPU2wuwoUoFETGh
 Supplier#000025752        | 5dM6QI5xz4uNu6bMSl,ie5 8T6c
 Supplier#000025758        | f32cuufsJEBxxVyc
 Supplier#000025820        | 7xN iMkheW46 Cw44OSQ
 Supplier#000025971        | OnAUqZ5b584Fa 6Ca
 Supplier#000026062        | XNhVQTlnnrGmJNkhq0Gk
 Supplier#000026185        | Emr1rQpjRjrfwxpeEJpI5N7D,,VIj1NQq0
 Supplier#000026264        | ZhVgI372UOH86p
 Supplier#000026294        | 6GLBwgP3Ty0qdNKKkBuFwmey9tVNBVCak4yna
 Supplier#000026324        | q9lKaAtnqj54n7MerIU3XV28DiJ0S
 Supplier#000026337        | ledFcu3HRvmU1Gi7wRZx
 Supplier#000026529        | cR1PLSBVgKUfLe3M1pwnvkrcW
 Supplier#000026600        | Mmo25BxZ9P BA2Dv3K
 Supplier#000026607        | cJzpSG,QOoP yDmxWIfLORCBK9B 
 Supplier#000026701        | qumyJJm8XZ 
 Supplier#000026769        | PVfdSmorfTwElvrj42J2SrPw6AiZEkDp
 Supplier#000026912        | kvyJ4B3bzpZtpHzJackwKMf7m
 Supplier#000026921        | W,mFJ5TEYQuk50iCLZPj9S
 Supplier#000026943        | HBFSMycjlhGhXzLyj4F
 Supplier#000026969        | l9Y1YqwqwcdyNgkdFN65
 Supplier#000026998        | NYqy9syinJA,
 Supplier#000027006        | vlubxnYobcITn73xPEh5Ed
 Supplier#000027025        | GNb9rBJBS84ckr2PHCijZKCSZbYzC0oehjl
 Supplier#000027060        | F8oN48k7w9
 Supplier#000027086        | otD1QPKSC,CXFw,M iJswSO
 Supplier#000027199        | 36H,ln  k8vu4
 Supplier#000027227        | WXRte21Q93pS
 Supplier#000027302        | 4ZaOFYwK5 CRO0w9V8MPtV
 Supplier#000027361        | hKSvgCPpBx6H37HSNKpMhDimwr7bRY3,9x
 Supplier#000027381        | e0XpkO,psCqPYJkNW9HUeSK VqNdl8EnJnWc30ij
 Supplier#000027474        | JFVgUe8Du9H 4X9BHVkZKGk2C8dB5jK
 Supplier#000027489        | 6nqUIx3BU,VeATI
 Supplier#000027497        | o03DozakIXizrawn7b9jH9R5errDfx
 Supplier#000027537        | TGTPOaB9i5Ej1mxOM9MtzZLZmb5TKX35mL0Nh
 Supplier#000027545        | XT9WTL25yRyPiq
 Supplier#000027575        | gKKJs67uVSM mUrOQfnNO4R0S
 Supplier#000027669        | kbpkibgBvEf7uR
 Supplier#000027710        | pwYObSm1tV9Vpfr56NsFyrnCHYlZU
 Supplier#000027791        | 04TkHmLveuPodQLAwJe
 Supplier#000027819        | w7X9OaalaSFNrVU7Cjowqu26fdmWOViA3
 Supplier#000027902        | qZHeC2GS46pz3TD
 Supplier#000028090        | bb3GgkhCepm8LFc6wt5KZ m63y
 Supplier#000028103        | gPbTwCi3C2xZ7htS4M
 Supplier#000028204        | G7fTIK4AabYyVd7o9I9
 Supplier#000028243        | YL,dig5f pVtFPVrshXrv
 Supplier#000028299        | XUmlyqW5Nm,gLNXx6V
 Supplier#000028322        | nrU3tmIZtFXXNZBXUtR
 Supplier#000028456        | nM3LD1skJ 
 Supplier#000028649        | BnNwRpAfbsLZyEcB29xNw
 Supplier#000028656        | xoYwOdAJnk7sD9z
 Supplier#000028734        | qK5QGbDxR2YvTTXv2dYYIm7Gjv
 Supplier#000028759        | he FP7Wtem lckMP2NOIo00rUQdwuxHqeuh
 Supplier#000028776        | KFdsf1Uf9VCE5HiwwJ,S6zoe0xRzg1pj,RzwgX
 Supplier#000028829        | fKxxkYNUyLbeMStpxYuwiD8JyCf7s177gNY
 Supplier#000029034        | Lq,XY4K9NrRQyqfXgBO3MYA5zzj
 Supplier#000029072        | PGheqcn76rC4pSyIu6p0DQ P,JnXQ7xV
 Supplier#000029093        | p8ck0AqIYQZluxwV8oCROw8PuIEpCcIW
 Supplier#000029113        | 3gVGZQY9eYCzbrgSMLShU3PFa1YAdMi
 Supplier#000029120        | wUFjYGUvBT2Xx36mVp59LRBnFA7MstnWUBI
 Supplier#000029165        | qSCFwh94bpqXpIDMs3TGirPhdCD u2zryB
 Supplier#000029280        | rr34yKejwmx31qXs40bkaWb,kzzoktcQtXjD4
 Supplier#000029286        | eSyPOz iKGMUVQf4gm,oqViH
 Supplier#000029291        | TLOX5K7 YzPaDoXimKsCjr1mHhNBgb
 Supplier#000029311        | pTKpu0AZHWcqBAwT4B9NqJ7JQMoGJyxHM3gtD
 Supplier#000029354        | 0zg6buDlzondQ5DGu4ojnff
 Supplier#000029484        | aKw1hr7XWzA6ZChq,KAn
 Supplier#000029509        | ,pMPBLWtqHMeOFqipEOt
 Supplier#000029523        | t0,,ReIfWs
 Supplier#000029765        | qkV4vkP3K2dKqjkZxuiSW
 Supplier#000029781        | hMzon2ktpNkYRwW
 Supplier#000029822        | R5YB6SJ5QvxGjPJS38sFjPH80gzl
 Supplier#000029921        | mCXN,HZYbsmbo1bJh9PmzNaLntKsxFCXL2RmhX
 Supplier#000029996        | JCj1FELw7YMl3H,fR8
 Supplier#000030027        | C2MP2YewVJ8iRB55WfUs2my4ZZv5npd0
 Supplier#000030237        | xX, oXEEks4,
 Supplier#000030313        | zUetgvMBOHxscb 2AjMS2svcQ4WUjzip2
 Supplier#000030352        | GipysaeOvc8S64OmWQAW42MPe 3jT2gy8
 Supplier#000030377        | mD,7kpfVm,WHvopKFcIKWSCp6vIaRNC9HRJ
 Supplier#000030397        | 5Jjv77KCOJ0P38RskaxZ22YsRl4uvIQ02hznz
 Supplier#000030476        | JT s4zVBqHalox,PLpXmuj
 Supplier#000030615        | BeY0kD,,e7CEp7PpDY
 Supplier#000030720        | zcU9fPjabKbqo0sSP,9DCBhopfU
 Supplier#000030758        | ygaxtG6TcKLzvxuhayBIDgQky
 Supplier#000030789        | xLbXKS5KOANTF
 Supplier#000030850        | cgfoyg,wdbajZhaAQk,Q1O1U8zqV
 Supplier#000030909        | UL14BegbGGRyfonhX3qvwh61QGgrmOYJPg6
 Supplier#000030928        | RCJZIEIu5Pgex4bSrxLf
 Supplier#000030992        | vfxrVuaERg GVOYaO3ScTqG6fP3tPy
 Supplier#000031022        | wyA8RZE4V8t AsaPd6epQ,h25lZe4q
 Supplier#000031091        | A1isMoVp1VoDLW6gZRvS17jtfJLj5n6Ht8OYY
 Supplier#000031106        | jPsqbIYC5fNcU1eF
 Supplier#000031255        | vAVBfk96zPp8QyHlQIJJ4Sc6JJmfruS1kt31j
 Supplier#000031287        | xNEwjRsfZz7HsbJqV0r0q,CcRKLWpIwwVsQ 
 Supplier#000031374        | XJIyWr51opeBQ4NG65nkoE
 Supplier#000031375        | fCY6coB6uTcp7nE H mQ6cNZVnM5JY
 Supplier#000031397        | uQRJv6ni2aE
 Supplier#000031446        | 0Zbgh6i5SMF8icTiVs
 Supplier#000031530        | rSUHM8R8g7tVW2v4i
 Supplier#000031617        | KFf3d8Pt7fiUvBMs8W1Qhnyf
 Supplier#000031936        | XEupTZWm1GLGtJMGE9QwYnrUADuJ3cPKFyBucM7q
 Supplier#000031960        | U0ZJ wYovF5KWjpoS4H1O,CMt wvZiAMu4po
 Supplier#000032121        | TeWCn,YWOQwmi9qysfNX8
 Supplier#000032199        | OfKzxDrscLY4qZ
 Supplier#000032236        | 80qX7AZig8TLGCKywKlunT4KvQtGF3xd XXSep9
 Supplier#000032361        | Z0PYXhgDBcCO3lPQJAq6aFFFLE8 Dk1
 Supplier#000032388        | 1D9Ezs Fubk95YxzAfiK3DcWvJBALNTuqzQpGv
 Supplier#000032451        | aKH8nhnisI,7pqvzJZWbeWI
 Supplier#000032457        | G,H6MFm4inMomQ9sUY9p5lOt8PuwiawWUf2PhRQ
 Supplier#000032523        | 6H5HTGcZ922JIH8uqfqmFzH55KM5Tqvx6Q,gg1
 Supplier#000032530        | Xu3,yKvJGscCe,uBXjmJESagA7UomU
 Supplier#000032588        | ,zLaN1pUmC4znUI07RmPPQArrGvlJFgBIeJjfnD
 Supplier#000032620        | j6fQmPfWfRHcQfgRklrIPakY VywWxFKI
 Supplier#000032626        | jJDCSpJlS9bT7Fz mKVa
 Supplier#000032635        | ,N50rvNeNPUjG9O50NcNs1L
 Supplier#000032816        | pbSr5NmcSn8iMdvDKd9p
 Supplier#000032835        | TDKB4ZcjDq8xMa
 Supplier#000032837        | rwV,QXYntz1t9
 Supplier#000033027        | 9uqDsD1u,TItVAzRm
 Supplier#000033039        | Msa4PoK7kMwEEXqv6gtISgm
 Supplier#000033086        | FHDNStQ tigQfPka
 Supplier#000033196        | b5VI1WbyKZoL
 Supplier#000033220        | dmwNwBHzcKp9hNaMjQPm6hmrczhvPx
 Supplier#000033268        | jfwLup2gyjJkwx7S4tKK
 Supplier#000033352        | XEnupeU2mRKS,hnO02sSx,ukyeR
 Supplier#000033485        | BIZHuRhR8RHC7Bd7E3rlCitpPZC1r9P
 Supplier#000033527        | 5mu6hynPaWxkdZlBc3s3Cfs
 Supplier#000033535        | yXXUe0wVOkq7D7dahISdgNNgwE6
 Supplier#000033537        | IaV4ZvGg7W c9IKxw1aTJB,hg9ofmAwE9wOT
 Supplier#000033587        | IG8r4dXa5N4q5XGiCZKKE6YzwcQn32fze
 Supplier#000033745        | R7RkcB82hRUr
 Supplier#000033788        | POntj1Zzn65,JBlMv
 Supplier#000033810        | 6Diz1z,sLqDLLdFpDJ,3QZHJkySABP3Cny2s3bBf
 Supplier#000033867        | DHaLjCxb9ecvzMcWrfuEsMFC4gRqhdo
 Supplier#000033902        | 3inI7mu2YpnlIk
 Supplier#000033915        | hD9CJH HhGjPlgPvhohK
 Supplier#000033920        | kJbKHGuJKqNxSmGQz5g2k
 Supplier#000033935        | XhIOKm21TOy6e
 Supplier#000033991        | w4HEmGqgPt5cb36aZeKGya 41DA7Ql
 Supplier#000034007        | zi1h3rAEEFFExCvbi
 Supplier#000034028        | 92LIsOYZwN7YjSOowkp2g00o7iN
 Supplier#000034183        | NeyDzZJkQEkJUnN
 Supplier#000034199        | wNPfXwBSKvm
 Supplier#000034203        | 7jt0PGV4e VQ8I
 Supplier#000034286        | CaB r2YFyC3B0Z1Au5e3z6t0D7wxqfBFQjZpq2Nb
 Supplier#000034292        | GTlM3EDjFiZ9ka G,4OgokG lig
 Supplier#000034301        | TKM2kY0imAcpQkZUqEhhAbhkM80QG12QM
 Supplier#000034302        | fRHA7qEk Y
 Supplier#000034304        | SBsyz8Wv6G07vEST,BDKgBdph9kR1PDG
 Supplier#000034445        | p92MjvEJFMwJf0cyCTxkfQhresgMCtyy
 Supplier#000034463        | iVPRFjuN0 SiK6b0Y,ImkRFQ95
 Supplier#000034474        | muZivkwhkL14X0sNo1tV6Cinrwdno12eo
 Supplier#000034655        | Hv8d4RtQMkXOHf
 Supplier#000034683        | MjXkA9NEEu5lIrcYBRs0OqI8pmSmfZOJvYNl
 Supplier#000034853        | E3DIA4ejNLWpflEtBv09SoEFwXfXqv
 Supplier#000034886        | 0u,GBMqsDF2eTZypLEt
 Supplier#000034917        | upo09ax473bctOQO7CRrDkIryrk0rq4J
 Supplier#000034935        | ,Vevnizy7b
 Supplier#000034956        | JSJGmZTBxR3bTGOh q
 Supplier#000034964        | Q6XLWkXyTLT5awhKlbVjcfS
 Supplier#000035198        | IZEziUVdAhxKyF456D9048i0wwd0oFRum
 Supplier#000035286        | 4ISCB5ZnlLCKH9
 Supplier#000035395        | c4669GVOyvDKOKJHatYcOXtRu5
 Supplier#000035437        | ZC8dxCbSj07H70wktdz,hJczS2x9yXP9,LGT9Co
 Supplier#000035465        | tbA2vLAvMu6sMunfl59iMP7nfN8J71bZ, ieqsrN
 Supplier#000035491        | 9i5vPTxu ergeddYRRqb0u
 Supplier#000035588        | 2HrXxh05b5oP4fwa6jV
 Supplier#000035659        | zyAR2UnhXcHdlRCZDVXHq7qbM9rc
 Supplier#000035700        | k9Jj,uudWjSYVfyvU963YZkh5p
 Supplier#000035712        | gOHab4,2WBHXWcsoYXi9qUn6ghQwIUu
 Supplier#000035722        | TsSlXDJ,kiHHGG7ZvwwwbiFRT3T9qqJe
 Supplier#000035824        | 2SziFH187LWALcvnyOHfWy2i,vNwqqNtDoD25 F
 Supplier#000035826        | 3cpqOIaDcoMth8s
 Supplier#000035999        | tY5U0d9bch
 Supplier#000036147        | iyl7EJNqD5imWjUg3o6wktXlFt,NSD
 Supplier#000036254        | OobVHCeq4y
 Supplier#000036265        | 3a,2x2n nn SodJ9C YY0AwpPdbkVm
 Supplier#000036306        | Uw27r4daAl7WDqhIbUL
 Supplier#000036389        | H2o9MmiE8luSeiht77
 Supplier#000036412        | V9w9vYq8rTlRr0t1
 Supplier#000036563        | DaIGg0FYx53Ju6q58dIrB
 Supplier#000036568        | mOlzVX7sNmJ5ASnq
 Supplier#000036729        | RyB0 vp7aqhePsmPUamEeoj9YoWV,lu5Y
 Supplier#000036734        | ,E9jWtiJcyfYHfW6x2CozqY5PC14
 Supplier#000036814        | 6FQGTFZ0o0454EyexcJd5Uzpu8bxwaQL
 Supplier#000036828        | D0 uxt6t2xa
 Supplier#000037069        | MT74,E6aOjkukyvigxJIv1Vuj oqnp
 Supplier#000037074        | h9OSJWD3o,opIz6NSwBbZ,m2K,fTAkmgHmCzbQ,
 Supplier#000037123        | kRZbwDUAAF98Y3R7v E8qNxHsr1WsMkTKfyRbFBl
 Supplier#000037134        | t0gvaBez kM0avaMibZWC
 Supplier#000037203        |  iO5Pxjfwv9UajboZxhnMU,LXfHqtCwxj
 Supplier#000037229        | yRna64 KYdOKA
 Supplier#000037461        | UctTVXZxX,aWk0M2tTRcjfezw46iL1K4PvJKJ6 
 Supplier#000037515        | BcQx97sVoj
 Supplier#000037527        | dVD1CHTbuv5Di3LloqgLwiF,AasvVL
 Supplier#000037638        | 47mB5DOmTo
 Supplier#000037991        |  ksgBQ1pYCGgHSFSw
 Supplier#000038035        | ZD13u8HHzH01SHiM6 z2PKFu9ydJGkS2yPAx0q
 Supplier#000038038        | TMIS0CC2nCe0KLjN1x7zWNnNavOU6N
 Supplier#000038057        | YJz4esGW3fGx
 Supplier#000038076        | PHf54tdYtYvQnQ5 Ds6309u9iX0c
 Supplier#000038251        | I1YPW 486fCA MhX5
 Supplier#000038539        | MGq TkZorzA
 Supplier#000038563        | raLhJ6k0,SezsG2KOymvnQXepvrv
 Supplier#000038760        | ,nCVnafaVxndhmLVNa1DaHYUaS5jS
 Supplier#000038774        | 5EqibCLlihDJcgCCnCZeduCktvtE9
 Supplier#000038839        | HrJVlbBASLGOaNlj7
 Supplier#000038853        | rSyNiIR6ynqg6RY8kX 9fh7r4CXVhHkY1fm
 Supplier#000038860        | CELxrXQYJZZsvNvIrKx4qciKTYLSi9XNmNVT
 Supplier#000038861        | p7MfwOM8Gcvr9ekNcd
 Supplier#000038881        | K3h6IT4GE8hp9KSqJ9cZ9FUdEtKBw1bAOtpm
 Supplier#000038898        | ViBhkmwGvp7
 Supplier#000039014        | ZEfSCZzjLsbz7xhmZz5g7x7F
 Supplier#000039082        | XpVpduLITfhLfTRFIbMHR50WCdOWkS993 qoa
 Supplier#000039085        | cvi6X1YUwng
 Supplier#000039126        | vUwZ94dmM,GhZYSrvgIOfiG
 Supplier#000039199        | enFLXBjQ4f
 Supplier#000039206        | SZEvJjRS9WEIjEtxzQSaPZYgdCxT
 Supplier#000039347        |  qrrT7hqXFMm0muPopS 282HfOu7yP bDqGqIMI
 Supplier#000039382        | NqUkJesCNM50xjzc
 Supplier#000039395        | YgRnAzctGpJH80zfAkHTaSYg,jutA0b
 Supplier#000039418        | CUglOvj69lGmzm8K0juqFE iaqBQmjhqSlip5faH
 Supplier#000039459        | Y9ltArTAuUNE1JgbA,OBKPSYvDtReMNhr0Ox3oWP
 Supplier#000039496        | bfskwqdh3oUkms2t66GydF5fz
 Supplier#000039599        | eBbaoOkwGpuePQKQ31BtJc
 Supplier#000039633        | 1ShQ8sR4AvgILs1r4UVC4tSwqfQI2I
 Supplier#000039638        | UUeeMr94HgpL4QztWZO634GiYZBMFNs8L9,2
 Supplier#000039682        | k3tkKGjep h5dXrpEwfvKti6y0xW
 Supplier#000039750        | RzuJAI0krgQ73 PykVKBWT XKJEtWch6
 Supplier#000039765        | 2RJ4Ye1KEAvdDVNLEFl2LYSO7,kSI7DQzstch
 Supplier#000039820        | mFydNQnr926taOUX5uZFs DgW3DRddm0b4
 Supplier#000039865        | jguKhob6N9qsjP21K4uQ1qmIHK
 Supplier#000039868        | htMMzuxWNz8gf
 Supplier#000039897        | 3JP0nL1CkpBhU
 Supplier#000039928        | wYK9S39YhxPOhfNaYVdaMugQd
 Supplier#000039956        | 7ShNUy2vL2NIdCaEPI20NSof9QSsc
 Supplier#000039962        | 37ttyfD 7AH0,zCHLcTqnz2vsSwgnr3YxMT
 Supplier#000040052        | 0YU7Hfy14gwG1Kgf
 Supplier#000040061        | O98rtRA1VZn2SSSmlcm
 Supplier#000040089        | bv5yBudXe1dYLAVQlorjSQalWEM3iPEFutNepfw
 Supplier#000040101        | o7JBkjjfo4hDiqUzS9iCl
 Supplier#000040104        | WptTMHP,MxQg Kg3FWrWb
 Supplier#000040120        | gQd5z8ZnOJj0UrQC VmKloxKFU3UBAjPEi8,O
 Supplier#000040132        | 2sEt8,rXHxXWlOxk8H5Nms
 Supplier#000040156        |  3nqXioBsJFSKyoFA,8dYcRNPUc1TkZLs33sE
 Supplier#000040168        | QXXZW4V9TgMfIMaGv5x38pZEAyaQ,MH
 Supplier#000040258        | q,iNyW88p6u4rDLt,Ks7F ZZe2IayX7
 Supplier#000040333        | twWwka34GjasnPhnCxSeWwzsntfnN
 Supplier#000040447        | 1UJVDh6ZKnv4ssR,hrfBz2f5tII L9Rhq
 Supplier#000040456        | oxNwhg6pOU37T3CnJ,3G4KBjBKegxB4
 Supplier#000040615        | tXg985MM0UJ9fdWV1,5hP2aGVunBq
 Supplier#000040625        | hPkUVBeC9 JwBsoUZo5, AEzw8d4ZM6ji2ycf
 Supplier#000040700        | AjtI3 qXFmRbwvCEv5Y1p5PIgf7N8Kge7wGpuH
 Supplier#000040802        | KoVL1ZuOPjSd6XfC0u4K2vM Zj3c,Fu
 Supplier#000040886        | g8z8lP9a1T1zkh
 Supplier#000040891        | ym0UHegqbJG mrRh1R49HB46nBl8zWKxsy6t4
 Supplier#000040893        | JxGpGNczQ s
 Supplier#000040915        | hA4BhSLiY K0qas8
 Supplier#000040918        | D3zMOj cIoZDe,4JTBtThAReCzwOvIox
 Supplier#000040964        | ,gMnt36wadzliN0mlkIlmFIRK,i8h97JKpM1fO
 Supplier#000040995        | zDGLYKV iW,2XsbB2
 Supplier#000041008        | S7BUcogmaENvAqs
 Supplier#000041045        | uO,luX2yByYqJRP1KAofA8qt2,FZUTRS9
 Supplier#000041049        | b1W4lEnKB,c
 Supplier#000041301        | DzEfL4Y9FtHr,rEeeYJQuEwfZH1F6rPVt6M
 Supplier#000041367        | 7ffcKNk8QRF39tVe,uQVXFGsOPoogMtxrP4Y9FC
 Supplier#000041402        | YTO5 WxLYMSHpjhJ,h
 Supplier#000041540        | ShPuZ7XWNe1FyqyWK63DxVfx7fXdqHY
 Supplier#000041555        | 3op, r4Uw4rkRFpxHEu3YhCnBjNoc3yrX0F
 Supplier#000041558        | wg5qdqoHqXd9WX5yVEf22T78toa
 Supplier#000041662        | 9RJasGD8k6SYJChonQupjdagLioEDzvx a7,rh
 Supplier#000041685        | gwF8ZD2UhlKZuqdS0GYA7RIFB0MpIrgEf9LW
 Supplier#000041796        | c2SvOn0tIO
 Supplier#000041810        | fahCH4ZjbXB4fEZo
 Supplier#000041834        | kzCjGsGCSHxrYk2BT2geOpoAnS9rGp
 Supplier#000041846        | rB TF9hAjJUFQ
 Supplier#000042002        | 3gg fatyCU0wm9ZdsIO9LF7y
 Supplier#000042027        | Agp3fQXcu4b8TqntID9jGZRx73n0Ic
 Supplier#000042080        | YaDG0ini21
 Supplier#000042151        | LUQLmFnfrPzWaxtBtqYM
 Supplier#000042228        | ,yR2lZNp2wVNk4no93ML5rgMwGVOfC
 Supplier#000042268        | gJe4loggR9fsTB
 Supplier#000042278        | AUSkt7pJzk9
 Supplier#000042280        | Jf9jgTjWwj TsSGl972K07yyjvNoGhSbLVom8U
 Supplier#000042307        | s0ptyaUZhkqnirZ
 Supplier#000042308        | d3Ngdyvz7NXUFUtC
 Supplier#000042357        | D2K8sw9nUUHyYI60osX
 Supplier#000042361        | 7recpmTIvpraB9oqzS
 Supplier#000042388        | 9A5XuFqrtQ,QPa3jO
 Supplier#000042424        | VEg19gaEXE
 Supplier#000042510        | BzbyPETK8XMb1ntwBQS73CdtoIO7xvNGp9O7YS
 Supplier#000042558        | YG0Fia3lqmuuHds
 Supplier#000042711        | PDUZ3gM8iW5nYXnUfRl
 Supplier#000042727        | lV8V17u9Vamj0dHOdnabHvBmeF
 Supplier#000042728        | WNAP1p tMpPiZbcpGXjs
 Supplier#000042772        | B6w0ANIyJBDMzu8udW4h1xcp ,kMAk2gVXapg6
 Supplier#000042905        | 0,e2sWb,Hexag58pISnr6QKBpUGu
 Supplier#000042966        | GOC6fUXL,ju25geWF7rw
 Supplier#000043017        | b19wXfAgws1VuyrPhkyXi fWnMw,P6hGMi
 Supplier#000043070        | ovjH3BogNCvMEHZWY,d07espsW3V1teOqRvis
 Supplier#000043085        | L Tmx6SSy0b3xW5A66 gWUAZR
 Supplier#000043103        | CEJYvLWIAbrby1uLp R  kAhRHyTv3HkrU
 Supplier#000043135        | w5l P3,mtLYc6,IWZLQk7soiOUkWfwj0D RXBz5
 Supplier#000043158        | ebeL4Hcwqj3owYkfw7
 Supplier#000043305        | gdLTfLZzW0 FKApR1f87XjEy3eNJ
 Supplier#000043456        | 4aCPfjV,m14j EZGX9WlUEqMxrRGeTeputo7nIo 
 Supplier#000043480        | Rh0Q7n5asL6W4sNR8VgG4KAjAGcEqWPBZTh
 Supplier#000043498        | tL3OhULCvS,
 Supplier#000043529        | IbPB8vxEh9
 Supplier#000043588        | 0SZyBvEqEHUw1lLiQx0xpaJPhwcE
 Supplier#000043595        | iQwcRSQ72g7sfptiGtAfmtdkSjCiqshyae
 Supplier#000043624        | hXq,COv5X,Y
 Supplier#000043634        | 16EUvtGCmqs,2eFpAwOe0wSMTchPAKF4d1PJl,f
 Supplier#000043801        | JtZDxtpGGfgDAhnVFELbTRZel6hU
 Supplier#000043969        | TNCUMdOw1jFZ cN,C,25
 Supplier#000044063        | dHhUa,sIk7PHiHfADPyThYbH0bR1TjcDSHuI
 Supplier#000044078        | iOhlaTdLQpyr89OmzQ4z5Gjb
 Supplier#000044121        | hvAKLM6OtwSENnMxceSuQBQL
 Supplier#000044131        | dCE5sYUNNfZr
 Supplier#000044135        | k1Og1bCp6ynXXKZtUeIyAN
 Supplier#000044225        | dn2w4zpncUoDQkufJVfNX836NK tyiolo4o
 Supplier#000044282        | NllKNhyadHLQG9Q0VKn2 nBAF13QZSSCDs
 Supplier#000044296        | wnKE3pl0m6YxKMXhgWTFLMEgb486b2jgGQK892
 Supplier#000044360        |  fGdJti3n9Adxw4wQNMSliYsQbOny7 mWnjpH
 Supplier#000044407        | JBPBwDUy0OKsadkwtXNcaizzmMCM6iIm
 Supplier#000044444        | Q7fh1jGcql
 Supplier#000044510        | wdF0BcpZcSZ86lLlJq,
 Supplier#000044608        | gMjSJjVCDZvdX8u8,QW
 Supplier#000044731        | owjIajhpt,b
 Supplier#000044846        | vF19vbHTjW6OnczhJCY5,SyaUoOrc0K
 Supplier#000044888        | 4oe g8xfWoJG2DI
 Supplier#000045005        | wwzQK3fE,ow9GAMXkbBsXfBDIBHwk0
 Supplier#000045058        | 3E4G4PlOfbuu
 Supplier#000045105        | j7diF2yRMituxCx3g18iqyp0Tt9qNLbXAL5WMoWr
 Supplier#000045150        | FgctQGHCZ4Pj
 Supplier#000045322        | N708kaZSn1COxG JeSV
 Supplier#000045369        | zoK0yPhmrLsbtSt3wAfeta,0v
 Supplier#000045404        | ,zufXpFUy4YdCkEFv07 5iRiH
 Supplier#000045448        | ZGQ,a3VGG22HmnueX377QbUrfn d6BTu6
 Supplier#000045501        | U1NKjY4dWDyXcCjFEFTrwaw8ZGlARFQzt7 
 Supplier#000045545        | kqpy,XQa,x0ypTjcgHT,
 Supplier#000045567        | IbhQ56vmOCJGXluHPUNlWP
 Supplier#000045654        | PEZqHyJlWwGvG6,4g88O2LMJrPiWap
 Supplier#000045677        | cZWbGDm7NbYO2ElZYlxdeY2gKb5qTuM739K
 Supplier#000045744        | jXUJjM68N2hLBJUwOc3ZdhBnV5uI2
 Supplier#000045758        | JTWSNOpEf,yuQ1BsYz2H8rqM
 Supplier#000045832        | wwbw6fV,IHBhlFzJkX
 Supplier#000045846        | H8UYT69mC5AbFCvPr3RC93X,z
 Supplier#000045948        | c7BNP16CRi0krk3dctgEhWJxwOHcFV
 Supplier#000045983        | H54hranJ8ulV,65G FU
 Supplier#000046017        | K16wpnbJeWXSB0nbmDwwOuj3pbjWLN iC e
 Supplier#000046228        | 21,RP4qAuj7QtM4t4ygqg
 Supplier#000046374        | ,Wf2qdceC46L ,niyecT
 Supplier#000046401        | 7xxYdCeXHn6hvXqEN0S2z
 Supplier#000046590        | 48Mdx,fUvBNMhO1 Zz11Lu0f1cb77c
 Supplier#000046723        | cd5ptk39BA234j3p2Pb3bOrejzJnBOB
 Supplier#000046781        | q1n5LdNMwf9dOMDR6,YIWEt7M8zEXuM2439
 Supplier#000046825        | sdVOpJAtWenJqnxbr3
 Supplier#000046877        | mzCiI20NgPRMzVyXsO90AdNB
 Supplier#000046882        | Qiz,X9mAdlqVlayl1q0a23hMLGvLOpS6c4C
 Supplier#000046933        | bS Jfo3higsJ9XHFg,tDllJfr6KvgZN96Z
 Supplier#000046957        | rLj1vwWdGg7H0n5ZEYQtqf
 Supplier#000047087        | 6hMOoYFXe3xXMua
 Supplier#000047131        | VUPd0vGg0K2SasIR
 Supplier#000047142        | UYcSl,EdJj 4b4d9unS24gFPp8Xu3kr
 Supplier#000047154        | Tx3GURDNGpjJ2,VjQb 1wgnv5a8FkKUn33q
 Supplier#000047179        | U6bfiz1WIeeEhCYEmval7hMKQXH
 Supplier#000047226        | vSKp9UYhE8TegIgOKJ1siL8ra
 Supplier#000047339        | 3bxRCjfr1uAYao8
 Supplier#000047355        | M8ZeUHFIvaLnxheXkwirY9nCo5uOM8tZr3fh
 Supplier#000047414        | vjzqJPdhIZ3g24y731Ghe
 Supplier#000047415        | 5DWeOSupcmLCQ
 Supplier#000047453        | LJlGGhiAn2CHr0,KOvEace9wnfuGlVfBebjTd
 Supplier#000047515        | EIJbcoXfos
 Supplier#000047607        | BnIeuAObHDr6jgGVMV75gV3ty93QIYwD96e85Eb
 Supplier#000047615        | PGYRG4TU0KB,Lum,ZakEzwvgL2Cr
 Supplier#000047658        | kiCC8AgTYqhl61LA2VALEvTHNqEVCDBScqaVFnE
 Supplier#000047721        | uxa8I Bq3WOI4,YE kKZq8y3YwqbTFburY6
 Supplier#000047758        | MwulhQ0G,uinzTyfXQeMRDsSL
 Supplier#000047790        | ClC3IVdrfgoovP2P
 Supplier#000047829        | BOKNPSAjDVw3WLJ9Aj MT
 Supplier#000047884        | JudZnCHV5iBnnUfbmMCx5
 Supplier#000047909        | kSWwK40T8N0ZnFTYyqX
 Supplier#000047913        | XOGgxdfhx gzHQskOp6ppULxwogHK2FdXeVu1
 Supplier#000047994        | UoWDLWY24cqBhCVwCVZvx,n
 Supplier#000048005        | odhhm14eZg92,u32
 Supplier#000048057        | txhnXWWAV3p4n0gu
 Supplier#000048200        | 2Hvo,Y,zEUavKHhOorFXfNcZEYjrfd3gjd
 Supplier#000048223        | 4h7NAnTeib LJ1xqZhudUNn2bNBMRr17X
 Supplier#000048258        | Ee8XwhMWket15srGr
 Supplier#000048330        | 6c55g3mClBTQbfR7MLJdQVH8OVpccN1
 Supplier#000048382        | siHLbB8qZvaJ31ZKXbT7d R9Pl
 Supplier#000048441        | h3OrauSsW9nTDprDhAZEdNRJMnjSP7u6U
 Supplier#000048509        | E3iFMhzSGmCLc9qO0JQAq
 Supplier#000048559        | 1T9s3oijAmn4WGtkFN
 Supplier#000048591        | AEGDGu6Mu8pZ
 Supplier#000048628        | 89CGX5ddPwMoySIG6lCjRC7nYddJ
 Supplier#000048681        | FInZ0jKk5Wcpe
 Supplier#000048747        | v8ntFqlNA4Fxf5v4peLp,qmj7Mu4AFWEFWHyq
 Supplier#000048758        | esV1m875qgf gPL00rFG,iqohtWGxxSV6n
 Supplier#000048840        | qyeKmU1FicFQkrSIjkYDav1wZJPqBbyL8em1
 Supplier#000048841        | ppxPwiPhJ0RtP8UQ19aWoWZ8 b
 Supplier#000048861        | 5vOXxqsAPBU
 Supplier#000048895        | 8oHrd9QMyzPgSb2 5stUyzTV
 Supplier#000048911        | 5ozIljN6AIvN,oGC0ynMLzd qt5B rXSwdCJV0Pd
 Supplier#000048970        | HQ6e9s5WAnSAd,Chtga9
 Supplier#000049008        | F0ZIAHvtSawGDyFvPRDIW
 Supplier#000049023        | 8SxKCPwgANSomjmZYosO
 Supplier#000049063        | 4EAAzav10 nZp62J
 Supplier#000049170        | Vje5Lp0bMGrTg1ZpRgTYUq
 Supplier#000049185        | HNKbfnp OltgZqpywhjVKMOqrjv6jt
 Supplier#000049213        | tn6ADldRFByez1ZoWV9
 Supplier#000049264        | RbpM2,gMcUt2zt8sols7K
 Supplier#000049275        | XMat0d1ZUGqgGd4UttqzNAhL
 Supplier#000049320        | PPWm ,aET21E14EgjSawtdv05F1443iXaYv
 Supplier#000049516        | lfm24Nohu4mT0DExGb,a3S
 Supplier#000049572        | LYYolRLxTfUeuF54zmEkc
 Supplier#000049588        | lHgGUyJBHflX1Ja
 Supplier#000049634        | M2xmICGs,OQNY4rzLI,PMwC9
 Supplier#000049704        | Iu2uUJFat,Wkos4Mn
 Supplier#000049707        | m5PR1ChzCxsq wp6wpVS5SVZ8Tdij3
 Supplier#000049713        | ViJuAX6BfCN3CwLp
 Supplier#000049836        | BwhKy8v5vHR5LpnDkd GaCwBMgi8ZSinLMsJKLje
 Supplier#000049883        | xX9c5a2K7WN2tgHZK4WkqFfsAnr8lsRG7oM
 Supplier#000049885        | YIZakhkksfslirlJkVGLDsmxrfZOdjhU
 Supplier#000049907        | ,VLgnPygvO2HAMljCawhUbi3mocIsTQvawV2cH 
 Supplier#000049943        | 1x4GnASRJKTLVaVTN
 Supplier#000049966        | xdNy49rUKaXC
 Supplier#000049986        | wX8Vfyh43IRgnn0ni6uSe1Y4
 Supplier#000050081        | 93q2BWSG62ZCDGE0tnU1BGZY,O4DnI 31tntcb05
 Supplier#000050109        |  Mejl2aRcIFH3y8On2UCDwRtOnbK
 Supplier#000050138        | 7DWs tavJEGkKUJ85tVXzMHFqLh6k
 Supplier#000050238        | 9nsqp1FYdKca VWE9IIgG9WGiguCVcEfQ
 Supplier#000050263        | ,Ngh8L8UhIReDOQ0Nha9wIv3FbZy
 Supplier#000050387        |  Mka,ezzlLqhQFHUnGb nYbGRUfuh7ndtuYzat89
 Supplier#000050400        | i9ICm51v0lRKihNLMhi
 Supplier#000050525        | UQZPVQYSyKf4bnK1t4rJgatJ6
 Supplier#000050555        | jDxaP0Vq5Tu2Osn
 Supplier#000050560        | LVsXXH96eCGbnMBtlUZHn8J2UsZ
 Supplier#000050582        | IicZmgj2eBSpcZKEpqGQx51yr0fc
 Supplier#000050628        | sugY89qCMewc0
 Supplier#000050646        | f7ve,gKycQBXARLNX8CggdgvmB
 Supplier#000050672        | nF,heJk9AnPAsOr8Iap
 Supplier#000050834        | KDGEABol2AzDFY749V6jmtweWkKSIuVDD8wZldDW
 Supplier#000051060        | hfJ6IjfDo0547K37ZWC8FJM
 Supplier#000051118        | hbbTDWIVZSxgMIGdtAy0rWjqV0 pCjEtU
 Supplier#000051137        | Dfe97KsCW6 5EPhdiNhno09H,0u1MwD
 Supplier#000051178        | qEMVsAvI3fR5Xvnxhvt4ZRJ,rC6yFY,BQxH9,d5
 Supplier#000051358        | Jp0kokFuQID1S6SQp9sF51tE52d239
 Supplier#000051457        | HSMMKfvkvUvbkYf
 Supplier#000051478        | 2oafySPEIWrbR2ib1Lx
 Supplier#000051529        | TQ,eQKGqvQ6JiodwZ2sB4hFhfvdANBTgQ
 Supplier#000051615        | WXAHRTmxyTxUWAM GXk
 Supplier#000051624        | pTYPJI6xBnz0B,3eHnmM
 Supplier#000051653        | frGpepqWqUsadDeNpJowklM1YO
 Supplier#000051656        | Gc0NkfkXhnCr 
 Supplier#000051657        | 1umVjbZyy0dQLdLz8ziJISm89zmVIM2
 Supplier#000051681        | psWaKq3q0vatOUztOHS
 Supplier#000051781        | Nqr6RSDjaivAdGgwbGX3j5nKNoAKmOHC,Epa5e
 Supplier#000051804        | ,9qw08YMPZuYFFmvXNSv,JDzQG98uxhUwJJWWt0U
 Supplier#000051848        | v45Sl9fpkObCkKL6nTdrdtSbq3
 Supplier#000051893        | zbB,4Znu3pUaCtvHTpppkoNsunCd
 Supplier#000052075        | PeN4HPgfzsZZ6
 Supplier#000052077        | 2VHnJLWThitshZn M5nyQ nItYj7aQDu66OV,j
 Supplier#000052093        | nR0DVH31Sx,pJRRlpCktFi
 Supplier#000052229        | RH9wELFujVAnH
 Supplier#000052254        | xm68uDJ1Xwm7TEO59gfVfP,nWn2
 Supplier#000052258        | 13UKL1p4JLhR43i6c5JAs2DkDwmnu0TCh6BHFWYU
 Supplier#000052400        | 2zKmsOllwoLKb4j4aCDKTZ23iz2a4uJKxDl
 Supplier#000052406        | RDzkm6 SqLI3CQv9pVzSTQtWShMHpxB
 Supplier#000052455        | IOEEB8S5y4AobMkz0w Zq K
 Supplier#000052466        | ifr12xY5o4OFr5jDn0AS7TW3n,u8xao1
 Supplier#000052536        | j8mXq ErntAyXtPUas5 u5KDg7D3AU6U
 Supplier#000052554        | HHeQ NrRBmgfRwP
 Supplier#000052584        | nv4bUJ,48adnQnfaOuZWRZbal1,ygBP
 Supplier#000052824        | kc7K6qvJ9ZLtSfHK, JV
 Supplier#000052889        | qrScNfEWKgd18orOMNxs0XKt
 Supplier#000052922        | vNZsq qTHLg15jqq3a
 Supplier#000052928        | 8RDq3BNrs8Tz,5zQbARVsY2vjKDi2ZDa7HbLv
 Supplier#000052953        | gb9595BCHA
 Supplier#000053098        | WsoFZV3hWGbboYokyqnuUEAUm7wofINCnG
 Supplier#000053145        | NZm,Y3QZG9qSq0Yq3afUGf2pWtovsGdVb
 Supplier#000053300        | 64UPp3NuQgMdABcrl0SCDLRTtpiqPYMujzerLNg
 Supplier#000053311        | 9c, sP6ceQAGgdxo2znxNI3NJa2GIrm200SYc
 Supplier#000053463        | 7Zh3jL0a 2e,81ATVevezy57HyHN,T33
 Supplier#000053504        | AQEseBuMJ6nkl3AKHkjeH4JwPXzezXwq,47
 Supplier#000053569        | ELnCVXjBgUKzYX
 Supplier#000053612        | j7ObHXA0seA6CvtMnKlocL6b
 Supplier#000053655        | 6 n8jj44 Vse4DkNZCIAf3luLjT3FHB
 Supplier#000053688        | X gzIrvhm6TMeb3mH9mVxRpbfEHSM
 Supplier#000053699        | qHwmE5JFzm2e
 Supplier#000053760        | xh9MGj4kVRX
 Supplier#000053786        | nDICX6E10xMzbKdsJp4xCWL,a2iPaKpADC1h8Mi
 Supplier#000053818        | SruVk8L e8tiol
 Supplier#000054201        | 33HTScTjS7a 65eokYZt
 Supplier#000054219        | 4nbC YvioHDw2yu
 Supplier#000054243        | rhRS2L8ldokwEEkhbzi5CxvjaCqMW4BZ0JHj2O2
 Supplier#000054306        | Y4Dtc92E7T1RJDubX
 Supplier#000054409        | LIp8UbaYodAzR kaIQNpJe QQUUiY5nIsKz
 Supplier#000054482        | AMSxR8oXYTabxVijfQt5we28tFFF0E89
 Supplier#000054506        | NpAtquck9fLNimnS7cxvARwR4dQqI7sQ7xDUrxgi
 Supplier#000054655        | Y T7VP,IqHx8gAst9GKV
 Supplier#000054713        | pzawFQahO wHMxjhHr1bGS3fA
 Supplier#000054714        | HCL LTL3s5H6kwb
 Supplier#000054772        | v3Blk1ApXNyb5xjaKjnkAh30QHMVrwMlb
 Supplier#000054832        | Lqqcf8fAI4g4Adu9YW00V,L0RS
 Supplier#000055030        | Bgte3vJJA9ZrIhjKn8OfthdrX
 Supplier#000055060        | fNki8zbgg4tm4985Cyl5Ip2PrTFDyZ9ljB
 Supplier#000055081        | F27VyWC9fan5fDgyR4hRt3ahZQIeCbxax9GmQf 
 Supplier#000055151        | H1F,GNwwQpT
 Supplier#000055168        | cee4eTaJNRXxCV1dk,y8SHexsrjzrqoa0kUV
 Supplier#000055183        | HVHS0jSAPzN r38pgkZXKbqUgI,WakxDkh4hP
 Supplier#000055209        | X6cnMflKH0ikK1Al8PLGipR9w
 Supplier#000055243        | olOwv,eM8vGWiUSi5
 Supplier#000055249        | TtrAsbh,fEKIOKA
 Supplier#000055460        | 1b5yY JfX0hG86dXkog6Ouu S
 Supplier#000055539        | QZ2ev3d0MxPgx
 Supplier#000055589        | eXPYNwyKpafg9jJQJ5zA2FbRxnQ9KrDw
 Supplier#000055592        | yM7Uki,uD QnWx3gzHJ2LYoQP3JYJLdO4iYnlyF
 Supplier#000055601        | fkG7Fh2e0654MAzu,ySip,56UMH7
 Supplier#000055708        |  Ws5kzdqLz5AoOYz,LW0YZYZektr7
 Supplier#000055737        | MXorh15VPK8AT,J0QszanAwCzvYKts0fVt8MjQCB
 Supplier#000055752        | vmDBY,xDJGwVMlzIJTBHE3LWn
 Supplier#000055772        | vUrY4M2jExBjV7 GzHwpXu8lp
 Supplier#000055843        | qfwep0yFPKx94dKnjsXf8
 Supplier#000055865        | wyzUvF,Sz3jKE52 C
 Supplier#000055895        | QwcAfFnYTLBSeXYXnE kuPbIzfTZV
 Supplier#000055924        | hM2mLX3lMH8qXhe
 Supplier#000055986        | 1qerUQGf sjvWiNuqn49BbB
 Supplier#000055988        | nDKctDDeLYuoc
 Supplier#000056036        | SLuDA82JBEDhI
 Supplier#000056088        | stLKS9j2vuroIkDUECpm6vBXxIvH
 Supplier#000056150        | k58Yv92DlIdz94aiXUC71 1x04YkxwS J5gf5
 Supplier#000056168        | OYEMgdWx3w5e,1,41a1z,5sI4LE
 Supplier#000056227        | W3KStEMGCnRKQoRUR aQdp8lH
 Supplier#000056266        | vlCy8PaS7Vle
 Supplier#000056287        | C xfcighU0wA8y,zQKXsrNlRkXSFja7X
 Supplier#000056299        | cV 5cPVFvc24
 Supplier#000056450        | cHIZDNgHgI2kFnVoaLDrJmM,FYu4Vgh1pK1lk
 Supplier#000056518        | SFlfJ5IE3Z4
 Supplier#000056527        | q04W2zJ4p pIoDPCAQLplmB8DyLJeF44
 Supplier#000056570        | rWBqcD5Y vS8fBxaAuh03vG
 Supplier#000056645        | zjo71kbO,TQyvoVuYL3RUX
 Supplier#000056709        | wSDvdUc5AKLCUTN3gOzXNXVCtE HEu
 Supplier#000056736        | sCrLQLhf 1bkXCjnRhguOcp,4J
 Supplier#000056746        | I9HypyUBT OkbKdFNZ6wbNCj9wRBP,R
 Supplier#000056852        | qUpYdcPLrTwDmL2zFx7DmsGpg
 Supplier#000057054        | cfYySG3t,XK7
 Supplier#000057165        | tBq5LJAAcuHdjzW
 Supplier#000057182        | iOPBase5Ppr9f8X
 Supplier#000057286        | DAvSgo7e8t6DMNpZIk6ABYNFvQ3cIv3h0Vjo
 Supplier#000057289        | HX3h2b8PzeZnaevznr60Xx0Yn7Zcmmx7
 Supplier#000057328        | 8L0OgKwqa4Ur8TatAgKqWioHL
 Supplier#000057358        | rAQRY4hRMbk6Uxft7Apd A4yTkZx
 Supplier#000057414        | SZquaIKK,Va8ojVqJ
 Supplier#000057471        | ff8KiifnsmJFHqNTR381QCWHGFAnt 6
 Supplier#000057480        | 7uDvD3gVXa0naA1Y0s36,oVMLb
 Supplier#000057513        | Pa,sz8zKgh0FKR3k
 Supplier#000057542        | qzUMCaf01xybbAemD,q4TGSWcnmxsZQJR
 Supplier#000057716        | EO1N,zjwTFItFGsZbtse8xLPiUr7M
 Supplier#000057737        | m29EvJp34Icomp3,VC3RHuLDMnnaj6mvT6iYDG
 Supplier#000057780        | fAQXYX15rO
 Supplier#000058047        | ZASePmxhEHqI
 Supplier#000058059        | 3OGEu7hCHksHXWfa7R,7dwfrfhig4W
 Supplier#000058082        | y3vnfYMmsw86lyRubWhMNhZbqUjJfZ
 Supplier#000058093        | THv6kM8ZJQwzI,1jE3k22Zf
 Supplier#000058123        | aUL79x0LTlq0k7FYZQmBhd VTyplVroy
 Supplier#000058184        | E,fTzjJgL8feHSUATdZfJm1LrnXMOv
 Supplier#000058190        | 9VoFtK79OBYjdw0CNJ7aWIDgPT8OPXkw
 Supplier#000058213        | 7BTJmjwsgNp1AIXc2elACBvoCZlhjhGEsKrQg2d9
 Supplier#000058222        | HzAleXhYU68GIbuwXm7mAxDqBM378sZGFQ
 Supplier#000058261        | VuH6ZudDbgTrAHt
 Supplier#000058345        | 0UHKR1sHQD6rLDHXsq43 jzZWp7 
 Supplier#000058374        | CV6yJXO86,qcYO 584b8ezx
 Supplier#000058380        | et6 U2SwrSmphiqKfjmPs
 Supplier#000058425        | bzajxrrnSK3GvEPz9
 Supplier#000058504        | ues 57InL 5e4xq
 Supplier#000058515        | eEbQXKhO4NNIOQa7QSvTAJpZUUBkmNszJY3B
 Supplier#000058613        | jnZ7jxymaj8H0A3WH1oHpeUB
 Supplier#000058729        | gyZWcHGgzq,y,MxqgWBfhQdjSeJ
 Supplier#000058731        | AY3RNhxtaj5o7ewz41O
 Supplier#000058970        | C3JuO6tQg8
 Supplier#000059010        | qAQTfRDJ,mvA LUOvIn2m8QHwU
 Supplier#000059011        | dzqbBENfE,hHWMDrMyNgC8v99X5afqOZp
 Supplier#000059017        | DsqYuj5gHhhurOWLUDOZPElVF8DkcZT
 Supplier#000059171        | BBYSe5tuiazqyWUUgEa2AB
 Supplier#000059317        | vqdI4X5ytXk85 Kbn7,GmtjBb
 Supplier#000059342        | 1TU5Ym5zxpu5f4
 Supplier#000059357        | 92X69Tok,XFge3
 Supplier#000059363        | p1NnkKN9hM8OCyfajv1dxZt220daem,xopw B3U
 Supplier#000059406        | 3BlWghYTzeDit2OOG5qaQHHa9PxJwooaJqVT
 Supplier#000059443        | P ,DXOcsfMP6 RdwnQ3P1X
 Supplier#000059451        | H0whI6UhIeyMBQkb,np9HMcFByy91kcM7
 Supplier#000059542        | OEprKNFHI4RRkIXSkc0zKTR 7A7E9we44d4
 Supplier#000059585        | 3pogcoQlQxsLLTZv3ZbHXl2lW,Qe
 Supplier#000059633        | e7v2SarwTIDRTain f
 Supplier#000059735        | JdRt5EK88xFTlLv9oe3g71 P
 Supplier#000059740        | EsxP2bi WJpwtQsOUxnrDMd80mX
 Supplier#000059784        | pX,sQCObsi0B
 Supplier#000059792        | SGypyOWFzxlcV
 Supplier#000059864        | OWcafUEEa0uMO0Ilm3sK
 Supplier#000059909        | lq6UtQVF2Z,HXkKU
 Supplier#000059928        | sk57UXRU5OND7tj67A04iVAhPCMEVScDyLb9XA
 Supplier#000059935        | dzRzBsOjahGqAmFwyXWgEt4nJOl3lHKrgwcHBvWF
 Supplier#000059948        | pQc2nUwlT2mrJpobtdKbv8B
 Supplier#000059957        | m ifTcV3lSegzQW04TXG KvB,8m3qmzUA jc
 Supplier#000059985        | 3H85HZuBHTwpcJ8
 Supplier#000060059        | ukSKh6LsDLQknmes4
 Supplier#000060245        | 6EK1mzgf6 6u1hynU2p 5by7I1 
 Supplier#000060271        | IhEtwrX 29IA
 Supplier#000060282        | cl6QBHeAh2
 Supplier#000060391        | D3LB28X3meI
 Supplier#000060407        | n,mFkOklW,Xs8tRHU mso5BPHiVcYCErs
 Supplier#000060432        | XEmK9gstBNZezYh2qHKV9QAR23
 Supplier#000060495        | w3NsXWYNsFsxwcLEv
 Supplier#000060521        | PDquuWFiA5PL1a4CEQkA3a1l3ntOy439xS
 Supplier#000060553        | Gt75CNgZFLJnB4AOUtTq
 Supplier#000060631        | UEixglmQEm,fUT3MF
 Supplier#000060652        | D9zdef1O98An7Q4STXxofvPXWRjR
 Supplier#000060709        | ALghmXJ38fjFpcdmWL
 Supplier#000060722        |  5le0OFz3OepUbGR0dd1NwkkN6bFmRT07
 Supplier#000060763        | OYu2nL4Ohd
 Supplier#000060789        | uqAKM3v9a7VkP0V4,tIHTbrtoIa8enMrM2
 Supplier#000060900        | ICSVj00q 8,aNCgU1vD,HrCHwjXk
 Supplier#000061033        | VM2BsJIZza6qkFJ
 Supplier#000061117        | 5 14EHFBRvS6j XveJlwEFquDr1MH
 Supplier#000061145        | iC1XKJ3LbXVpuUM7JyvHg8VmfZYaW8vLjYF
 Supplier#000061149        | M6D4yaI50I
 Supplier#000061150        | FK6SxuY9ceOCEbqcMevE9omv8jJpI
 Supplier#000061161        | QFA9NA f3P2oeJ,FP814z6VO6Io9vEXvOpNoB5z
 Supplier#000061189        | E9EQ4kMu9zIX Ke4AYfL8tfPK
 Supplier#000061214        | e46xSQzW,j
 Supplier#000061267        | ,A,9mzIerqgQpP H1HGYM1IRrq
 Supplier#000061268        | fAfp4SbUa1DnnKjhGUxWdPgM333URYs4f
 Supplier#000061281        | JV,2it hvhgsVZGH4g
 Supplier#000061289        | pC8Zqhav8OZr0KU
 Supplier#000061302        | q,6MfBuMyENrmKFSWoHTfmd8hH
 Supplier#000061314        | jWK1PJuVgSPHmIVy
 Supplier#000061363        | ,MPcdTGJTy60
 Supplier#000061400        | ,O3xT3m8LMj
 Supplier#000061406        | pEwC6dGhJME5DzKYHuPPXHHF1H0b1PX6v
 Supplier#000061414        | hAtz6dqxIaBuBwTOYGoUebK1267Cbm vPb3bF
 Supplier#000061477        | AOPmLtpk5Vz2DKaM4MW
 Supplier#000061580        | HDOnmrA0U5Xqv8ZsWoO
 Supplier#000061669        | pjEbg9Dxby1jMG0qBPu
 Supplier#000061678        |  1BySB3 KtABDAQUAD9JPOO2 mzFOtYs 
 Supplier#000061687        | mO1S,QigVb8JXcKrkPtMmtsmddh
 Supplier#000061749        | EXehibllHGLeDl7ICQS0W
 Supplier#000061755        | YwCeZzKZFLAIQ2CnsjCq1
 Supplier#000061788        | GPAqyd8D2QtS1T45 5Nl9
 Supplier#000061820        | dgcCSrML2l2e,l8KU
 Supplier#000061868        | 8GBDOdA44H2g5fxOVMG
 Supplier#000061895        | m3PNqNRm3m7G8CbOfKmi9Uphhk7EBM
 Supplier#000062056        | zijLHSYFp0KLmyl
 Supplier#000062072        | THT5,ZweIypVLZiArNu
 Supplier#000062132        | blOLE6eXSeAxlC4qZw5Rx9 my,TWJjAdLMan2XG
 Supplier#000062136        | q95YrBYAi5JdgKl2
 Supplier#000062157        | AY0cWoNDggHq371OnjizTjbtrS8d5bFOdY37sPP0
 Supplier#000062189        | Xw25jqgmng
 Supplier#000062196        | DWs1EXiGkXJ,SQpLVX3j4
 Supplier#000062251        | huW714Z4j9es4ZLpZb0X3fI8
 Supplier#000062299        | MUE1mLs,ycHnl4UBl,7xPJZ9UFbSTG2m
 Supplier#000062332        | JAu6aax,aG4rpJjCs
 Supplier#000062357        | B,qWFXDMIqMkN6G0AF93bBocv6cdfIb
 Supplier#000062467        | nqJHTKW9gE,4
 Supplier#000062566        | O8LZBLlljEH129kRK7OfJCxSUah3
 Supplier#000062615        | hqqnUtlAoOv
 Supplier#000062752        | C48vj9,J0jcT5OA xAcc
 Supplier#000062846        | L1NDgN,AE5MGeUIrD4,fE fpXB3v89B,B
 Supplier#000063067        | ngMR0b3W0K nWirmwA 7mVcQoLjFhWhlBYq5k
 Supplier#000063126        | cbFinwAs1ASWTUukxHmPjOv5P9Fnyf4ZUNaiv
 Supplier#000063131        | e6snQJL juVVPq
 Supplier#000063171        | T8UONMb7ypYxxcdEJnUjwRn6,FbExy86O
 Supplier#000063359        | jwkbSb8GQYiXJgqgalnwzGOQevfKm
 Supplier#000063411        | rQeWXa,JPB9 8vyXV92uU
 Supplier#000063452        | 6Z 0IpKGHNYNEiPSl1ueBQfNIOD2t
 Supplier#000063552        | fZ0C9gyjL Sv6q9xPmwAMf
 Supplier#000063603        | 9ELepYF28OurrQ4BB6RFMp00Be
 Supplier#000063620        | UPy8P69IMK5
 Supplier#000063647        | aP1SrFw YfKfTZMUyG SailC1PXe60iQ,, Ai0
 Supplier#000063737        | HPajNqKf,7XxDZMwOA5SW2Qatd9fL6bXQ
 Supplier#000063831        | 4ykz5edU ZDkZFaG
 Supplier#000063845        | ZR9NRAY,VH
 Supplier#000063883        | 3GuS9uJRn8amz LtXeZ
 Supplier#000063917        |  9DCWF0AwzRncn0nz7NayXitK
 Supplier#000063950        | sd32itiVooqH2OQWar8K3BendYQCUe9Z5
 Supplier#000063954        | 9wtLvmpyjKSVFIO1A4yuFxhw5ixpqu4UMzBgl,2
 Supplier#000063964        | u7i4vrg MtXohD3JTEJ48WEUShxAL5T
 Supplier#000064005        | sfVuETjGgPLWIt7Z2y9
 Supplier#000064127        | Tmt2jAHuGFPX
 Supplier#000064191        | ,iXUwCus9gjJBlwlW4H
 Supplier#000064218        | AXSDQj35X0dMyixWdBDcAngcUi tu1INwBB
 Supplier#000064232        | gkT4bT5axJZdax5wpm27EI08
 Supplier#000064304        | pKmvuc6PcXeJ259SIQd
 Supplier#000064445        | v0e3Bnkujn
 Supplier#000064504        | zNw3,p3VnOm0gebQx6db,TrIt3
 Supplier#000064555        | HqlaSo3hZVk9dLQbe8c67P,2rab
 Supplier#000064597        | aE3HrCRGLetjecjs5j0KdpTj
 Supplier#000064612        | 1GPzd8HatVxt9y1F1yyJululJ3lnh9zmm5KDuVL
 Supplier#000064653        | FRXkLtKPTd Zly50DuUYpgop1OkRLKNWea5t
 Supplier#000064685        | jvN QdxT6gnSj ,
 Supplier#000064724        | IPJF3mmeJa7ZbV
 Supplier#000064745        | g4QXuEZGjTdMe2VH0rPvOwgx,OHiSR2K
 Supplier#000064792        | sgmu,H PBVtgcTDXXMqXWASOstt4cUI
 Supplier#000064829        | 6anwFhZoxo4e4ADpc8StdOH8Tv7THP
 Supplier#000064847        | FZHrS2RU0chpom1
 Supplier#000064912        | ESnPvFFhDNbwoSJg2B3iwpnUI4VBKO0
 Supplier#000064952        | Y5BZLnS 56d24ky2CtK2fYL8Zl
 Supplier#000065150        | dpDbMe3LsA
 Supplier#000065192        | cCqpH7oDr6Ssf82BLxh2e9sT8taSBt8,ow8Jo
 Supplier#000065222        | S5byAWPHeMngWtb
 Supplier#000065273        | gESkshsJwH59Z36c90PXu FhXFVe2
 Supplier#000065318        | tyxm9gVq1VwOR1byDavkasmx4M8TbiTt43IYN
 Supplier#000065376        | hmj5D0mUr8I XKlLe9c
 Supplier#000065477        | eAu2Esg,H9oRMn53tVzCp9vb8Jhp
 Supplier#000065681        | HYUIHY2Pgb,PMjHHwe2ZNZELVJMAw,2Bzw7lzmzR
 Supplier#000065766        | g1R5lrQZHMQ XDr
 Supplier#000065779        | vIpO9qQO pJHaDhB1yhb,QeZDa42HJiSeiIiJkYe
 Supplier#000065799        | D,W5Zut1e9V0wx1
 Supplier#000065825        | VbFOxqJrb5bQQtYdjszCN8RscqlTcGcPXt3QW
 Supplier#000065839        | 4o RFLjDawYwpv7XWoA6NjyS4SNPikzHkBrFgY4I
 Supplier#000065900        | 68ZAln5XtBmzwd0fwtvr
 Supplier#000066054        | 4x4 4d 2usK
 Supplier#000066074        | A4B8Vx4X5C135y8P9prIBg
 Supplier#000066117        | tep29WLwJjQSbur4MJ,jSOii
 Supplier#000066140        | Y,XjFoXWStDXFu
 Supplier#000066149        | QuT5vOHBO1c2VSmE5hEOmQt
 Supplier#000066171        | MDb7Z0oZ0gg2dXKPm93Gq33e7nHM3Vy
 Supplier#000066184        | DVBO3UyGLACIkWi0YhXo SBeZkb91J
 Supplier#000066188        | mokBnyB3Nfw4TfyaKydS5pdt5EPLCU
 Supplier#000066205        | fgDqJ5KZ0jt
 Supplier#000066219        | kz88g,RKY78 czDM0yTNYDRGrGwWpp2I,q
 Supplier#000066220        | 1eqmFdXl,y7WMqDBSmHgOStELBiCzp,B
 Supplier#000066279        | tz0hnOYqDOI2q1XhKWtl72TNCk7
 Supplier#000066405        | 37Ll,bw8dEXUSOSMFfunJmB 7hmm
 Supplier#000066524        | v4iMzGGk0zJInSEDtBPbl8Hwyj6Z RgkCKBX1R
 Supplier#000066529        | XzRd7MEjO6xdWIbSEoo9
 Supplier#000066533        | mny49Jxus6Y0CkwciFh4NicSUUWnYcJ9Io9,uhUR
 Supplier#000066600        | 57MqHT9UmEGyfWVO,pJrFv,HSAYhm8od07jyYR7
 Supplier#000066622        | bf5S,rhj0qxW255Wqn4Liruya,ya z4kDdJEZElY
 Supplier#000066669        | GMTpHICUc2ErCK9GX9sSFJr
 Supplier#000066685        | COKZqQVoXjCmYOnl9W
 Supplier#000066824        | tcsRSF,7BUau
 Supplier#000066855        | EtG9cDfOP1xe8YgBrqW Dw3qJ,0FfXplByOo
 Supplier#000066885        | o7hK6RRzSBnGmE8
 Supplier#000066969        | 1ivMfGxNdd1WBfw
 Supplier#000066982        | zGJra83F,StpqWICEhhdpl2NOTWX2pVrcgmI
 Supplier#000066994        | 5TQUYtxnOwo3fBh8MWVff9wAYd
 Supplier#000067034        | jo 3myfC63NHtGYJUq4
 Supplier#000067095        | 0mSi9uBJ3ULZQ
 Supplier#000067105        | XkI2j2UhdHkgllj oI07Jt9e
 Supplier#000067154        | GiNU0Mo367POoz6QBc8S7mDB9nl2I,raS,bua
 Supplier#000067162        | XBa16CvQ8sdMZnk8LC Anbc3Pd
 Supplier#000067174        | 7ozgT63eV22sa,6Yo3eQLxbsY0,bnO5,
 Supplier#000067203        | nWNtoV31ETgADlrz1dke
 Supplier#000067224        | CIwmXilEDW1xjZJHF2SGdslt3
 Supplier#000067300        | 5D9950YSZAliMnyJ81ggM2lquYc8ckjd0ZX4KxD
 Supplier#000067373        | fkDYqSvmBJxY5up4msKI,eAX5jb0mDLRj8F57cm
 Supplier#000067421        | w90LoGuWRAA
 Supplier#000067457        | CJX rLQL747iKFiZbUBlxHNOoqV
 Supplier#000067582        | n63rkkASabPVAajqePG
 Supplier#000067642        | dAT7cweLrFY5Ilu8hQPl3NwgAZVQg
 Supplier#000067672        | DziZTZe9WIqjSQ6io5eG2MDB,q3 rWvnVo3
 Supplier#000067848        | 0nryCQePZ1MYt6nFS3Cz3U9EBPez 1CU
 Supplier#000067858        | aUzwn2uQMCfFuggUzxznMVm2NWUv
 Supplier#000067894        | tWRRAK3PiE4Y, bUUVmxT
 Supplier#000067905        | Dsx1U4ZzRZ6a,vFgZL2R24EagN3uAqJNMTA
 Supplier#000067933        | huLui, qbbJHyLy3DcDUtrBbGZMN
 Supplier#000067995        | PxiAs2mH 4j
 Supplier#000068022        | 20LKQUPlBe5XLIR0NLeHtQpHoKZwPPqe
 Supplier#000068048        | zd51jL2A,0H6MoTUUg7L
 Supplier#000068112        | bqBCq1NxnladkDlTy7ieQRjWSs4xrTf2i92gN6v
 Supplier#000068206        | RWevHTU4bZp
 Supplier#000068261        | q9Q7yzdTlRxe
 Supplier#000068307        | EwvB4QMLsoS0FdEuU4k1GPdi
 Supplier#000068341        | J254Ocwa8PZmaZbK5iiMtrvcTGcyhoqr
 Supplier#000068359        | cBsXSv5JUyd
 Supplier#000068360        | T5weKrf d9L7aD9IuSUgPquocvwfsKWa
 Supplier#000068434        | KGSHiJBXi5
 Supplier#000068443        | 4M,x0ffGLvIBFFCdZmqQVJB6ttR
 Supplier#000068444        | 3D lXl g55DaL1DUpOf Oej4Nwmim7iU
 Supplier#000068460        | 47gAQMiHE9niNJz2s
 Supplier#000068499        | xYCh,DzblI5SSdliFv8J1QlNTx7j2HSZnFf3
 Supplier#000068616        | b3Q8VoJhz kDD3HiOMyJSkf4KvhHk24yv
 Supplier#000068657        | Je6j3wl19c7sOYk,ppfNSfPoE86L0Pi
 Supplier#000068776        | PRvsAVnLMucXkmsbF8l
 Supplier#000068865        | gRCRkfbmqkJRuQiodNUqxdlLXtegiTSh3z16,2
 Supplier#000068874        | YeSXYGIQcV1DFI1xr
 Supplier#000068966        | Bla2CXVGDDEN1BkEgmwe9mDQgKPcROq6Fxu
 Supplier#000069013        | Qt7anxQDJxIGVAuUMElSGqFenhWZ bx
 Supplier#000069065        | 9lPtzELopGJPcQnD9CVjXcf,4wCcMVuRmDdYoT
 Supplier#000069078        | 5 D7 zwnIgkByTUmZT5KrtU
 Supplier#000069087        | DtL8hXfLJipQA0PmsAf7GtNMdTsaWd6cxQG,eH
 Supplier#000069236        | 1q6qGoip8jiY
 Supplier#000069364        | k3gP1kRhz01Xb LYaYVJQN4mXP
 Supplier#000069399        | Ms8tpvQRlMxZkOyegH9llMj4 c5XzC
 Supplier#000069507        | VXo82r wgEwXUo
 Supplier#000069529        | tD6NwlkBG5avyrXuL
 Supplier#000069573        | PKKLVYQPan7f1WrYEz1DHt
 Supplier#000069614        | sz25O OCxLUfjsd1qL23 ,YQ8viWFkIJKSkEfenW
 Supplier#000069646        | hBIrOitpzN53
 Supplier#000069703        | ofxDVkpaMBrvXw
 Supplier#000069735        | GBYEIhYOLBB7tssV,MyPR05TpI
 Supplier#000069782        | 3bngKbrjQME840ABfTYOuG6YZ9h1Aw2iWKpsUTTT
 Supplier#000069802        | htcPGYMoOnIS LSxUv
 Supplier#000070019        | oc9IQdqe9yGe2C 16qV6
 Supplier#000070026        | z3CpF1LjvGyHA
 Supplier#000070028        | 739LNO4do0
 Supplier#000070030        | gwZQ6wk5M8UF6HhrXAblCZspnuwX8tMuM9o745xJ
 Supplier#000070063        | HpCu4IS8Y3ffq Hi4mBdAGXHgetkOb9p11iaHKka
 Supplier#000070077        | KacUU8LmFpWNPX1F BcclCyA1tT1AEomdhWDGH
 Supplier#000070127        | pyhNmoWqrH
 Supplier#000070130        | K0AwikpynEM  9 r3LzdZ,gwCy0
 Supplier#000070145        | ZFkJOCBvR9opgA5NQQPV fXBa66nmTZ11bTr
 Supplier#000070310        | lABLLfbi GWy1x5ZWSszes AOM3H4
 Supplier#000070421        | o,RU6w2Wn4Tz9hB2fEAxQ
 Supplier#000070436        | QFj1ZXXhk9o0oRHmS9qWHAyk
 Supplier#000070481        | uVMDpiaJb C0b
 Supplier#000070525        | 30X8G2EK4TZW,VA,tqHDioQqCf
 Supplier#000070584        | hMovJs3MxPymYof0nBnzZ
 Supplier#000070693        | UbMAR8fCnTfJP01Cwll,qw
 Supplier#000070878        | ,Xf,fBukRFuuGWu9hbmar 0E5rOokkRtB
 Supplier#000070921        | Pxaz8DEMxaGpDQGR1I4
 Supplier#000070922        | S9fIsPZyBGzsqHnmlWkgjvuE
 Supplier#000071012        | tCRbIN6LO3HQ0ubK6fJRCdM
 Supplier#000071067        | OFou3VVcwwKk0xDaf2sOlMpf7ndCTtJ9
 Supplier#000071146        | 0vauUkDgjwSn7PxiG7XX
 Supplier#000071263        | RmPr5M6picu0XZMfBs0
 Supplier#000071298        | cteXPDziTO
 Supplier#000071310        | dDbJ7aSBKLO3u6BYgR,HUor3OT2
 Supplier#000071373        | hKxVn872NaIor8poZLfPxTb6og
 Supplier#000071386        | C4CcvuqFDDnccqeZ
 Supplier#000071410        | hFjAIAL,dwm3IyWhY8AmpBfjOUhDA2seJPC
 Supplier#000071453        | PTee2EtACCZ7
 Supplier#000071462        | WEej2o6xI7alff25OT2Ll5Ih65ke
 Supplier#000071614        | ikAZc0nIU6 8KR
 Supplier#000071621        | mQItG,RgK8JAjPOKRj4IP9aV6hZi0jL2qRNZH5
 Supplier#000071710        | fVjCppFwtyEer
 Supplier#000071821        |  8icjI63JZO
 Supplier#000071822        | RlIo1tn1G,IXOOVu,7fX nHWC Yu0I,hT
 Supplier#000071845        | ,cl626N0FclsxOH8 jjeC7LRKFMtmjHInAL
 Supplier#000071878        | c6ARfzmV76j7OH7NnYy5ggHyvSjsjfCHxKV,F9V
 Supplier#000071899        | c5nlgeIfwp DFXy27,vE4LeReC
 Supplier#000071929        | 3SnXMHkRtApTM 1SEbCxbHsATwIjhN2fffv
 Supplier#000071963        | j  fziWPbeNdVS3P6QofZtey1l1s53QPu19xp16 
 Supplier#000072224        | 7Z60E6MvBrHgiwqB2prkuHPcA007yakifs3Y
 Supplier#000072266        | t,ppbtEyTX,PMi gger,ilbX5zKY3Znchb3f
 Supplier#000072278        | FiXKtld62pSQkHQ5B9lbHWFav
 Supplier#000072349        | mWfTQmRBu6
 Supplier#000072536        | NCps05UrcyViEL
 Supplier#000072605        | VRXSa39OeGe8coW4b2
 Supplier#000072776        | oOFX4bClco3Dw,f26MgKUkBcs,SP Ltu
 Supplier#000072797        | 9HWJlNo3Yn1tt4yVLGi1Ie
 Supplier#000073012        | voGhiNjCnwAJVjpbCszYHPNJC2
 Supplier#000073180        | I9gxkWGwoDdvGKXY4d5dq3cIh
 Supplier#000073314        | QKrR1v4ELYj oMLmqzFT4QoUJ37kC
 Supplier#000073333        | c0p4h2KZ1oe K1LMS
 Supplier#000073359        | yCtt WlQcQwvdcYs3
 Supplier#000073418        | ISe1fEy2DcigjOBiOn5FIbpIDEBfLDj
 Supplier#000073500        | 6b4ore6VKcptQ1UEZRYgctTL 
 Supplier#000073600        | TQVatoVmyuGHTJgfKpG8
 Supplier#000073682        | S2W3svHD6aliTDk
 Supplier#000073905        | rGnxy,2bhEtXU
 Supplier#000073906        | xA0mBv8WOttWIIJVllTC
 Supplier#000073908        | U2Wwxd8OMcyxG
 Supplier#000073914        | NN4w47GKa3
 Supplier#000074011        | ypQOG031cUKzTB2paHeME9qK8kUlXp7
 Supplier#000074031        | Q0WW0Cpi6T 03aWIw6
 Supplier#000074099        | g2IYV8FCYxYp UXxop7NlyNqPKti
 Supplier#000074193        | g87CJ5Z61xvjndFc5Yy
 Supplier#000074297        | I9Lh2w60X3,
 Supplier#000074362        | zhrbTjJsC0fVYCSZC7Owu7eng Q9X1kZcWrcHZbo
 Supplier#000074546        | opj1BlTGcw hknzU6dd0SvaIbfUNv1WhiJ43ws2n
 Supplier#000074570        | QkdyT,qopvxjls2xY
 Supplier#000074682        | 0xt2xv74ldX
 Supplier#000074711        | PGga3TCvzWImu5BherBC0tXRrSwyYUQWwNfpTYBq
 Supplier#000074731        | A3MQjYexAcIbsVgxN1,yBXSJl9
 Supplier#000074744        | c2csgsTesq1P58Hz6sJ0ecSlzsNBg
 Supplier#000074757        | cQ5Gc1Ug88,2GbN3islnqZ5R,fq5rmz0EEyPCbgA
 Supplier#000074789        | BO299kcS,Azv
 Supplier#000075112        | QaaiL44xHLKjKuVlg
 Supplier#000075138        | FV2UzDJRHpPWcoiOOGHhNOG IGEF
 Supplier#000075141        | wsafFzC,,OJ,ErFvppM
 Supplier#000075212        | QkY8dY1CwG9gME0yE35p cc1,X,REhc3dF7
 Supplier#000075227        |  LkGInosocPiY4C ymX
 Supplier#000075239        | VKdHptmseFIE9SRoi 7dfPja
 Supplier#000075362        | Xx3sJfH2z9
 Supplier#000075371        | Q6Ph1k4EaI UFB5QxJbJL0QC9H
 Supplier#000075373        |  n9Cqfy9duPbX2fhw0bdN 
 Supplier#000075440        | faYTltf75wU3DLufBiDOMjRGphq,
 Supplier#000075588        | Op0LwGsOUu0pGQtW8MlW6Mrrh7,SoWPYtm1
 Supplier#000075751        | DNjvU2pj6dvLeeND0u5S6RQbYAoeEL3Yn
 Supplier#000075752        | jTnY8Fk,9IXV8kqglHNuDo,niNiq6qrSR
 Supplier#000075788        | j7xBLHG02j jf1Q7Unqo3clTQ5je4s2UL6p8
 Supplier#000075854        | e8FNbrEil ITVjjsiYcketONmHKVB
 Supplier#000076205        | lV5rIHVnIAT2PzJmsuTZ8jA2x4nZgIIM
 Supplier#000076232        | lFVrUmz1ai45At66 gP16 PE2wyJFPYBzz0
 Supplier#000076259        | yH LSP3FPPMQehLiO6gYmR4Fg,Bnvp5oWLXr2LTk
 Supplier#000076351        | aDPD1Smpk7WdZeYi
 Supplier#000076385        | yXV2YGZI5ajsxIz
 Supplier#000076400        | 3Y,94LwPUtjn3dWLPqJwNAf6ZAE
 Supplier#000076471        | kfEQx1cMweNM
 Supplier#000076600        | ldtvvO,jKYtAmHju
 Supplier#000076618        | y0r3iu2CE01fQaKNESx5xhWt1QLNTpPsMqhQT1Ld
 Supplier#000076748        | ltRmWiHfSIu2OU6Rr9aPkBHOkAQ,4
 Supplier#000076830        | RpvuNboW8AjR5xbVbP6vSDxNRDLLvePNK
 Supplier#000076831        | 5Hm,BLxgv71db
 Supplier#000076892        | JFPHUP5XVE6FnVPCOHqcXszHSy,3i
 Supplier#000076935        | WG89IhH58VkoGey7KXxXagSkS0tM
 Supplier#000076941        | f6Mel6No,oDQ95JDRwqbcjAEvYMg
 Supplier#000076945        | brTMhA3 o29GA 0n6yx8dgN1uf0XOBbHuihApuUb
 Supplier#000077059        | HxF5MfbPy6ZmJOwvLej
 Supplier#000077109        | hrIET,VgohLmL3WP9 fn5zbvTmzBh4A
 Supplier#000077162        | fp3ub53kd1WhLbfPTLOnX9kGqHrVU f8Xv r
 Supplier#000077166        | VmaBrGe4F2
 Supplier#000077173        | w6N8Bt88tcDaw2QBP3d QFABxX5hJsc7IaVnkVc
 Supplier#000077314        | R2GcB,YRW9bUbw6L1hjJEXvs5SV
 Supplier#000077352        | NfinVC4HTTTbHYJTTvualcf8ffSFdX5UcO
 Supplier#000077358        | IoMnEIvbFxTwKLbYBw
 Supplier#000077408        | 3VZa1XDWdGDRTD
 Supplier#000077447        | m61AieuC3ScsLNmNZTeG eHljkPyhAnUmeyX9L
 Supplier#000077456        | APs4tAlLHWKu
 Supplier#000077602        | osVlDOJJBiEN,UTsubv65l ZAnr
 Supplier#000077623        | IqNlYZp2G JLL4yE29xgAWidKObpBcDkCvRT0p
 Supplier#000077650        | 2SaXiueR7S5mhMI
 Supplier#000077733        | Ea2Y9OyP3WYPtrDxbVQ4Ld 
 Supplier#000077770        | itqD38BYWEke H
 Supplier#000077772        | 4ofuYYUQnguw4dA1HCqbrbkH
 Supplier#000077782        | ePYEnuNoDdEUE5E,evZbGnmX6R umih3
 Supplier#000077786        | G8mlekJYC7yib
 Supplier#000077802        | kNo3Qs82ycb4NtYdsz6o5825xkmkMLEWHm
 Supplier#000077861        | h 0F1aEKVZAWuQPmnId91yb4K efLN
 Supplier#000077930        | 9Br9c7rWI0s9agt
 Supplier#000077949        | SapacS3KnY8ru7 Go 
 Supplier#000077959        | IDIet6VqN250cT6SGBndEg
 Supplier#000077967        | Fz5rLEamgpw53I
 Supplier#000077999        | RqxkEpHfkcVGeAobTDOoj0ROwBY6GeZwn
 Supplier#000078033        | iHWWL5cETaN4v8xRztoW9IIVkOVAT6VMM
 Supplier#000078153        | q,kbiyzjQsAImyNDLoVrme8X1
 Supplier#000078337        | 08GWAe,ZUppCacaz FS
 Supplier#000078364        | KwSg7XuMxuUp
 Supplier#000078369        | KcsbHGuhqLfed
 Supplier#000078410        | hVBU4P9bpPAr
 Supplier#000078471        | V3tBeIbEpkGUX
 Supplier#000078554        | 6aaowvEtjD
 Supplier#000078572        | bdZ9Al9NJtwzJNDB
 Supplier#000078610        | yP fEKqseUtrJ80mmCoOyhs55
 Supplier#000078619        | yhM HTfN7H3f sLDUDKtOIMt9dXKFFS
 Supplier#000078629        | N4Gew,xMhI,0jBmtbBbzzM8nVMib1iyzGXNEn
 Supplier#000078688        | avtfmrAv8Re1suLp
 Supplier#000078706        | o9dzvLSlhmE8y6 LdaJKSmwX2h8hlv
 Supplier#000078932        | Saa72zNC,A,faFB7NDE
 Supplier#000078992        | O8BXimEc3CetXITBTsvE,khq23JrX0ah
 Supplier#000079024        | LuYiLKGjf3,60VD1rEN
 Supplier#000079037        | IFBFpvYkg3ZnqLPr0aulVnMlyd0Vo
 Supplier#000079053        | e8wK3ClauK fJHp4AQzKqolbHc
 Supplier#000079093        | F48YyINWiyva,jqA5pLRix5cuCTAYS,Q
 Supplier#000079285        | dBP3WOlsED
 Supplier#000079338        | DSLT5aNtEYZnsckW0
 Supplier#000079402        | C3wiPsrhwBMxW0Adgtgn2K6NyiVC6k
 Supplier#000079495        | TSZUXv91Juk uK6Ja
 Supplier#000079497        | VKDrJ01VErssr
 Supplier#000079665        | 0d4IGohMF7LZ5
 Supplier#000079669        | 9waKiDZXJvcTwfz1p03,ngCrJGwR
 Supplier#000079818        | VQQ5eYGtZvvu0Bc8N17hHNgAc2kGsddJ
 Supplier#000079901        | wkjvMK1HajG1V
 Supplier#000079910        | YSInDI30gHCN9,tHm
 Supplier#000079945        | ked,r0pBEOGQJwMceeHaE0HazRjrGbhrPg
 Supplier#000080027        | jJO6YFU2U68cKDJhAo0cpAuSTjR
 Supplier#000080046        | ,bLRpQWnDUfewAp
 Supplier#000080052        | y 7Ad,M6CeM
 Supplier#000080090        | nDTd 1SIiVVra99
 Supplier#000080158        | oE2OyJxZW9887xAgOz
 Supplier#000080193        | Cj7OxPDI3R0oR593Pk
 Supplier#000080239        | AHYRV0u54TJ19TTr8yav6Cg971 8E
 Supplier#000080272        | NExPva4wMqrewrYUbEG1AyIcHWUibZeMDh8
 Supplier#000080289        | b 3TIesdLrbmHph73McNF3A RYOw,,SkE10h
 Supplier#000080462        | yQIlOLp4Tbkx4cMPH7So6T57OWhbobHIb
 Supplier#000080466        | Bfg2ELhHSeaHAc
 Supplier#000080486        | b,86GQR4yp56nE3ffWKyQHqInE,LZnUlnPzD
 Supplier#000080521        | B0ohRVz1Tca
 Supplier#000080581        | G2L0qhsc8WoFiW N9Oxe,3c0exGBvjPbHB
 Supplier#000080666        |  tSyydpMiNP8hEv1aujenzkkrt
 Supplier#000080685        | eF7hkxAsNrxKXLsQVwvVIARYEWr aNh3uBQ2gG
 Supplier#000080688        | qUBKpncHfA8QwuWCZu,9F18wZyUF
 Supplier#000080893        | yqBX6Gx,bkl9ynpfn
 Supplier#000080906        | zOeWVWx2IomXoOr
 Supplier#000080958        | byaEILdhdlatJzfJ9EXJLDPqSm0SP FpVo
 Supplier#000081224        | Px,wUph8b7F7dEWnqjP1teIlev
 Supplier#000081279        | HrJiXeTDvpfi0D3iANyZHjqhyy7Aj
 Supplier#000081395        | dlGO4cc9Tu4ssQEGIa,hwlsmzKbhGqM
 Supplier#000081514        | qj0VnjW A1fSb4OkBj7g
 Supplier#000081595        | AT4U8wb M4H34kPR,zQ0lXg0NNegxz3NoIMehX
 Supplier#000081705        | cHFErsQR9ru
 Supplier#000081777        | B4yM5qswFiyf0Jo9pI1pfSxS
 Supplier#000081803        | Qnkp1 rUPvD5NlXT3zkXisc3TnC
 Supplier#000081804        | zNXUkWHXaZ
 Supplier#000081815        | eAbupcInO4TLpmeZoJ7tWRrCn7IN4Qz
 Supplier#000081871        | 8LujU9SKLFWLTDCGw
 Supplier#000081878        | NLvU6lA14A
 Supplier#000081910        | uANR3BF9uEEKdXHAdnYT7xJqVxBRI0
 Supplier#000082112        | DL9eA9uY C5oOarvYRUM,
 Supplier#000082138        | NNGU5ZIwrKOi7IxDdmmextizeGv35lRUJoya
 Supplier#000082140        | 5DMwTpBh8CVTQ5JCyNa0PHsuhgHV2
 Supplier#000082144        | lg8WHngQPrPYpdfjWOt9p7lKO6
 Supplier#000082191        | 1vKdI5pULOEjBKIyeKPJvvg
 Supplier#000082470        | ltEz4RWisIRWwLx w0pb1yAkkI
 Supplier#000082475        | 3o0kPSzFJMXvHFlJJQb,4IYaZpJ
 Supplier#000082477        | e32IQrXqQ4MpIRDoz8dSBx11qXLpS
 Supplier#000082585        | Q9HmMgv8AYOt6oy0XS9C2MH0iTAZGQG
 Supplier#000082610        | 9jkhIMRGEu9RSWk9tE6SXgxLN6u KzH,pi
 Supplier#000082687        | pvNsWChff5VslP AbpIGWSJKtHwuZxW1
 Supplier#000082691        | V1nkBnJNGH6KElwqcb
 Supplier#000082703        | SVV3Q5GRAodtETXfSM
 Supplier#000082732        | yxs1FEVDExrzXS
 Supplier#000082735        | tzbNxpj8T0s5ockUuT8ZD3RDePkJb8TInN
 Supplier#000082760        |  5fzGH3WeNhT2SH6h5lGgkbqICfNhQNPwxhPj1
 Supplier#000082778        | EJOz43nrAnCZYOA3Z3pNCBoxjxL14 OLFEtCqO
 Supplier#000082783        | nrf,ZYNpHhTegFzHmKcIXi
 Supplier#000082855        | IwUHmIPUNDxyXJf6AasMvEgurY0YAC7
 Supplier#000082927        | kMLcpBG rBqgMYiaX7irun3zPvH59xB1 RpB
 Supplier#000082972        | k9,lAwHAUL
 Supplier#000082974        | IcuRpSGmPK1klMtpcVj6U2anm1JUerTUv
 Supplier#000083146        | Ui dUxAqRpzGJ,wrMFW,1BmteZFnoZuXkLMM
 Supplier#000083152        | 1xAaheFY1OXCpC8E83Vy08fdVPDWZEy2qv
 Supplier#000083154        | o1vm3d9wH5kYeIEau4OA3r8r6
 Supplier#000083161        | LeK1ugm7qqDRy,,o2Sp8hSc4,
 Supplier#000083186        | CLUSmpYaxNAk
 Supplier#000083203        | aYVlZp6gIJMGYuIACIouitMOGzT,0Ec0q85f
 Supplier#000083238        | dVzJBNP6odkbbDQCo5f9rU,eo
 Supplier#000083250        | kMrYbrgM7N,5fom0eGzR
 Supplier#000083269        | nYMDVJkBnGqe8
 Supplier#000083277        | gmNDDxgJYJbCN
 Supplier#000083278        |  tZWykt4gP6nI2DdP8mvXZ
 Supplier#000083319        | 9z82iTJ0jJPflA2HyEJpj2jvEqt,,
 Supplier#000083338        | UJhZooCIyaFuWTxxBHbIxYQIqklFQ
 Supplier#000083420        | TXdsTk3GjVxINe4wVcC8 PiLJ RDucgZeV14pUM
 Supplier#000083459        | YJacaNBJm1Yj8ESKzI5iaF,ZpOmk,I9
 Supplier#000083471        | ZwEkaFbfyP5GY0bm1V3FqbRUC7 F28uSJSO6bBP
 Supplier#000083590        | P,xMFR1VmQN
 Supplier#000083605        | ogrEdlCCPUQG6fEjUs Yj 8
 Supplier#000083612        | D5RzHwzZgUpnq
 Supplier#000083699        | 6CpCqZbDRwA3sOE1XJc3TIgV4VjYWvhvOxVRqlo
 Supplier#000083847        | fBemDkUnjArXaD2zo,h3
 Supplier#000083850        | g8xQ2ZwUePmuZxPA8gt6wR
 Supplier#000083864        | YuTnTfi6N7w
 Supplier#000083865        | jeQFL80YZ,RPG5I7F1TKcOoWxDmEINP3N6M9J64H
 Supplier#000083983        | Ohjoz4FzJ2K2UlgTyWR 9A0flL6oxohmj1
 Supplier#000084011        | zG,seHe3nwC03h5Z5hI,UoPz8HGLiRVrwJT8
 Supplier#000084012        | t3NepQxAVTM
 Supplier#000084017        | Cm3 HBLzHKqBGyudMMCAPmKZLAfd6HrhO,h
 Supplier#000084202        | q aZf12r9e2G
 Supplier#000084224        | RJrQy5GE5ZQBI2Z,wImVxMJ
 Supplier#000084349        | Pp3meQ0Jn1wqnP
 Supplier#000084428        | WsGsrGWPm8LzuByEiWyBulp0ufLhYULBh1b qlRW
 Supplier#000084434        | BjHmvUpad0 1hC0BfIC7wgoqcn
 Supplier#000084489        | LmRacWHe8QnwPc
 Supplier#000084494        | OotuO6soS3,HQN4XqRP
 Supplier#000084500        | uIt3EVJcKcboLTZ
 Supplier#000084564        | GEkb8oA7slkFBbbQYKlkKfkCrHMHQMMXG1di,wXQ
 Supplier#000084593        | 5QPzfGgt69Ar3JZDbY6LuhQHN02ZprX
 Supplier#000084627        | YlJifgy58ZCgzAYxEseg7So52XcH3lu8
 Supplier#000084690        | Ti7 cj3FSvGL64hC8kbdwhvkm0lGwu0GkinbR 
 Supplier#000084720        | ,Px5X41vRfFuebI,
 Supplier#000084781        | P1KgMat2JxGGO61bDfJyE Y9u 5w8a8,gyZA7K
 Supplier#000084894        | VqyzVcF7 ap4knjny9nffys98 uw DAcScbWo4Ou
 Supplier#000084901        | tpmAccAPs OU
 Supplier#000084932        | DxUNJNDFwTPfUsayKz
 Supplier#000084952        | 8Pxh,6sY6kkepLK 1WKdRIlQz86Upc2Q
 Supplier#000084957        | B6vENM9XBH5
 Supplier#000084966        | J46uXO41d3nLglfT08zoUtqdL30t
 Supplier#000085026        | vav2dmFT58J4R
 Supplier#000085051        | Cr 8XRmenJrneWk6rCUcxoTvJduIfRWjmJn2l6
 Supplier#000085430        | rMucVzt4Az2oFRrMC9
 Supplier#000085456        | rGRLzy54CNY46y
 Supplier#000085537        | uijetXXlGmOrPhgT8HwSq
 Supplier#000085585        | KOfcagdpbmYeA8aG6TEjWCsc
 Supplier#000085782        | LEpZ2LWu2hVpr9zajKW0
 Supplier#000085799        | hUCzPU7K1S2PZ
 Supplier#000085837        | Pe85wVPBPycHc0AD8A4nqHVOOR6zV6Opo
 Supplier#000085858        | S3LcQ473xCVQL
 Supplier#000085897        | eNi7pMF0mavTq9qX3 NvcX2snOs8
 Supplier#000085942        | fkBRqDv88TfMDJvEkmkgSQ2NfBrc8vJkxT
 Supplier#000085944        | cZy9RPERZ4kqq2mOwLA
 Supplier#000086009        | I3 QJeW7gP8Z
 Supplier#000086072        | xHk,RlTOjKgIatWsWLBDM26WrR7,KWcI ER9
 Supplier#000086116        | uuK2ukfC1yIfAClboWAdj97cz
 Supplier#000086127        | voPEZ9N9WnZ3b6
 Supplier#000086160        | 57M40VJSXzw4Xf62U,C33YlWX
 Supplier#000086309        | X3nYvQ,9OFPbo6wX,2
 Supplier#000086324        | kbWdneqkK9ezKoER,6KwuV mO2,OSI
 Supplier#000086386        | wM7 JKBnQfQtW98KmkvC4rrqh
 Supplier#000086413        | LWhVIRhvWz1,3jrkkoWFZ YJf
 Supplier#000086600        | Ut6Ely9gxsXRQnwo2G0lskWAzv7MXXlky
 Supplier#000086652        | zo9dioMbrVcajLTt6oSj8f5qO
 Supplier#000086662        | Qmh2YWJ,rvR1TYL5IG494
 Supplier#000086692        | TxlTRrBNt4
 Supplier#000086694        | XWQuNyFcB1I6O7mdVxY
 Supplier#000086763        | cWFiz7eq6Xh8KfSqmzx5T
 Supplier#000086817        | Q gL4LwQgt,lFkLfONW1PDFpY4C1cvQ4
 Supplier#000086887        | jpcjWX27sIvPjZL4qW6Wq6UqoE4
 Supplier#000086934        | R4eDMrzp8UoU Jc9xjrraPw
 Supplier#000086938        | XBHYmo2 d DOFNAkko7tk5W2Y9
 Supplier#000087001        | cw7iynNkL38SLy7LuodV50Mng2X75hZg CoHQ
 Supplier#000087119        | bibsIlten2mSQlxxOnPJ TmnW8
 Supplier#000087193        | lut8gBV5Pt2btYqXFTS0
 Supplier#000087274        | 3yq2nOIx5WIu,oDH7l6WtBjkW50n
 Supplier#000087283        | bJYsKMDCkvxl,Pv7bF kb2a,Bpz,zj5vA6hy
 Supplier#000087290        | 1IVsGaP0XRdoZU9Ye4HnbvKbQeDwzuCHu
 Supplier#000087392        | rk qrqOIStyCjti,LJaeaa0,zDeF2REi vPpQ
 Supplier#000087402        | Wi1ALl fS9sk9paN
 Supplier#000087429        | XSzzIr4PxllSOLyxH340XatBEC yRMLwWLEl
 Supplier#000087430        | NLBOfBSi8U4e5jMiuK,9cqSb2c3V3V9Tq1o
 Supplier#000087683        |  z 2VqOPdUXyCAt
 Supplier#000087716        | Fb9yCqgjpSU6Sfl2bMgT3
 Supplier#000087775        | TVHWyc9mhHR56e,1zBxePNMhq0AjGNo4n
 Supplier#000087783        | w,dSfL9tWITOD ofBdpY
 Supplier#000087785        | 11ZD2KKVQk
 Supplier#000087787        | 2znl81LJqz,r2G0bTZcBvoekrlBXcsnbP
 Supplier#000087818        | gu,,KDnuQduycVlDqHN
 Supplier#000087937        | ycuQJdeFcsvJRz0s9AT7X fzrOYGf
 Supplier#000088046        | yqGBFyC1jjI
 Supplier#000088140        | v3sBzl4kh3dFVHSVFwwPuaxz5ok2qNLePmj
 Supplier#000088151        | Pz6SREm r0ABOC7A7kwBghh3LKs6
 Supplier#000088253        | sLOzm3POHl3ECqFzBbw
 Supplier#000088304        | 48PcR2WJcvX6fR872zUqaLYuZ
 Supplier#000088327        | jd88lDwqz9GTG6OL9KJw7sDwhBf
 Supplier#000088334        | VzEAGuFj5Hr3QJA Mk
 Supplier#000088445        | y8cyFHHjwT94VkHQGisB OLJfWfOi10bmgLIcyJk
 Supplier#000088487        | 7vskIEYF4kT,vJmaOWkdQrOzPQ
 Supplier#000088545        | goPqcXCaMmGAVs9jfUt8FkuyySx,8bM2hzBFtH
 Supplier#000088568        | vykOR2DGmvXuqqYhp
 Supplier#000088571        | oMZUfZNmj3YSu7
 Supplier#000088627        | wE66PNRUWJauu
 Supplier#000088654        | 0i,kBm9fRhrer3VY4BypiwtYbVD
 Supplier#000088850        |  OgOm7rh2LxFAI 88,Y,PHJcKeEUWS0bSujoeBFd
 Supplier#000088955        | AvC,8IXjsVJZCVwhy6p31ye3Qau6tyck
 Supplier#000088960        | vrcXcRY1 jshk0rb4JbLY
 Supplier#000088993        | tpYBubaB593uSCsgtNnElBu3BAvyor8vfa9oYPDw
 Supplier#000089003        | FOpplU,882Oi
 Supplier#000089035        | 6ieZSclMoQzHN2XWfef1UaOB4U4K
 Supplier#000089062        | j2pczvgE2bggBwz0sNt5WblDhxgFjRfRmZ pyUxO
 Supplier#000089212        | rgvSfqXdMPwQK4EuS9JtZw4x3pVEDxXXzmW2Cn
 Supplier#000089280        | vrrWJ 3cwT jWYcgFcxq ,C34F8xWj
 Supplier#000089299        | JT5V8I3JvfWVcTi5X19AYd7sBsmuGwwfjKTC
 Supplier#000089367        | SjTh8VqzqfoeGb
 Supplier#000089452        | 6VHI4J08HYjGPGeqAkmmpUES,Zj
 Supplier#000089471        | a2aIjWMTASqDWxZyYIN03F
 Supplier#000089576        | ahZjinW95WXa3N6TpEu1S08bnMnoAFDl6z
 Supplier#000089729        | pCHCZ7gqQFzKU0LfHNWXzdXXUWl9DNy
 Supplier#000089741        | HHPhFgF2BJ3H 486lEZD8DvnrJ1xN
 Supplier#000089777        | WmJ3VMj53DKS8C1mk
 Supplier#000089843        | 0 ltQoBw9GSYXfe9dlj,4QIAIo47BbPbaa5Z
 Supplier#000089887        | nN5tJ2iGqpMT8sHswLx
 Supplier#000089944        | S16xx,jhRUuQkX
 Supplier#000089978        | HxR3BjM5 YiHiCgL9EtZ7p,xq6InekSD1O91
 Supplier#000090011        | FQyd76PRSQAWCrvKJd
 Supplier#000090047        | QUxld4ylVgy wH7dEntUx75HfI4
 Supplier#000090120        | b9eDtcx9qIbLEUIA
 Supplier#000090146        | qo6xFu LiqWPSgPTpFPVxRLG
 Supplier#000090151        | VlYKFt31mo1wJJY
 Supplier#000090371        | 1 QsW,Q2RhqhG 7Nb vLnkfnMH2ESdZ9,Ve6kh
 Supplier#000090377        | tXd7CkIWuo8eShzFor
 Supplier#000090450        | rmzs9ysj7EMQD3YQg,p69oqPiO6TV1JWZzcw3OzY
 Supplier#000090458        | slJBV0x,hf3zMZYH F5LbZ7Kvx
 Supplier#000090492        | 3w,MyAPQqRVc2H2gi7
 Supplier#000090499        | QCpcksQDs4AeACXCfnxZK74vG taOF9Fm0yYzjZa
 Supplier#000090596        | MwlUolgc0UtHjixnMWMe
 Supplier#000090658        | 83MixACDe75MKckcZ,jvgZy4YLl9XPhmHTu838
 Supplier#000090830        | oDvOZcPzS4IZpuq9buTB
 Supplier#000090891        | BAG,Ql6rfBY,pls0zDuUD7
 Supplier#000090908        | hJVUTww9HMamQP0cn9ANv
 Supplier#000091060        | DsV7Xs4O52LieB0bUrOQOy
 Supplier#000091195        | 4U6tgVCMXbh2zb5p
 Supplier#000091209        | PWXi,gj,,9Zvm83
 Supplier#000091235        | NZRxvzRtIPbavV
 Supplier#000091241        | n3XlEzuld0aO43JZuj
 Supplier#000091359        | jPWYQ0lyCrnDSCGe672ODDKlK
 Supplier#000091361        | BKp5rrowGC DH4iJ
 Supplier#000091390        | eezOwfWCB19wNZ5axi
 Supplier#000091481        | JotqUya6rjZ7P
 Supplier#000091556        | 753LJAaLTbEfDL Oswou7gEMQj9580zpa,9e4S3F
 Supplier#000091632        | efXNH9Z,DQXklSxsnF1albKs
 Supplier#000091724        | 7xVu,VLapfDGKpqg8DTuxqbNDcttjheno
 Supplier#000091759        | Dc4CHjMc,6
 Supplier#000091804        | 4WUl6ax3uye9
 Supplier#000091809        | koJ3AWPM8QooZkkKEK9gbgQ0KSlEw3ryE8N
 Supplier#000091811        | SbPTU,bmgSa
 Supplier#000091818        | g16rTVYK9jmJDjAmpvG7SH
 Supplier#000091847        | lCfqvEQtV 7CJMQjaw7m
 Supplier#000091852        | wmwzNWhP4alJcYRYR
 Supplier#000091870        | p4hn1sYj35Q7CJDgXQzDGtwFsqWcOuK 38oRwy
 Supplier#000091879        | MQvrBqyv6,Ik242nR8ZMXMT5QUE,1tHHeORY3
 Supplier#000091885        | Wc,QQ85qDPgtQovR
 Supplier#000091943        | ZTqDkP8AI2YhGOfk7RFbyBRDw5CYq82wvEwBEhf
 Supplier#000092045        | LB2LR,LbX1MI
 Supplier#000092068        | ,vT2Zpln3CL
 Supplier#000092070        | ANZiGN hC5pbeTc4Bdj0tu
 Supplier#000092225        | FVxy9TWLTaSZSV07sq3A
 Supplier#000092231        | ihZB0WbFFVJ uHo6oUg8kt bdX6cjpSzJgZYXa
 Supplier#000092316        | ajitjJbzLKqTnCRBwtLtVkplxsc
 Supplier#000092340        | ZUfcSJR, M99TXFkKCWoK
 Supplier#000092384        | 3qnk8BnSesNNjJ3PH
 Supplier#000092494        | g lN,kAyYWVuP4uLbvN3JJ4r,SL8Suf
 Supplier#000092500        | cQ4ylcbFyC9avMZGWtIQO0vfSPW7p3moFNVKJu
 Supplier#000092530        | ONB9Gk4AFCZFcHu9T ODV
 Supplier#000092550        | wtJOF2j4JQQpvFkpkRsyDPzX5ZUczyocaia81PN
 Supplier#000092731        | y2aP8wYsTTVfqYLcB4TeyP6,Bqp
 Supplier#000092749        | 0CbpjciGSUsYN7cE
 Supplier#000092791        | UrpxMKPDuUZhJNsgAIncQyf3C8p2C4
 Supplier#000092805        | QFgv0IZqihiT4GXaTnek
 Supplier#000092860        | KAAJG4LnhnAjbPi
 Supplier#000092864        | GlCFhaLF0efD8rhB
 Supplier#000092973        | M2Wx5Cmfof
 Supplier#000093151        | jCjAg0aM1QcHRjz
 Supplier#000093202        |  57JBNU27niygbWNnoz9uo9lFyZQinVWPsl4Au
 Supplier#000093286        | 1Jkcw44Yk4JTMKqjDylUW74U7zw
 Supplier#000093306        | lOHuSlZq7v2RyXlYLpyepV2sH7jO0UE
 Supplier#000093368        | O54tUm3ct,j528a4iWq3So06k9RXfQ8sGOK
 Supplier#000093437        | 2ddxBYjoiqwCs
 Supplier#000093480        | ZA0nS4GNsWPq8
 Supplier#000093495        | XlcSlPAhahBqvhx8N,gTI,1uSWL,tK3P7kJ
 Supplier#000093567        |  B053YVcxoboc8SxuvF8iS2LeXN10GcX nkwmRAW
 Supplier#000093588        | ke0CkbdIGeyusHSou
 Supplier#000093596        | SJKMF,1VIIAusyNXFx OMlg6YCI1IQm4Js3cM
 Supplier#000093628        | gNk,dRtkGLvLDb0FmgXKFeIFTgA
 Supplier#000093689        | Q8gH ZqW1xggBr1ppOqRiteKTMfEYUv0GqG
 Supplier#000093731        | epevE3VYX6OPkAPnyN,QdJqL2ZmnUT
 Supplier#000093932        | oj2xdLoFzuEw8gCeXNFYtTxCMTBIN3jY
 Supplier#000093951        | EyH1XRPXnxNemBolo0oZuKPbi
 Supplier#000094004        | ,zwr1JM54vuz29GcI
 Supplier#000094053        | h0dGONjZzmanU,0R1JLbKw 7CBzf5QMUbTOHm
 Supplier#000094129        | yqCWfOL GLF1
 Supplier#000094147        | Rj 9ve3ku9nulzSHonsw5aj1UslUd47JDbtRDz
 Supplier#000094241        | wS6fw2LlkvbqSrmsETOKzj7xyRft5BLTF3zA6qOo
 Supplier#000094446        | ziafq k9n3fVNgOIroE,I5jfcf2Yt54Uj7Ye0HT
 Supplier#000094459        | PGcajp529rDsk2xz9B7DmlkOyd5JwiCWmAe5mXD
 Supplier#000094570        | pKaPvdcyLXizNyIPyc9bYl6YrWT
 Supplier#000094592        | tNI,DbGphPFYnI5IAXKepCfg
 Supplier#000094663        | E3SHprQrJjlC
 Supplier#000094729        | ARFLTIvy5QK8MA1CJFaAr
 Supplier#000094754        | iC 2wqB6t3EUdLfInoi,FARYOVvq
 Supplier#000094838        | hkOIT8Fc,3ts6l9xjof4x4GSy
 Supplier#000094849        | nhAwNmjMrax8dL2ukQ811eeFRai0X9TdsJHB5,O
 Supplier#000094886        | DzgKix0V TUatYzV1kSvr ,HR5oOExOaSND
 Supplier#000095003        | DKdKYKHl2VqumgXbRaZEeili5NuvjhoU8L
 Supplier#000095072        | 6jF0fR TzR
 Supplier#000095123        | 2MynYxWSFMJUI5Nc,d
 Supplier#000095153        | IGa2 3Yp3Q
 Supplier#000095166        | rFOK5Yw7Ddy8rdyjoqgOsby,
 Supplier#000095314        | fyAIcD YrnSIp6LBynbxWEXiL
 Supplier#000095330        | XVK7lj7rUAKlm,aBUx32MCn
 Supplier#000095359        | g8j9drUpZ4
 Supplier#000095458        | 3gEBbmoOqh
 Supplier#000095462        | 49UET5CTs1reqm8i
 Supplier#000095485        | hsQqdj9e82mqCVXNYP
 Supplier#000095575        | DdOcDgfXsU
 Supplier#000095617        | Tf,DNrsvUEP5uLTy86J0VmDc9CAjVjkaTI
 Supplier#000095776        | W,sl3wykNRjGIKo3V34q0s,twk3hZzH,WKPK h
 Supplier#000095893        | 3THz4TxLtWQKfO3ObnH6x8pXGGA8H01Vo36
 Supplier#000095942        | creS,KD3I,KaXlhWsAGojUcTtizn2ioFJRG0
 Supplier#000096094        | 7UWtTxagrYynSM,Zt230A1aYtI
 Supplier#000096134        | 12lHnW137V
 Supplier#000096312        | GGw0rktG6zVO
 Supplier#000096314        | jSSXeYUoNjuC
 Supplier#000096327        | JxtqPhv10hX8T6t,XM0ULN
 Supplier#000096399        | QpsR2zHZsCG
 Supplier#000096453        | i8HhvRGMruLEIkg9nGwKnn7rJFM4Gi
 Supplier#000096486        | 1niGMWBnyukbIAjNiNViHDuIbfcb8k9tTNJU,E7
 Supplier#000096525        | ,N7tPJBtFbnbv4XFUtnZYYdI4ex4KZXwKbW
 Supplier#000096592        | OQQuG,U1dL,JxKIXXT3sRB9x1rG
 Supplier#000096631        | m,fAj,b0arwZ7SvA3If5I
 Supplier#000096682        | AMSNMqeXkBcpFj5ByTxJl5474Dff1rx5fayB
 Supplier#000096701        | HfFTAgRXt2ey6
 Supplier#000096711        | RJgb3QBUm2yB,MbB,tQQ0X nHKW7
 Supplier#000096775        | dZoPJoxP90EyB,iFwhyXcGk cONnMmwqrv,a5ao
 Supplier#000096796        | P1,dJVmNyqwcsmAQLl6DhY8
 Supplier#000096803        | i4X5NsR7xQ tDkdZLEdAQNUi u3i7
 Supplier#000096846        | aoYs1NEgVr8X8GwCo TwXEUqCRl
 Supplier#000096849        | t6Kdo3o6c,bVku2vwR4FCX96wk auLmw5E1
 Supplier#000096863        |  B9Y4wWE mxW6,ObWPP1R
 Supplier#000096868        | AXrodqIYicu
 Supplier#000097008        | YHLbPXJHyXb4ohXLpI6S1V4Y24srjQw8Ba1Ba0 5
 Supplier#000097192        | c9gcWaxqzemwQ8Rct0ra69IkVJSHqjhNoY8stRSL
 Supplier#000097216        | u9XrxizngLoDKoqaBg4obV
 Supplier#000097331        | EK,IyCTPZsW1YMR3q3iTI
 Supplier#000097356        | Q9we3D0OtlPIAZ3zSvyEgqOuyd
 Supplier#000097362        | tRVhoU JQ9k2mqXQaUgFIS9lVOZ2j9SiSODERR
 Supplier#000097365        | ZKcJjE 5m9
 Supplier#000097382        | VN8JegTJ7R
 Supplier#000097571        | O5fbPQWVCN XNAhrKVAsP
 Supplier#000097589        | v0dafIDTt0NW44D4jHG6R90ZWEWoqnJ
 Supplier#000097649        | 1k 1w1h3CWkhCaczIKeS3I
 Supplier#000097665        | iKL,KRWdohYZqOJVx9O1s3zbvsCoyhs7p
 Supplier#000097708        | zM3g5wy4fXvRYLpaQG2
 Supplier#000097766        | MmDkDjIMM1DlFPRgAiq,g8N5heZgK5Ij,h,F9
 Supplier#000097960        | 6LPgRow,cXRReUS,ayHmneK19X5woCMpPjj
 Supplier#000097968        | 84hXRjZhAc66YiiUO9FKespRBE
 Supplier#000098097        | 7jPUM3O3l6xygo4O
 Supplier#000098176        | VPht12GqPK2Up8Jhkd7xHU1VGBDj9kcU73on
 Supplier#000098198        | WsF9BDheGOO2PMruh7qRk6VG39
 Supplier#000098210        | EI,Ok5eCwyz6xryGkYhDgPXZ3lnUk8imp 
 Supplier#000098230        | N4OqLd3FqdazIojhTCxZ2NBKK
 Supplier#000098274        | wRwtHrA7uVP6NpWYPoQK1uUaIHJR
 Supplier#000098276        | towEmyfNRIw4c
 Supplier#000098370        | r,h6Xa0 ul Cx0d2OoX4MlYjeDdrhr
 Supplier#000098422        | WAK4HNXcJhecFaXGDJdjloUhVMzxOMsTP
 Supplier#000098477        | Soj,oc0yXnRUr5pM0Lyys7o
 Supplier#000098496        | 3yD,idy1I4Z6UIbyojL0G3bNcQ IQbjKwj6VH
 Supplier#000098499        | 4XrYmgFTOvqas
 Supplier#000098594        | pjjsWU09h5g07mo6lf9mO4GokjgQnrs
 Supplier#000098629        | TzJdMODeZbmZUQ2X5
 Supplier#000098633        | j6yGzvIy7YHu
 Supplier#000098680        | K6eqfYX8JJKjZLmL3IVmGq
 Supplier#000098689        | Vvq,HnhL71JFqlrx75el3gQx b86C
 Supplier#000098698        | Ylo8IuvHLOTyUOT5eOc5raPu IXpkoJTgFmWv
 Supplier#000098785        | zNQPiFDGpNpe,hRjOrNIetWynz
 Supplier#000098994        | lgDE5N,jaSmhi9
 Supplier#000099069        | Ug5Rkdglw6ZfgIkZ9g6ThACXMyRFZAmAlCHm9
 Supplier#000099098        | gstYLVeAZr9k
 Supplier#000099168        | 3nmhol3Y6P7 NaeK0A ORpxOaN689w
 Supplier#000099258        | JpTrmtBBTOQLWwlQjgJWyV6YKwiNyo
 Supplier#000099274        | knmSYP04iiVUKr5UNb1Vb7v0dNIgFVxqBb
 Supplier#000099438        | WF8MI 6,r2mmgo3KGnImXJsB 3jC3IZ
 Supplier#000099442        | Z15k7vc6QEqOSIRPtsp8kdl2iUwpfyH
 Supplier#000099519        | VeGVzKCmK58LqtmnHgs7HkIze56gj3xeFCPM 92
 Supplier#000099554        | 0cabFfCkwoP,75goe5SMDz1Y
 Supplier#000099649        | BmkDF1BRT1chS8UXk0F6WyTW0
 Supplier#000099771        |  o0NT97N2k0KIQBpQgYzqWMfI5
 Supplier#000099809        | tyDSUOtIR0yVEtvZO8
 Supplier#000099815        | XClR270EDbR2qCt4EtDn
 Supplier#000099828        | ej6taHjvxvU1D ji1
 Supplier#000099871        | d3VRNZKu6MWw4QswquPPhKZu04nHI7F 
 Supplier#000099953        | RvPjS5cm,QxwYresk Qg0xKkzbc2asbj95fm98d
 Supplier#000099957        | ubPLhrkJmF3iPtQeXJcEMh7WeTN6P5Lo
 Supplier#000099984        | Zc7VG 4uUEBs,7OL
 Supplier#000100076        | XDIG0GynunMOeTC5kUTvTC4j
 Supplier#000100252        | FnyB1AmLbK3HT6TESRgouucUN6ViW9JekyNrR Jh
 Supplier#000100293        |  Fv19azwyCCxIhne
 Supplier#000100394        | 1kFGzelGPub8evrwN0SzuPa
 Supplier#000100450        | kIZp2xtEyPCI5RRH6amRIQvSPBA
 Supplier#000100497        | SnzAU4scHPX3rR142AXVMqZwVCJBC
 Supplier#000100503        | ub1JEA5FSOnrsdtEIj QBkRPh8AmAdt
 Supplier#000100570        |  czY5 7PABPaIpkg4M Fw
 Supplier#000100601        | WcTqFHI8tT2GjrG1L8bgwP
 Supplier#000100611        | Lyl0dE2npjbZNMD4b 0IvwkrKB7
 Supplier#000100653        | U3ELDLVUJYCeOG
 Supplier#000100747        | TZ8PGrSPy9sw2Eo15hh1W
 Supplier#000100978        | gHzxWAkUzE
 Supplier#000101000        | RV7mqFIHUCa,8dxWr0O1mzySUymIiDN6Q39M
 Supplier#000101080        | Mvk4ZVTxyww3 MbnthO4 9OIPOQj
 Supplier#000101161        | WniIB4j7PZ1YuDCksBoTATkn4VZhI9FZ
 Supplier#000101185        |  QepxRZg7EYCBXNqE539PRT,9Bv
 Supplier#000101262        | GDnoufKTBhZHVYVa0Q2qfPVHsr3D9oIlpQ7dEg
 Supplier#000101280        | A1aaPY,xenyow2Ekm76hZYNOsipHdB5hy5mMuK
 Supplier#000101345        | TeW4fMKYumpk7EttCT0omrYjgh9
 Supplier#000101373        | ceFy4lSMYEBZSMu0ElzW
 Supplier#000101392        | 2bJPt7Ph90hn9A4tSVYR9eTIZSq
 Supplier#000101422        | gMVEhG1q8nnKG
 Supplier#000101424        | tKRht9u ZWX1ArH78tpZ,yXK
 Supplier#000101469        | N,X2NR6hwAzorHXz
 Supplier#000101589        | YSR,DH1tzpESyrIB6,xs
 Supplier#000101652        | aJQn 78EsLn6gPMW QKg1x
 Supplier#000101671        | i2NoA5bNWe5BSPQcmLOe61ftUXYAiHQ
 Supplier#000101684        | ,JZfelXyz6
 Supplier#000101731        | oz83kup0W2GksAlchSLrZr12YILn7uCLO
 Supplier#000101747        | 4ncSzJxWeOzphNlrs8S4
 Supplier#000101786        | suab9BqYGiUgfdm0jrzJVYnlp1W09XIW
 Supplier#000101918        | h4DSyBgSVYUBB5IXrJtq sE
 Supplier#000101927        | lAnx5QQ9TYEEkwAEn
 Supplier#000101991        | hjilhkNYTH
 Supplier#000102007        | W5NRvI3JsGhPd33lv
 Supplier#000102035        | mFS dZffldySBn4p7,vjEnFSPSQzn5W2h5
 Supplier#000102063        | F 9XQZXTQ6e5f,Mv,whlfeZJFxpbmlChob
 Supplier#000102177        | 7JtJGo3QZRQY6uI,,jSYJM5A82N,
 Supplier#000102267        | bjy6d,1lpK2yUx  ,kb278ZQHGW0ehWQNmSf7
 Supplier#000102341        | CMo,T6C93eTJQgtSHCe
 Supplier#000102342        | GAMFBX7p4GlK
 Supplier#000102383        | mLOToSdpvJB26nRpQiOFt90
 Supplier#000102433        | dwnPrIG88lbr9wbIRVaCcILA NJCpTAUGggC1
 Supplier#000102452        | pfH8dA2VpA,b
 Supplier#000102514        | M3S,GycWjfyd
 Supplier#000102518        | NzSpq2fid,BkEKUlVuc
 Supplier#000102562        | tUmM0YH7Pxg9IiZY1mdyLUnkuaC
 Supplier#000102648        | rQi8tWY9aI0Cx,50V6jIl
 Supplier#000102649        | BUUHZwC3p276T42fpaCex9Aqepj hBait
 Supplier#000102886        | UpnCoXReO9onW2IsQPOrQ1XS6Oc0Qb3Vu7cp
 Supplier#000103007        | 0OLS 3auKKbQtorAgQ1R6gk9r3c
 Supplier#000103046        | GBW H4WAwm1,Q690KQa CH6AqIAE16ciDgr
 Supplier#000103112        | 2sGtjzNaVm2MuC5tcs0
 Supplier#000103141        | 5ZDCte93TkMvB1bTcs hT
 Supplier#000103276        | i9z4t1bnElrpa4xHZm6cmFBXp2BRcVlbYk5s,Cd
 Supplier#000103327        | i3mvw2DPn7LITX0BjNhQbaSMhAHccY
 Supplier#000103413        | v95YJW8YiFshMQnoVmuE73UizoDu3RfyXwb
 Supplier#000103446        | ZCCHrk0Lpyb4vdoMfYoYx7SW iLj7 MdGk
 Supplier#000103500        | s09S0ySfugewZoS
 Supplier#000103528        | ,saEzeF0TeLtdQmOjZyK2hZo9TLB7YeXH
 Supplier#000103529        | UrxlBNtw,tIKGBgcMVE
 Supplier#000103543        | N 7I8Kh8w048AtQQXC0GXjkWLmfYiEyD5gM
 Supplier#000103597        | OuEzCEIjy2ADNB,LbZVzm
 Supplier#000103636        | zEvXGUUkrrqpGe
 Supplier#000103667        | 3rYEMqj912Hh5NVPGA7R8diU2eKLr
 Supplier#000103851        | FT,SePTQEjJ4p6hxDyyAyTVP
 Supplier#000104191        | 2CwRvZTBIzt S,tCN2qKKYSiwjYMBXkZl9HuduE9
 Supplier#000104214        | 1OsTWb3piAC3dL0IMFPNp5ydAiM
 Supplier#000104248        | 0TafG7qQLsG
 Supplier#000104540        | JIy 5ajio,QA I2 38
 Supplier#000104549        | wS,4MUl7wnFo4DNSu
 Supplier#000104551        | Be5bZrpW9g0sddvrYL36B6gJ6mHK6sMW mKJuaY
 Supplier#000104604        | PTluwJrS50D6cw41Qrax3n
 Supplier#000104624        | rep7BnvpMvBbSsAHM4vZJmkv
 Supplier#000104660        | tpBIqTZyZX
 Supplier#000104740        | UYTcKix44ygYXZqPD
 Supplier#000104803        | ZLKdnPixVqj6
 Supplier#000104818        | PGpSdyVXUf3kIGW,mG8j3rtNbJ5
 Supplier#000104873        | oevE x8S6bBArTRtbIktyAp DFj
 Supplier#000104947        | 7I,rRmNsRMpiD1iC1NVEuW3Cb
 Supplier#000104952        | iGiYd0qwOqIEa3czV9yjOuFpJ,ZXyl0TXXd2ui
 Supplier#000104978        | YNXyZUFBbcrP7oWZknIW,s396HIJ
 Supplier#000105005        | sxqhzQ10cNFAt
 Supplier#000105070        | oTpqKB4z2,clb8R4JDntpln6
 Supplier#000105086        | Bde3XLFh9NQ6MZxJaShFb6tJTvw
 Supplier#000105141        | qVq8gEvujjjH5Iv1
 Supplier#000105164        | Q3Pztm9mXCLWHro5
 Supplier#000105186        | vwsUSismIezipwCNKihHH7,hMDlWmFG
 Supplier#000105264        | S4JtIwxYJnB4AuISImpUGQysM3
 Supplier#000105285        | Rx29Y3B5Sg8Y8uNQwE19eaDXfEXfmVpCYQDKB
 Supplier#000105288        | f6M2WG,pGjiquSGn05jQ42x7AjMzOoTwzRbR
 Supplier#000105349        | b3MpCgbSvvMgDiDe3
 Supplier#000105565        | 6kH2qvyd3UlEooViZcLpdnPu1GmS846Tu0P
 Supplier#000105613        | ytGJ7ZkknOSberL TbFX6KNm
 Supplier#000105644        | Eqg5QiG1qSmNcJj
 Supplier#000105736        | 1,AKRl95wcRX
 Supplier#000105751        | q,Ch5ocVsn9s4RDHcS7fffxL
 Supplier#000105754        | XLWfRh5JnitiA6jhudFA194TK
 Supplier#000105823        | y9bUzL2MuW,19
 Supplier#000105825        | LnjfbIeZCv0967VWiAtt7YaI3hVMnbpqVO
 Supplier#000105846        | ,QdRLkkrIInCLwPtMKZ6I
 Supplier#000105918        | ZF,2s2RGum
 Supplier#000106039        | vVDxvhwl,V66c
 Supplier#000106051        | 5Wk2H6QA4nHBoF
 Supplier#000106069        | OoHQyhYyr2LU2Ufg68EdsHvdG
 Supplier#000106086        | OsOQwaleqhxlkEY,4srI
 Supplier#000106100        | 3oe2qXIbdZUzc0T2VyyWMmOXHNR
 Supplier#000106109        | aVq1kAVq113693sMLf9Y1efa7ILAyhPml
 Supplier#000106258        | ATISEaf NB5k5aE
 Supplier#000106301        | ibR7fpX8 lcNED5hNRPRzW9vNk5N
 Supplier#000106364        | G,E2EO2dyTMfpfuC7VJs77xwyM2hn9MxGXXC4L
 Supplier#000106373        | JakRLFj8F7I3uG8XHs
 Supplier#000106374        | iR,vQ8o5TA
 Supplier#000106514        | O34FlVGYfpRXjgK BeC tXIGUrjsJ7Iw
 Supplier#000106672        | X4nPHe1hoFTj
 Supplier#000106682        | 2o0hlztAU KqMse,6yQAJkngdX
 Supplier#000106687        | 93uFHQ8aU4KpglZWZj60SPJEUc7U7Z
 Supplier#000106696        | ,eOQo4Nyxoa 5Qg1qm8A
 Supplier#000106701        | 5IlRYmPJY8d9Lhbt5YUy,6yox
 Supplier#000106743        | JtTGryg3UwVgE6BWRjZqHLTgxM
 Supplier#000106991        | rNCAO0SEOswlCQ0W4YH,3ulrRUe3z
 Supplier#000107031        | icrMHyzQrC
 Supplier#000107067        | zupSEWb 3jLmQjdhKCwjNVEzrIlalLiX8e5p
 Supplier#000107071        | OeI VYC8yYPWM6f
 Supplier#000107175        | KtOzi712wTU5MMzyZZiyNlmoCZa
 Supplier#000107311        | ALiRPGIiTtdMmVECv
 Supplier#000107364        | Y3ElmqK9idwEXWp
 Supplier#000107369        | snNTGPgDNdotjG
 Supplier#000107391        | L0h6U6KrtsL7GuQoQ
 Supplier#000107528        | kW3xiAw9eDuw7zrdos8zp,kkZ
 Supplier#000107548        | m HJGQzWUOcnW7NzL3R,JO,kdN9z059IpfjFVrCM
 Supplier#000107577        | pRSA0RpDIpnApduIQwUgvoOuK1
 Supplier#000107597        | j7uk OldLW4Tk,LF3e36qgu
 Supplier#000107610        | hTT3pbAXdcu14wy
 Supplier#000107624        | Tv2w44MZKUk14cCjTOOgux1YlJOTqce
 Supplier#000107761        | 0VebNEUwSzi40x7NrwoGbY
 Supplier#000107782        | nd8FkORDh3wec0dTcNaIwv
 Supplier#000107817        | CiCqQ4F74wDWORpQOG,8a
 Supplier#000107971        | qpC7532,Vim5MZ,okNbX
 Supplier#000108063        | F,YAPdnnWuMfbPS5XoQB8
 Supplier#000108128        | OsI,PdWyT6LtCrG
 Supplier#000108136        | wDRBbJX1l8xuHNaYZ,Y6b
 Supplier#000108139        | 2TOmFxAXgcZium
 Supplier#000108222        | bqOViWuqigMNFDjR6TYs27cpYToaWxrs9ASc
 Supplier#000108248        | WlJ7pUAWqW3fpntuiWzFkoJB0QBJtUBnkVILjYVI
 Supplier#000108395        | 1o6F6ZTaLpkjQWTIqyFDgHfPVPfG4JWW4Ud
 Supplier#000108405        | CkCKEPsi,mg4966YeURRry5L9aMgZ
 Supplier#000108440        | x 21wch0aMS7xc
 Supplier#000108528        | kHMdSTyEP2kv1ag2r4dTfq
 Supplier#000108540        | GuuqQcl6VWD
 Supplier#000108546        | Y3iaKDAbdQfl5uo35aa4
 Supplier#000108592        | t7IEQ9TY6rPSwz2lSsdXJw3nLYK4
 Supplier#000108738        | VJGCSSHDdmv6pWmEyPX
 Supplier#000108760        | sNVgcWHhZJ2nGq liFLpmVM
 Supplier#000108817        | BZ0IdZ5PrDsHadwRGqO
 Supplier#000108839        | dFj  m0IBV33OP9pmx98m9Wk
 Supplier#000108988        | zwvZS Op4XTFOkD C,cLfWGm 8 dE1YL7
 Supplier#000109005        | JI3aW71rle5HXErc7o0A
 Supplier#000109198        | zyF2wugjMrFD6TKe9smRs RTZvKo24TVrKe5z0d
 Supplier#000109261        | a18P lMBAP5CxD,jh
 Supplier#000109270        | MYyrS,U7Wysg9pk
 Supplier#000109271        | m7Qw9lKnscJ6auJ5REKMwVQlpcqk1SUNDmWd
 Supplier#000109342        | vmXm4yHN2Artbf0EqpaiY
 Supplier#000109516        | iDsRqM2logSH5Z 4D6bIPb2UZr2HHOWzI
 Supplier#000109526        | bA,v5pLRMk
 Supplier#000109564        | FVZwj2dqFVZUh
 Supplier#000109649        | 9PyBUnqF0UH,K1tM
 Supplier#000109740        | 0DlPP41WqstTi0yQ6 uW2,Xr
 Supplier#000109751        | ioNQfbX41RWkjTkwUprd
 Supplier#000109846        | AmzL0w9Vje cjbeJr6uUE,oG
 Supplier#000109935        | hlOaks9kJwVnUHyX0NeXy1iLdEwed2
 Supplier#000109953        | pcr,jYuhZPgblxdcKW,Gif wyu3D
 Supplier#000110122        | 5vTzr,bB6HA kmTztfPI2I
 Supplier#000110146        | 4,r7qJAc6n8,3ksn1Oyo5JD4qXhpxSTeOQy
 Supplier#000110341        | D A0EelPap XH
 Supplier#000110356        | VSrB9sINxcuFTbZhAmd
 Supplier#000110398        | 5ZFK,efiY,tAq0SWcv5e OT43ENDx
 Supplier#000110408        | aui0H5GHN,lFyMq8xm58a9js
 Supplier#000110457        | PnIvgfS64SxJgBnW5 N0i7d u50LKQ
 Supplier#000110478        | 8n51x1OTBz4eqdUdGwwL93M Ev2
 Supplier#000110489        | 8C03WrowljxW
 Supplier#000110588        | uAlHbGVuoDtZZuQOo0HrBJJp1sU9Zb1V6pK
 Supplier#000110629        | ILrpUADg96SleKEzIbvLdvzXccBlbNF
 Supplier#000110650        | f06cl18 XqjKMNmKeTzLZT 3
 Supplier#000110716        | 9XToHYORgXdd3FJmI,K wPr3TdKSZdkobvU
 Supplier#000110791        | SkDgq6FXd54lg
 Supplier#000110834        | FOXioR5uuoxjdLEuh,QNj24W,88QwKL7Bvm
 Supplier#000110856        | d05H1NiPlur3KnOgaE5uTB,Wr9NTXCaDR
 Supplier#000110866        | kfMY6TkDd7D90pcwYtRUBe
 Supplier#000110885        | RrtwTzNVhklDHAI
 Supplier#000110977        | QKUED7kXWj s1syjQN,HjB7Z QcnYPmoCnurPDBb
 Supplier#000110998        | FrvhHQ6llAjeMp41ytdb05c6X0WPdY,OK4Vfp
 Supplier#000111026        | LvjfUpDR8yGXA2393uWtBF9gHmQdq5dH
 Supplier#000111053        | eyT7qyUufcfyiWQbU
 Supplier#000111138        | xCUU6GiP9f0Rh3rUFT2Vyi7LbfLfa8iY,JVT
 Supplier#000111159        | JdS11zBKagUbLqQ2g2 4i3Zaj0geIA4VaU
 Supplier#000111253        | 5GDpL3e88sfHvBqraocO
 Supplier#000111272        | VKob1uCaglis,j8J8qUUx
 Supplier#000111388        | YqHbW,WnZW9l90U
 Supplier#000111486        | 3zFR4cHlvK9u4U
 Supplier#000111550        | vHtEiSzbQ6W7NJS06ZHupymB
 Supplier#000111664        | 6,xVnrJZNbn9fRT3Aw3G 8uwB
 Supplier#000111697        | 7BSm5Y,RxTSskN3HLyoj,jsgig 0WrsoHhAXB2u
 Supplier#000111751        |  2OGAY5ADg0QX gJM0ynIgYU RxH6L08En
 Supplier#000111844        | 4q2PkRS8 I
 Supplier#000111846        | sqfdA6TBaTBvkCEX2NRkLZtgZoD7Mm2yVaY
 Supplier#000111853        | kR2m7F616J nTbJ67M,MDoWUwBLZpc0u
 Supplier#000111926        | btpIY1KWSsg PC iFotlI56SnNm0w5aEqYnFG
 Supplier#000111952        | b CgzL9b6xzpFqslIpPtGvdbHy
 Supplier#000111980        | kf 3xqaJxKLcHx02f6u
 Supplier#000112005        | IbV  SqkGoRgo,nQ2JX4aOBvArd16fP
 Supplier#000112097        | bmpmxQzcq0RLiovHJlC lEkWmyQK
 Supplier#000112099        | 58IwFZHzFN8KO565CqlvKb9
 Supplier#000112113        | VXp1KeY66qumOcV5hf1THCdgdqDIDs0TaC71hPo,
 Supplier#000112116        | PZkMVZZVXK CGAC EvxoFooZ39,JQNv
 Supplier#000112146        | LBlE5fcKDF18O0Lx
 Supplier#000112147        | dL6H4gHqxq dn
 Supplier#000112388        | ,mmHfjnHz7v7mnJqR4MPPeGL3OVVDzVHA8fObL 
 Supplier#000112406        | wgMfIKpxg8,fEOFCVxlwPmAYQOp7t,Fr
 Supplier#000112507        | VgXCqnvT2KfJN0urva8yTFZVd
 Supplier#000112630        | Lof2,ZvFmA8sLNyFUBe,J,H9
 Supplier#000112759        | OZ8zn6LxbdqfrcenbC5xC
 Supplier#000112788        | dfJ5jv,mM3lFScn6tbIPwW
 Supplier#000112959        | 72jP709dNR6cRoVaLxZirNEh
 Supplier#000112992        | ySF95,8roJgPj,fgOXHVUzRiNkJ8
 Supplier#000113070        | shz8UGZQBPRRsE4Rx2pxPE2CR80LE
 Supplier#000113076        | z1VVjVOFri zx7wfZZXnH,5YfX
 Supplier#000113084        | vSbkqAwmTFeE4vPW
 Supplier#000113184        | 4W5D9UCnG,NAF8mik DYPV7pDhY JtLMhGNDlt
 Supplier#000113204        | lL8JBXBaYtJgRHEjNvt0Wld62YU
 Supplier#000113218        | KLe83t6ssBgQxnRHA QsGYzrTHno1e,ULBcF
 Supplier#000113244        | O3Btyv9JQ9NXVEVdwISmzxye0wGlcFuLfh
 Supplier#000113290        | y qfeERIaNk
 Supplier#000113350        | oSoyaYhPKcJYiaxMWcVm HxqeeXW6opG,B
 Supplier#000113425        | OXncZoMuAzmrSO7QSEw
 Supplier#000113441        | g0sv2 G3OdYjzbrlE9BRxR3Ksu8usa7dZHV6ry
 Supplier#000113499        | kwlppHhluc7
 Supplier#000113571        | NP6P0yMaHOuZ
 Supplier#000113575        | qsST5lQ0DoJ9MNOHNH9p8MMh2YEn agx60lzo4
 Supplier#000113588        | ZvQ,IzFrVm3U0Sawi1bQjWw,wGSLv
 Supplier#000113675        | 70GoukED4xs0Rd8D6GxG55mZnDecoQBkkOz0aEtU
 Supplier#000113722        | Q8fAAOskFleZkws
 Supplier#000113993        | XfxmRuZtQjGtZ
 Supplier#000114057        | oy8Ti4LU9j9bUsdvYoFudgS0e5s
 Supplier#000114067        | bN1ANT7sSpBMkVIL9EAKiS
 Supplier#000114376        | iX8cSV8e0lQr11InkNvCtJYmcrkJGyk2Pg8Rv
 Supplier#000114431        | U2s2aKkSi6Y8yZ32grSq3Mdlh
 Supplier#000114439        | nccEr8uZ0ua1oliqb
 Supplier#000114480        | xI2DT,AZvrxTCJFbOCGU
 Supplier#000114503        | CjSRY5vXQi7V1vkHC,Iw
 Supplier#000114531        | ww9q4gUORJiNXQW99RIkH
 Supplier#000114629        | ,lAMysnK5bxdNpguOUg
 Supplier#000114643        | rurhBGfh6GlVEqW6kiPk4rpQJfkhC8
 Supplier#000114707        | X4Q01mCxN0K0xpkUp4
 Supplier#000114750        | 2cUhtHm316S5UnZTCKhP5bgMvWbce,n
 Supplier#000114796        | o4RTQAyPZy1CznvGPp8zG9kQOgySZQV,0
 Supplier#000114823        | cRx9nxQrn7DQZe
 Supplier#000114851        | 2GjhhnV75o
 Supplier#000114899        | AYGuiayRFT4x3nYJotsMbV5EDNJJe
 Supplier#000114905        | cFUjG 7OaSQH6RP7TzpH4ezsH
 Supplier#000114943        | ViZwj5yl7TTZCCeQZJP7Lp
 Supplier#000114950        | zv63BNC3uT2H39tqRsCQ
 Supplier#000115164        | 7nGRx8JZPtuI,24iBWDJnt1WZwY
 Supplier#000115167        | Twsv2XjWTfSeKvJCE
 Supplier#000115177        | rvHzqEuJTjv6KQlqwe ilG
 Supplier#000115217        | cUP28e8igu0cE86jtcT79Nt
 Supplier#000115284        | 2p LWyjE f4v4rwFiTR WrFT7yH6gMaOle
 Supplier#000115341        | h Ky7fQoUP4s
 Supplier#000115353        | ,wU TSI2XxR8oIuCoUtuZ H8
 Supplier#000115421        | CwzbGLO5qCOfoGPS2sHG
 Supplier#000115441        | u5EHV7Wopx
 Supplier#000115511        | VaquKtzAFqN4ZGAcImVYKyNwC7KXTjuUO
 Supplier#000115546        | 1XAStB NbNxnAdRK
 Supplier#000115634        | GSwuCB7U9Z5
 Supplier#000115645        | A6AWLlXvcJiarokcwA4
 Supplier#000115663        | kmYhBrEI5R8tomms
 Supplier#000115877        | jp,oPMPbLeQacMfm
 Supplier#000115881        | c3LXk0HjJtoF4PGerjP
 Supplier#000115957        | OmB7xrDEEirIPOS
 Supplier#000115986        | VU3FDtZqCYNH6tWaQpao40j5km
 Supplier#000116141        | hLfK7E98i8
 Supplier#000116146        | 63QuNDYXXY
 Supplier#000116257        | DrOKzrGqGuOSYFrg
 Supplier#000116320        | ,ML4DkBlBVP,YMEP,Yf1FHXx8wkKabPK
 Supplier#000116368        | JQpESVME0q7AIrxgfEuP8rzvrG3AfWt7Cc
 Supplier#000116409        | 3GLqRT9RzI0DoywakILAZk5cqVk
 Supplier#000116447        | ,mY48n4rdeTdk,BxR4mYnb6kLR gyIJSTJ,
 Supplier#000116465        | EbPuCH9spd0qNKjer8u
 Supplier#000116467        | Ky4m8aKU2slxd8ZZdGmutcuKkWVmy
 Supplier#000116506        | FtxE3N4MidsZslWwxgHZ
 Supplier#000116530        | Lx7t9mkJzYqowoLwL
 Supplier#000116589        | T520p8AjAnF1ST5o5iVmld0zzrbGbYHp4T4
 Supplier#000116625        | MX,bhx4G6B,0JoyEz3s93P2FBRbM8GPzqHb
 Supplier#000116746        | sEJiRRw1oLS nQPkde2GTg7xk
 Supplier#000116776        | GIadsNIuT5XF4aOWkAgqe1mVT0QpHx
 Supplier#000116804        | V6hOOlgHhsdJLXEHFPujvIPo3zGiVGP
 Supplier#000116849        | H1P3DIoBj1Pgv52n5PkKPTFU2myGIR4E
 Supplier#000116993        | 8QG3IJt9Gy ro2MgHItDbFX9jqfzop
 Supplier#000117096        | X phZJ1MjbXFTKO8mhb Ol8Tbapim1hd8T3JH
 Supplier#000117136        | N,RWnZd CDP foJzKbywucLULkWpveDrAhpDi
 Supplier#000117159        | iG1hVVPafdd3a ajtdbt
 Supplier#000117172        | Idvcg3,3p,iDvAeBE9loND8pq1iaGZBZZoTgqA2E
 Supplier#000117234        | hcV2T3PF,3K4845rmf Zx99WugQwvYCS,Buh
 Supplier#000117267        | Wpgatba4qLJJa
 Supplier#000117281        | shVgLvHRRD7eplta97it mNh,u63ZnSqk
 Supplier#000117313        | bGOaFCAb8XQs1r8iLSpLGzA0
 Supplier#000117397        | ,U JcVyOtr6vgbLUXimsBjOaz
 Supplier#000117415        | wD1C,qCLtxVqU9eNb569Q6nWrjZ0M
 Supplier#000117558        | t63Itkzi9xUpRBeqy7pX9fqaDBjYK
 Supplier#000117626        | VZf6W,zefBz0bUDDPUUYNHD,Lps5pnDi
 Supplier#000117683        | Kbc18OLrBLcZD4Y1TwzdPzieEZYUGCBKY
 Supplier#000117697        | BihNxbWDqowP9M
 Supplier#000117711        | G8LZkYWOiGpy
 Supplier#000117722        | uW8BY3WRNFl
 Supplier#000117740        | ptwH4hj204hqfsATKUirQfaW
 Supplier#000117752        | 0QZ7au e4RVIaeglTrwT80zUd
 Supplier#000117798        | K7Q43m7ZpE4PU6zS7kTE9frH3M8z 768h7fn
 Supplier#000117883        | wtG4AY3dMKTB8tyx,n,gGiCQNVWlxtkNz
 Supplier#000118002        | oWGKkU2PTRLLwG16
 Supplier#000118046        | TCfFja8KHVeK6cVDUpY0KNCsYqfXlCh2M
 Supplier#000118179        | iWZkW6C,o31
 Supplier#000118180        | CI,vZIpyk4HV7mIgf2UcB
 Supplier#000118227        | var8dfCqlvQdN,LeSasZ2SDDnqra2M9F
 Supplier#000118236        | ndT7F9BWUVKSqh34rwCj5pvOGD6NTu9GBIhyE9
 Supplier#000118387        | HO5gwHB7Ax7GYKqzG0IEi3EdGl1snbP5v,ShaKY0
 Supplier#000118411        | pZ3CzHpN4CHZRfq445K
 Supplier#000118416        | NYG5SU,FsRRVIvz8YPjuMVuSD7Cno2z
 Supplier#000118418        | bxKMyLjKQPnbGqccrN0MAd1V54Qgk7
 Supplier#000118459        | jtnxrLtdnnAhXggDEF4hOzlswmAFxM
 Supplier#000118555        | GO2Lkb5cMk1Owr1gbO
 Supplier#000118575        | N,wtj68c4HMRwc0ZVb8mAmC
 Supplier#000118632        | lo5fJ3bQdW1SC6IR0wdB0LXhz5lwDZg
 Supplier#000118672        | aTAGfGzVC0TGE2Nwy0
 Supplier#000118678        | MsCVpKUMdLY1JGNSu25SWCOect9Qm41x1v7nm1
 Supplier#000118721        | 89paUS5GgoHpc 2
 Supplier#000118857        | Wq0Ul AstIVFbZfP2KFiH8
 Supplier#000118940        | tJ7ciHzR0ISglSV,gZLoV,sK 8tfDEHJBN69HF
 Supplier#000118954        | IHdlduQk0ZdlAv7Hhv4SwCtM
 Supplier#000119134        | esXAnEdlzIRwJnpnNKSA7Ye
 Supplier#000119143        | RLG,aS4 YpvURcRv K FXsl8nJXwUdgICWV3
 Supplier#000119191        | do4uTvJKfwtalZ6odDC
 Supplier#000119436        | yFe3lkG,,2Kg3GOndvAJ,GFBR8q4k NJ
 Supplier#000119467        | l13PFm6h5av9ldIm5I
 Supplier#000119503        | ahXd8nzUd58ML
 Supplier#000119518        | dNEWiakWpK4HEC1abJPjukN
 Supplier#000119541        | gJunIy535MP1vI q3iK CAU
 Supplier#000119630        | wXXJYzKM6Q,UXL6ZptaxyEdL1JshgspC9m
 Supplier#000119668        | iMy8fr6TycBKqVqMk55zykfU
 Supplier#000119692        | DmFpE1Pq1iikgDNzCYkExBp10
 Supplier#000119724        | fyoBNmN3QY
 Supplier#000119785        | awXcyZ v Q6Yyw2dMlW
 Supplier#000119808        | pzPEaOcTCH2VA
 Supplier#000119829        | m5BKs5c4Vm
 Supplier#000119848        | gY6UqDDYhbePQgq7Wy Xf gfx2wq7Jy8h0tW
 Supplier#000119859        | 0p SB9ouQarRjXwsEQ0Z
 Supplier#000119907        | XlMso8GPxGAkB
 Supplier#000119913        | A6JBjb0ZkthZrBIDXWW87
 Supplier#000119927        | oIOtX5KeRS2RFn2v5fPl3RAA8asiQ7 fsYVjET3t
 Supplier#000119929        | 15O5PTICDuG8,lYMeZRohi
 Supplier#000119941        | SdfpMg5ZFqbwjla
 Supplier#000119945        | IEDZIa0tAr6Pgz8Busk okA2QRg7mUY3mduS2C
 Supplier#000119961        | u73AvuhrlVne6Ig,ozYNFIQo2UJ 19Y9kl
 Supplier#000119976        | 3ePd12Qicj01x 1Dz9qs4hC3n9qJX
 Supplier#000120057        | 72zmjotW96Ffrtpec
 Supplier#000120063        | rX2iyvp83Me
 Supplier#000120139        | jDLfG0GAGSXWZM
 Supplier#000120161        | NgDlXFKc0km Qi0q7nMi4
 Supplier#000120186        | UiYcY0MGPluwfhZKyn,x5Cx,79v
 Supplier#000120240        | eCV6nmRdaprTRV9wbpy, ,q2x84CZ2pgD48cv
 Supplier#000120296        | 6ncp1V 0YZdUry76h9b h2AJFJiQ,I7964
 Supplier#000120336        | jcNSA,rVtscM7tOAH5z fLXH
 Supplier#000120371        | cTx n41CXU2Q7F
 Supplier#000120510        | T8a4Swku2AU mDHI9K0p9QpugH
 Supplier#000120517        | ZJeY4mvcDGDw
 Supplier#000120565        | VPU,AINMFLG 
 Supplier#000120568        | F 0rzGjnO9JeGIfGGyOz4HSoPkO
 Supplier#000120590        | tXHpIxYRET3mkwTarCZJTT
 Supplier#000120595        | XRCBJTybIwWvNNTbLsGxwqIb
 Supplier#000120638        | SWmAtVx0FY
 Supplier#000120764        | tDghjCTGBpHSreZ
 Supplier#000120800        | imb7Y3b8QCgfcQLlgRwwdVT7iPdWMlMT
 Supplier#000120808        | SY1XtlIoD,3ACL6q1LE93wY1OWlDY706jI9k
 Supplier#000120855        | mtKnHRg0Le H3lwZwFYU6FQCL7J0XIebc
 Supplier#000121005        | KlqOufyZ9fXHe55H7UnwXNgpy
 Supplier#000121018        | CJLJrnUuZkLJCz Y6Am6V63Gjqe9Ydb
 Supplier#000121063        | WxRMwC93C3AxcH
 Supplier#000121081        | W8P6xAZhB4HH6WwMjZr1dAP7
 Supplier#000121083        | yWStgVTJalbHuvQRzvPt
 Supplier#000121141        | tUF5MNcj48JG,dxUYLeyn3atjEMRV
 Supplier#000121163        | vIFBsivdqJA8fcAzQkqLnqUl
 Supplier#000121352        | FcFWjUbu6oAg1
 Supplier#000121392        | aIdXwotcO QhQc0qNqWE 
 Supplier#000121466        | M1mfmclDxniKiB0VtX28gPdlY,civexb
 Supplier#000121484        | EgnGEchiEVlrvXKS61xR42LEoJnH4XGA6wPDCeyq
 Supplier#000121554        | y KM6lCw3MRpQEgufi7q 1r7K0KP9
 Supplier#000121621        | fVbXQdxCrgmWZB4hhenpOPk xmWMoarwlvMpMN8s
 Supplier#000121706        | lN6M8cP6InmAKo6
 Supplier#000121730        | Oo5RbNaK0DYrQypixZZadhkkwWGLm
 Supplier#000121899        | fz4X653,e9HA,eZd22tjf5d1IVWminxAa
 Supplier#000121996        | Zo91PdEW8pd50CTu6k6aq
 Supplier#000122155        | r8gno9pid2Jb6pKFSHBCz
 Supplier#000122200        | nDw1YWE6wn JCOK
 Supplier#000122229        | 5gdHQBTRbHxq7VtT61M8xCLp0l5lJHgBEyV
 Supplier#000122230        | 5 gu0JqLfaLSROK3YEer6grGAnus1KU3B
 Supplier#000122263        | TnwzF97tai9GV
 Supplier#000122270        | dyxp 08qQFi9DvKPLqCq
 Supplier#000122281        | Tl75 RG0bW1DUw8uESXSNPFUhBk7t,K2KIR
 Supplier#000122396        | ubbxHkbLZWYDF
 Supplier#000122405        | QnXcEyLk26PUipcxp8O6MOyytSZ4zqHg
 Supplier#000122560        | jPjtAQK7,OnGub53E8A9Tvf
 Supplier#000122593        | ,ozWkKHNazcHZ7Cig5wwnBQ390JDLe,s6l65
 Supplier#000122595        | Yu9N4HGtodZ7Vqjlf1m,afuvKWA
 Supplier#000122650        | T,HtEBpSjS2QvU1
 Supplier#000122715        | sEpyvbNdY2bBJJpU0CeZOMoCJr XrESXYZEnyTZm
 Supplier#000122760        | VTZhAyghqlmUaFAoaojA F9J3Zk
 Supplier#000122888        | 5BoZ9eXQHtSRl9GKVTaytf7EpGRCHWpd6m3wwyTv
 Supplier#000122951        | 4tvOkxE59uFj
 Supplier#000123004        | wFr9GJeQ,UJ5HOEx5h,4LwWv2Nrh5fP
 Supplier#000123024        | zgzTupjdOkCMtFjPtdMPmDd7CnR
 Supplier#000123038        | T07h6oTN8StkNEBokmt
 Supplier#000123101        | t4Leo6awM97WROBi
 Supplier#000123106        | 2QV6zY W2J3CyG3N5T
 Supplier#000123168        | 4kohXvrV7TKp71BmgRZJcrWpVRww4KTueR8,i
 Supplier#000123304        | wcifjGbfOivH0odKluusutqM6ATHrqbHVCw
 Supplier#000123313        | oHl4mjUPsdT4M6dJAQ1HMB1wmrQC5PJE
 Supplier#000123355        | ,nOtOH7vunotoZ
 Supplier#000123571        | Ldbo1uP3EOXo7Fz8SyV
 Supplier#000123582        | AiZ,OXp0, Rwo3uZWl
 Supplier#000123657        | 4V2ulUlqd5QKB05Zam,xeypn26cCNeqjlhduA
 Supplier#000123758        | pUcB2YiK4ZfdqwejQ52x3hJ9H72ZkIZlrJtb3zeb
 Supplier#000123861        | mUclBLbBI9TVl6AXgnB n4wCmPrlmvIMUmyCz
 Supplier#000123921        | JWAS1hFxaJuJvde9yy6V6qMmbnJS89aBGxTMX
 Supplier#000123980        | 624V6y00UUUg9MCJ
 Supplier#000124069        |  1WlvEek,Qapep6CnHiaAkF1OXA1
 Supplier#000124104        | bgl9Nis9HL rxzp4Xbw,rY9vtFRvLwdc7Yv
 Supplier#000124231        | vJtC9lvoKq4P78hZyQWGDuMFJxOuCyQyEaJ
 Supplier#000124299        | BalMT2KeIyQRtTjvVADhM3wXVwJX6B5tkQFDw
 Supplier#000124326        | Ar1XPSVLrZ0WJbIqm7f A9ajY1epe
 Supplier#000124332        | xFgMmyGbfynIh41VMs6a
 Supplier#000124349        | H5jdPDdVfgrx
 Supplier#000124397        | nXuXhytWxyhf76X3JS
 Supplier#000124421        | p7OSTDCpg5 YLSldvOqCws67LCOz
 Supplier#000124428        | ,XjeQ,FMp1Z5d3oQapzMn3DB
 Supplier#000124434        | 2sMyGgCS Tyb 8qKXcl,ZlvWoDX0 JC8LPOvty
 Supplier#000124601        | EcPfMr1xkL,QUGrUDezBysjpIgW
 Supplier#000124607        | qYIdCI0mw31F
 Supplier#000124678        | FVNX9qU5vXmg 59tdXOkMuI8kTWDvWAy1SMz5vQD
 Supplier#000124733        | GU,bNTJ1VHF9VsVVAWFYAtv7lh4
 Supplier#000124777        | yoHyy,8rQ41viFEvecswRFHebFuAP0GyhuM
 Supplier#000124932        | wV3y9MUQMfDch2FkK9NUswCrxnqRzrY,0B
 Supplier#000125078        | Rfm6hHdpXpLf
 Supplier#000125121        | a4eV7JCx3anN3N
 Supplier#000125126        |  5jD96ZlHQe1zYfGthSGVt6b06 jfz
 Supplier#000125172        | yOYow x eXdIEp
 Supplier#000125227        | M6k0dX1UvdYbFUMgzDQsDR,G8BdudqED2U7
 Supplier#000125327        | CC8RGr9phlOUSyariE6cH2x4AhR515nMGBxndH
 Supplier#000125333        | 18NlVIKkuJbGTptrbeNTFgpEcgszDaZXbOvrTP
 Supplier#000125488        | ltx4XsFqJ7CGXrJK
 Supplier#000125489        | LXHzgDX1Mf8
 Supplier#000125514        | bQJjoZ6aKAVdG73tYeBklJDy4PisPzT
 Supplier#000125567        | lXT8ZHCDxg7KaNL4Tox6eEBbFuGfhddGuHGhU
 Supplier#000125575        | Lh15JcHpiDnfw
 Supplier#000125624        | NwGIjDfHY0LcSI8RvOV3mvGE7Pm
 Supplier#000125816        | FD6ioPorcVvLeHlO2rniaZSZ41W
 Supplier#000125820        | i xd8eYVEnuhvU1Aqw3wIAwQTKYc1HmlAOKcz
 Supplier#000125944        | 347BjrhP8YB3bnmsnpovROmI,1B61wIbBF1f
 Supplier#000126023        | sEtNqrDE7V6WO5KGZw6vq7CZC b9iGsLVDEcr5u
 Supplier#000126115        | WlZbQNyJwrkFHuK05pyBubIChQgr
 Supplier#000126118        | Ff5kY6piI nWTTL1RGIG0nQkFfhD85o147t
 Supplier#000126152        | oid2x7tjKaIDYtcqk8AghjzG6
 Supplier#000126177        | SMWj0SvwSNi6cSeST1a,vJTQy5jR3QkH9D58
 Supplier#000126186        | RxN9soykPer bYdN78EYEmOjW4sXidrRGYEYWt6
 Supplier#000126202        | SEfnOjdSft,I1GLEoggORsRZMR
 Supplier#000126437        | 7dBxEaWWSQlFGpPIlRo48yWAp5kYPSiszhPW
 Supplier#000126468        | wq9PZM3ckLHoLF59jx8v4tDwRGJAvO
 Supplier#000126633        | DoVHDiYloFkidJuWY2zTnZgwWO0D9meWC
 Supplier#000126743        | 0uhdGmCsBFxmv
 Supplier#000126766        | 6R4CHARmE93,kLbmZPm0
 Supplier#000126767        | pD7H0nWY72MiGnVk
 Supplier#000126797        | 0N4VfmW Yrb1pH7cX0uq
 Supplier#000126844        | NsH0OxLSoWFwAq0aOwL
 Supplier#000126906        |  fIRKxifz7j 54SgCZhiY
 Supplier#000126997        |  sqSrPC12QUJW
 Supplier#000127009        | qhx8xy3xp49o
 Supplier#000127029        | x,Ci7MZm4HZcXJ
 Supplier#000127178        | qtsVC8yG7AKGdU3l8mTAed WKhO8x3
 Supplier#000127212        | RUrb5WnKcZh3OH3FEsiEIyXxG8FVxvho
 Supplier#000127244        | pvC4COCxuI
 Supplier#000127269        | iNMa6lu9oTS9UvdV
 Supplier#000127276        | 2RO0pfSLJzaaTxdgtKyWk8DswaTrJY82RqIMsCz
 Supplier#000127398        | rf6rmaBV3BUmUgepEB6S,h,eCB4bchQOvKjd
 Supplier#000127400        | eOPOdhSNJ 
 Supplier#000127547        | VgEbtWCl1tUGzla
 Supplier#000127601        | RDHBDC9nkaENqbESVADQgH3ZRfbpWydhig
 Supplier#000127695        | krc6hZ0nEM2UXq E3 
 Supplier#000127786        | PcuNPphPoN1t07
 Supplier#000127949        | MG6Sy5leXPnY0nO69MXwF38dRdOQZLPTmy6OEvD
 Supplier#000127950        | uuviXodT7sJcYUoQO
 Supplier#000128042        | VKXOfv57mji
 Supplier#000128044        | QT0kpXmaQmOeaOybSN3EEVQxzAFUlc
 Supplier#000128083        | wTm RS4dQ5TcOXmVMTETiCUY,C T o
 Supplier#000128092        | sMjnLHcp9UtAgTh44qbdTatEJfh
 Supplier#000128094        | LPRtcy,kDP6vQwaWNRYPldR0wT0zrZCG
 Supplier#000128121        | 938fAiRIaCJV6eKCzAVx3pEsw7yKU2DryM9QN
 Supplier#000128239        | 1dRWcRoinTgYUtGl71vVcdEtC
 Supplier#000128409        | YDwhrQvxijAWGqAJSC63Ogl
 Supplier#000128497        | cFYwWPDfwd68AFetV
 Supplier#000128525        | x3cxsl6J f9eX5P45A94FyiDKIu8tYdRRtIVEj
 Supplier#000128575        | U1qcISQz7lfzhlPdwWOZvO5fSW,iYrIh
 Supplier#000128628        | XLUSSB8wyUCyJ jlh,UhX,rmjF6LiE1hzmWNg7
 Supplier#000128691        | q9Ecdkvx9OQyAU9ktrNMKeH8NVTen8
 Supplier#000128709        | 6gJawnm3TvPHxSTLUXNYKCxn
 Supplier#000128714        | 4Koy364GdWzRYC3ayWzPEo6C700IYHEloP,
 Supplier#000128721        | uD9T9XGuETva UkuVW7pycR
 Supplier#000128725        | zVdIJSp9x QZyHXy9
 Supplier#000128972        | 4J7t2bufmIsPWTGPW6APYU20Y2X0WmE
 Supplier#000129043        | j1stJB0oEPTz3wt
 Supplier#000129057        | QZ4ZE7zeeIspze
 Supplier#000129105        | ljLFG66zNDKuiuNUH47L9c
 Supplier#000129141        | IVFOlSDsbPhGIdFGgXlS9SW3
 Supplier#000129213        | 2qXvQoFlLn4NE8nC okxxWN0LkRFZwzZrBEoG5Y
 Supplier#000129215        | iU5iBeM4apz0mF XGBUGlLru lyKaPywv
 Supplier#000129223        | Qhs3XdIdSGC7pLLwOskPfYloBBU
 Supplier#000129302        | 02UcOLOWkZxWgBGhIXCdIwfSQDP
 Supplier#000129345        | LpfoShSLPZFb,bikxaY91pJlt
 Supplier#000129420        | W1Grjyh418 1k9gMN EYKpdY
 Supplier#000129456        | fohK2udMXbdj4v3uWayj4D5 NAjp1zOqxs3
 Supplier#000129474        | WutXIWNyyw7wCvfLFv
 Supplier#000129502        | VphUIVAC9rsjgXVHjwtAohhfCy,B0ryFN,XhY
 Supplier#000129512        | xWzMW9bwikPec,6J44AX15OgEZqElVT0CL
 Supplier#000129552        | JKPK11mr4RX8LD4NaUUERvWjyIt IvTeM2TP3U
 Supplier#000129592        | ct4lXvKa51PPU7P2Dpy75J
 Supplier#000129624        | mzaR,6B7dEU2 5PjJNXwT,qHXm4XAQ
 Supplier#000129704        | y,6bvoRkpuHjiNcLuJAEZtahNCD3
 Supplier#000129910        | UzzFMlLAwu6mQq0e,
 Supplier#000129967        | vNXOocnFwNEPJ
 Supplier#000130047        | 5thFp6VCdHMh6GIZMwYg,HuG9ExObU187
 Supplier#000130103        | 1UqD aVKINRXg0cfu
 Supplier#000130209        | kgQf1tOcF i9p86gvi36TGaH9
 Supplier#000130301        | 1u ,3dq22GCtH6 fL
 Supplier#000130323        | Kx7Nn9GFmFNo wBTV ONMEu 6K9BIlUZ4ZT1pte
 Supplier#000130355        | Qnv22cwDXr3ypLfSuV0KonWYogc
 Supplier#000130471        | 4HjIekEmdsMUUQRNsJT5Xj4J
 Supplier#000130494        | MmjZHQRZctVgKeX
 Supplier#000130497        | E3bGaijA fDTD,fBFF9hLYj
 Supplier#000130564        | 4GQYXex,pj38GSe2CcuZ6Wt1Ho
 Supplier#000130592        | lgn3VjGZf9hqqk3 BzzAH1zqsP0f
 Supplier#000130609        | bzGv9UIvAuUb9H8ZLdw0e NZbxF1hmcC0chiwMP
 Supplier#000130612        | C6liW7yVzalGfwt2hVPZxucMTZpv3,RB
 Supplier#000130657        | ,1H4obNU6SukBLQZU6vIPywe4L
 Supplier#000130691        | JQlzGNlbXdMm
 Supplier#000130774        | zxYFppsM2xKEl6vRJ,vU
 Supplier#000130790        | N04bz2cBaJ
 Supplier#000130834        | sUoRFoUg4M
 Supplier#000130976        | F2vWIeWKkwzoC
 Supplier#000131072        | 7y24YgmbQKivYRQSnvdPmkNE2gsT
 Supplier#000131169        | B32KfR9V48TdG310H6aH08ayholSgx
 Supplier#000131211        | DVMzoudp9srPsWB2G9d6mw,BCo,5KL
 Supplier#000131236        | vCyeNExJ 8i 2R YS2sG0aORh2 3PdhyEjx6
 Supplier#000131358        | R406fhpPYLxwmaV9JPsPvyZoY
 Supplier#000131379        | ADy9flDcBiF5MZHiJ1dnZxt,t1r2 4G
 Supplier#000131407        | iil7ce7LBpMuR fxN7vmY
 Supplier#000131472        | 91y3dZUnqqGWRW3,tJmsZZ05koJk5MJZ
 Supplier#000131505        | DumgvUj1,ZFreMn4w,40jSV,uTqeWz
 Supplier#000131523        | txh7s3YBaVSiEWS
 Supplier#000131546        | eFGiEEgp7E3gwVk9DiGf3ICDM4e iycXAAUSyu
 Supplier#000131550        | oVT1fScB8U9JTC0aTowF0u2Av
 Supplier#000131556        | 9v0vaI6LTkGSHw371eC0ej3iWS
 Supplier#000131610        | H35GG7JaYY5HiaaBBOMkvHqBzD6nHYFIcCcT3BW9
 Supplier#000131620        | B4UDcvFxz63Yptr 
 Supplier#000131639        | QkAEoAp,8g4
 Supplier#000131817        | wTlo9tGBqn7RpzbGXeoZAUsYdUXiL4
 Supplier#000131877        | j1xBz1CoEnQ HYPn0U4Rn0bmZlh9 LQZyZzPmwk
 Supplier#000131883        | GBhgFjR,Zncy8MwXU6T6o6ntT
 Supplier#000131898        | H316xqoJ,NbUaIXEIE7VWtgrKY
 Supplier#000131992        | gFrZLDIMhr3o3mpeEsgJ9
 Supplier#000132002        | g8QGa4M5dXF9nAholCyFjyr7DAVagSCTsyS7QjfT
 Supplier#000132068        | Gp5tSommQRxyb0Pw
 Supplier#000132100        | 1ZTs7B4 PObZMHLkrYR,VwfYUFf
 Supplier#000132147        | rMjOCxPkdjWBCmgVFqWz
 Supplier#000132254        | c7DZPq6QnFbByUns0lH7z5 0a WF4q9tZA06xiP
 Supplier#000132303        | 2WaKO4MjtD9xTMDSi6M3EFZGi2oJlrIB
 Supplier#000132566        | IbGO79zchjJPuR8U
 Supplier#000132613        | n,LV,SLenxnUYArlXwxfmb1iFSh9Oxg
 Supplier#000132625        | fMHtduNOnN258xadvtg1VaEK9KiG ZrJ2AhWhEJ
 Supplier#000132659        | bwGlumwajfwdNGMQIPexbVIQWbm7GnZfemWgp3
 Supplier#000132922        | mWPyAQk9UsiyW,ybB
 Supplier#000132931        | 0fxOQNLCsHnNVdg,jY8SeOa
 Supplier#000132932        | pEeqSDinX88io8 qRXwkl9Lbpbqwgt8PQJ
 Supplier#000132934        | pHO011oc7W
 Supplier#000132980        | q02v6zNP7,f04TvXtmzW9Gdx0g6Vd
 Supplier#000132998        | jV16IwEMvasx
 Supplier#000133062        | 5idsabM4 Q0Caw
 Supplier#000133129        | Es3ogiMkMsIAo5tv
 Supplier#000133155        | RUjFtudVgiawzBmS9eQBUmZnyF
 Supplier#000133215        | aHE5aw797i43dGh
 Supplier#000133270        | 7KqMxYl6 TDOHYfyCA1kdP
 Supplier#000133286        | EFCcumHG44a76JEpA078AlpFDoPJ
 Supplier#000133298        | 0RX3uoP7vvW7aZA xAkB
 Supplier#000133372        | sdypOVmPBR5
 Supplier#000133380        | mfXq38uv1oSPuKKb
 Supplier#000133636        | ekbb4wFB8jaqvxTtAb,yaCnWYzGEQ
 Supplier#000133682        | O5hEGlF87ybLwO,koauL29PS
 Supplier#000133701        | fFDRQ2MDKuHXwVKPAwyKWoEsfmaeUG
 Supplier#000133750        | OgpjqsL6frEYo
 Supplier#000133759        | 7mL13T7VZ1U3DhK
 Supplier#000134042        | bWqnLEADvmypMrd,7B9T,
 Supplier#000134314        | n2zpddZZ,K7C0
 Supplier#000134482        | AsUnGfe,Jgb Msz9ahsp5KVtes vGiNkmKr
 Supplier#000134594        | 2aL94soo5tspT5L8 ttoMv
 Supplier#000134666        | LBZ8RJKKLKJS
 Supplier#000134697        | HdQbFMIq39QF sw 3FxK91dGK01BCVFoeLOu HhY
 Supplier#000134799        | Mxs21H9AhE
 Supplier#000134848        | ufLAuLaIvcimueqv3H3fcq3BhP
 Supplier#000134863        | Udp9ZEHcYkoCrhjTO,F
 Supplier#000134967        | pINpO6zGjVHIah654wk6q3bLMD3GBx
 Supplier#000134977        | UHCIE1,XkbzO6rG82aorsPLN gIpNeOvTX
 Supplier#000134980        | WiobC2hgptftCZiuJFGUlWgxVgU9 Qm3p
 Supplier#000134986        | QAT8Fahj53PoV6
 Supplier#000135010        | 0Phs0kBF920cKhTS0RZU
 Supplier#000135152        | nlwNHCz893WpYAjzRuwlaa565gfHP,6KmdBsoB
 Supplier#000135177        | wpxa3IAI80664XKJLrn6v6
 Supplier#000135203        | OI,TFN0j ty0KXB2FMsnKshP5Z,
 Supplier#000135221        | GUFIgUBbt9RigjeEU0s
 Supplier#000135262        | 6OQhWGvV6aEBhGtAiUrfCbVxBxVYQ
 Supplier#000135293        | uVyXFOIAP1
 Supplier#000135296        | 9OFuurToU7345QKFeE4sUI6C73wWkJAfslVDJXG
 Supplier#000135360        | booG9h1NevQgCMymi
 Supplier#000135448        | iacGKbot6StuRc1RgQQl7WmRGX1XYfJdtviGdX
 Supplier#000135460        | hPmv6oBQwkqf
 Supplier#000135473        | hFgHv5kabwMGt1jiMcqArSwf3Pm
 Supplier#000135518        | W37dj4vlUnSY
 Supplier#000135614        |  ClDm4a75WmmzqW0y0UUuxwVE,vPN3Aq
 Supplier#000135619        | MGRwcXzrT78GRdPIE
 Supplier#000135642        | N1frcG7r743KSyUiHxqPdj
 Supplier#000135664        | 0ED23X1AZDm4vJ9M
 Supplier#000135681        | SbHkhMTsvg6CWqOzWksARIwXM5zBO9T64
 Supplier#000135690        | bUVaH2fWKCbxAHq
 Supplier#000135705        |  hBUedwcNS5AsMuAX98b5H1HaGCsKK
 Supplier#000135790        | ritkc83dng98JzYvJrBKYE9WlzT 
 Supplier#000135836        | BfkU,Y3bO 4dTtV6
 Supplier#000135908        | 2w1SQ8l0G4SFCzU01B6Uzle
 Supplier#000135922        | NQuGJERVKsnYv8HhVE0H3q1Zv88uzoFo Xa
 Supplier#000135937        | eHMZTQZgGIIFyTX29Xn zOBNab,DHKYXy
 Supplier#000135958        | 84jNwRgvHTD2Z5GcDwCHgXmEWx1B7FekniLj
 Supplier#000135963        | EdeZgxEu64Wq q1 WniD,RnaMY
 Supplier#000136013        | 2EiY59ljFyjNjVi5,Wxe kLfNr
 Supplier#000136035        | e03,NyZGIaqALSzRhHS
 Supplier#000136071        | KwSMgMQODn44G5u IPKz,eDWzx5P20BmgX
 Supplier#000136098        | antvjv DnFep2v NKEIi m1Ji3GaAO34
 Supplier#000136131        | VME7k1pIHAFv340rbHMDPKF8
 Supplier#000136139        | r914f4If9Dd10WjcvT1G
 Supplier#000136312        | dXox2OWCserD6WZY4vaj
 Supplier#000136411        | L2NxPrLIsjLz3PpV3wiQo
 Supplier#000136516        | 4BqdGvRZ2gx k7,0h,Frb96cRiggxycCwOa
 Supplier#000136568        | sEQIGtekzis4ukT12t 7ytT3R
 Supplier#000136582        | cP2Nigrj1keElkyEuV,agP2mmj0BY
 Supplier#000136589        | 7kh1l6yRE0IjMKJKCFY28
 Supplier#000136597        | 8sM7YGKe84oa7odMXO0SrlqaRi
 Supplier#000136608        | 0QCeNLReYtqMa8W
 Supplier#000136616        | CTfJjDGndmE,,5hL7wDZtbjbZEAyp9GZ6
 Supplier#000136654        | B6I4fvYqwsNb586sYk9P
 Supplier#000136684        | 0Ycr4vdzB3H8BD0xlKR 8iT8znPsPLT 
 Supplier#000136740        | Yy8rtgVhx0eVjBzZPqRxD49,ppmsC
 Supplier#000136752        | c7c g0,MDfNQluuHotUMUIYjDRvrPiWY3x6JnRok
 Supplier#000136753        | B, T5DpPVcAJOmFaacFbqpW
 Supplier#000136840        | QlF OPS9Gw8QsI Bc0Jrr1DQdzNbxYXX4vlmptdk
 Supplier#000137021        | ATFAHKkKwolJFGYL4FwmQ029qDg
 Supplier#000137350        | s3ekd56CRTpXHkdhxA
 Supplier#000137393        | mNnUGb6AlCPXP0k9uahAEmLkZzA9BXn3zv6Kj3
 Supplier#000137469        |  lsNm69vKoPN9ruPLYDHGXqOUcLLEJKWY1ppweK
 Supplier#000137489        | FR6vgPFS0pIIarODFCqz
 Supplier#000137763        | Rq DSs63PZEwfqmnm1v5ZUkrlsM1fWjBtqCRhM
 Supplier#000137769        | Ju 51FYVJt
 Supplier#000137796        | s4tN05gPK1lhD2Ph9utu aindL8gztAJDykptu
 Supplier#000137797        | YrXnhxgf0CQmUBKGmpwfJify42PVtWWKQ,I2aWWn
 Supplier#000137814        | Yrs2udCIUjaEeUo ImPsM0mTTYMwskQL
 Supplier#000137815        | dIKH5kU5 Eb5d85Df
 Supplier#000137845        | ZCh8RfOkcSNioF5vdDhXYXFmUfBFELFduMd
 Supplier#000137932        | f9ZzRvGDkwClL6bY4S,qYvNoT X QQOUpU8Kb
 Supplier#000137943        | LV2iUu5iXMtHpM
 Supplier#000138106        | 18nvvCTRM Whb4xwteJfaoxnPXecZc
 Supplier#000138140        | vm7CWBqvWsVAY
 Supplier#000138220        | EdAXP1LughqOfWZ
 Supplier#000138365        | LSiLky5IGmYe6dKJi0wo0tNHXXwrQlMizc2M,g8J
 Supplier#000138400        | POd ,OrxB,hIamth4
 Supplier#000138484        | Lquls6F1CbTuh QrG0G
 Supplier#000138593        | x,LEzFQP0ImZ
 Supplier#000138655        | lMvAtUSfVx1stu7mj 4g5kipvaFloEHULv
 Supplier#000138697        | K88X4bNEX9PSP0nC 
 Supplier#000138699        | iX0maBEihrwGATpki1KrvPHVo
 Supplier#000138739        | r91psq8gXIwWcLE vqjMv5kixUgGogL3t90gK1J
 Supplier#000138775        | Ov1GBPi2mHoIpPerhnbzlevcYLzEr
 Supplier#000138820        | ZEBzPk1nXM3bn1yl3lHjV rcuHNQtiqzg
 Supplier#000138891        | kAzexL oyQ
 Supplier#000138932        | dQLFACKwY09BNxpgOVITPvDHyAkUZRLF8,ZTtgYQ
 Supplier#000138965        | 7Ga5xRWYQj14Gr1gyE9aiEvVGu9fceOWWtKSDh
 Supplier#000139003        | LFBsMq5 Jet646ByPUu2xegy1ZWhjak
 Supplier#000139020        | 54zV96e2eJTx0ECa7,92ek
 Supplier#000139022        | D,ewvqrz1a7qLZtvunqbIK2bU8
 Supplier#000139066        |  zxru5Z09etEFtx20
 Supplier#000139119        | nG52titXwfw
 Supplier#000139144        | af1XHHwLD55bmri LQrbOew2XFCbu
 Supplier#000139197        | dtf2CqaWDYIEC86JMR
 Supplier#000139246        | kmBah7ZGsRo91vC282B2g79ThQ
 Supplier#000139322        | HcDl1hRpKmqiRHV,ur
 Supplier#000139334        | 0YYT4KhslcFzOPiC
 Supplier#000139447        | I37HnKbsM0Du9wSE57
 Supplier#000139566        | Scg1,dVu5y J5TdP53D4AtC3MBY5LHorKI9Y8V1
 Supplier#000139620        | 6iun,4xvhIJSwGcLC65SFoJdtWN9g,ryr
 Supplier#000139722        | fvuIMQZrxt 9fWSoXn7AubKwOG
 Supplier#000139746        | 8Apnw,mzZwtSASaoL1
 Supplier#000139838        | 80NbIZaXSLL
 Supplier#000139859        | jGen,i9cfI
 Supplier#000139954        | w z9oLY4sQiKMrwevRyuBdYiipoW8LIH
 Supplier#000139999        | vlbFmNCO6uENgud22vb6jxa2ND Go
 Supplier#000140008        | ,mlzm4y3Zo4QyhgybrhK7
 Supplier#000140070        | XXUrDe0MfTDcLdPd43H7qZ2p03oesMF
 Supplier#000140157        | iLNBWFVyq8 Un7Od,allpn
 Supplier#000140159        | InWGXlwbPOwekUbCaFJTzQ53A33LMezw
 Supplier#000140262        | jMFhObnQR 1inSW9XW28pEFaW1np5JSyF6
 Supplier#000140506        | FRpo6ppuINGlr94rkmF7A79b2q3x7XAl3Upopmrl
 Supplier#000140690        | KaJ 0xV2oGO5kASP2ZZCrPjn9oJE
 Supplier#000140770        | 3OsPKESwRRWpMMASrbAME
 Supplier#000140913        | L6rUKW27Yg9Lc
 Supplier#000140938        | at3G1fIrohdr0kCZX
 Supplier#000140939        | MA58WTs0P8C1ryh960
 Supplier#000140968        | OJsNHnD2nP9oPOeAZI,9tP83Xhw41sz6P5t
 Supplier#000141037        | vBTk24lZrVKZad8TNsZVx2NW
 Supplier#000141056        | taXJKk sUfdq0YR4RuReCK5u5HNnRwV0,xB6b6GB
 Supplier#000141233        | sOskQS 5odnXewL
 Supplier#000141252        | I544lmkPduOk7B
 Supplier#000141268        | smZGRZ,Q2mqpJ
 Supplier#000141286        | FfvY38w4o8tvc6EH9nVpGOK
 Supplier#000141301        | guI5J1nyDtPY6n0QseBPC7N
 Supplier#000141424        | 9D UBHsB1p
 Supplier#000141438        | V FBS8F1Sa
 Supplier#000141439        | ApuUaCmduWbfF
 Supplier#000141578        | Vvjz58YrlVhPgwjMY9wYL9Wo7P U
 Supplier#000141579        | HGcnHf4y30FT1CvRn2w2KC1fG3YD
 Supplier#000141595        | pjOaQJLBBCHa1dbdUpI79eUF 7yIoXSkotY0Kb
 Supplier#000141624        | hV6P7OfG25
 Supplier#000141768        | pahe3zJYXnbn9RaFsykhQUhyDbtDb2AM0IXvx
 Supplier#000141826        | xDvAwnJ5mm 4gU2AcsG84nEU73AzsONpj3
 Supplier#000141859        | J0r9svBokJ
 Supplier#000141868        | dG s2E bztk42P1Cw
 Supplier#000141922        | APUQW2ouz8b0QYrvWXE96nA,CqSiHF9x
 Supplier#000141962        | ga7j2bMiYD8dHbTRvF566CerUbbXptKJo97
 Supplier#000142017        | v5hLbqxOmLtf
 Supplier#000142019        | iYyRAlcamnpbFeXwalBILOS,HhrRoUO,MXH03DI
 Supplier#000142062        | 2nYU0u9CwPJdC
 Supplier#000142143        | bpGj8tAtDCoIjMNvuLJNG3lXkTTQYJTjDiN0W
 Supplier#000142165        | hZDxmidResiAmYZRnoQxJ qj9QWu
 Supplier#000142173        | pa,6Hs21QuI,zzPYFI1CE
 Supplier#000142216        |  IQZAhgdbpqdC5et0LWzO24X
 Supplier#000142305        | nf6,r9nF,m4
 Supplier#000142335        | JO1zeicMKgJB
 Supplier#000142391        | p 9wv uNLORBSnhYbRbjXw
 Supplier#000142395        | QOpNNd8Uni1Ilr0cvuwbDseBYa4Yr1sqa1k
 Supplier#000142411        | UaS lICbk3WtASDw1kgteOkVB4JlHu7oN
 Supplier#000142416        | px6W5NMBIzs7qytn3mTRkVbC6t XDs9O
 Supplier#000142447        | sSFZMkY3G0Z9msHndh
 Supplier#000142536        | GLVJYg 19H1YlVQCU7rHC8ES6 4ijZa3FJUXB
 Supplier#000142575        | L0,LljzqONxSF1s0
 Supplier#000142614        | b,ltFdNYT,IOaE8SXdlOfNB29
 Supplier#000142647        | LOGCuuVvx7rDM3JmyGu
 Supplier#000142660        | P4xjNjkPizpbWDyIiEcEmQGKSbg3wb0daRd
 Supplier#000142668        | 5vPtMfXc2eEwsk UNXaQy0ozeZSKQGrhi
 Supplier#000142728        | mlhKIErULo
 Supplier#000142851        | JAy8twbuOIbrtVCjP9
 Supplier#000142941        | xU3YyydPahmT9lKVODlscWlgR
 Supplier#000142986        | 1D1vm96LzInXpG7b5REnDQ4UIfRtACLCa1
 Supplier#000143047        | UAiv9BDobT73cNQke4Veu19GN
 Supplier#000143078        | YZshmhHki1IzNSNcwWYof
 Supplier#000143107        | 9qi1Em2e9hi,
 Supplier#000143115        | ovzC5zs0pmZl741Gbo vo3uaaTx4q3PX
 Supplier#000143129        | bl4STMEhi577Gp2BYj8 H9hN2W
 Supplier#000143245        | R2BRkpqO0dENlYd13yACy95
 Supplier#000143257        | PpfaFAR0jCTWW4Nhf
 Supplier#000143258        | 4L3MWtu0ggJ
 Supplier#000143321        | MW,spNMBpeJrpmB7
 Supplier#000143360        | q63FBzu4kHYgMzafinuSncOP6r
 Supplier#000143489        | zoiUXF5FaDICNN64Amb4J2tm1
 Supplier#000143703        |  7suaQd2F,jlWGSesjFL41nnQ
 Supplier#000143718        | xU9ek0Hr9h
 Supplier#000143755        | P5u1,Ho85r5,9tw2R
 Supplier#000143858        | U,6GN6OMVmoovGADgUY,kTX7nlTB4EMzhZ
 Supplier#000143870        | 37FC7aMuz,cTZ Z6hjXx
 Supplier#000143887        | 9jf78QIE2A021prB,Lt68uaINjDFoNFUWyG
 Supplier#000143897        | ovg2uYhuTy
 Supplier#000143912        | 5oXjOJGkkV5Jy3K,XKibhoRJDlAraCzS h ac
 Supplier#000143945        | YpI ahMRfJE,0T5KL6dUITCFw9Mqgp0z
 Supplier#000143969        | Dw7VGa,7aGmLpSK0YzcZk7DQkmU
 Supplier#000144109        | 7nf6bK2XGjKEL S4
 Supplier#000144239        | 2M1GXqYNs7y,narRFEy1MaLHNAJqt6w0Xln
 Supplier#000144306        | N15q4eSkusmMITvy6TWB0kT9RwP9zsNRTCj
 Supplier#000144319        | CpZYipPQdhYIdL9
 Supplier#000144461        | 6LRRSFzd B7Ob K hqm7rdRde14Wmmc
 Supplier#000144562        | ALQRQLKCvkH9E
 Supplier#000144579        | gpw7I1i6ceruz5bVn8CvBVV7tC9L0b4P
 Supplier#000144590        | wpQmbwRUwpzZlTfCRqjlb 
 Supplier#000144631        | PI,ELVflr Nf3E5LrzjvTj
 Supplier#000144637        | ,m91H6eL0x6a4Scs1O gMZXiK
 Supplier#000144797        | tCSYbW5oo jgVuY8Abk0WhZHOr0inCW,GUi8,
 Supplier#000144819        | Cyj7IJ5zspXzM2oBfjA042yw3
 Supplier#000144833        | NjDY5qTw WtCVRMGjerc6kca1K
 Supplier#000144874        | rrDKCpqRxd
 Supplier#000144900        | meI3gLdepYCKVzFv
 Supplier#000145139        | bmU38XKG8SpzUo9U6UMEaQ,bIdGtCEIMUxVV
 Supplier#000145164        | Gtp1wC5Z5f8tKODjL8OG9 202j
 Supplier#000145224        |  XPd8cs8bCpwxlsMTYhooV4jm5v
 Supplier#000145257        | opY9jDhhqsnm
 Supplier#000145341        | BbcSaRSPvz
 Supplier#000145408        | vpsvgrVBqMzFSw2Ub2V5
 Supplier#000145438        | X3507l99MAHLIocD59pJYzxxc ZBPSbfSCoD
 Supplier#000145463        | 6,BD85f1mwOAruRzwyvMhBevhXqxNv
 Supplier#000145506        | 7tpZJ3ODe4VqMWvhLdK9KdV4eebGjG
 Supplier#000145512        | ucXiixXHYG1l7BouAse1wDMPTvp0mGeJx2wFp
 Supplier#000145576        | BGo j0IudT2bWUrTHay82MaD4ragzgPjtE
 Supplier#000145624        | Jisn9YYQ6G1Lt6i9QDJvicq gGEdq9VC
 Supplier#000145661        | yOxqJmZwzTQLhD
 Supplier#000145846        | KcnU6wlfW1R3jTGELlldKOk5v7TsrKik
 Supplier#000145852        | ,ttGkeKE7xT2Hxw ,AQJrwkcXFaet7j cOa
 Supplier#000145888        | PBIZ,muEVIkZux4bXWc
 Supplier#000146012        | ,1L,QTNouTpYl1PnkFI
 Supplier#000146067        | yY38mxig8vohGILZitZFmEt
 Supplier#000146090        | 9YTyf5zZqjBqHvhLhV
 Supplier#000146138        | Kj5bjoXYu3u
 Supplier#000146145        | 1rHp4mEDwSHWZhrvkGAfAQej
 Supplier#000146153        | kEi2zu4sJJzWmdA4FH0nmHofTwQ tgG1q
 Supplier#000146179        | tCLaVqx6AvmLIj8R
 Supplier#000146243        | AXTWWegHCHuxkmGWywCNdlLjASedU
 Supplier#000146287        | 1zbWjc1nlq3ESfvmcUs0KvkKznNmK
 Supplier#000146305        | PFy6wYTlVly1sac5qi59
 Supplier#000146306        | hLUpPADMdZB5lAjKvH4LGb,0xm6fg
 Supplier#000146351        | afr0yhaBLtPHeQ4jioCRlD
 Supplier#000146401        | hQ1pIUp8L72h3KLV4I2
 Supplier#000146405        | q,XcJmwJ bz2HLpUBfY06ZEdj
 Supplier#000146472        | y7DCP5nfoia1NEreraeUDGMjRw1Sr3
 Supplier#000146523        | sIcyPgUIS0XjhQCHX7lm
 Supplier#000146677        | qnjXb32B193MxF1
 Supplier#000146695        | 3JU486zEh,bWZQOMH vAv1Cu6UYPpgN
 Supplier#000146700        | Z7,Ihy82s3uscPRtS7L4
 Supplier#000146859        | B7cbJBCtrXyx6,f
 Supplier#000146922        | lh98lR9 VdatjHeX7cEkD4SJc
 Supplier#000146952        | bGgVS75UL pUGtzIpGN8S3CzPK5 BOewtfktvP
 Supplier#000146989        | Yg9Ugyy1LeHE
 Supplier#000147042        | 94vM1xkPkFFURS0N,qNcqVxfdJ
 Supplier#000147058        | lNpymKjJx iz,7kYM82,d8Rfamswf7ZwMg
 Supplier#000147093        | wL5W FD0ApurM96
 Supplier#000147125        | 6ReRJbWsPzB8Pnz8QUW
 Supplier#000147173        | 6f3i7jXJflT
 Supplier#000147195        | o7c0k4ixIYsgc,XUyLGRlgoptwL LOpa
 Supplier#000147363        | HqQntueLcuXyB
 Supplier#000147468        | JbpcCRBhECEUHe8AbjMc9Q1 BjqEs,tNT
 Supplier#000147548        | Fwu20oNfqaHePCN4BV
 Supplier#000147559        | 2ZM8xCXlV8tMrphMjkcJ21
 Supplier#000147562        | L8QSo, bzIfOqQM6b4h3LkUuRKQSvGisY0,F
 Supplier#000147591        | odA3j8VnwhcDtBcTYyJ8r8zwS3pT
 Supplier#000147615        | ECW8ZTT wrZGgS7kL6,0ViS6XnQ5zJe7,g1QHZIj
 Supplier#000147617        | lprrOIXlSCVrS R191qbJU xt0lJ
 Supplier#000147732        | hvgacIWZKpYnKS71xUUZobdKmGOy
 Supplier#000147755        | 2gmfLUsbse4ne3aMH8LkQrwXH
 Supplier#000147775        | Ufn4VhNbQfzGWEnhuAS4L5
 Supplier#000147806        | cwxz9kX7Ofj5JFVEQLGDaNlBX
 Supplier#000147873        | ISYPAKkJzT5L4qIC7Glqd2oJMm3DE9Cj2liM5Dgi
 Supplier#000147903        | DpwMlsYAOWuWDQEximf5 vmB1WBTsZv9OljZcX
 Supplier#000147920        | 7Rrqdv0t6p6YDGIN91gv,yHuCNok4JHdS5LTUDB
 Supplier#000147947        | M,wSQN47V5,GPnvtF9
 Supplier#000147971        | F14dWMNeszZzNLa 
 Supplier#000148018        | 178kSw2Dt6aD YdsO
 Supplier#000148068        | x9sc4rZ4Pu4tx6Zz1nWyHimril34WbFh2A3ELDT
 Supplier#000148278        | dzbp2fE5DyAycy
 Supplier#000148291        | 82fcoVIO,Pu0
 Supplier#000148311        | aFOt8SN,Db6u39WIKjJ6Cpg3GO
 Supplier#000148493        | 2Ni8zHHdXmA2hMuoZVMrl6hRiSk
 Supplier#000148558        | 0sE4G5pSthidnYUiyupxUyUxEmQRe5zDJx0
 Supplier#000148563        | WsA5p8VcJ9yrN,3k,nk q NCy
 Supplier#000148587        | 3aKzy8qPPmqmS
 Supplier#000148624        | 5tTuWN2sWFgIt1vOYiwUtbwkgSaueTh
 Supplier#000148667        | OSNMbE3nB1Z3
 Supplier#000148744        | evJqQxX5BYcUmzup
 Supplier#000148829        | CAX8Lf4TuYGRtlSs40jB2taS735cqCp 0qecT
 Supplier#000148910        | 7YFG WYit81v1w5j4PAsEdhcewwhXSGvGpQaX
 Supplier#000149081        | WguDrmGHzxYvEEA8m5h
 Supplier#000149089        | lLN1YqhKSxK11vPJ2H6YOPWn
 Supplier#000149093        | B1t 4X 92154,wrdN6hOwmCchvd4N7 kKKH9fZO
 Supplier#000149100        | aeByBTKez71 
 Supplier#000149186        | vvye8ujT3ySI,RD3nzm
 Supplier#000149226        | XGg,gPQZRkci LNRJx8Ln6
 Supplier#000149252        | b0H,094tXka,DPfhTvS8Y3IkB
 Supplier#000149323        | qIZXVwX5TzwVfxvTBaqkpvznzw
 Supplier#000149330        | 0hMoNNS M6MNL959ExH6D1SRmGn8HwGpY
 Supplier#000149337        | Tcn3O GQ1TBF2
 Supplier#000149520        | DxoirL0zBT5J
 Supplier#000149564        | c8R 9nks2GJQzqe0q
 Supplier#000149596        | 2Ji0BUpQOmfOwd6BMHw6VTfeQfMDJLPVokC4W
 Supplier#000149631        | 4Z82,a7w1bqBQnSa TXkvyrF0FQTA6
 Supplier#000149640        | VqiNe5dk3Ts8PJJEdjX7,mxpHTeo7
 Supplier#000149673        | w46kcu566MqC3DSn8vdT30cFt5atQMH6
 Supplier#000149722        | 9Kgr64G78x7DXmrOS5
 Supplier#000149740        | zPiAPVW MIYmKqRxpPaDeTn6
 Supplier#000149749        | R5qgRWjPOe36qJ9
 Supplier#000149914        | Kz1S0O6bVMbuAVz
 Supplier#000149935        | 21,HdK9 owvhQYid4
 Supplier#000150004        | En5Ug2H,LZHZ3APpY2TLVd5hekk
 Supplier#000150024        | 049HonbT,KUwHUKqPJooA
 Supplier#000150036        | xFaWZVYyIzkgJUdqdXxMb9 a8
 Supplier#000150157        | zVn6HwkfNYZqglkUNmbq
 Supplier#000150296        | 3l6a1V5,33l5BIbyy,GN7L2WZ
 Supplier#000150389        | Vfdci4C8G3Gf8yP
 Supplier#000150445        | 0pWw64pwcM5blebuucqwunk2,k5vNU9SE0Uaef
 Supplier#000150448        | 1HwRhXr522sFExM4Z44Xo46Qi
 Supplier#000150467        | tLr9pZ,foX4DAh
 Supplier#000150573        | zfixuEGKYRt9IPgUYbX0n2DF
 Supplier#000150602        | bjQzqUwX1Tp8xV68DwiMpG6ROkpHj5unCKRjP3b
 Supplier#000150614        | NIUO3,EzUNx4B2E17GrDYzXlWDu5j0HnG3k
 Supplier#000150627        | sFPBV0kPfEltKNTJzXclWE4OViVsbV21dllHs8d
 Supplier#000150644        | ZH4GJfFXvMpGRNXGGXPe11
 Supplier#000150703        | m,ca7wNap88Xfw9MANUO3e
 Supplier#000150713        | Mb2tUszvDSBUgRFMZ3ggVjm5F5P2ByJgUHPS8lM
 Supplier#000150717        | c,hnG,YCPJR44
 Supplier#000150755        | ksQe042qPSnkhwzgBRzK2iRmLQC
 Supplier#000150794        | qynunq39SC2HqF12Zs6F0fzx4HbPG
 Supplier#000150798        | QpU3WSvGnX5tWvJR eR2tzGIJVID8uTkJXIO
 Supplier#000150841        | cJHXlKSh4Sl53M4ZgDwHOx,IHyL36y4LV4A
 Supplier#000150843        |  1hOS84MWS2YKhLGP1857cGm,Y0U
 Supplier#000150887        | OtWW3S0cYJg5Ot6JRAhW3t2H83amT dyC29Tf3s
 Supplier#000150920        | X1oWptAzzSnh0mquubx8azFc1gmPU bcZx
 Supplier#000150988        | Vu0hNbQOlgXUeufIkdscFbRJ3F3Gm3
 Supplier#000151009        | 9ffm MbgWbJ2ZmQ
 Supplier#000151031        | 7RsKRZh30CwY
 Supplier#000151053        | flz7rb7qfsmggiiDzNFS,8C26vxBPnu1yLR2nI
 Supplier#000151168        | G5a3V0jnej99Y7x9rF9LZSX
 Supplier#000151263        | RroxEvgQnYwS
 Supplier#000151278        | ,NTC18WgPhQfj8PEbvRKSqERdEVaS9WQGj
 Supplier#000151323        | ArWU7ar3BYbqgdk x
 Supplier#000151430        | gw8cjQIbdnkyH,6XUy
 Supplier#000151556        | 64TTB9gVayjJz7vPTfRU5jg6lKFZxtDi5g6Vf
 Supplier#000151570        | ndSMqn3ipsG0IjOSZ
 Supplier#000151629        | QLi8dD2hSXYf8sl 1iVdTFkj4
 Supplier#000151701        | 4y eLN Fr2a8v9Kynmd qAVHI0BNcJvAoVw8Lq
 Supplier#000151719        | v5G8iwJEFz5oKOlcKou6j2eNlZPW3StOi
 Supplier#000151788        | K3W3Wxxha3j R,ZePOiNrHlAEb
 Supplier#000151857        | w26034xRMd7Swzun7Aa0LyGoq
 Supplier#000151891        | vitx7Jjtiz9q e4 O8WdV
 Supplier#000152147        | 8cfN6wjSNN7qvpbnT,6jD0BMijDFPtac
 Supplier#000152178        | sT036bazs1oe2lLbtaWz7VMR5,
 Supplier#000152464        | k6p9Y2A6uIdaBhXik1XL5 PYx8sGRMSrB9
 Supplier#000152476        | ak3PptXuiPm8jXxLbO3yy
 Supplier#000152488        | T3c560I9yXBg6yHW,HpJzS3Tvr6K,V
 Supplier#000152501        | KCfSwu 8CbwjtWh
 Supplier#000152522        | IWYGjd86l,zckXX4QFr3cMicnjKKkt9sF4OG
 Supplier#000152562        | mvXJSaR8f9s82sBDXPObk
 Supplier#000152571        | DgDquvO 2zbj9fUQv9jTw75zHBXOkL0,H
 Supplier#000152586        | TXbN6LwtwABz0BKwJ2
 Supplier#000152587        | t0TWcCjWL,,yoB9Nu9TZbqN1b2iQs2YcgHxHARiH
 Supplier#000152592        | QruHm BsHUICgb7RADUt
 Supplier#000152651        | VXyBWlqD 72doL lg5 s
 Supplier#000152782        | OgFTTcKuyCQ2S
 Supplier#000152873        | 8zvxvY3ZzkLGXZMwI4N9h,6OXO2gLhd0d5
 Supplier#000152920        | GgrCwx8PChZNBGJYggpYyVhZNIovi1
 Supplier#000152953        | xXONT2HmCCUb
 Supplier#000153028        | CZzI6fZc3CY
 Supplier#000153060        | 2qwEDkjjYG50PnKEWYom
 Supplier#000153211        | Tmp5wFa56EjEJRW5Pujx5
 Supplier#000153287        | kJGSQqMeWMZ5g UBffZu6Y4lFd678597H,khP
 Supplier#000153359        | JX1fWY6J8Decz4aU1sQLD0
 Supplier#000153473        | llU7RzEfxjM7 k,ujOpMmdYKJJATNOHRRFSK
 Supplier#000153659        | 55dK6hGHjmQCkUe F
 Supplier#000153679        | Tdrq6HOkx5yHdvN
 Supplier#000153700        | wLAQYMrxe4fB0J1oIRupjC2MQBptA
 Supplier#000153778        | BjJCo4coMCKX67oP8RMNhM1004 Jg72yZOUyJq
 Supplier#000153859        | ZsdJUVgNemFpPM46GWS
 Supplier#000153944        | rSW4V04l5BRBcu1lGD0xWk7V
 Supplier#000153953        | 1j8xQPiS9fbJEnCbordPxoDgNW
 Supplier#000153954        | 8jbFX2jbYCBYKxNeClVXU3H1XBAMpv,
 Supplier#000153977        | dDCE xNGAI3fse3RsKo5FLYk QHOBY6a,iq0t
 Supplier#000154074        | 2qEdYxYNPaJ
 Supplier#000154077        | TUcs,HsL07BJUNnGFUlTwNPq,1ISstsnb
 Supplier#000154124        | rTjobwe4dt8JVgiLlzHoksxPrZYgVY
 Supplier#000154133        | bGDcrdawdj20mTZWaypZG8yszDpi8qH96
 Supplier#000154165        | 3RCvHPAxo 22gt Jy4tYxlSjtE2LDb M3wVnma,
 Supplier#000154263        | 3q 2OXGMBCxC82TMV0AT
 Supplier#000154459        | n1PXNYwe10CHGa2WRdp3k0e6j5D
 Supplier#000154461        | 3ioyVD6Gmq9AnhTEeq7pVtSTDX
 Supplier#000154486        | FaZHYUmwUHgDowMJwKzK0GRhjgMkHQCbh2
 Supplier#000154540        | MH0CI9iGDvNOAZNMP0Wi5gtl7
 Supplier#000154584        | nNOEVLCGuUAthh
 Supplier#000154593        | aHZkCv3YqRXFrnwGMCzESxyy9O2D
 Supplier#000154625        | MsGbm5Nd,kwzmX 0M37AyXQIwz4FMBicd
 Supplier#000154627        | T7OxE2loTFBhTXWz6iuLv
 Supplier#000154684        | s,YP7Qus3CPUwHUMUIPocvp2XU
 Supplier#000154720        | ZB7jZ0t8OeM2PLlVSZ
 Supplier#000154735        | rAUD6NvgFuMW
 Supplier#000154775        | jNowhUTXcgGuZ9UbwDRF
 Supplier#000154812        | JlGPU4jixTOH9cIcrg7ibei
 Supplier#000154857        | p3HDc IF8hvAv8WVAHuOG8mg2fiW iF0Jc
 Supplier#000154866        | IG2BvXOxa,SfeQAyWzLWJh GdOvC3Hbx
 Supplier#000154927        | 11b6W zSRhZwoSvSST69Vrj1LhT
 Supplier#000154934        | MyuZnLvV6oq BG,dCytjgDx
 Supplier#000154979        | mh4v3hH qjB5xpCp810uck,Dma3b
 Supplier#000155018        | XR7abSmDlfou7pU5zUUNUnD
 Supplier#000155148        | RVwnzSXU5P6SsQVMV
 Supplier#000155157        | GLVtdf10NGnt1zn2L3kJEQS lF7 36rHi2i
 Supplier#000155190        | ixDqDBdW6FY5HC0RgbH
 Supplier#000155211        | 5,kl0sSZUwZmdHqgC9DfdPuP
 Supplier#000155280        | blcKkEv8fQVM
 Supplier#000155362        | ,d25tLjA9lma  7Ezmkjl8DK
 Supplier#000155582        | 0d iuzNextjWTN1FSn3rOFnM
 Supplier#000155626        | YgOcOCABFBOLtW
 Supplier#000155666        | 58o1jNXKBeQ5,Ux ziC205SUrYT0KSW6
 Supplier#000155694        | A3xR6kPLymRnR13xA
 Supplier#000155727        | 1YWcgzKikQrV36 VbwIOQfkvNAb8ZYpt
 Supplier#000155826        | KtWjmP8V b9 uv9F7zjE3TJGcgKXyLLKpXEIQ7dQ
 Supplier#000155889        | WshLm2NZRufC3xTv1NWL,kzdzlMq
 Supplier#000155933        | tXHfZ5wSzdAp746p9aOy25AI
 Supplier#000155968        | DRVDHFquSIqBEk34RwTztniUdTpb6,i,SsKJF
 Supplier#000156039        | D,GAm89e43 jVt94zAVdH8pqkp1SZuw8dz
 Supplier#000156116        | N8D7yT1nY0vkEFMvW19RGQGpYABp7 32
 Supplier#000156144        | LcjxEQvRTCRAvK2X67h6PXFxSkF7mGxXQQYpR E
 Supplier#000156149        | aNnI0guN0b3
 Supplier#000156187        | gigmg06Ce45HkX
 Supplier#000156216        | eXB4rNPeenx
 Supplier#000156268        | PSY0bH88TFbHuwU
 Supplier#000156280        | NLOJVncdrqXuCAuJmFzDEmM7I
 Supplier#000156293        | FkL5a0OZkIpr0Swn2ohdEVf,dp
 Supplier#000156320        | Uy3ZQai,kWxRTR4NqNb
 Supplier#000156321        | fsTaEkTYGD4pc7NE977,bHPB d1Umf9p
 Supplier#000156422        | dylq5Kb7d7QGmp4J
 Supplier#000156630        | ni6bpn6ZvMi
 Supplier#000156661        | rGLDuISn7y7d dZCAJusBojs
 Supplier#000156724        | mg1vFhlF2T3jRV2
 Supplier#000156759        | IYm0kbq eFKeiWns6qLhU0dm,6PyOvChtWoC8V
 Supplier#000156796        | W3Bc3eZdvwAabeBG56mkm2ToRp8IzZ,mPwiM
 Supplier#000156808        | Zltua,uNG4qQym7l7OlMrV6yjfIm5yuYYdHqA
 Supplier#000156818        | sCyUL6byMmNXb5FdZ35To
 Supplier#000156909        | butwP83urTmq6LQpNKzFYjnqhjlQvyLLD
 Supplier#000156930        | LOzf5q6C4Ul41TEqUmwQl5Ys4lgZHf
 Supplier#000156992        | rE4TVEzncrvofZcV8z
 Supplier#000157277        | z4tVJZsiDTGeQ5sfMst,Kl3Jez4,Jv
 Supplier#000157385        | uIayV5mFFy W8mM
 Supplier#000157433        | 55lk2dy GDNgf7aWbZTNMkFif
 Supplier#000157574        | vZLhAM4BksGmHq kVNQt7kJcqJHxm3CC GgHhs
 Supplier#000157583        | NhzVcnQe6 NMtxw
 Supplier#000157640        | Gi,DNwWY4FewhzZ Uz9xFtwN
 Supplier#000157641        | mO9Bmu19oYC uEeelsrJcD5IDePUwoySZJ
 Supplier#000157670        | 93OuMIiYKep2U8
 Supplier#000157671        | AGd8sFPG0MzvePF MW9UVmkLvUj8N9xJt bgI
 Supplier#000157752        | TMNlQYf5aJASvDpy3U8q38d,kBOVfy
 Supplier#000157770        | uqv2DQ7t7BURKLKrhSCFCt,zaQ
 Supplier#000157778        | lzfmZrs6e3tRdZGBgmCvrAs6m
 Supplier#000157786        | cGWFVphatweTpP9oQTSwMM7JPJztXWJ
 Supplier#000157810        | 40NiCt G8Q5y
 Supplier#000157873        | 6Yf6f2bM7Ntq52mhsyrY6KHMauz1r1Vq7
 Supplier#000157889        | v rzpJR6tCoP8OcBxLg9 e2SfTEVEY1E
 Supplier#000157919        | uZ0vs8HhUk9dnkdxeVpuU
 Supplier#000157965        | Ws0bZd6GzXSTEaXFGiZhb45sYa
 Supplier#000158007        | KGTNphQz32i4SRPPT2SNs1jnlj5r4pq
 Supplier#000158020        | eJjuqzhddd8mUo7KqvWqBw SXshEkA2mv
 Supplier#000158201        | W384mW XwlOF24,SMNoZVr1,wJs
 Supplier#000158211        | zFwpTKY4hOyCKJ95vNqiyXY,Tn
 Supplier#000158223        | rWrfpXvgK EdNlRTNpQibLW86Iu
 Supplier#000158232        | ALqRofP9IV,0NHCfGt2xDL3,dMMkPFq
 Supplier#000158238        | 2Wtwta0RhU0MwXXKLz0SdPi
 Supplier#000158385        | TdPMjqiB7,K
 Supplier#000158403        | uGuVBxsBe7EE8ibRxIt7DPe
 Supplier#000158415        | 7nYfda7ZVpG16
 Supplier#000158436        | yz icl8GYw83n9 KLP3mCLD
 Supplier#000158470        | 8pVHADapqQnQN6BBNnf2tqAL
 Supplier#000158532        | qMPT04umFa1,JNSub gHNa,cNbP
 Supplier#000158540        | Rk0SAiWwRfchJ0QNfzRgsK1y
 Supplier#000158607        | k5FMKVAoypsj9Dk55ezVTon6S 43DD,
 Supplier#000158708        | etCakjFB,KL2I1DMmFrnEa,fx
 Supplier#000158860        | ONCNHG7cLxaKMZQfjkSTxU6
 Supplier#000158990        | NvY5TYKyoAh2sdgkslYTLUY9OBe6vZ4qyso,WBf
 Supplier#000159006        | W8dKWVMvzEj8FJDR5DUPRdkf9hHW5l29yZ8mWK
 Supplier#000159013        | H5LxcVTxrO IBw2Oa5m0chiCBXJsJmA
 Supplier#000159066        | G5hgZloBSxHMW,f2PMFuRPl,OZP
 Supplier#000159137        | 7IhPUBXslf
 Supplier#000159240        | Bga7EVT8nnGLkvYLzS4IsGcqpBOvSJIpz1LFnN
 Supplier#000159242        | ,2lklyj,ydVquuvDNF6X5rifWiP
 Supplier#000159253        | 6EmwSfl1qh RIj8oNfJMm
 Supplier#000159373        | Dn4iaTnkUe5b6lJOE68B0r9bqqfgnAUVVEYX
 Supplier#000159388        | ugsV31WBiDGfhGJnZCY ziDcO4
 Supplier#000159444        | x2i,FIUfqgORT5ta0WlQfHAUfu
 Supplier#000159458        | PB9uD8JHH5ZW0kt
 Supplier#000159478        | 9OfeuUSWmKjPf5LD
 Supplier#000159523        | alFjSZvnhcnA8N T,7HEntmD275RxNElS0mzDg4
 Supplier#000159598        | A MMm,rWgEtbKDsQwAYdmkc6D4EKcN8
 Supplier#000159797        | pCPEjYSgTbg9kn Lc6GBjtYD,z
 Supplier#000159900        | U9BjSB2I8Wc,3HFjU3
 Supplier#000159910        | T1EKYdhE,EvXxJ8cXekO
 Supplier#000159916        | MRA8o5HfdTM1Ziu
 Supplier#000159918        | B U,dAgSC7ULwwQVK4XHg103kiO4VvQR
 Supplier#000159943        | nULTUvVBLEZM5Wru32GV3IqDVQzGXbd5ajHxLrX
(2869 rows)

