 ps_partkey |    value    
------------+-------------
    5680462 | 23998528.40
    2499777 | 21301679.14
    4118487 | 20788770.55
     819132 | 20541120.08
    5747633 | 20350016.13
    3081886 | 19979501.24
    4101514 | 19519860.72
    5545268 | 19506582.21
    5118962 | 19400191.24
    1881614 | 19385121.32
    4313854 | 18944830.46
     148255 | 18874358.60
    3694869 | 18551430.82
    4420412 | 18499261.50
    1678806 | 18364784.41
    5547766 | 18227555.12
    5177448 | 18206224.44
    2250799 | 18168730.95
    4348438 | 18101171.60
    1599919 | 17981470.32
    2846140 | 17978379.12
     578129 | 17932661.88
     473390 | 17851073.58
     337583 | 17817723.32
    3942862 | 17723832.99
     507257 | 17716456.20
    2339763 | 17699260.00
    2439925 | 17691707.83
    2320393 | 17523272.74
    6002930 | 17515227.69
    3194125 | 17513626.02
    1586208 | 17512355.61
    4713770 | 17272469.96
    6055032 | 17249093.45
    6166519 | 17234874.56
     464647 | 17224952.32
      94493 | 17215006.79
     773943 | 17170329.69
    3557151 | 17073300.30
    6075335 | 17038883.55
     865636 | 16996234.16
    1849637 | 16972607.46
    4949665 | 16930168.24
    1725096 | 16894256.05
       9871 | 16800204.52
    3225216 | 16785962.78
      32941 | 16781326.83
    4696494 | 16740268.98
    1771741 | 16733695.88
    2876521 | 16720946.07
    5224602 | 16693376.22
    1597619 | 16672776.60
    3424648 | 16670955.93
      14736 | 16637273.94
    1749804 | 16606864.44
    4303235 | 16601809.55
      45986 | 16578991.52
    2844587 | 16571807.90
    3649546 | 16569596.24
    4376206 | 16542973.58
    1743714 | 16520503.22
     248397 | 16516737.18
    2841383 | 16516541.86
    5112644 | 16510143.51
    5486687 | 16478743.17
    1401920 | 16477002.39
    3265094 | 16475744.46
    4535271 | 16466571.60
    3081204 | 16454228.21
    1087715 | 16418121.62
    4740830 | 16408664.80
     192574 | 16406360.20
     997461 | 16388871.63
    5326842 | 16383990.18
    4720488 | 16383390.70
    1367478 | 16351874.25
    1032167 | 16332652.35
    2422840 | 16277562.29
    5363346 | 16274013.58
     416810 | 16260177.60
     574275 | 16237467.64
    5061053 | 16233577.60
    4364656 | 16223437.63
    4462580 | 16210541.54
    1999867 | 16201352.80
    6384417 | 16185984.48
    4385706 | 16180452.50
    3797230 | 16169520.09
    4403280 | 16149171.27
    5596537 | 16120653.76
    1495599 | 16110469.48
    1421359 | 16100351.86
    2963507 | 16091296.25
    2144229 | 16069175.67
    2161854 | 16017172.71
    1459653 | 16014163.07
    1718893 | 15990979.34
     412870 | 15988155.08
    5484176 | 15978121.10
    3303046 | 15965133.22
    5755337 | 15933249.14
    4310581 | 15924932.20
    4474597 | 15924010.13
    4299080 | 15898976.54
    4569812 | 15886721.18
    2957278 | 15883396.99
    1455520 | 15856900.08
    4597898 | 15853857.88
     857874 | 15852497.77
    4836920 | 15809651.65
    3442399 | 15785814.75
    2664000 | 15783138.51
    1073569 | 15780969.17
    4604735 | 15779538.99
    1145856 | 15778883.30
    3502865 | 15761864.93
    4800777 | 15739325.02
    2090139 | 15725242.42
    3754024 | 15719433.77
     157331 | 15714560.40
     662870 | 15700285.19
     313163 | 15683113.06
     589573 | 15676844.95
    3341654 | 15639287.76
    4331747 | 15632574.42
    1433195 | 15621358.98
    4376991 | 15618080.79
    2655059 | 15617855.16
    1777818 | 15605134.27
     945638 | 15592189.67
    4879108 | 15574603.30
    3501024 | 15568807.16
     774208 | 15560787.11
    3756159 | 15556815.42
    2750988 | 15556082.57
    5699169 | 15555357.97
    1381583 | 15541956.96
    4691445 | 15534266.05
    2740383 | 15533617.59
    3263881 | 15530514.56
    3823471 | 15516924.16
    1229027 | 15511447.75
    5647547 | 15505379.41
    2317430 | 15500465.60
    1937364 | 15498416.13
    5459661 | 15495772.32
    6006735 | 15495714.86
    4546917 | 15484313.53
       6736 | 15462120.84
     665806 | 15449515.53
    2038955 | 15449077.14
    2368864 | 15441812.82
    1919765 | 15435871.59
    1161119 | 15434188.02
    1402874 | 15432183.52
    4923407 | 15426983.37
      96024 | 15424544.69
    1342350 | 15422179.56
    5178139 | 15420429.40
    3409804 | 15420306.16
    3237372 | 15416644.95
    2182900 | 15407668.76
    3087563 | 15386763.39
    5953740 | 15386684.31
    3858811 | 15377475.65
    1159788 | 15373711.90
    2952068 | 15360360.98
    1151899 | 15355581.31
    5536044 | 15352792.17
    2007492 | 15347443.22
    1304788 | 15344981.99
    2925436 | 15343741.84
    4699024 | 15337476.62
    1738764 | 15335909.36
     798704 | 15335015.15
    1022728 | 15327900.95
    2527697 | 15324730.89
    3838715 | 15309958.90
    1260725 | 15305204.08
    6301131 | 15302905.83
    6069601 | 15300533.26
    2357600 | 15300503.29
    3042411 | 15291548.64
    5417769 | 15286239.92
     981399 | 15265306.62
    5792474 | 15259933.68
    4245579 | 15256536.98
    3801748 | 15247764.68
    3098381 | 15238223.19
    5023190 | 15237894.05
    6262821 | 15236875.54
     248411 | 15232527.58
    3541932 | 15224933.08
     150294 | 15224107.78
    4681569 | 15222879.53
    4168810 | 15215848.13
    1019109 | 15213117.96
    6201600 | 15212769.50
    4606726 | 15205840.66
    5785860 | 15182410.33
    5902204 | 15181276.22
    3205611 | 15175021.92
    5868984 | 15158267.58
    5723486 | 15148157.75
    2865234 | 15148062.42
    2010526 | 15146250.50
    5422938 | 15145527.88
    3120157 | 15121604.16
    4358984 | 15116428.82
    5540175 | 15112202.80
    6122418 | 15108485.76
    5880293 | 15103184.76
    6141716 | 15078756.76
    1551985 | 15056591.25
    4654390 | 15053397.38
    6108233 | 15046203.60
    3644161 | 15043023.72
    2382650 | 15041925.30
     923892 | 15040769.54
     238912 | 15035809.40
     392439 | 15029112.22
    2033104 | 15026552.99
    2680916 | 15007806.21
    1291496 | 15005802.77
    4661098 | 14998596.22
    5432552 | 14994405.78
    4543209 | 14990312.90
     453449 | 14989902.60
    2679098 | 14989707.10
    4476724 | 14989159.16
    5906756 | 14977447.98
     725620 | 14976750.04
    4277452 | 14966288.81
    4549698 | 14960238.11
    3022701 | 14956927.88
    4366322 | 14945985.76
    2099401 | 14945696.34
     539057 | 14944486.48
    4183483 | 14938891.61
    6183443 | 14938136.04
    3342103 | 14932922.31
    1232270 | 14932157.38
     120221 | 14931092.49
      64293 | 14927023.68
    5803263 | 14925916.00
    3556418 | 14922239.10
    4988674 | 14918840.62
    4953399 | 14912336.55
    4514755 | 14909865.60
     999794 | 14900246.93
    1533458 | 14899150.22
    1326958 | 14885430.77
     838096 | 14883979.78
    2619915 | 14866895.52
    1373365 | 14865465.81
    1469298 | 14863803.05
     828416 | 14862932.15
    5734581 | 14861036.86
    5182585 | 14853330.16
    5602190 | 14850757.55
    6343690 | 14835162.40
     187054 | 14830219.88
    2788247 | 14828235.36
    2687462 | 14827460.44
    3653283 | 14823677.76
    5357105 | 14819803.40
    2941150 | 14816128.51
     513487 | 14805069.47
    1571967 | 14802320.21
    4825115 | 14795110.33
    5193572 | 14783903.12
    2809639 | 14779824.31
    1612741 | 14773959.65
    1239322 | 14773854.54
    4434293 | 14765435.44
      15886 | 14756634.30
    6277407 | 14749516.61
    3730024 | 14748266.62
    6303248 | 14742373.60
     453140 | 14741358.80
    4210123 | 14735149.11
    2718734 | 14734625.25
    6033209 | 14733356.11
    3272801 | 14719567.98
    5219291 | 14715008.88
    5724601 | 14710556.07
    2823949 | 14709805.28
    4553899 | 14707860.55
    5229312 | 14706357.62
    4138513 | 14702394.21
    4347131 | 14699644.77
    5820330 | 14699111.68
     412008 | 14689650.42
     443555 | 14688812.61
    2295524 | 14679841.88
    5343741 | 14679278.96
     295727 | 14668250.33
    6202962 | 14660492.53
    1753342 | 14657736.26
    3752542 | 14656492.04
    3025459 | 14655589.55
    3764088 | 14645660.73
    4911012 | 14642069.05
    3268946 | 14640110.73
    3738122 | 14639951.15
    3109918 | 14635437.90
    6313855 | 14632874.62
    5635892 | 14632082.86
    1016276 | 14630624.04
    3528362 | 14624808.39
    5179655 | 14621782.96
    3259076 | 14617779.84
    1490394 | 14610697.09
    6326647 | 14604460.68
     309349 | 14598244.07
    2305689 | 14597032.99
    2697636 | 14583211.78
    1509994 | 14575033.92
    1737628 | 14565760.30
    5326076 | 14561070.06
     849478 | 14556821.08
    3040689 | 14556194.73
    1459901 | 14553074.52
    1074815 | 14544883.03
    3381974 | 14526120.66
      48950 | 14521525.12
    5859350 | 14516540.03
    4923371 | 14512235.44
     909306 | 14510800.45
    2764137 | 14508231.28
    2578799 | 14499453.56
    1863350 | 14497370.66
    3631691 | 14497043.78
    5565437 | 14494949.12
    1721562 | 14493683.98
    3182938 | 14491262.97
    3392756 | 14490160.06
    1267922 | 14486183.64
     850024 | 14482428.45
    4133400 | 14474581.59
      81018 | 14474048.92
    3784218 | 14471245.47
    5482720 | 14464014.95
    4625468 | 14460354.84
    4153860 | 14459977.75
    4746529 | 14450597.45
    4753364 | 14449400.46
    5200869 | 14449293.87
    6043275 | 14446327.96
    5831379 | 14441941.94
    4636914 | 14440071.15
    1276301 | 14439809.05
    2930880 | 14435639.20
    2451957 | 14431149.42
    4074758 | 14425756.46
    4097172 | 14424933.93
    5365903 | 14420629.58
    1003780 | 14418591.71
    4423239 | 14418372.88
    1207525 | 14414016.50
    2129333 | 14411781.65
    5113350 | 14408219.67
    3416966 | 14405920.71
    6283299 | 14399579.21
     722218 | 14394125.22
      13058 | 14388367.37
    2736640 | 14388171.32
    1359923 | 14387204.30
    4068056 | 14384500.01
     465686 | 14379983.74
    2315339 | 14378150.25
    2713918 | 14375827.08
    2071918 | 14367320.05
    2452675 | 14365280.28
    1176041 | 14355832.24
    3030766 | 14353511.70
    5808816 | 14350128.91
    1215141 | 14342102.39
    4415411 | 14337852.93
    5818580 | 14319713.83
     635743 | 14319406.55
    2153012 | 14317571.90
     154824 | 14312770.75
     446469 | 14309141.61
    3036609 | 14308745.70
    6259920 | 14304078.56
     410591 | 14298241.29
    2652947 | 14297600.72
    3785897 | 14296885.57
    3319530 | 14290710.68
    2339296 | 14286292.67
    5602779 | 14283829.29
    2589712 | 14275812.10
    3405619 | 14274989.60
    4928875 | 14273258.10
    2758090 | 14271514.02
    5824665 | 14269048.32
     386716 | 14268055.10
    3997748 | 14267461.00
    2565617 | 14266077.72
    1966860 | 14262135.50
    3296937 | 14261857.98
     890572 | 14259926.07
    4476255 | 14255142.78
    1424406 | 14254851.78
    6284057 | 14254338.51
    1715250 | 14252746.28
      68878 | 14250314.54
    4716608 | 14245687.80
    3466644 | 14243248.36
    2189435 | 14241443.47
    5945252 | 14236314.73
    2514327 | 14235247.12
     784925 | 14234609.84
     104258 | 14231980.16
    2058253 | 14231891.15
    1866649 | 14225614.63
    2610877 | 14220725.94
    2771511 | 14218298.69
    5187084 | 14215003.63
    2216439 | 14212863.14
    5508122 | 14208085.68
    1993659 | 14207648.07
    1896393 | 14207324.33
     158218 | 14201597.90
    6246538 | 14179164.56
    2196412 | 14173829.28
    2238249 | 14168486.44
    5335564 | 14168341.30
    2406581 | 14160840.23
    2171806 | 14159375.66
    3768487 | 14158481.53
     897627 | 14158325.47
    1638029 | 14156427.06
    5642878 | 14150944.94
     684849 | 14148742.52
    1284491 | 14146601.29
    5597326 | 14138365.04
    1122986 | 14133577.42
    1562575 | 14125914.07
    1271353 | 14124249.36
    4848475 | 14122071.18
    1072300 | 14120089.69
    4616625 | 14117683.04
    1755157 | 14114261.18
    5205994 | 14110571.65
    4706381 | 14104223.95
    6129528 | 14102901.80
    5116844 | 14098885.17
    3621042 | 14097906.62
    5721906 | 14085118.43
    5249739 | 14084861.68
    4414445 | 14084355.76
    1096509 | 14081370.61
    4440950 | 14080073.83
    1686243 | 14077559.39
    5513464 | 14077320.28
    4470641 | 14076366.34
    4011611 | 14074946.42
    1904491 | 14073410.30
    4609129 | 14071799.99
    4831475 | 14066925.64
    6129417 | 14065436.12
    1024432 | 14058929.17
    5891311 | 14054238.22
    2438172 | 14052131.27
    2813591 | 14045967.11
     686479 | 14041965.35
     544822 | 14037241.57
     355950 | 14032873.54
    1738309 | 14028306.59
    2025878 | 14026014.86
    3468228 | 14024592.52
    3165814 | 14023141.72
    1274618 | 14022091.28
    5278244 | 14021235.47
     648836 | 14017472.19
    6037206 | 14013819.82
    2656094 | 14013564.22
    2529870 | 14011834.45
     312057 | 14008469.98
    1753147 | 14008078.14
    3848038 | 14007570.52
    1692866 | 14007171.40
    3025729 | 14003276.42
    5898094 | 13994072.91
     277184 | 13991990.31
    3979757 | 13986386.28
    3424911 | 13982383.35
    1000443 | 13975394.02
     203784 | 13966754.66
     933882 | 13963223.22
    2841282 | 13962310.69
    4493502 | 13961984.00
    2896432 | 13960474.20
    4023866 | 13955699.37
    6056371 | 13953537.30
    3045600 | 13949406.73
     509618 | 13943107.20
    3028082 | 13942436.00
    4607558 | 13941499.65
    3929100 | 13938934.82
    4485513 | 13934189.38
    1825449 | 13933361.34
    5394586 | 13928560.76
    3704005 | 13920244.00
    1144297 | 13917099.60
    6012331 | 13906407.10
    5562861 | 13906280.87
    5479074 | 13905930.15
    4664117 | 13904944.86
     674659 | 13900402.94
     646825 | 13897118.28
    4246760 | 13896114.57
    1155388 | 13889027.90
     692883 | 13885456.53
    3222923 | 13881833.76
    4717118 | 13874713.64
    5896245 | 13870434.57
    5502849 | 13864929.98
     840215 | 13860717.24
    3093287 | 13855252.86
    3389298 | 13854689.91
    3021657 | 13851481.52
     760827 | 13845531.48
    3439198 | 13844955.15
    3128801 | 13843881.35
     338130 | 13841576.24
    5989295 | 13841416.80
    2153588 | 13835887.47
    3472472 | 13835425.94
    6354371 | 13833813.95
    2077625 | 13833597.59
    1440064 | 13832077.29
    4237686 | 13830146.24
     702967 | 13829941.72
    1329365 | 13829178.98
    3167959 | 13822247.30
    4637006 | 13822043.46
    4212424 | 13819422.33
    3571554 | 13819409.05
    3503155 | 13818894.13
    4806377 | 13818269.96
    1645275 | 13813950.44
    5232893 | 13811271.02
    2516184 | 13809893.94
    2892938 | 13806923.20
     937876 | 13805593.77
    2488698 | 13803740.27
    4782941 | 13802608.75
    6090761 | 13799356.77
     456978 | 13797729.08
    5388390 | 13795423.52
     752106 | 13795270.60
    4765309 | 13794270.76
    4370058 | 13794061.74
    3358955 | 13791834.69
    5342703 | 13791792.88
    5878078 | 13789556.84
       7618 | 13785790.18
       3516 | 13776377.31
    6261320 | 13773688.94
    3297102 | 13772389.60
    2739719 | 13765825.97
    6116174 | 13756186.50
    2967636 | 13754150.64
    4421336 | 13748341.70
    1331949 | 13743791.36
    3473122 | 13742120.84
    4473474 | 13740756.34
    5636194 | 13737254.26
     553317 | 13736601.54
    5022705 | 13735290.26
    5533817 | 13726613.18
    3542673 | 13722603.42
    5076188 | 13721525.88
    4993798 | 13718925.99
    4872145 | 13718247.25
    2499606 | 13714541.43
    6014289 | 13709287.30
    4899859 | 13706105.28
    2786183 | 13704414.83
    4247281 | 13702255.40
    4610548 | 13701124.71
    1968741 | 13697409.46
    3134523 | 13691234.50
    6055168 | 13690025.64
    2184246 | 13680968.49
      36059 | 13676075.35
    5380712 | 13674615.78
    3615991 | 13671942.44
    3285273 | 13667786.35
     144371 | 13667479.56
    1490018 | 13662346.61
    4602926 | 13661902.84
    1441606 | 13660516.52
    4593787 | 13660133.94
    2264784 | 13654949.14
    1656032 | 13652346.94
     723259 | 13649477.88
    5512813 | 13648702.10
    4409452 | 13646402.76
    1117681 | 13644663.29
    5793524 | 13640540.94
      27833 | 13640520.56
     540889 | 13637740.23
    3885441 | 13631800.47
     192941 | 13629210.17
    6003529 | 13626441.48
    3634040 | 13614588.13
    2316339 | 13613151.54
    6213627 | 13612342.74
    1732897 | 13611331.26
    3817780 | 13608753.66
     540654 | 13607783.64
    3224088 | 13604135.64
    5165431 | 13604112.32
    3370403 | 13604087.72
    4523028 | 13603422.96
    3221734 | 13603029.00
    6010838 | 13602906.40
    1492446 | 13600189.96
     631626 | 13598460.99
    1710808 | 13596804.79
    5749601 | 13595774.65
    1217678 | 13585586.25
    3808016 | 13585257.88
    2833820 | 13584429.38
    4111755 | 13579836.04
    5344596 | 13578173.76
     566534 | 13573314.53
     825456 | 13570856.25
    3256916 | 13568126.46
    2079887 | 13562167.53
    4540800 | 13561522.40
    5768179 | 13558557.25
    5895978 | 13557559.66
    4550566 | 13556630.56
    5831509 | 13555131.04
    4401710 | 13552106.54
    2786022 | 13551003.03
    5206918 | 13550765.04
     475741 | 13545425.66
    4019804 | 13544147.89
    6209626 | 13543722.02
    2136385 | 13543177.08
    1992754 | 13542951.60
    5671957 | 13541092.19
     939245 | 13537893.09
    3669805 | 13532028.08
    2247254 | 13526307.82
     103332 | 13522783.98
     229140 | 13522376.01
    3696143 | 13520936.85
    1192397 | 13519776.16
    5541702 | 13517781.24
    2388111 | 13517327.25
    1925185 | 13514165.53
    4224827 | 13512638.79
    4128970 | 13512076.92
     289756 | 13511372.53
    3741294 | 13502151.12
    2817871 | 13498715.18
    2896473 | 13498701.19
    1140184 | 13498294.65
    6367289 | 13498152.84
    1340810 | 13494223.60
    2666165 | 13492745.74
      84785 | 13491022.24
    5189452 | 13489961.18
    6360921 | 13486451.48
    3997699 | 13482068.74
    5169164 | 13474771.97
    2571773 | 13474508.60
     894782 | 13469178.91
    2779550 | 13466592.01
    5159171 | 13463691.34
    2916290 | 13463250.21
    2201651 | 13463022.61
     932454 | 13462541.50
    4606942 | 13461845.98
     529976 | 13459940.04
    4040786 | 13457107.69
    4906229 | 13454892.55
    2223088 | 13454361.04
    1393110 | 13454177.68
    4594666 | 13449963.88
     480280 | 13447736.33
     699624 | 13442562.05
    1666942 | 13442351.70
    5742152 | 13441494.88
    5928822 | 13440391.90
    1408844 | 13440072.92
    4357465 | 13434531.01
    5779723 | 13433812.72
    1129046 | 13426711.28
    2988734 | 13420378.24
    5034758 | 13418888.45
    2899786 | 13412907.78
    6252277 | 13406104.60
    3216771 | 13403672.52
    4862257 | 13400248.36
    5880971 | 13397598.95
    5089466 | 13396307.18
    3557431 | 13393776.20
    1966433 | 13392526.39
     797441 | 13389083.82
    1798687 | 13387976.76
     975692 | 13386245.52
    6269477 | 13384867.74
    3938823 | 13382011.19
    5073348 | 13373979.48
    3812242 | 13371028.67
    4765443 | 13369422.40
     649720 | 13364111.82
    5815050 | 13363810.37
    3308248 | 13362247.29
    4489228 | 13359718.05
    3619597 | 13358489.10
    4679411 | 13352459.07
    1875570 | 13348673.61
    1861529 | 13347764.69
    2168038 | 13346227.01
    3412923 | 13344005.67
    4476433 | 13337406.87
    1108746 | 13337255.93
    3149450 | 13336729.70
    3156533 | 13334142.78
    1198642 | 13333114.96
     728989 | 13329793.91
     957715 | 13329052.03
    3157813 | 13328616.00
    6216922 | 13326163.37
     395681 | 13326157.77
    3989575 | 13321251.52
    4297567 | 13317651.80
    2747257 | 13316494.80
    5354660 | 13316118.92
    4609877 | 13316114.94
    4346200 | 13308154.95
     781075 | 13307829.44
    3649179 | 13307137.23
    5254553 | 13305975.66
    3449332 | 13305477.79
     543170 | 13305332.35
    1751341 | 13303903.38
    2137817 | 13297990.17
    4158355 | 13295763.63
    3299788 | 13293684.34
    2876358 | 13293358.41
    5706700 | 13291204.59
    1432186 | 13290835.46
    4342460 | 13288950.38
     619498 | 13288941.48
    1990827 | 13285374.38
    2546776 | 13279598.10
    3930739 | 13279090.29
    4629712 | 13278693.48
    1577975 | 13277001.12
    4462160 | 13272792.22
    5502951 | 13271972.45
    5058807 | 13271216.98
    3165474 | 13270309.90
    5537552 | 13268036.56
    1584739 | 13259000.91
     206970 | 13257501.18
    4282500 | 13256534.06
    3048730 | 13253489.04
    6275680 | 13252686.12
    4738798 | 13252406.68
    6373589 | 13246425.48
    4544371 | 13243054.72
    2557021 | 13241740.48
    4119481 | 13238777.10
    4682985 | 13238523.98
    1600187 | 13236700.06
    2073390 | 13224206.51
    1088035 | 13223333.04
    3504361 | 13222815.09
    6261910 | 13221549.84
    3731451 | 13220794.77
     997788 | 13220690.19
    1503901 | 13218982.28
    6089849 | 13218025.12
    3881543 | 13217487.57
     337531 | 13217010.36
    1586393 | 13216180.66
    5060356 | 13212774.25
    2135472 | 13211161.12
     450391 | 13207992.82
    6074529 | 13201513.46
    3887979 | 13197215.38
    1224226 | 13196542.22
    3606968 | 13196043.81
    1726467 | 13195891.78
    5329185 | 13195794.87
    4913483 | 13194142.21
    2222719 | 13193659.28
    3566718 | 13193188.00
     671880 | 13190779.17
    4464872 | 13187043.84
    3736208 | 13186816.88
     111880 | 13181218.40
    3498925 | 13180455.48
    4163007 | 13179538.56
    6346410 | 13179142.39
    1557623 | 13178203.82
    4402740 | 13176425.28
    3710071 | 13176140.81
    4323494 | 13175742.35
    2328279 | 13175649.60
    1418008 | 13174631.51
    2815870 | 13173004.38
    4026634 | 13172691.50
    6217285 | 13171029.60
    2344789 | 13170018.42
    6060691 | 13169446.44
    5810367 | 13167059.09
    3904994 | 13166745.56
      61131 | 13165391.25
    4429840 | 13157367.96
    1663118 | 13156410.54
    5096398 | 13148695.70
    2493021 | 13146975.51
    5638652 | 13144667.14
    4539029 | 13141381.56
    4679049 | 13140257.44
    3417102 | 13138081.94
    3120597 | 13136481.45
    2541739 | 13134950.66
    3009187 | 13133251.59
    1909880 | 13132078.36
    1276849 | 13131522.94
    2317620 | 13130659.26
    4736173 | 13130232.75
      38781 | 13128241.32
    2850441 | 13126214.40
    4367757 | 13125988.60
    5516574 | 13124634.41
    6394071 | 13122466.68
    2717709 | 13119723.27
     760880 | 13118750.72
     485488 | 13117406.34
    3322956 | 13116497.19
    4362198 | 13116248.19
    1134925 | 13114092.20
    2431172 | 13113593.06
     560707 | 13105330.76
    4526712 | 13104678.02
     659317 | 13104480.54
    4662824 | 13104257.92
    3475787 | 13103199.90
     361958 | 13097962.58
    3499579 | 13095818.94
     576147 | 13093308.26
    2843700 | 13092235.18
    1131668 | 13091115.80
    5486353 | 13090810.34
    4174876 | 13090144.91
    1034524 | 13089211.88
    3726652 | 13084006.17
    5994868 | 13083393.86
    1985194 | 13080794.54
     542171 | 13080738.35
     689796 | 13076455.30
    3472249 | 13075368.37
     855391 | 13074153.32
    1561557 | 13074146.02
    4042788 | 13073060.69
    2762356 | 13071459.80
    3601991 | 13067190.44
     626323 | 13067103.60
    6332296 | 13061730.60
    5039193 | 13060085.55
    2499245 | 13056895.96
    1556502 | 13054652.84
      73588 | 13054045.72
    6306938 | 13052599.76
    1895390 | 13052374.29
    4425642 | 13051829.20
    2277632 | 13048743.32
    5192504 | 13046019.83
    1318014 | 13045326.53
    1793207 | 13042963.06
    2323497 | 13042093.58
    2262507 | 13041676.28
    4475694 | 13039842.64
    4424225 | 13036767.67
     556328 | 13035964.77
    1424815 | 13034354.90
    4224728 | 13032189.38
    2238361 | 13029685.56
    2441206 | 13029124.38
    3822670 | 13028738.66
    3526674 | 13028376.90
    5139137 | 13026700.20
    1447777 | 13025941.18
    1915034 | 13024719.93
    2971188 | 13024328.49
    2836208 | 13022226.00
    4449187 | 13021448.55
    4822372 | 13021325.32
     338825 | 13013452.02
    1235855 | 13011469.04
    4594220 | 13009591.85
    4485582 | 13008542.85
     580654 | 13006328.50
    4853902 | 13005376.01
    3758185 | 13005073.80
    3549721 | 13004710.60
    4123770 | 13004403.67
    6328619 | 13001380.06
    4153203 | 12997920.68
    3047108 | 12996252.16
    6389500 | 12995398.36
    4788924 | 12994513.26
    1344421 | 12993867.49
    2297419 | 12992045.49
    5529383 | 12989964.85
    2289429 | 12989262.12
     824297 | 12987837.09
    1797924 | 12986590.84
    4424322 | 12984832.19
    1488206 | 12984274.19
    3819577 | 12982738.01
    3688894 | 12976347.71
     466718 | 12974142.87
    4725229 | 12972498.37
    4972871 | 12971140.86
    1221842 | 12966694.40
    1728868 | 12966279.81
    2104093 | 12966007.21
    1194266 | 12963442.49
     328668 | 12963440.18
    1600704 | 12962193.54
    4334939 | 12957784.84
      65940 | 12957736.28
    5906306 | 12955484.02
    5095670 | 12954261.26
    3169072 | 12952931.58
    1600503 | 12950741.94
    4240538 | 12949341.82
    3116159 | 12945046.00
     421362 | 12944769.62
    1787658 | 12944756.55
    2871390 | 12944430.79
    5689155 | 12942184.77
    1467547 | 12940989.01
    2422841 | 12940847.64
     852802 | 12939480.20
    2073582 | 12938972.12
    3211259 | 12936686.14
    4771950 | 12930270.48
    4889515 | 12928778.85
    3347674 | 12927513.32
     333754 | 12927447.74
    2117446 | 12925886.40
    1893656 | 12920087.95
    5300429 | 12919330.95
    3904386 | 12918181.46
    1620354 | 12915170.97
    2318260 | 12911744.62
    4226920 | 12907777.56
    3043708 | 12903552.88
     568219 | 12899726.88
    2701327 | 12898924.03
     527077 | 12893665.47
    6190974 | 12893010.38
    6116755 | 12892570.34
    1627917 | 12887748.98
    5384501 | 12887507.53
    5796851 | 12886794.52
    1404204 | 12886299.43
    2701106 | 12885597.44
    2845816 | 12882124.39
    3358776 | 12880063.30
    3362462 | 12879432.28
    3239454 | 12877819.35
    2707240 | 12876984.86
    5103610 | 12873980.51
     481387 | 12872648.90
    3677805 | 12872578.91
    4424943 | 12866670.19
     285953 | 12861925.22
    2622559 | 12860537.60
    3629310 | 12858072.06
    1379618 | 12857715.00
     610250 | 12857394.01
    2964801 | 12854509.21
    4100851 | 12852488.46
    4666916 | 12852369.03
    1446675 | 12850787.39
    5557035 | 12850133.24
    3462884 | 12849811.71
    4916935 | 12847714.76
    5418339 | 12841992.03
    1730186 | 12841059.50
    3139239 | 12840722.55
      40308 | 12840707.49
    5295326 | 12838785.68
    2522805 | 12837154.11
    2505524 | 12836587.04
    3299485 | 12836371.93
    4985630 | 12835595.64
    4830997 | 12835266.46
    5062372 | 12834025.32
    1820720 | 12832177.20
     521737 | 12831444.57
     351880 | 12830793.83
     646533 | 12830401.20
    2556852 | 12829154.00
     718362 | 12827990.56
    4892651 | 12826818.92
    1739066 | 12823639.54
     732742 | 12817247.25
    4438755 | 12816973.49
    3175191 | 12812605.82
    2799598 | 12809724.46
    6397310 | 12805390.55
     313588 | 12803157.84
    3543874 | 12801876.40
    1936855 | 12801674.28
    4395250 | 12801430.70
    2556958 | 12800919.14
    2464227 | 12800509.30
    5423776 | 12799177.28
    1590290 | 12798101.60
    1723601 | 12797919.75
    3490788 | 12797175.78
    3193951 | 12796989.99
    4930030 | 12795724.41
     883317 | 12794705.69
    2153723 | 12794294.29
    4382332 | 12790691.00
    5947167 | 12789986.61
    5280813 | 12789396.25
    1337979 | 12789299.19
    1596787 | 12789079.41
    6026969 | 12787815.72
    3594177 | 12784829.77
    3700401 | 12784340.31
    5719763 | 12780944.46
    5102242 | 12778165.44
    2373761 | 12777564.04
    3531646 | 12777136.02
    3492457 | 12775962.54
     475682 | 12775288.25
    3741091 | 12774622.80
    2793872 | 12772488.42
    1833129 | 12772299.66
    1213330 | 12769406.64
     213225 | 12767697.74
    6156502 | 12762164.04
    3332506 | 12761775.94
    1936267 | 12760428.74
     851880 | 12759095.52
     545179 | 12756780.98
    5497723 | 12754665.02
    2668691 | 12753299.16
    5604504 | 12751857.86
    3498510 | 12751274.96
    2014541 | 12750581.13
    3483885 | 12750103.56
    3013017 | 12748890.05
     902188 | 12745596.46
    2535517 | 12744033.41
     546173 | 12743945.43
    4245528 | 12742361.42
    2561006 | 12742215.57
     897335 | 12742116.22
    4469184 | 12740570.46
    2452887 | 12739146.20
    1755063 | 12737805.96
    1751363 | 12737158.76
    2329199 | 12737148.56
    3889535 | 12736665.08
    2921928 | 12734956.20
    3073758 | 12733826.58
    2376671 | 12732802.08
     616994 | 12730478.76
    1172487 | 12728381.75
    6194121 | 12726340.02
    4660887 | 12722930.94
    1685739 | 12718283.95
    6187032 | 12718220.42
    4812360 | 12714131.04
    1172963 | 12713905.55
    5274772 | 12711569.14
    4469145 | 12708042.19
    5168932 | 12700856.41
    1918567 | 12699946.30
    2553255 | 12698585.02
    3772192 | 12697911.66
    3097609 | 12688603.20
    1381401 | 12688106.19
    4600527 | 12687905.44
    1981038 | 12683044.79
    5845588 | 12682778.68
    2088191 | 12681686.70
    1543957 | 12680035.29
    3634273 | 12677955.12
    4848232 | 12677853.35
    4088017 | 12677219.51
     129339 | 12676724.79
    2328712 | 12674243.29
    6267051 | 12674101.32
     917470 | 12670603.37
    2181988 | 12668345.85
    1450905 | 12666508.94
    5640905 | 12665009.46
    1476498 | 12660090.70
    1096922 | 12657855.62
    5324652 | 12655413.25
    1708359 | 12651445.49
    5768786 | 12650735.25
    2858447 | 12650511.51
    4751932 | 12649443.16
    5588975 | 12649216.53
    5234983 | 12648041.15
    3293460 | 12644554.35
    1728994 | 12641620.74
    2586143 | 12638892.47
    5220266 | 12637589.72
    4353095 | 12636061.08
    3913093 | 12634522.91
    3758823 | 12629335.86
    3175497 | 12626482.16
    4980192 | 12626128.94
    2650461 | 12626100.98
     589866 | 12622652.74
      96534 | 12613646.23
    4718585 | 12613614.60
    5157433 | 12613374.20
    1972972 | 12613306.41
    2396495 | 12613043.80
    2991668 | 12612539.68
    6304853 | 12611885.08
    1959547 | 12608440.28
    1391445 | 12605286.23
    2168335 | 12603531.24
      46092 | 12602629.44
    4492637 | 12601659.05
    2303323 | 12590098.29
    5614842 | 12589286.04
    4368061 | 12587091.83
    5068122 | 12583528.64
    1717380 | 12580123.66
    5294561 | 12580080.05
    2667282 | 12578519.58
    4476579 | 12578387.28
    3096676 | 12573763.01
    2000453 | 12572598.92
    4582856 | 12571677.09
    2149818 | 12571313.82
    3740032 | 12570444.15
     671629 | 12570190.71
    1515162 | 12566389.12
     174244 | 12565944.09
    4048923 | 12565150.79
    2083444 | 12564797.47
    5318349 | 12563371.04
     691678 | 12563325.26
    1806824 | 12561713.05
    5785048 | 12554881.02
    4267834 | 12554381.63
    1407067 | 12552267.48
     555652 | 12552191.19
    2976691 | 12548781.20
    2041639 | 12547769.56
    1506297 | 12544929.19
    2050251 | 12544121.70
    5836259 | 12541795.72
    3778854 | 12539631.54
    1591818 | 12536499.70
     156521 | 12534874.90
    2192371 | 12530996.10
    4777876 | 12528480.71
    5531724 | 12525796.59
    4872215 | 12524706.61
    3878733 | 12524348.79
     368083 | 12523821.52
    4614825 | 12523527.25
    5139805 | 12522904.72
    5312174 | 12522300.00
    4311363 | 12521763.19
    1882805 | 12519917.88
    4489464 | 12519608.18
    1357623 | 12517444.70
    4002521 | 12512406.74
    4546538 | 12511414.94
    2596830 | 12507771.20
    6271461 | 12505970.12
    4459118 | 12505275.76
     952575 | 12505048.08
    4675726 | 12502672.12
    1670734 | 12501116.32
    6179720 | 12498583.24
    5495052 | 12497563.77
    3809771 | 12495090.45
    2104505 | 12494448.48
     569628 | 12492609.12
    5852864 | 12492579.90
    5826548 | 12492349.35
     647718 | 12492164.75
     348165 | 12490269.45
    4974113 | 12488674.62
    4758179 | 12488382.56
    4453232 | 12485999.86
    3403682 | 12484448.32
    2521213 | 12483977.54
    3213059 | 12483291.24
    3531076 | 12481439.88
    2753905 | 12480165.94
    4892421 | 12479413.97
    1089913 | 12478473.80
    5166674 | 12478152.45
    1663088 | 12476908.07
    1249002 | 12474949.32
    4496365 | 12473048.24
    5954277 | 12472841.34
    1124779 | 12471575.14
    3002377 | 12468584.82
    3304793 | 12467574.42
    5727011 | 12467304.66
    1112394 | 12467079.40
    5819581 | 12467030.35
     913826 | 12466150.08
    5617965 | 12464691.37
    4946363 | 12462476.36
    2449143 | 12462476.32
    2066804 | 12462332.63
    5163805 | 12460649.96
    6102693 | 12454672.48
    2939763 | 12452469.37
    4399736 | 12451690.43
    6076224 | 12447774.80
    2782935 | 12446380.31
    2151614 | 12445859.19
    1303345 | 12444417.33
    4305958 | 12443902.26
     533141 | 12442720.92
    2208510 | 12442148.96
    5754254 | 12441308.99
     931247 | 12439290.22
    1207401 | 12438421.48
    3573049 | 12436434.90
    3746641 | 12435782.88
    3344748 | 12435709.32
    5163505 | 12433676.58
     195244 | 12432556.87
    2738158 | 12432299.94
    1622861 | 12431845.65
    2188210 | 12429572.30
    2575881 | 12426656.92
    2309797 | 12424048.51
    4578357 | 12423712.54
    4008372 | 12423531.45
    3036074 | 12420604.71
     282270 | 12419283.57
    2302612 | 12419009.20
    5332225 | 12418771.59
     555466 | 12417216.60
    5889375 | 12415494.12
     220178 | 12414628.08
    5302824 | 12412709.00
    2868028 | 12411227.56
    4790817 | 12409575.20
    1028378 | 12409159.50
    3270559 | 12407742.90
    5166788 | 12406141.87
    5035019 | 12404350.05
    5415517 | 12403150.80
    1918627 | 12402725.24
    1695452 | 12400202.95
     202295 | 12399955.04
    2445643 | 12398276.49
    5152320 | 12397673.19
    3132272 | 12395618.60
    5024210 | 12392876.46
     904207 | 12391148.28
    5846047 | 12390912.87
    3082704 | 12389522.07
    5304258 | 12387938.43
    5104217 | 12387626.74
    6108667 | 12384550.00
    2248493 | 12384509.43
     165773 | 12384451.22
    5514656 | 12384197.67
     360571 | 12381220.21
    2620727 | 12380679.93
    1173475 | 12380420.64
    1860149 | 12380188.84
    3733071 | 12378831.94
    3318738 | 12377363.00
    5016666 | 12375601.68
    2031383 | 12374972.97
     894540 | 12372923.55
    2567307 | 12372720.68
     874024 | 12371699.70
    2731392 | 12371173.76
    1224067 | 12370591.79
    4759159 | 12366816.10
    1407168 | 12365247.78
    4566685 | 12364388.52
    3426529 | 12364213.08
    3929273 | 12363549.72
    4663447 | 12362616.44
     124137 | 12362516.01
    4015222 | 12362115.48
    4603072 | 12360691.47
    6144340 | 12360688.86
    6076241 | 12360564.69
    2966404 | 12359720.23
    2289455 | 12359296.51
     452676 | 12357462.30
    3736503 | 12357098.17
     287748 | 12352281.86
    5718328 | 12351327.24
    5408047 | 12350722.79
     494274 | 12350499.26
       2989 | 12349112.94
    2853232 | 12348027.27
    1928233 | 12347387.22
    5984438 | 12346947.39
    5275652 | 12346490.05
    3125294 | 12345201.11
    3889339 | 12344483.03
    3359128 | 12343680.17
    5335129 | 12342563.48
     596124 | 12342521.76
     848580 | 12341496.66
    2351165 | 12341490.24
    2202579 | 12340870.25
    5411762 | 12335465.20
    1746533 | 12334496.32
    2456457 | 12330242.49
     578762 | 12329816.64
    4606370 | 12329631.12
    1994572 | 12328454.32
    4530056 | 12327779.80
    1283941 | 12327649.39
    1227551 | 12326790.22
    5292134 | 12326509.86
    5105558 | 12325612.65
    5460097 | 12324015.33
    2025279 | 12322818.38
    2123850 | 12322735.22
    5982638 | 12320224.70
    3999538 | 12320056.92
    3597690 | 12320035.91
    6019239 | 12319254.60
    2392638 | 12318864.02
    5490369 | 12318458.96
    3373870 | 12317552.97
    1595625 | 12315640.60
     908862 | 12314416.46
    4432372 | 12312934.50
    2889479 | 12308756.35
    5119208 | 12308227.15
    5878748 | 12307323.83
    5346689 | 12304975.69
    1009055 | 12299214.50
    3366736 | 12296927.72
    4610044 | 12296207.90
    4571822 | 12296132.00
     159879 | 12295281.46
      93380 | 12293289.61
    3200378 | 12292352.49
    1805022 | 12292079.09
    2325640 | 12289865.06
     593214 | 12288967.56
    1880742 | 12288894.18
    2598732 | 12286349.24
    1698748 | 12286342.94
    1752418 | 12286007.34
    5185866 | 12284961.89
    3587599 | 12283670.07
    3323522 | 12282771.57
    5574169 | 12282646.50
     577982 | 12281643.88
    4942626 | 12279837.46
    2607799 | 12276708.28
    3166437 | 12276403.64
     126682 | 12276283.32
    4645598 | 12275562.83
    5124785 | 12275320.60
    4347634 | 12272161.48
    1063135 | 12270529.28
    5182671 | 12267721.72
     225573 | 12265267.38
    3238138 | 12264015.54
    4555611 | 12262994.66
    2270735 | 12260409.24
    2212714 | 12260301.18
    4692858 | 12259505.53
    1437678 | 12258370.72
    4522232 | 12257483.22
    3543091 | 12256060.88
    2356845 | 12255504.80
    3075369 | 12254587.02
    5254746 | 12248994.12
    1588351 | 12248538.61
     886993 | 12247690.33
    1050853 | 12246307.02
    2776803 | 12246262.41
    3422569 | 12245637.77
    3503473 | 12242895.11
    1892843 | 12242830.85
    5990465 | 12241913.11
    2198942 | 12241848.07
    6122899 | 12239672.26
    1314454 | 12238425.51
    2079873 | 12234950.94
    3634409 | 12232865.84
    4041934 | 12230968.38
     128741 | 12230589.75
    3216377 | 12230431.42
    4612841 | 12229815.96
     395519 | 12229376.31
    6262695 | 12227731.34
    4508500 | 12227099.60
    6327208 | 12227041.77
      50403 | 12226630.77
    5976660 | 12226589.12
    5243757 | 12225661.11
    4700981 | 12225279.88
    2861343 | 12220133.22
    1243021 | 12217322.55
    6101558 | 12216625.34
     606432 | 12214830.49
     933310 | 12214826.88
    3880219 | 12213704.49
    2619236 | 12211578.08
    4299441 | 12211320.48
    2990311 | 12211051.80
    1075385 | 12209170.00
    3501634 | 12206112.99
    4302588 | 12205755.69
     288582 | 12205188.21
    5292712 | 12204965.75
    4339552 | 12204704.84
    5914556 | 12204469.10
    5079917 | 12204139.73
    5629845 | 12201751.18
     898201 | 12199343.66
    4783848 | 12193133.16
    3538274 | 12192165.77
    3709338 | 12192038.12
    1766789 | 12190524.44
    2175116 | 12188395.71
    5832042 | 12186808.78
    6282232 | 12185372.58
    5554818 | 12185345.94
    2075258 | 12184602.15
    5761171 | 12182060.88
    1349292 | 12182015.78
    6265793 | 12179898.56
    5959407 | 12179307.40
    1403630 | 12178857.14
    2984425 | 12178485.49
     997508 | 12177980.77
    1933518 | 12174302.24
    2678855 | 12173053.40
    1646082 | 12169346.60
     831158 | 12167754.37
     479103 | 12166638.34
    1566678 | 12166225.26
    6216492 | 12165660.11
     563519 | 12163422.56
     107553 | 12161463.62
    5061352 | 12157437.03
    5459259 | 12156026.48
    2654252 | 12154934.56
    5206688 | 12154621.62
    2376516 | 12154142.36
    5672956 | 12151010.76
    3064009 | 12150352.98
     896247 | 12149719.04
    1598256 | 12148897.54
    4616407 | 12148767.50
    5119966 | 12148217.34
    3729791 | 12146930.37
    6009122 | 12146509.07
    2424796 | 12145252.19
    3249400 | 12143800.91
     372487 | 12140605.95
    6048041 | 12140433.69
    1890583 | 12139777.17
    1248828 | 12137728.95
    1311812 | 12137276.99
    1755720 | 12136081.19
    1316273 | 12135709.14
    1348911 | 12135396.96
    3609687 | 12135226.35
    3753908 | 12133502.80
    4095997 | 12133145.70
    6375481 | 12131163.75
    3868954 | 12131163.57
     580873 | 12128786.06
    4793860 | 12127966.81
    2804908 | 12126915.57
    5298022 | 12125563.04
    2944892 | 12124673.91
    1875146 | 12122665.75
    6156464 | 12122369.54
    1896685 | 12122225.82
    6375928 | 12121417.82
    5835689 | 12120173.37
    2702602 | 12119020.36
    5833155 | 12118226.70
    4542955 | 12118078.10
     353572 | 12117421.90
    3002558 | 12117224.50
    2461927 | 12116187.89
    2511953 | 12115214.71
    3234172 | 12114695.00
    4104916 | 12111658.61
     366468 | 12107979.32
    5190027 | 12106898.41
    1018534 | 12106856.01
    5787332 | 12105427.32
    1309308 | 12104792.10
    1850798 | 12104076.19
    5252959 | 12103160.72
    3625097 | 12102622.47
    3786129 | 12102519.72
    6152410 | 12101765.83
    6181674 | 12101739.83
    1249052 | 12098057.87
     792653 | 12097767.15
     116821 | 12092586.56
    3728624 | 12092150.10
    5781005 | 12091849.14
    4846259 | 12091055.70
    1865363 | 12090451.84
    2816762 | 12089812.30
     600002 | 12087850.06
     254764 | 12082856.42
    5270445 | 12081837.19
     519433 | 12080218.94
    3048291 | 12078122.40
    4935940 | 12077996.56
    5837330 | 12077804.04
    4747805 | 12074902.62
    2936289 | 12074622.28
    1371834 | 12072837.32
    5746640 | 12070913.68
    3836903 | 12070631.98
    3458448 | 12065680.63
    1205872 | 12065203.05
    2904955 | 12064590.62
    3501488 | 12063688.66
     500540 | 12063041.91
    3575069 | 12062509.73
    2489428 | 12061403.35
    4926637 | 12059926.79
    1256279 | 12058190.58
     880818 | 12057932.83
    3727923 | 12057531.21
    2515144 | 12056376.94
     348848 | 12054744.77
    1785234 | 12054280.32
    4374040 | 12052579.68
    6009452 | 12050596.26
     573057 | 12046395.74
    5210576 | 12044395.28
    5983789 | 12044283.41
     575440 | 12044006.79
    4222420 | 12043596.36
    4802962 | 12043325.63
    5010842 | 12041522.80
    2219582 | 12041482.87
    4094264 | 12041217.35
    1575651 | 12040366.65
    5600465 | 12039591.88
    4291457 | 12039015.54
    3376788 | 12038059.46
    3964092 | 12036877.79
    6374794 | 12036398.28
    5576560 | 12036123.84
    4315251 | 12036107.06
    4815383 | 12035222.08
    2270433 | 12035028.66
    2923223 | 12034514.15
    5446704 | 12032808.53
     483494 | 12032727.58
     784821 | 12032312.13
    6217536 | 12028331.26
    5070405 | 12027351.11
    5769211 | 12025593.08
    4471551 | 12023542.52
    3311816 | 12023021.00
    5165582 | 12022752.62
    3168902 | 12022180.86
    2578957 | 12022063.29
    3791450 | 12020407.02
    4636695 | 12019749.18
    5192549 | 12018180.63
    4926434 | 12017341.59
    4764442 | 12016696.24
     846060 | 12014349.56
     336187 | 12014077.51
    1196502 | 12013698.48
    4789700 | 12012849.18
    5093084 | 12012712.81
    1820891 | 12012439.83
      20915 | 12012356.26
    1537197 | 12011575.70
    4675858 | 12011417.49
     855955 | 12010140.72
    5726666 | 12008903.04
    3770320 | 12008215.18
    5371848 | 12007249.08
     424671 | 12006577.49
    4237317 | 12006310.02
    4591190 | 12004708.19
    2484295 | 12003288.81
     625558 | 12001570.85
    3258520 | 12001420.26
     735870 | 11997405.53
    4946933 | 11997260.88
    2357909 | 11992999.02
     568281 | 11992212.36
    5584510 | 11991876.94
    5158090 | 11986968.68
    3708036 | 11986182.91
    1199233 | 11985509.34
     761489 | 11985364.92
    3443938 | 11983376.16
     663344 | 11983046.95
    1790511 | 11982679.36
    2277451 | 11982423.66
    6120439 | 11980856.61
    1473126 | 11979994.95
    1047011 | 11977479.34
    1648920 | 11977347.46
    4999764 | 11977203.53
     722476 | 11976529.77
     290117 | 11975665.50
      95080 | 11975091.90
    2156554 | 11971945.37
    4986603 | 11971862.87
    5251999 | 11971294.83
     862262 | 11970794.69
    2791317 | 11970514.45
    1712926 | 11970166.74
    2128554 | 11969315.10
     178759 | 11967762.01
    6281567 | 11967501.94
    4302874 | 11967115.17
    4599397 | 11966791.83
    6398975 | 11966147.27
    4332259 | 11965150.14
    4030404 | 11962413.60
     949500 | 11960764.03
    3048894 | 11960265.55
    5182173 | 11960065.56
    3122881 | 11959522.22
     931874 | 11959192.34
    2767814 | 11958005.75
    3851611 | 11956295.87
    1746462 | 11954469.61
    5975557 | 11949436.20
    5109771 | 11948890.94
    1862188 | 11948772.19
    4265373 | 11948338.34
    6299052 | 11947647.70
    3613806 | 11946775.08
    3693373 | 11945595.45
    2055080 | 11943447.82
    5955718 | 11942602.24
    5388892 | 11942497.56
    5795754 | 11941816.40
    4425246 | 11941669.23
    3636240 | 11939227.92
    1645160 | 11934904.24
    5488827 | 11933329.60
    3691789 | 11932057.90
     417298 | 11929015.01
    5076167 | 11928579.07
     256534 | 11928250.90
    4240161 | 11925141.60
    4618253 | 11922437.10
    5454931 | 11921177.82
      29487 | 11920887.12
    1904208 | 11920518.06
    2096464 | 11919667.72
     129877 | 11918417.32
     703842 | 11917427.60
     168163 | 11915754.08
    6280902 | 11915455.55
    3206378 | 11915370.02
    2477976 | 11915026.09
    1819991 | 11914511.08
    1026950 | 11909499.63
    3439832 | 11905990.54
    2126842 | 11905323.57
    4621885 | 11903254.91
    2567401 | 11903004.00
     890136 | 11902249.09
     229740 | 11901024.08
    3458805 | 11899631.54
    4103878 | 11899060.44
    4054990 | 11898817.89
     996383 | 11897624.12
     277327 | 11895773.16
    3235361 | 11892837.46
    4686451 | 11892590.52
    2726552 | 11891564.16
    2174758 | 11891017.74
    1746953 | 11890771.90
    2066320 | 11890523.17
    6225744 | 11890412.20
     171654 | 11889364.22
    4543820 | 11886599.74
    5823452 | 11886479.35
    4379733 | 11885886.22
    1471889 | 11885740.50
    1546622 | 11884465.32
    3697943 | 11884313.86
    4196161 | 11883576.39
     372223 | 11883036.77
      77763 | 11882316.80
    5855592 | 11880101.46
    3978484 | 11879399.43
    4863625 | 11879081.40
    5122024 | 11878868.49
    2361199 | 11877084.13
    2289877 | 11872550.21
    5953675 | 11872548.21
    3278083 | 11872433.10
    4395681 | 11871900.36
    1423156 | 11870727.54
    5135572 | 11870301.84
     786169 | 11868892.83
      24523 | 11868657.41
    5176714 | 11868638.54
    5025362 | 11868284.70
    3735233 | 11868114.48
    2005597 | 11865239.10
    2305452 | 11862936.78
    1077779 | 11862213.13
    4763253 | 11861615.30
    2755388 | 11860704.53
     567530 | 11860542.78
    1857988 | 11859351.75
    4023730 | 11859170.69
    3225525 | 11858891.64
    6098865 | 11858435.76
    1280921 | 11856894.21
    3542155 | 11856612.02
    2804866 | 11855150.64
    1246139 | 11854923.32
    4372650 | 11854291.07
    3496368 | 11853151.20
    3227614 | 11853082.01
     571305 | 11851898.67
    3202977 | 11850001.75
    3145887 | 11847845.75
    4511176 | 11845170.11
    3190641 | 11844409.68
    4741784 | 11842011.12
     743531 | 11840424.59
    5218981 | 11839761.20
    3536031 | 11835920.01
    5187905 | 11835916.34
    2150601 | 11834656.33
    5881473 | 11833689.63
    2474506 | 11832158.50
     502616 | 11832027.36
    5525561 | 11828674.43
    4451446 | 11828354.25
    4553892 | 11826100.03
    1709858 | 11823459.24
     907551 | 11822856.30
    2970057 | 11822175.24
     158627 | 11821414.44
    2713187 | 11821373.88
    4001105 | 11820795.59
    3758230 | 11818287.74
    1403278 | 11817444.65
    3854622 | 11816084.66
    3415566 | 11815927.32
    6204735 | 11814948.35
    5056941 | 11812683.20
    5568137 | 11811033.00
    3858825 | 11809878.94
    4342827 | 11807227.95
    5816746 | 11805855.75
    1198246 | 11805650.68
    6209259 | 11805636.27
     737339 | 11804484.71
    4768086 | 11803512.14
    2334486 | 11803206.70
    4688864 | 11801149.60
    3080350 | 11800846.21
       4785 | 11800251.66
    3139810 | 11800033.73
    4935027 | 11799148.53
    2772482 | 11796802.50
    3488088 | 11792733.92
    1227625 | 11792143.98
    3248740 | 11791178.60
    3321231 | 11791052.85
    1611665 | 11790852.58
    5220027 | 11790112.11
    1937881 | 11789883.23
     887906 | 11789061.02
    1721233 | 11787385.42
    4287155 | 11786871.67
    4526502 | 11786858.30
    1728076 | 11786398.42
    3035658 | 11786164.20
     273921 | 11785760.07
    3629551 | 11785631.58
    1387815 | 11784769.40
     702626 | 11784738.84
    4069800 | 11784368.84
    4270015 | 11783750.02
    3316202 | 11781902.16
    2712063 | 11780476.64
    3986512 | 11780068.57
    3256875 | 11779031.71
    5257743 | 11778147.31
    5310090 | 11778145.26
    5801850 | 11777309.22
    4940589 | 11777209.67
    1888283 | 11774314.37
    3500999 | 11773775.02
    1967384 | 11773015.89
    2218319 | 11771448.10
    3294277 | 11770073.14
    2345384 | 11769938.19
    3962977 | 11769217.36
    2966656 | 11768558.16
    1769640 | 11768221.24
    2558622 | 11768052.82
    2233996 | 11768020.07
      85612 | 11767497.74
    3787016 | 11766799.32
    4057762 | 11765365.38
    4375472 | 11764871.56
    2878750 | 11764109.03
    4742884 | 11763959.87
    5564052 | 11763639.24
    5433941 | 11761946.00
    4856549 | 11761788.88
    1119691 | 11761778.72
     294584 | 11761751.35
    6361054 | 11758759.90
    6372168 | 11758229.92
    4066524 | 11757656.55
    2025902 | 11757162.44
    3661230 | 11756977.86
     234918 | 11756241.70
    4513613 | 11755457.04
    2376501 | 11754532.76
    5777404 | 11753667.48
    1949481 | 11753660.12
    2536515 | 11753588.96
    5569678 | 11752548.06
     890589 | 11752363.86
    4994858 | 11749531.77
    6053081 | 11749303.34
    2015313 | 11748146.80
    2165171 | 11747858.78
    5992403 | 11747105.03
    3407478 | 11746376.56
     158255 | 11744730.53
    2074684 | 11741422.90
    2085761 | 11739449.94
    3248950 | 11739337.09
    1991356 | 11735908.96
    1273880 | 11735278.84
    5672536 | 11733709.18
    5254976 | 11731994.05
    2860807 | 11731490.05
    1070447 | 11728994.76
    2932782 | 11728590.90
     280308 | 11727118.59
     437464 | 11726896.84
     538371 | 11724122.96
    4154050 | 11723962.96
    2604473 | 11723335.67
    4456318 | 11721340.72
    2178515 | 11720487.89
    4096025 | 11720307.00
    3854764 | 11712568.34
    3093198 | 11711537.28
    1290913 | 11711103.97
    3901059 | 11710960.10
    5758382 | 11710415.60
     167618 | 11709696.18
    3138823 | 11708020.83
    2633910 | 11707410.29
    2293632 | 11705627.32
    3789216 | 11705324.95
    5826656 | 11702834.06
    1621647 | 11694998.57
    4397118 | 11694614.75
    4829821 | 11693560.34
    5459997 | 11691846.14
    1692528 | 11691799.30
    3010780 | 11687935.25
    3768478 | 11685084.08
    4306933 | 11684818.86
     860050 | 11683266.06
    3519108 | 11683123.11
    4454982 | 11683117.49
    4123807 | 11682965.67
     665644 | 11680577.82
     316859 | 11680101.05
    1332943 | 11679459.00
    2674026 | 11678889.18
    1000724 | 11678260.89
      37620 | 11678255.16
    2287749 | 11678154.80
    4350488 | 11677644.20
    1727967 | 11676899.14
    2189768 | 11674353.60
     365483 | 11673726.18
    1929346 | 11672732.08
    3574595 | 11672185.28
    1825636 | 11672156.53
    2390950 | 11670512.73
    5257812 | 11670506.26
    5781280 | 11667434.64
    4346925 | 11667307.89
    3883826 | 11667083.96
    5199670 | 11666121.89
    3705634 | 11665473.13
     530392 | 11664449.25
    4950481 | 11663507.22
    5184245 | 11662677.39
    4475176 | 11661198.01
    4498554 | 11661190.95
    5344170 | 11659392.62
    1857823 | 11657924.16
    3757014 | 11657701.80
    1535079 | 11657588.56
    4801335 | 11656696.87
    5319648 | 11655640.90
     862504 | 11654730.54
     101528 | 11653483.63
    2298566 | 11652213.50
    3764877 | 11651284.89
    6082809 | 11651197.97
    3209563 | 11650870.63
    1671059 | 11649247.80
    2740381 | 11647017.84
    1133556 | 11645555.09
    2259613 | 11643730.02
     642268 | 11642611.26
    3356492 | 11642551.40
    4674381 | 11641895.84
    5742783 | 11641656.75
    1573334 | 11640178.16
    5135151 | 11639254.10
    1960058 | 11637442.80
    1841450 | 11636688.98
    4313144 | 11635481.62
     742991 | 11635158.35
    5667943 | 11634763.86
    2853667 | 11634478.00
    1413430 | 11633902.40
     271499 | 11633338.17
    6383806 | 11632203.93
      35311 | 11631805.11
    2905249 | 11631296.28
    1177031 | 11630908.37
    3845350 | 11630017.99
    4972137 | 11629069.51
     431716 | 11628254.64
    6097140 | 11628176.58
    1270845 | 11627871.65
    4986953 | 11627330.92
    5441033 | 11627198.26
    1011857 | 11625176.14
    1577787 | 11624689.71
     617574 | 11624488.30
    2287704 | 11624341.84
    1702300 | 11624250.65
    5588082 | 11623519.60
    3753718 | 11623107.12
     327895 | 11620970.76
    6192073 | 11618471.83
    1911353 | 11618433.00
    2060921 | 11616796.38
    2840742 | 11616508.34
     186891 | 11615990.17
     381770 | 11615892.00
    3841848 | 11615821.36
     894128 | 11615299.96
    1023118 | 11613033.25
    5185429 | 11611529.16
    6272601 | 11611252.56
    5877723 | 11610570.72
    4762117 | 11610468.07
     679844 | 11609270.91
    1563149 | 11609134.24
     598216 | 11608138.36
    1084436 | 11608122.73
    1171806 | 11605329.22
     927392 | 11604642.16
     888395 | 11604277.50
    1084946 | 11603215.88
    2066381 | 11602402.53
    5284798 | 11602244.52
    6332814 | 11601794.34
    5648963 | 11601060.36
    2814445 | 11600104.80
    3404331 | 11599198.19
    2276821 | 11598290.34
    2532933 | 11596260.07
    4670228 | 11594381.37
    4278093 | 11592348.22
    5536292 | 11591696.44
    1255463 | 11590651.26
    3541781 | 11589248.94
    2968379 | 11585706.03
    5477204 | 11585635.95
    2838961 | 11585077.38
    3444101 | 11584857.96
    5613363 | 11584514.52
    3481103 | 11584484.12
    5347937 | 11584476.63
    5081961 | 11582498.99
    4102750 | 11581957.05
     737631 | 11581507.56
    1813215 | 11581139.36
    1240794 | 11580380.29
    4981337 | 11578336.17
    2066099 | 11577235.39
    5575321 | 11577162.88
    1265798 | 11577129.12
     841781 | 11576634.33
    2514762 | 11575527.02
    4008383 | 11573929.86
    3871006 | 11573764.65
    4336354 | 11571474.21
    4747764 | 11570150.08
    1268906 | 11569397.54
    5674756 | 11568625.63
    3589794 | 11568490.03
    6367506 | 11568127.32
    4019973 | 11566334.52
    4232044 | 11566242.96
    1644799 | 11564493.20
    3691493 | 11563980.51
    1498540 | 11563894.24
    4667240 | 11563414.94
    2483431 | 11562883.23
    5451608 | 11560242.60
    3580988 | 11560154.16
    5518441 | 11558459.76
    1606610 | 11556704.67
    2101949 | 11555759.50
    2881860 | 11555052.29
    3643831 | 11554801.50
     658915 | 11553978.71
    1407967 | 11553525.91
    2733554 | 11551711.59
    5009962 | 11551113.24
    5103308 | 11550426.20
    5077230 | 11549586.76
    3758626 | 11549091.17
     504999 | 11547079.76
    2904040 | 11546381.33
    4855524 | 11546141.30
    1132478 | 11545636.42
    1424228 | 11543112.28
     638950 | 11542164.72
    2683199 | 11540066.66
    2361092 | 11538876.26
    4268576 | 11538382.73
    2856530 | 11537330.77
     136330 | 11537064.80
    2239150 | 11536513.11
    3618726 | 11534679.63
     345918 | 11532933.56
    6170158 | 11531993.76
     842895 | 11530110.87
    3148648 | 11529108.55
    6014493 | 11527788.49
    2451580 | 11527597.59
    2846666 | 11525784.87
    2205468 | 11523887.06
    1711499 | 11523873.51
    4311897 | 11522424.24
    6162828 | 11521824.60
    3958745 | 11520231.51
    4096604 | 11518711.49
      34677 | 11518369.12
    6196472 | 11518241.80
     317317 | 11517209.06
     281600 | 11516945.66
    4263928 | 11516459.00
    4579324 | 11516074.44
    3329220 | 11515895.76
    5402363 | 11515858.08
     669614 | 11513846.00
    1639321 | 11513409.56
    6290079 | 11511477.16
    1548892 | 11510714.10
    3152675 | 11509501.46
     534339 | 11507850.23
    2816648 | 11507173.85
    4536522 | 11506714.77
     798330 | 11506678.84
    3471531 | 11506282.45
    5313377 | 11505473.45
    3597351 | 11505252.41
    2771287 | 11505121.09
    5959720 | 11499321.47
    5986530 | 11498188.24
    2449038 | 11497977.24
     696544 | 11496098.10
    6326422 | 11495398.72
    3873539 | 11495369.21
    3803275 | 11491598.27
    1621349 | 11489883.28
    4953527 | 11489376.96
    2759828 | 11489057.18
    5901319 | 11488970.75
    5636634 | 11486494.92
    2911186 | 11484396.28
    1293198 | 11483472.42
    1325456 | 11482134.09
    3344747 | 11481836.94
    3601413 | 11480965.02
    1043636 | 11479066.68
    4525457 | 11479055.21
     419350 | 11477959.10
    3248584 | 11475969.22
    2276525 | 11475606.11
    4176770 | 11475471.78
    2214603 | 11475295.40
    1307278 | 11474760.99
    4368921 | 11474555.58
    5076146 | 11470360.00
    1662885 | 11469974.33
     399166 | 11469441.54
    4729087 | 11467828.81
    4098640 | 11463493.97
    3537620 | 11463168.96
    5089717 | 11463129.01
    5673803 | 11462403.90
    1321916 | 11461966.18
    1673621 | 11460178.56
    4404817 | 11459995.32
    4912488 | 11458939.94
    5219597 | 11458789.60
    1387282 | 11458467.72
    1406372 | 11457844.30
    1162161 | 11455853.76
    3670590 | 11455447.22
     809346 | 11455401.72
     677099 | 11454293.24
    1739324 | 11454055.45
    3819821 | 11453161.16
    1829816 | 11450733.16
    2136457 | 11450479.44
    1898525 | 11448878.11
    2054970 | 11447270.34
    1221631 | 11443453.51
    4291783 | 11443115.36
    3096678 | 11443114.22
    2032383 | 11441859.60
    5820145 | 11440855.00
    3122916 | 11438933.05
    5416345 | 11438369.70
    6149786 | 11438077.03
     569074 | 11437401.46
    5939719 | 11436667.32
     751882 | 11436021.76
    3550473 | 11435231.32
    3549827 | 11434904.71
    1940095 | 11434170.90
    5803702 | 11433369.80
    1894509 | 11433334.24
    2741788 | 11432711.83
    3391438 | 11432705.43
     957384 | 11431967.65
    1722873 | 11431881.55
    1932607 | 11430046.50
    1901913 | 11429225.56
    5500875 | 11429043.47
    3717598 | 11428182.33
    3977751 | 11427952.80
    2240050 | 11427431.58
    1373229 | 11427300.07
    3204348 | 11427274.44
    1611915 | 11427215.51
     859116 | 11425734.84
    1999069 | 11424633.58
    4312057 | 11424268.05
    4612844 | 11424191.00
    1261877 | 11423131.47
    1988294 | 11421249.84
    2235646 | 11421192.84
    2831700 | 11419428.07
    4233960 | 11418708.09
    5882367 | 11417281.82
    1787249 | 11415684.28
    4565642 | 11415413.48
    3249547 | 11414914.47
    2893396 | 11414655.82
    3835634 | 11414308.90
    2723245 | 11413318.31
    6046939 | 11412861.46
    5711888 | 11412846.71
    5352536 | 11412373.70
     309575 | 11411038.45
    1989906 | 11410671.91
    4981964 | 11408953.38
    4197439 | 11407957.32
    4838060 | 11407230.45
    4981332 | 11406785.26
    6010120 | 11406736.44
    5666378 | 11406531.10
    3546204 | 11405972.12
     418409 | 11404499.95
    2212664 | 11404031.89
    4030489 | 11401739.68
    6315665 | 11401534.85
    6058307 | 11401221.70
    5123167 | 11400699.42
    2074307 | 11400467.11
    2778382 | 11397160.21
    4232510 | 11396440.62
    2328156 | 11395699.48
     248712 | 11394463.16
    3831596 | 11393947.28
    5687505 | 11393356.98
    4543918 | 11393212.04
    3712090 | 11392999.34
    4932853 | 11391342.64
    4280397 | 11390373.09
    1384637 | 11390241.02
    2307103 | 11389767.45
    1398970 | 11389568.89
    2504952 | 11387446.88
    4828415 | 11385595.94
     815838 | 11383590.06
    1591304 | 11383499.89
    1395813 | 11383441.52
    4891048 | 11382521.09
    4522131 | 11382203.95
    2500847 | 11382140.00
    1617191 | 11381578.73
    4451386 | 11380747.52
    1659061 | 11379680.70
    6146117 | 11378995.52
    2290880 | 11378941.77
    3536698 | 11378114.41
    6360255 | 11377478.32
    2427934 | 11377409.16
    5595225 | 11375688.90
    5607462 | 11373465.54
    5388295 | 11373044.69
    3508232 | 11372572.80
    3677006 | 11370356.45
    4688002 | 11368456.12
    2756407 | 11367974.21
     975083 | 11367896.58
    2264225 | 11367625.24
    3594134 | 11366885.29
     504762 | 11366307.92
    2711406 | 11365725.14
    5138153 | 11360834.37
    2119169 | 11360739.61
    3705902 | 11360131.95
    5059674 | 11359763.80
    4299472 | 11358677.04
     272921 | 11358670.98
    4075572 | 11356279.50
    3456363 | 11356043.64
    2144450 | 11354720.02
    1465614 | 11353784.60
    5284753 | 11353622.16
    3249687 | 11351017.45
    5349954 | 11350530.51
    1210196 | 11349002.82
    3828606 | 11348720.50
    1820790 | 11348409.78
    6212947 | 11347481.75
     870082 | 11346960.49
    2370057 | 11346626.71
    1736257 | 11344985.24
    3085253 | 11343352.76
    2726549 | 11343127.31
    4564668 | 11342165.32
    6078701 | 11342013.72
      35718 | 11341824.37
    3083172 | 11341228.97
    3919526 | 11340142.76
    6096198 | 11339732.96
    1044615 | 11339647.92
     717013 | 11339644.07
    2604013 | 11339197.63
     289339 | 11336704.98
    2436224 | 11336626.32
    1435251 | 11336492.07
    1640219 | 11334315.48
    4738411 | 11333340.05
    2444807 | 11333153.22
      48100 | 11333131.30
    1235740 | 11332088.42
    3523243 | 11331812.47
    1847781 | 11331755.28
    2035674 | 11331307.44
     466790 | 11331259.00
    3078570 | 11329488.96
    1049068 | 11329404.29
    3652850 | 11329301.60
     469506 | 11327601.10
    4167292 | 11327483.13
    5847305 | 11326251.95
    2168739 | 11325235.28
     129557 | 11325115.45
     783797 | 11324500.51
    6373049 | 11324036.54
     969052 | 11323171.80
    5538407 | 11321405.54
    6033081 | 11320793.82
    1020238 | 11320637.02
    5366594 | 11319780.00
    5904455 | 11319759.67
    5036829 | 11318908.14
    2405499 | 11318080.18
    4196826 | 11317726.77
     639922 | 11317001.60
     565846 | 11316476.69
    5519150 | 11316373.60
    5003754 | 11315917.41
    1667889 | 11314925.12
    5296923 | 11313277.19
    3769863 | 11312677.00
    4115706 | 11312479.80
    4834789 | 11312247.96
    1130516 | 11312040.42
    3831490 | 11311081.82
    5966472 | 11310957.53
    4539052 | 11310618.80
    3465645 | 11310578.08
    5177730 | 11309895.84
    2968721 | 11309267.36
    3496906 | 11309016.66
    1893677 | 11308964.40
    1615473 | 11308436.29
    3538865 | 11308356.93
    1449567 | 11306140.20
    6134717 | 11305905.60
     784910 | 11305782.40
    2984964 | 11304915.00
    1960705 | 11304851.87
    5299211 | 11302632.10
    4861116 | 11302264.23
    4298577 | 11298873.96
    6012880 | 11298314.99
    1949850 | 11298247.29
    2256386 | 11296705.41
    6214723 | 11295843.66
    6360349 | 11295708.90
    4797672 | 11294860.80
    5641886 | 11294734.00
    2434749 | 11291232.00
    4031874 | 11290675.88
    3748011 | 11288919.84
    1728816 | 11288349.24
    2837478 | 11287311.68
    2881392 | 11286247.70
    2509646 | 11286143.79
    4824105 | 11284349.62
    6256906 | 11283997.96
     584910 | 11282988.40
    4448980 | 11281756.06
    3630999 | 11281625.36
    1395940 | 11281598.64
    2934341 | 11281396.74
    3057916 | 11281009.58
    3718164 | 11280153.68
    5618424 | 11279329.17
      53312 | 11277565.62
    2917822 | 11277242.12
    6264734 | 11276357.12
    3747899 | 11273340.56
    4769101 | 11272776.07
    5038319 | 11272035.73
    5913748 | 11271047.05
    1768343 | 11269470.10
    3066172 | 11267486.07
    5145908 | 11267221.34
    1206905 | 11266481.01
    6260065 | 11265195.81
    3729756 | 11263080.29
    1197331 | 11262219.05
    1783710 | 11262130.23
    3487563 | 11261797.97
    2572906 | 11260408.76
    3726120 | 11259617.06
    3353434 | 11259549.60
     394915 | 11257053.77
    1131228 | 11254615.76
    5899960 | 11253923.46
    1848219 | 11252996.39
    3374511 | 11252996.33
    5698808 | 11251046.46
    4522720 | 11250400.09
    3254196 | 11249735.38
    1194281 | 11249092.50
    5668161 | 11248675.00
    1754290 | 11248580.82
    4153647 | 11247929.93
    3917671 | 11247283.56
     794487 | 11246446.82
    1387530 | 11245477.11
    5848246 | 11244416.77
    1173406 | 11243707.92
    1915901 | 11243387.10
    1225914 | 11242271.36
    3134269 | 11242171.24
     811086 | 11238267.40
     367745 | 11238170.56
    2326574 | 11238153.17
     770853 | 11237494.24
    5473117 | 11236463.80
    1827730 | 11236283.01
    5021114 | 11236167.03
    2826529 | 11235853.55
    4284936 | 11235824.54
    2185181 | 11235267.62
    3735928 | 11235054.56
    5190429 | 11234895.20
    4478483 | 11234852.51
    6244663 | 11233457.55
    3301874 | 11233008.99
    6125903 | 11231285.86
    3492772 | 11231168.97
     551233 | 11231063.93
      18917 | 11230942.13
     648389 | 11230158.66
    3231541 | 11229875.34
    4845036 | 11229844.82
    1748785 | 11229731.58
    3879052 | 11229363.78
    4284643 | 11228268.00
    1886092 | 11228061.42
    3802406 | 11228005.14
    2455564 | 11225221.25
     560916 | 11225134.20
    5084426 | 11223874.58
    5931472 | 11223569.78
     473354 | 11221182.00
    2106921 | 11219800.20
    1471864 | 11218300.93
    3998811 | 11217945.77
    4526020 | 11217834.24
    3512421 | 11217501.80
     753209 | 11215492.75
    6127308 | 11213332.16
     310405 | 11213310.18
    4533526 | 11213025.27
    4438929 | 11208634.78
    3102811 | 11207696.31
    2084860 | 11206948.29
    5149004 | 11206553.54
    6096762 | 11204528.36
    1062619 | 11201822.90
    1190793 | 11200746.49
    6260350 | 11200664.25
    6279032 | 11200567.06
    3013383 | 11200236.20
    1153572 | 11199347.07
    3388142 | 11198566.12
     801048 | 11198489.38
    3114263 | 11198485.62
    1308246 | 11197567.47
     872080 | 11197516.62
    2807617 | 11197479.62
    4165038 | 11197425.96
    2464678 | 11197353.49
    3681511 | 11197113.72
    2898817 | 11196785.60
     998100 | 11196648.70
    1323959 | 11196273.92
    6047208 | 11196241.05
    5634169 | 11194928.47
    2794597 | 11194713.90
    4631363 | 11193428.00
    5845381 | 11192869.60
    5655572 | 11190305.36
    6056819 | 11190096.10
    4474647 | 11189991.77
    1626041 | 11186864.26
    4282974 | 11186831.27
    5097721 | 11186505.38
    6333862 | 11185547.98
     733393 | 11185231.41
    4812406 | 11184855.68
    5827361 | 11181355.40
    6338241 | 11180601.90
    3358093 | 11180561.34
    4912463 | 11180162.72
    3409527 | 11179371.86
     821803 | 11178689.27
    2437239 | 11177951.24
     294676 | 11177696.16
    4341003 | 11177204.36
      59537 | 11176557.64
    2472073 | 11175893.97
    2485929 | 11175878.73
    6113363 | 11175129.12
    1001597 | 11174782.34
    6151014 | 11174359.05
    3313562 | 11173844.33
    1973634 | 11173283.73
    3119307 | 11172011.89
    4572326 | 11169732.05
    6250468 | 11169584.70
    2906196 | 11169384.71
     339339 | 11169301.65
    3565263 | 11168699.18
    2994671 | 11168663.66
    2580572 | 11168350.40
    3044947 | 11167895.00
    1934532 | 11167779.42
    4346043 | 11167544.29
    5272396 | 11167276.92
    2321643 | 11166132.69
    3467604 | 11164122.38
     271640 | 11161750.47
    1562718 | 11160637.62
    2063789 | 11159735.09
     500614 | 11159696.14
    6348210 | 11157300.90
    1037301 | 11156651.92
    1964441 | 11154239.36
    2208304 | 11153784.23
    4753065 | 11153655.76
    5206876 | 11153627.53
    3001937 | 11153317.85
     888614 | 11152527.80
     119345 | 11151574.44
     536941 | 11150152.81
    2774528 | 11149773.31
    3992437 | 11149430.33
    5708937 | 11149118.82
     407911 | 11146935.00
    5894972 | 11146037.25
    6116444 | 11143569.56
    2236298 | 11143414.64
    5658479 | 11142956.61
    2617484 | 11142672.96
    4349487 | 11142318.19
    5453329 | 11141663.15
    5574666 | 11140917.24
    2347975 | 11140788.14
    1705386 | 11138150.92
    5670052 | 11137404.52
    5596914 | 11136438.43
    4955911 | 11135546.18
    2428338 | 11135254.97
     706951 | 11134399.77
    4608850 | 11134047.28
    6008676 | 11133980.06
    2770691 | 11132185.90
    4389437 | 11124564.06
    2129373 | 11124425.36
    5158132 | 11124152.23
    6090088 | 11124017.97
    2170682 | 11122961.26
    5353836 | 11122557.28
    5064910 | 11122478.12
    3897739 | 11122065.77
    1112057 | 11120723.56
     317763 | 11120194.25
     486078 | 11120038.54
    1175697 | 11119786.56
    4457004 | 11117972.07
      21349 | 11116368.70
    6147925 | 11115605.12
    2830815 | 11113620.40
      30374 | 11113505.89
     317447 | 11113376.83
    4468626 | 11111967.23
    2057736 | 11111845.55
    4379105 | 11111464.04
    5373320 | 11109084.50
     169199 | 11108304.20
    6111724 | 11108275.60
     459116 | 11108174.75
    3141424 | 11106713.24
    4703141 | 11106593.22
    3217427 | 11106532.53
    2878409 | 11106097.64
    5336803 | 11104018.72
    6277295 | 11103614.57
    3886800 | 11102692.80
    2385442 | 11101984.00
    3717219 | 11100760.04
    1319122 | 11100480.24
    1263832 | 11100143.99
    1874665 | 11098767.26
    1876127 | 11098762.90
     657919 | 11098480.65
    1455459 | 11096992.10
    1061751 | 11096940.33
    4386914 | 11096378.35
    5300994 | 11096014.23
    6043853 | 11094670.63
    2182538 | 11092691.34
    5653065 | 11092596.27
    3785937 | 11092549.12
    1414046 | 11092305.75
    6139243 | 11091121.03
     144931 | 11090999.78
    1940012 | 11087216.56
    2827468 | 11086738.80
    2267126 | 11086474.50
    3572836 | 11085646.13
     778783 | 11081835.24
     607488 | 11081782.95
    6149597 | 11081382.91
    6211137 | 11081246.31
    1393122 | 11080441.24
    6158776 | 11079981.16
     535291 | 11079703.07
    6070785 | 11078290.15
    4001640 | 11075849.95
    6360742 | 11075146.27
    2221032 | 11073130.38
     687168 | 11070981.87
    3504472 | 11070662.72
    5745914 | 11069757.63
    2074506 | 11069702.33
    3076272 | 11068097.84
    5983504 | 11067687.74
    3003625 | 11067625.52
    6070691 | 11066038.88
    2856609 | 11065061.33
    1980840 | 11064912.42
    5060149 | 11064760.52
    5033674 | 11063998.71
     497478 | 11063427.60
    4228639 | 11062591.76
    1805101 | 11060971.02
    3415294 | 11060904.01
    5898153 | 11059988.66
    5916192 | 11059406.48
    6361830 | 11059074.27
    2900514 | 11057767.14
    2285275 | 11057286.38
      67100 | 11055965.62
    1022964 | 11055817.86
    2773259 | 11055535.93
    5735007 | 11055380.26
    1938763 | 11055279.87
    1314184 | 11055113.07
    1840165 | 11054641.99
      95116 | 11054312.02
    4551848 | 11053420.14
    4725163 | 11053040.55
    3015727 | 11051910.80
     197173 | 11051243.68
    2141928 | 11050708.24
    1132960 | 11050010.04
    3994431 | 11049722.02
    2931560 | 11049525.26
    4230030 | 11049483.70
    3206755 | 11046572.30
    3056231 | 11045186.28
    3275519 | 11044407.20
     783129 | 11044170.73
    4618259 | 11043570.53
    1299784 | 11040772.70
    2128616 | 11040687.84
    1607223 | 11040641.99
    3017757 | 11040480.80
    2943319 | 11040145.92
    6325449 | 11039845.73
    5193357 | 11037508.93
    4620839 | 11037243.20
    3425539 | 11036678.00
    2319879 | 11036372.13
    6157676 | 11034593.30
    3107342 | 11032687.63
    2233789 | 11031779.58
      13510 | 11030780.80
    5112089 | 11030768.40
    4799885 | 11030665.20
    3580064 | 11029724.88
    4006620 | 11029480.29
    3555569 | 11027856.66
    1139478 | 11027225.51
    3099831 | 11026989.27
    3605027 | 11026479.60
    5296244 | 11026398.46
    2833300 | 11026377.66
    2494203 | 11026117.85
    6314511 | 11026019.58
    3844538 | 11025862.40
    3214547 | 11025428.56
    2444435 | 11024423.43
    5996120 | 11023638.46
    3833951 | 11023294.65
    1293024 | 11022949.05
    3244936 | 11022894.44
    5408815 | 11022704.70
    3217602 | 11021893.44
    4793884 | 11021847.01
    1766439 | 11021247.12
    1278755 | 11021076.56
    1184410 | 11020314.65
    4772869 | 11019546.78
     489134 | 11018681.04
     493897 | 11018620.76
     879167 | 11017925.08
    3500236 | 11016668.30
    1440624 | 11013221.66
    5381712 | 11010873.44
    2684202 | 11010231.92
     254493 | 11009227.33
    5454465 | 11008550.70
    5209004 | 11007138.44
    1208402 | 11006087.62
    5205964 | 11005749.92
     953006 | 11005362.70
    3296043 | 11005163.72
    3819071 | 11004598.47
    5426963 | 11004054.60
     480818 | 11003697.90
    3183138 | 11003152.69
    4198138 | 11003065.68
    2014889 | 11002972.81
    5279959 | 11002547.92
    4160779 | 11002083.49
    2049556 | 10999962.45
    3748332 | 10999384.45
     821048 | 10998986.08
    5513357 | 10998062.71
    1508946 | 10997991.78
    1694541 | 10997289.63
    4101358 | 10996478.84
    2096007 | 10995971.10
    1795617 | 10995777.80
    2888712 | 10995013.99
    1271954 | 10994419.52
     868864 | 10994301.39
    3765709 | 10993208.17
    3328582 | 10992954.17
     686086 | 10992683.04
     647949 | 10990910.07
    2003264 | 10990722.35
    4556268 | 10989908.34
    3201895 | 10989793.54
      85642 | 10989585.88
    5666165 | 10988473.90
    5752552 | 10987977.83
    5560221 | 10987956.21
    3489558 | 10987857.68
    5269207 | 10986703.04
    3196289 | 10985007.74
     772277 | 10983722.26
    2190069 | 10983571.10
    6164663 | 10983365.04
    3376163 | 10982737.66
    4840130 | 10982062.92
    4265469 | 10982034.43
    5889778 | 10980581.29
    2873884 | 10979823.40
    5758816 | 10978837.84
     263265 | 10977896.87
    2071624 | 10977090.32
    6330617 | 10974677.82
    5990555 | 10974358.17
    2930908 | 10972100.01
    4783089 | 10971936.93
     854050 | 10969111.60
    4718814 | 10965315.01
    6014734 | 10963985.10
    1906904 | 10963642.10
    6300146 | 10962187.74
    5575659 | 10961901.10
    1470374 | 10960834.46
    1007462 | 10960428.64
    3541481 | 10960390.34
    6223923 | 10960230.80
     121133 | 10960148.82
    6322970 | 10959244.04
    3629005 | 10959000.44
    3201451 | 10958199.19
    2409633 | 10957925.90
    6052794 | 10957109.28
     417188 | 10956014.41
    5557482 | 10954488.73
    1227925 | 10953864.08
    1972500 | 10953785.97
    2557310 | 10953601.24
     148118 | 10951872.24
    3322782 | 10951726.85
    4021788 | 10951560.75
    2481450 | 10951077.75
     686852 | 10949939.77
    5609537 | 10949669.17
    5712159 | 10949537.41
    5705321 | 10949144.32
    5641612 | 10948967.39
    4916838 | 10948654.55
     184982 | 10947850.28
    2204430 | 10947574.08
    4207036 | 10947268.94
    4639285 | 10946376.41
     289114 | 10946151.48
       2412 | 10946085.96
    5221929 | 10944524.94
    3152365 | 10944501.75
    5870992 | 10944439.48
    4422656 | 10943889.58
    4304665 | 10941912.16
     949330 | 10941725.33
    3902732 | 10941225.53
    6209181 | 10940580.69
    3882583 | 10940422.40
    4878977 | 10940193.39
    4061640 | 10939408.27
    2481422 | 10939166.77
    6232343 | 10937971.45
    1636951 | 10937805.60
     523161 | 10937779.08
    3994746 | 10936746.29
     292392 | 10936192.65
    4260926 | 10935964.86
    1130924 | 10934720.20
    4519362 | 10932877.62
     566594 | 10931456.09
    5287257 | 10930524.52
     940718 | 10929640.32
    5907569 | 10927812.28
    6254399 | 10925314.53
    5711923 | 10925157.34
    3927564 | 10924901.55
    2891751 | 10924364.56
    1675819 | 10923511.66
    4642653 | 10922987.79
    2745622 | 10922469.28
     474527 | 10922330.96
     546378 | 10921748.69
    4411760 | 10921466.56
    1840068 | 10920630.27
    5386671 | 10920170.08
    1166347 | 10919974.68
    3160133 | 10919942.45
    4500193 | 10918684.55
    3045908 | 10918364.44
    3010385 | 10918030.21
    6289026 | 10917830.76
    1314161 | 10917066.80
    1139019 | 10916945.68
     417467 | 10916730.79
    2079523 | 10914579.95
    3651945 | 10914377.12
     202100 | 10914216.66
     192106 | 10914025.10
    4747392 | 10912798.09
    4244791 | 10911639.06
    5081381 | 10911141.48
    1856681 | 10910222.85
    3824124 | 10909802.44
    5805932 | 10909451.89
    2833101 | 10907426.76
    5064888 | 10906949.00
    2922975 | 10906843.68
    6248222 | 10906488.80
     912102 | 10905380.06
    5811365 | 10904797.29
    3992906 | 10904292.04
    4274163 | 10903046.34
    5204305 | 10902820.63
    2999157 | 10902285.92
    2438186 | 10901690.55
     877398 | 10899966.88
    4662870 | 10899837.71
    1114508 | 10899655.98
    4256705 | 10898818.87
    4454021 | 10898597.04
    6154966 | 10898594.00
    2314050 | 10897688.25
    6392823 | 10896509.16
     487520 | 10895636.77
     892756 | 10895409.90
    4152375 | 10892135.84
    4389196 | 10891377.60
     544416 | 10890583.38
    4795796 | 10889799.97
    4981033 | 10889052.51
    3936777 | 10888950.94
    4969612 | 10888556.22
    1930520 | 10886845.75
    1650181 | 10886444.88
    4723990 | 10885642.74
     461875 | 10885446.65
    5148110 | 10885446.50
    2726665 | 10885424.02
    3941377 | 10885408.50
    1046017 | 10884369.02
    4906024 | 10884176.68
    4393934 | 10884066.09
    5268468 | 10883304.17
    3916516 | 10883293.13
    5148703 | 10881895.59
    2564019 | 10880911.80
    2286674 | 10879521.87
    1896990 | 10878573.10
    3511907 | 10878513.71
    3642622 | 10877944.02
    1621514 | 10877800.35
    2744973 | 10876133.95
    2911958 | 10875865.14
    6357481 | 10873577.50
     886614 | 10872950.69
    4856413 | 10871362.60
     253352 | 10871006.76
     703500 | 10870205.77
    4113705 | 10869949.07
    5464452 | 10869068.13
    3563034 | 10868214.96
     773280 | 10867994.41
    3932881 | 10867786.33
    4475632 | 10867128.46
    4831673 | 10865407.23
    2784814 | 10863326.52
     179784 | 10863052.15
     183954 | 10863047.79
     777872 | 10861717.74
    3773047 | 10861050.19
    4200688 | 10858192.57
    5539363 | 10857825.25
    5966840 | 10857584.22
    1971650 | 10857326.24
    3545657 | 10857255.42
    4232761 | 10856360.87
    2770143 | 10855941.08
    2112853 | 10855084.91
     451978 | 10854891.06
    1509428 | 10854216.94
    5085187 | 10854186.38
    5962987 | 10854099.92
    4157685 | 10854020.31
     848741 | 10852119.54
    1102400 | 10851918.51
    4255385 | 10851715.80
    2603820 | 10851515.65
    2226111 | 10851466.87
     687714 | 10851277.65
    3420226 | 10850730.70
    4256426 | 10850470.60
     712074 | 10850437.38
    4103839 | 10849826.70
    1554810 | 10848438.24
    1538759 | 10847070.64
    4977428 | 10846100.10
    3830464 | 10845562.91
    1889547 | 10845075.35
     952799 | 10843423.32
     395269 | 10842801.45
    2749996 | 10842548.38
    2444724 | 10842483.62
    4942431 | 10842427.91
    5430832 | 10842405.65
    5314570 | 10842288.51
    5543488 | 10841496.21
    3354271 | 10839393.60
    3213899 | 10837998.82
    4380853 | 10837971.97
      33269 | 10837865.91
    6025387 | 10837279.39
    3126063 | 10837157.60
    5140441 | 10837139.75
    4917267 | 10836244.04
      86766 | 10836107.00
    2593200 | 10835463.33
    1588103 | 10835273.60
    4714489 | 10834420.60
    2402475 | 10834232.09
    2712540 | 10833238.00
    1352068 | 10831934.81
    3940904 | 10831807.91
    2320052 | 10831299.19
    5365418 | 10830081.01
    3721200 | 10828998.24
    3768901 | 10828851.32
    3022599 | 10827970.97
    3071010 | 10827752.60
    5882959 | 10827326.23
    2424126 | 10827189.24
    1253788 | 10827109.68
     865539 | 10826070.37
    5577368 | 10825788.06
    3373363 | 10825157.38
    5593521 | 10824372.83
    4777785 | 10823835.51
    4813028 | 10822580.50
    5374342 | 10822392.71
     554086 | 10821508.13
    5980596 | 10820865.21
    2328500 | 10818464.64
    2080996 | 10818102.10
    2987322 | 10817968.86
    2027790 | 10817534.20
    3951274 | 10816975.25
    1919152 | 10816727.62
    1435485 | 10815119.17
    3730084 | 10814405.04
    1909599 | 10814083.40
    4728514 | 10813058.64
    2600724 | 10813012.29
    5079131 | 10812639.38
    4635452 | 10810183.14
    6312804 | 10809918.02
    2461050 | 10809379.59
    1769206 | 10809254.18
    1625350 | 10808169.47
    2888370 | 10808019.38
    5609362 | 10807189.66
    1674806 | 10806906.17
    1853541 | 10805940.62
    4094752 | 10804180.56
    3669349 | 10803929.11
    2065002 | 10801806.23
    4759701 | 10801052.57
    4419385 | 10795050.59
    5951682 | 10793081.47
    6108591 | 10791544.50
    3918357 | 10791125.64
    4288705 | 10789041.73
    2101583 | 10785959.96
    5091019 | 10785710.10
    3816219 | 10785375.85
    5528477 | 10784550.41
    4649613 | 10783671.32
    5976435 | 10783411.96
    4866278 | 10782783.49
    3874974 | 10781990.02
    4366049 | 10781762.97
    3161895 | 10781499.12
    4365410 | 10780953.68
    3881600 | 10777238.94
    4997437 | 10775746.19
    2984793 | 10775514.89
    6100388 | 10774794.69
     878353 | 10774721.40
     221924 | 10771692.24
    6180040 | 10771425.53
     277678 | 10771270.11
    3058236 | 10769884.38
    3118104 | 10769275.23
    5642883 | 10768496.34
    2294877 | 10768449.76
    3121073 | 10768299.75
    1157782 | 10768183.80
    1564473 | 10768105.48
    3448388 | 10767860.80
    5095205 | 10767647.94
    4460866 | 10767330.36
    3584888 | 10767293.47
    2845303 | 10767045.08
    4343727 | 10766542.63
    3567715 | 10765445.33
    1477376 | 10765387.98
    1341355 | 10764736.86
    3760474 | 10762866.55
     125986 | 10762213.48
    2283042 | 10762094.29
    5580405 | 10760954.84
    1660843 | 10760637.96
     550606 | 10760462.65
    1363835 | 10759148.16
     967440 | 10758897.92
     207748 | 10758465.32
      56330 | 10758434.12
    5771164 | 10757008.53
    5167979 | 10756596.50
    5460066 | 10756496.84
    6215956 | 10756494.73
    6130049 | 10755292.47
    3129258 | 10754865.23
     745395 | 10754819.54
    5455329 | 10752726.81
     312063 | 10752105.93
    2239861 | 10750657.62
    3984262 | 10750107.42
     111640 | 10749956.39
    6208137 | 10748468.88
    3852739 | 10748018.59
    1204795 | 10745597.05
     157763 | 10745592.16
    6273371 | 10743744.31
    3949487 | 10743008.82
    2197089 | 10742631.93
    1955378 | 10741948.10
      94952 | 10741241.79
     152787 | 10741143.43
     444438 | 10740901.44
    4508168 | 10738171.46
     769060 | 10737896.05
    1995319 | 10737509.30
    1476988 | 10737105.28
    4840278 | 10736655.89
    2102744 | 10736643.06
    1860923 | 10736492.60
    6193352 | 10735179.75
    5612267 | 10734037.95
    4022646 | 10733675.02
    3564053 | 10732941.92
     622768 | 10732273.50
    4548398 | 10732103.74
    4002210 | 10731789.89
    5512744 | 10731464.01
    5862152 | 10730084.48
    5715410 | 10729518.32
    6391325 | 10728754.20
    1293090 | 10728489.72
    5955692 | 10727501.34
    2964966 | 10727260.57
    2059122 | 10727205.59
    5334812 | 10726913.23
    2019395 | 10725942.20
    2337826 | 10725564.28
    4819033 | 10723566.59
    2960615 | 10723391.34
    3074396 | 10723065.13
    1478251 | 10722143.10
    3408978 | 10721336.57
    5119191 | 10720852.49
    4310809 | 10720388.52
    4224384 | 10719615.36
    4315237 | 10719610.76
     376694 | 10719561.53
     437519 | 10719172.62
    1023792 | 10718121.95
    1714319 | 10717506.78
    3299165 | 10717487.06
    1398674 | 10717360.53
    4973706 | 10717148.62
    3385935 | 10716979.26
    3172415 | 10716591.16
    3383904 | 10716459.44
    1867137 | 10715852.53
    6236080 | 10715825.35
    1499027 | 10715508.74
     984229 | 10713947.75
     103265 | 10713350.73
    4238496 | 10712335.04
    4648197 | 10711693.37
    2827823 | 10711686.72
    4269474 | 10711028.70
    5619305 | 10710455.92
    4984624 | 10710136.92
    3918255 | 10709868.51
    5795789 | 10709238.77
    4861084 | 10709061.69
     475412 | 10707924.48
    3023598 | 10707720.36
      66538 | 10707186.24
    5571180 | 10707106.94
    3227474 | 10706430.11
    4834139 | 10706269.55
    5094094 | 10705697.16
    2565696 | 10705175.95
     854776 | 10704792.35
    6037185 | 10702666.00
    5230834 | 10699679.14
    2348189 | 10699131.75
    2668342 | 10697336.20
     531810 | 10696504.06
    3548082 | 10695831.02
    2319866 | 10695324.26
      88840 | 10694696.97
    4397796 | 10692825.24
    6274999 | 10691933.70
    2154016 | 10691611.14
    4007366 | 10690616.70
    3477481 | 10688966.81
    6222964 | 10688551.84
     185937 | 10687278.87
      30988 | 10687214.08
    4345343 | 10687211.31
    5708067 | 10686237.21
    3352057 | 10685992.29
    5087471 | 10685506.37
    6388327 | 10685190.45
    2872994 | 10684590.45
    4798131 | 10683483.18
    1183958 | 10683053.64
    6169589 | 10683015.07
    2875588 | 10682889.37
    5765235 | 10682775.48
    5042910 | 10682762.50
     371443 | 10682514.53
    2227982 | 10682413.43
     473342 | 10681667.02
    4167465 | 10681255.03
    6296126 | 10681026.07
     739361 | 10680077.90
    2893746 | 10680050.62
     110546 | 10679330.06
    5373312 | 10678782.26
    5260006 | 10678622.23
    3008945 | 10677797.28
    6097868 | 10677723.63
    1018040 | 10676570.99
    5095936 | 10676475.85
    4660501 | 10675070.60
    5853783 | 10674785.74
    4388277 | 10674459.48
    1292344 | 10672777.54
    2728934 | 10671842.87
    3985356 | 10671243.25
    1094888 | 10670523.52
    5206916 | 10668663.84
    2676266 | 10668539.09
    5483782 | 10668102.04
     856113 | 10666722.77
    3256287 | 10666429.39
    4858611 | 10665958.50
    3433912 | 10665127.37
    4739011 | 10664098.74
    3087052 | 10663450.47
    4097093 | 10663430.72
    2027788 | 10661265.02
    5762916 | 10660262.02
    2159724 | 10660256.75
      29020 | 10659853.76
    4847950 | 10659074.04
    3232482 | 10658768.85
    4660575 | 10658469.07
    5442813 | 10655673.99
    2407615 | 10654140.61
    5072128 | 10653763.24
     598878 | 10652876.02
    1461587 | 10652475.85
    4506658 | 10651818.34
     771783 | 10651714.38
    2555243 | 10651267.62
    5195519 | 10651172.24
     875365 | 10651141.73
    5816386 | 10649641.75
    4743740 | 10649529.00
    2619815 | 10649515.41
    4727618 | 10649464.17
    3714284 | 10649242.58
    3732434 | 10648070.28
     720062 | 10646578.33
    3671927 | 10645691.28
     869706 | 10644238.92
    6355408 | 10643945.64
        659 | 10643019.67
    6067984 | 10641902.94
     337529 | 10641410.92
    4299835 | 10640213.43
    5966818 | 10640070.28
    4579646 | 10639105.27
    3708258 | 10638935.59
    1411447 | 10638225.35
    3636623 | 10638138.38
    1922300 | 10637929.05
    5036295 | 10637773.91
     729148 | 10636993.50
    2188707 | 10636331.00
    2416423 | 10635952.18
    5203254 | 10635761.78
    5531513 | 10632978.73
    1249568 | 10631187.79
    1245272 | 10629017.44
    1630829 | 10627613.37
     495553 | 10627085.75
    2556360 | 10626701.05
    2644123 | 10624308.35
    6181577 | 10623310.98
    2994861 | 10622849.86
     293412 | 10622113.86
    3528708 | 10621751.25
     321151 | 10621159.84
    4514911 | 10621053.70
    2917894 | 10620108.27
    5102720 | 10619802.81
    3670795 | 10618558.20
    3006847 | 10618242.28
    6045538 | 10618213.09
    2993802 | 10617447.14
    1053405 | 10616773.83
    6246859 | 10616408.00
     172746 | 10616047.21
    1165980 | 10615340.61
    2799375 | 10615099.92
    5614897 | 10614580.50
    2590464 | 10614520.53
    1304928 | 10614244.73
    4161046 | 10613815.00
     338786 | 10612990.47
    4025605 | 10611819.34
    5587482 | 10611495.48
    2969619 | 10610696.94
    5297702 | 10609838.58
    1489048 | 10609471.24
    1907293 | 10609351.20
    5983242 | 10607546.01
    1649396 | 10607219.07
    2841752 | 10606157.76
    3123362 | 10606139.52
    2568309 | 10606007.36
    1268246 | 10605906.27
    3829287 | 10605675.14
    1117304 | 10604535.76
    1192883 | 10602747.04
    3928529 | 10602157.74
    3290055 | 10601813.72
    2978730 | 10599811.34
    2341743 | 10598908.80
    5307982 | 10598699.89
    3001877 | 10598595.79
    4304583 | 10597751.65
    3162713 | 10596827.92
     922897 | 10596603.92
    2581948 | 10596487.26
    6310886 | 10596103.00
    4813328 | 10596059.19
      88209 | 10595591.20
    4563632 | 10593842.35
    2476070 | 10593246.36
    5101129 | 10592478.91
    6165819 | 10592339.65
    1956600 | 10590845.91
    5249572 | 10590276.40
    1576345 | 10590070.53
    6324625 | 10589522.70
     892178 | 10589422.86
     615959 | 10587479.00
    4269269 | 10587175.96
    5849588 | 10586887.06
    1165931 | 10586143.33
    1614309 | 10585491.42
    3845318 | 10585393.54
    4840110 | 10584934.26
    2088857 | 10584394.45
    4157678 | 10583766.72
    1393817 | 10581695.05
     117000 | 10579806.85
     864919 | 10579793.53
    3583109 | 10579485.46
    3250590 | 10578930.50
    5875763 | 10578843.48
    2643984 | 10578819.83
    5320333 | 10577490.68
    2248149 | 10577469.18
     502626 | 10577097.00
    2291893 | 10576783.09
    3728061 | 10576022.92
    2667851 | 10574496.96
    4219655 | 10574282.31
     399475 | 10573956.07
    3584135 | 10573706.43
    2122827 | 10572448.17
    5481852 | 10571889.20
    3725414 | 10571452.97
    3744422 | 10570985.29
    4702628 | 10570792.40
    4773281 | 10570488.66
    2486539 | 10570443.83
    3184200 | 10569233.38
    3309239 | 10569150.31
    6172998 | 10568965.48
     192616 | 10568840.98
    4553205 | 10568305.11
    6090771 | 10567966.03
    1534940 | 10567723.44
    3696494 | 10566379.59
    5201403 | 10566110.91
    3200435 | 10565244.25
    3757063 | 10562784.56
    2756404 | 10562262.58
    3604728 | 10561967.38
    1627068 | 10561937.30
    1005636 | 10561290.36
     580859 | 10560343.20
    4524299 | 10560150.38
    3503871 | 10559742.84
     835432 | 10559444.59
    3590036 | 10559325.30
    2310036 | 10559151.18
    6096933 | 10559113.29
    1845370 | 10558646.44
     157590 | 10558240.59
    3045701 | 10556997.99
    4232386 | 10556526.00
    5304864 | 10556356.09
     809643 | 10556135.16
    4105708 | 10556022.60
     155467 | 10555396.95
    1743880 | 10553902.80
    2245996 | 10552923.71
    6292302 | 10552201.35
    5531435 | 10550988.12
    2207973 | 10548476.82
    1592421 | 10548259.12
    4063196 | 10548032.11
      99777 | 10547928.03
    2579524 | 10546333.80
    6385482 | 10546086.41
    1360814 | 10545179.25
    3997485 | 10543186.72
    1805893 | 10543049.36
    2422731 | 10542907.26
    2365946 | 10542836.65
    2464804 | 10542754.83
    1089046 | 10542481.96
    6193471 | 10540972.56
    2017467 | 10540144.90
    6295716 | 10539203.02
    3220004 | 10536352.03
    2532682 | 10536063.32
    1708983 | 10536034.44
    6381957 | 10535806.74
     274747 | 10534579.36
    2678744 | 10534050.37
    4895086 | 10533791.67
    3007952 | 10533138.24
     734260 | 10533059.37
    4938256 | 10532129.60
     401785 | 10531380.80
    5097108 | 10529823.77
    5896404 | 10529627.63
    1398955 | 10529340.60
    4822430 | 10529114.96
    3275029 | 10528969.22
    4076348 | 10527598.95
    5655008 | 10527182.27
    1594624 | 10525957.54
    4043827 | 10525913.13
     275789 | 10525176.98
    5160750 | 10523761.32
    2682559 | 10522577.07
    5091102 | 10522445.38
    5791735 | 10522401.16
    6136898 | 10522320.66
    4220894 | 10521715.32
    1973553 | 10521119.13
    6331495 | 10520334.37
    3833784 | 10519830.66
    2929453 | 10519822.47
    3676892 | 10517464.49
    2037482 | 10516508.26
    2769472 | 10516474.76
     100965 | 10515604.06
    1208206 | 10515064.14
    3840426 | 10514274.15
     308118 | 10513174.79
    5286704 | 10513095.41
    4139062 | 10512247.09
     480770 | 10511359.63
    3769849 | 10510998.32
    3922059 | 10510595.59
    5242748 | 10509201.78
    2149648 | 10508569.59
    4181766 | 10507995.16
    2529260 | 10507555.51
    5498435 | 10507460.20
    4110453 | 10506623.31
    3488456 | 10505980.16
    2819279 | 10505941.68
    1759363 | 10504842.21
    4179398 | 10504603.93
    3776801 | 10503157.20
    3805931 | 10501707.38
     402438 | 10501395.58
    3102076 | 10499768.89
    4751233 | 10499302.18
    5270745 | 10498593.88
    2052306 | 10497927.84
    3086669 | 10497826.87
    2540164 | 10496715.95
     438974 | 10495955.39
    6201920 | 10494745.67
    5991828 | 10494556.33
    5157395 | 10494089.37
    4445246 | 10493968.25
    3296383 | 10492889.88
    2479564 | 10492485.94
    3762562 | 10492419.27
    2219663 | 10492305.29
    4337209 | 10491916.08
    2140278 | 10491567.60
    5238511 | 10491023.49
    3521006 | 10490501.38
    3192805 | 10489380.94
    1602914 | 10488721.52
    4442211 | 10487727.76
    1427225 | 10487721.25
    2165406 | 10487038.80
    3849726 | 10486425.86
     162989 | 10486352.87
     575517 | 10486266.58
    6341746 | 10485784.59
      87951 | 10485298.73
    5186041 | 10484918.03
    3851974 | 10483893.84
    1647442 | 10483284.32
    6107832 | 10482543.60
    2142993 | 10481790.12
    2234518 | 10481744.25
    6039738 | 10481389.30
    1078972 | 10481168.51
    4998523 | 10480625.84
    3173232 | 10480059.57
    5795352 | 10479934.29
    5361002 | 10479056.87
    4449104 | 10477626.07
    4554904 | 10477414.12
    5012443 | 10477063.44
    4845456 | 10476439.62
     768850 | 10476297.03
    1017137 | 10475888.44
    6258410 | 10475409.78
    4644256 | 10474971.16
    4789145 | 10474386.16
    1802335 | 10474381.32
    4553163 | 10473942.21
    4533472 | 10473838.76
    4924792 | 10472827.24
    2531102 | 10472436.27
     634196 | 10471515.12
    2344211 | 10470378.09
     282274 | 10470024.16
     136149 | 10469603.81
    3592990 | 10469331.33
    1003830 | 10469171.61
    4666764 | 10469151.70
    2332526 | 10468995.87
    6143918 | 10468982.37
    3941952 | 10468100.17
     345537 | 10467865.90
    5240701 | 10467047.87
    5418062 | 10466279.91
    4579293 | 10466275.14
    4084863 | 10466081.48
     420987 | 10465674.28
    3253421 | 10465163.05
     230555 | 10463957.90
    2570212 | 10463551.07
     877118 | 10463507.94
    2586944 | 10462772.19
    4737000 | 10461793.62
    2029779 | 10461446.07
    6097609 | 10461199.39
    5252347 | 10460972.13
    4176095 | 10460207.76
    2760734 | 10459980.70
    4799126 | 10459516.53
     754282 | 10459494.48
    5701504 | 10458284.32
     353215 | 10457657.78
    4362597 | 10456732.64
    6377914 | 10455618.61
    1891647 | 10455553.86
     404495 | 10454585.83
    2816078 | 10453458.04
    2168048 | 10453445.66
    3877770 | 10453043.65
    5648913 | 10452583.02
    1463954 | 10451980.54
    3526365 | 10451808.02
    1410390 | 10451090.07
    3513344 | 10450547.60
    6056881 | 10450108.18
    5747960 | 10449322.03
    5296730 | 10448639.06
    2782833 | 10448575.06
    5758958 | 10447997.35
    2091690 | 10447559.73
     801782 | 10446181.61
    1006926 | 10446110.46
    1445569 | 10446032.70
    4499336 | 10445604.54
    2155261 | 10445134.57
    2202125 | 10444296.40
     557444 | 10443879.73
    3720820 | 10443135.33
    3178043 | 10442879.84
    3115224 | 10441860.64
     501363 | 10441648.14
    4575839 | 10440743.58
    3188934 | 10438942.70
    3741923 | 10438406.43
    1547568 | 10437135.17
    2928911 | 10436706.94
    4590466 | 10436134.89
     329642 | 10435388.21
    4756105 | 10434436.30
    4549159 | 10433640.33
     370056 | 10433280.75
    5802349 | 10433221.74
    5489955 | 10433054.42
    2412739 | 10432441.53
    1339874 | 10431970.04
    4719014 | 10431969.45
    1118811 | 10431190.74
    5557424 | 10430824.81
    5122692 | 10430529.02
    2680218 | 10429099.93
     770117 | 10428321.05
    3137182 | 10428238.15
    3178390 | 10427574.06
    3059266 | 10427436.38
    3142390 | 10427342.62
     177833 | 10426865.25
    3950173 | 10426188.34
    3120698 | 10425282.44
      80659 | 10425264.85
    3045217 | 10424939.89
    3919367 | 10424387.66
    5073699 | 10424239.18
    2204731 | 10423960.04
    4898764 | 10422360.49
    1155897 | 10422304.50
    5936982 | 10421843.63
    1392755 | 10420319.02
    2772446 | 10419146.20
    4173380 | 10418859.32
    3500624 | 10418785.13
    1443797 | 10418301.18
    1263351 | 10417721.17
    1422571 | 10417643.22
    4357772 | 10417611.21
    6214056 | 10416612.52
    2744008 | 10416056.70
    4266659 | 10415336.43
    2615161 | 10414664.93
    4085456 | 10414478.91
    2064925 | 10414102.52
    4119991 | 10413370.11
    5443266 | 10413209.52
    5245598 | 10412217.60
    3573641 | 10411925.46
    2037773 | 10409495.54
    1660710 | 10408976.28
    1351608 | 10408750.40
    2761375 | 10408538.77
    6286092 | 10408390.82
    5673926 | 10408008.22
     790030 | 10407656.34
     270988 | 10407200.87
    3118692 | 10406612.14
     946536 | 10406602.43
    6012533 | 10406453.09
    1430257 | 10404439.33
    3853328 | 10403946.00
    2362237 | 10403805.12
    3243085 | 10403555.48
    6245889 | 10403416.38
    6280546 | 10403369.32
     697799 | 10403078.62
    4736355 | 10402369.13
    2410055 | 10401982.90
     720454 | 10401594.88
    3147700 | 10401170.92
    2261064 | 10400833.44
    5565663 | 10400416.86
    2511589 | 10399314.76
    1329412 | 10398238.77
    2419770 | 10397596.32
    5245781 | 10396347.58
    5750811 | 10395997.76
    2443276 | 10395406.60
    1599316 | 10395307.05
    4034950 | 10394823.07
       8730 | 10394751.18
    2478789 | 10393784.29
    1837219 | 10393610.56
    3270086 | 10393292.94
    2086706 | 10392130.44
     422152 | 10391864.74
     286682 | 10390934.88
     334266 | 10390669.80
    1494918 | 10390132.11
    1050806 | 10389910.70
     323442 | 10389859.56
    3317504 | 10389057.60
    4676091 | 10388675.68
    6068960 | 10388421.66
     272941 | 10388359.07
      65643 | 10388215.12
    5165127 | 10387048.18
    1997361 | 10386283.44
    6145902 | 10384870.41
    6306732 | 10384723.20
    6079887 | 10384325.37
    5255548 | 10384087.57
    4765464 | 10383525.00
     331406 | 10383391.06
    5646114 | 10383074.40
    5088978 | 10382663.55
    1091105 | 10382338.86
    4597913 | 10382170.22
    4335398 | 10380998.48
    2818776 | 10380400.80
     700411 | 10380280.87
    3742866 | 10379877.25
    3437374 | 10379875.71
    1249486 | 10379769.60
    4981130 | 10379350.17
     625671 | 10379254.28
     947678 | 10377073.65
    4951247 | 10376744.20
     246966 | 10375422.80
     794392 | 10374897.22
    2541247 | 10372392.12
    5145061 | 10371660.30
    4240446 | 10371193.86
    2606651 | 10370364.42
    4428451 | 10368093.40
    4580873 | 10367946.43
    4485725 | 10367700.52
     209739 | 10366319.02
    5433228 | 10365451.81
    1904069 | 10364934.65
    1165491 | 10364532.54
    4091203 | 10364502.05
    4302912 | 10364481.52
    4467262 | 10362671.80
    1347450 | 10361645.17
    5861015 | 10360657.24
    5612125 | 10360152.76
     818835 | 10359281.48
    2391721 | 10358998.60
    2957717 | 10357926.21
     330933 | 10357802.38
    1842987 | 10354583.13
    2967495 | 10354558.71
    4314571 | 10354283.44
     644785 | 10354279.83
    1892427 | 10353213.92
    6326878 | 10351515.00
    3304923 | 10351278.38
    5769114 | 10351220.28
    5975719 | 10350625.04
    4877470 | 10350124.74
    2608083 | 10349474.19
    6344523 | 10349149.26
    1824768 | 10348596.52
    1866861 | 10348502.89
    5629851 | 10347085.41
    2370652 | 10346723.00
    5680691 | 10346319.26
    3844830 | 10344363.12
    5966720 | 10343999.38
    5503920 | 10343948.90
    3057440 | 10343328.24
    6033758 | 10343027.04
    2803578 | 10342999.24
     878363 | 10342187.20
    5399032 | 10342042.06
    4512544 | 10341794.49
    3054567 | 10341457.76
    3292637 | 10341087.84
     555047 | 10338427.13
    5914737 | 10337709.39
     231627 | 10337640.53
    3264106 | 10337629.88
     941124 | 10337011.44
    2838629 | 10336647.75
    4453093 | 10335776.70
    2937122 | 10335195.25
    5900163 | 10334872.62
    4474530 | 10334636.47
    1632921 | 10334519.31
    1775457 | 10333683.41
    4385901 | 10333613.56
    2949667 | 10333578.98
    6316224 | 10333073.35
     616330 | 10332304.84
    5547706 | 10331078.17
    3561652 | 10330475.78
    3355929 | 10329468.46
    5719425 | 10329148.22
    5735497 | 10328675.26
    3192059 | 10328424.95
    2207666 | 10328382.42
    2552080 | 10327937.63
    2019973 | 10327428.30
    4459184 | 10327393.16
    2873564 | 10327245.61
     395256 | 10325738.39
    4341037 | 10325626.18
    6235646 | 10325532.52
    1076386 | 10325158.87
     871571 | 10324884.87
    3488878 | 10324074.44
    2346923 | 10323553.06
    3931407 | 10322806.20
    2107498 | 10322070.24
    4139418 | 10322022.29
    3913175 | 10320100.52
    2513780 | 10319506.88
    1968999 | 10319242.00
    3522024 | 10318847.30
    3389460 | 10318762.54
    3006481 | 10317370.32
    4427190 | 10317127.77
    4068664 | 10316476.64
    1041264 | 10315825.78
    4055737 | 10314894.80
    4643674 | 10314773.48
    1255960 | 10313920.98
    2504292 | 10313261.33
    2674818 | 10313144.47
    1986518 | 10311860.62
    3775651 | 10311615.82
    1551868 | 10311248.80
    4347182 | 10311061.93
      46148 | 10310947.28
    2117620 | 10309421.87
    1858986 | 10308470.18
    5815925 | 10307798.19
    2355768 | 10307686.88
    1746313 | 10306952.92
    1782305 | 10306581.24
    4762772 | 10306220.51
    2354011 | 10306066.25
    3603483 | 10305109.34
    3162856 | 10303994.41
    4017531 | 10303986.56
    5709862 | 10302837.54
    5986002 | 10302654.38
    1103880 | 10302128.59
    5858841 | 10301707.95
    2960659 | 10301319.12
    3182584 | 10301171.94
    3011879 | 10300576.25
    1147120 | 10299266.58
    5520537 | 10299185.34
    3965337 | 10298421.94
    3144900 | 10297732.88
     298888 | 10297376.09
    4931049 | 10296939.07
     527167 | 10296583.36
    3114780 | 10295601.94
    3617158 | 10294953.96
    5109512 | 10294348.57
    4925599 | 10293122.22
    4370686 | 10292801.71
    5329011 | 10291384.48
    1513807 | 10291284.87
    4735529 | 10291109.60
    3596296 | 10290515.10
    2800678 | 10289273.48
    4951298 | 10289154.36
     722533 | 10288663.84
    2290645 | 10288440.30
     355786 | 10287827.57
    5525739 | 10287440.15
    4346649 | 10287265.29
    3247852 | 10286834.90
     786953 | 10286832.50
    6034680 | 10286389.05
    4072150 | 10286151.22
    3078861 | 10284573.90
    5953653 | 10283404.95
     807842 | 10283304.03
    4797469 | 10282097.70
     635634 | 10281807.33
    2359324 | 10281767.29
    3739893 | 10281538.62
    3454128 | 10279960.13
    5105377 | 10279759.58
    3748971 | 10279290.08
    2458506 | 10279180.46
     994674 | 10278964.32
    5968910 | 10277989.11
    1170367 | 10277832.22
    5726327 | 10277555.54
    3282452 | 10277364.23
    3176433 | 10276866.48
    4963452 | 10275636.74
    1647532 | 10275049.16
    1108158 | 10275002.86
    3780901 | 10274862.92
    2605067 | 10274779.69
    5545658 | 10274313.81
    3398975 | 10273953.54
    2392760 | 10273333.84
     978029 | 10273057.61
    5354168 | 10272016.92
     546310 | 10271546.74
    5914134 | 10271372.34
    3052895 | 10271269.82
    4390487 | 10271045.86
    1383250 | 10270793.75
    5233154 | 10270725.22
    4783305 | 10270349.43
    6343405 | 10269889.16
    6380384 | 10267795.88
     839840 | 10267780.18
    5875372 | 10267718.37
    2611140 | 10267702.42
    5833075 | 10267093.30
    4913545 | 10266865.59
    2034143 | 10265395.20
    1641765 | 10263734.36
    4001072 | 10263256.07
    4513034 | 10262264.20
    5907127 | 10262124.41
    3995527 | 10261714.77
    3369169 | 10260726.65
    5445612 | 10260285.00
    4843026 | 10259796.74
    5430307 | 10259442.45
    4102848 | 10258074.75
    5465251 | 10257923.25
    1964176 | 10257525.22
    1092064 | 10257124.76
      59589 | 10257124.28
      95075 | 10256882.37
    1082794 | 10256845.33
    4451108 | 10256194.89
    4471488 | 10256194.06
    2221476 | 10255653.48
    5085546 | 10254833.01
    1227478 | 10254695.62
    1706871 | 10254112.47
    1370334 | 10253747.74
    4064432 | 10253411.30
    1942809 | 10252487.71
    6353393 | 10250192.42
    3219778 | 10248917.08
    5350496 | 10247778.50
    5231775 | 10247478.02
    5930102 | 10246912.96
    3673973 | 10246549.29
    4955071 | 10246474.55
    2849396 | 10246384.42
     836317 | 10244996.81
    2703470 | 10244877.90
    4623731 | 10244591.49
    4479418 | 10244288.50
    3526679 | 10244030.59
    2215928 | 10243835.93
    2583610 | 10243553.46
      45931 | 10242822.60
    4945347 | 10241409.67
    5926930 | 10240547.13
    6042883 | 10239781.39
    5955864 | 10239302.12
    1754863 | 10239072.61
    2219698 | 10238584.38
    1570302 | 10237653.01
     878366 | 10236924.10
    4652724 | 10236760.02
    5177700 | 10236556.30
    6283687 | 10236503.67
    2399592 | 10236453.73
    5345321 | 10235691.98
    1421763 | 10235576.05
    5846620 | 10235426.24
    1466196 | 10234838.88
    3921459 | 10234832.24
    4204933 | 10234475.17
    1817613 | 10234255.71
    5645730 | 10233677.16
    5074375 | 10231927.00
    5900385 | 10231029.49
    3245599 | 10230483.32
    3267361 | 10230043.50
    2690683 | 10229507.62
    3089805 | 10229280.43
    1934764 | 10228506.21
    5842934 | 10227994.27
     375050 | 10225294.29
    3588239 | 10225124.06
    3221013 | 10224870.04
    1061875 | 10224677.11
    6064491 | 10224606.97
    4102995 | 10224584.95
     293753 | 10223676.07
    5725435 | 10223523.87
    5848712 | 10222573.92
     165796 | 10222235.28
    1237785 | 10221871.03
    3850629 | 10221051.97
    2416362 | 10220519.43
    2168271 | 10220415.29
    2732276 | 10219867.68
    4288954 | 10219454.40
    3976491 | 10218825.62
    4565597 | 10218758.30
    2675228 | 10217993.16
    2396929 | 10217491.11
    1965829 | 10217257.16
    5017759 | 10216829.68
    5922503 | 10216239.45
    1021125 | 10215769.17
    1310854 | 10214927.82
    5977389 | 10214756.90
    3557433 | 10212864.24
     413405 | 10212856.16
     380804 | 10212812.62
     664710 | 10212309.03
    5589111 | 10212018.54
     793924 | 10212005.05
    3253933 | 10210285.19
    2521754 | 10210228.35
    1674573 | 10209097.78
    1589797 | 10208195.89
    5432742 | 10207965.00
    2117083 | 10207627.42
    1887707 | 10207568.66
     113490 | 10207546.80
    1861408 | 10207468.60
    4272654 | 10207139.23
    3947590 | 10206621.66
    4089124 | 10206602.07
    5362393 | 10206376.08
     142970 | 10206373.13
    3886485 | 10206122.08
     339781 | 10205369.92
     991213 | 10205129.04
    4107114 | 10205035.50
    1067250 | 10204964.28
    4480423 | 10204639.55
    4027118 | 10203530.78
    3556081 | 10203126.90
    5223427 | 10202701.05
    1651560 | 10202594.28
     793130 | 10202241.59
    3512379 | 10202048.16
    5497734 | 10201843.40
    4329549 | 10201022.01
    1753973 | 10200427.76
    2914643 | 10200052.78
    3534207 | 10199713.35
    5369036 | 10198552.90
    5242952 | 10198348.47
    4199174 | 10198124.56
    4095568 | 10198004.00
    6197276 | 10197013.27
    2866518 | 10196076.48
    5197933 | 10196060.23
    2165386 | 10195366.72
    3491632 | 10194840.96
    4070521 | 10194806.80
    1132366 | 10194510.29
    1512667 | 10194369.24
    3089471 | 10194064.00
     939275 | 10194045.35
    3684551 | 10192672.76
     988972 | 10192520.81
    3873829 | 10192227.92
    3640711 | 10191762.58
    1489970 | 10191538.23
    3000943 | 10191329.86
    3374410 | 10190544.12
    5613527 | 10189786.50
     632578 | 10189613.07
    4563183 | 10189558.96
    1893508 | 10188647.19
     991718 | 10188598.01
    4713479 | 10188126.52
    3867541 | 10187603.70
     443055 | 10187032.04
     982859 | 10185664.74
    6229275 | 10185399.32
    2601391 | 10185020.80
    1335564 | 10184619.41
    2288086 | 10184482.11
    2918879 | 10183656.39
    5670498 | 10183591.00
    4809220 | 10183556.79
    2174418 | 10183429.68
    2073973 | 10183383.98
    5996608 | 10183233.48
    2234263 | 10182598.08
    5469068 | 10181141.89
    2794616 | 10180564.35
    3870888 | 10178415.74
    2820391 | 10178167.37
    4576423 | 10176596.10
    4864371 | 10176471.34
    5866208 | 10175697.78
    2529291 | 10175377.66
    1564702 | 10175060.03
    4420180 | 10174562.20
    2908621 | 10173264.20
     667074 | 10173007.68
    4663522 | 10172902.70
     502250 | 10172027.87
    3613059 | 10171914.76
    2223832 | 10171369.32
    5457191 | 10171348.58
     561450 | 10170956.01
    5428456 | 10169916.08
    1111927 | 10169486.93
    5338497 | 10168663.24
    2253381 | 10168349.75
    4507898 | 10167999.70
    3311615 | 10167574.00
    5423906 | 10167423.42
    3022762 | 10167015.88
    5849488 | 10166852.33
    3603549 | 10166846.10
     995886 | 10166698.22
    4754719 | 10166345.77
    2625950 | 10166145.48
    4802051 | 10165629.18
    4174622 | 10165133.22
    1375188 | 10163461.46
      19293 | 10163227.78
    1394077 | 10162602.90
     151581 | 10162141.56
    4443047 | 10161536.04
    5729511 | 10161269.85
    3141268 | 10161073.91
    1966108 | 10160986.66
    1643068 | 10160979.49
    2439474 | 10160634.86
    3766167 | 10160486.59
     865862 | 10160387.92
    2325367 | 10159993.76
    5951275 | 10159608.66
    2103233 | 10158370.80
    5894845 | 10158222.23
    1669826 | 10157580.18
    1991402 | 10157241.08
    6210604 | 10155704.96
    1615876 | 10154940.52
    3656546 | 10154240.23
     945960 | 10154062.41
    3434497 | 10153934.48
    5194470 | 10153305.82
    4810380 | 10153301.63
    2741033 | 10152641.02
    2208416 | 10152164.95
    5739589 | 10151463.40
    5993711 | 10151203.35
    6142951 | 10151112.18
    4663692 | 10149782.61
    2381124 | 10149641.49
     626662 | 10149374.36
    4297922 | 10149241.24
    5358696 | 10149085.65
    3624484 | 10148890.77
    4204682 | 10148585.08
    3906436 | 10148193.79
     569869 | 10147907.36
    3031837 | 10147869.74
    1360516 | 10147760.11
    1036160 | 10147544.68
    2632849 | 10147492.39
    4710803 | 10147138.08
    4204201 | 10146233.40
    1286677 | 10145286.45
    6321931 | 10145229.49
    2137742 | 10144978.96
       1915 | 10144750.53
    5769897 | 10144674.21
    1045642 | 10144215.72
    3674067 | 10143867.04
    1430581 | 10143649.40
     329067 | 10143421.50
    5630849 | 10142970.73
    5185448 | 10142545.50
    6116423 | 10142378.40
    4144335 | 10141740.10
    5683317 | 10141560.13
    5823812 | 10141527.82
    3387813 | 10141094.52
    5958561 | 10141062.05
    2777817 | 10140571.90
    1368836 | 10140201.39
    1005311 | 10138273.28
    2944509 | 10137945.74
    5926775 | 10137750.56
    3942246 | 10135305.22
    1426463 | 10133520.57
     739411 | 10132943.88
     655555 | 10132798.22
    5126935 | 10132110.26
    5700836 | 10131921.22
    3330727 | 10131477.35
    5393122 | 10129754.88
    3687603 | 10129508.40
    2989452 | 10129456.26
     246681 | 10129128.50
    2130257 | 10129094.80
    3550029 | 10129063.31
    2858347 | 10128195.04
     631404 | 10128084.93
    4367116 | 10127706.82
    3890865 | 10127536.83
    2571946 | 10126595.38
    1826031 | 10126590.97
    1625960 | 10126019.55
    3629459 | 10124533.07
    5189246 | 10124184.10
    3285601 | 10123618.26
     333404 | 10123443.26
    5724159 | 10123022.99
    1802671 | 10122843.44
     527563 | 10122510.86
     132869 | 10122459.80
    1157920 | 10122087.78
    6225369 | 10122087.27
    1333279 | 10121551.47
    1206990 | 10121106.37
    2011191 | 10120073.03
    1125369 | 10119053.01
    4491654 | 10118609.34
     376696 | 10117217.64
    2945276 | 10117171.28
    5594171 | 10115900.85
    3222064 | 10115342.96
    3724913 | 10114522.66
    5753255 | 10113299.43
    2065960 | 10112719.65
    2933216 | 10111725.90
    4274941 | 10111089.87
    2331465 | 10110436.39
    1488858 | 10110388.51
    4984093 | 10110270.54
    4825413 | 10110182.96
    5024906 | 10109269.56
    3324321 | 10108611.08
     271172 | 10107688.95
    6293030 | 10107393.44
    1655849 | 10106872.24
    3380206 | 10106819.43
    5600368 | 10106269.44
    3676925 | 10105475.68
     452495 | 10103512.53
     720814 | 10102289.63
    1115947 | 10102083.49
    4405740 | 10102079.99
    4304925 | 10101906.92
    3679167 | 10101691.46
    3375989 | 10101158.10
    1700845 | 10100333.86
    6357426 | 10099560.94
    1342620 | 10099266.41
    3969462 | 10098834.53
    2359918 | 10098284.32
    3235926 | 10098254.22
    2530274 | 10098107.40
     552863 | 10097921.37
    6300365 | 10097440.96
    4902402 | 10094351.42
     551377 | 10093900.52
    6101948 | 10093880.78
    1815190 | 10093471.06
     644556 | 10093080.31
    4873429 | 10092669.08
     639324 | 10092348.92
     628910 | 10091861.03
    5468883 | 10091603.28
    2415867 | 10091290.12
    5605209 | 10091203.22
    5626884 | 10091138.02
    2421098 | 10090001.43
    3005337 | 10089743.58
     768578 | 10089111.45
    2658884 | 10088933.14
    2984113 | 10088370.40
    3232776 | 10087440.04
    6350454 | 10086907.83
    5042394 | 10086112.92
    1591573 | 10085771.78
    4819205 | 10085295.08
    4665923 | 10083751.82
    4452933 | 10083543.01
    5928782 | 10083401.91
      72615 | 10083264.50
    4461328 | 10082527.02
    6158395 | 10081985.09
    5963759 | 10081462.00
    4497940 | 10081164.64
    3357047 | 10081091.94
    4522953 | 10081086.46
    1601772 | 10080810.76
    4694686 | 10080037.92
     733086 | 10079039.81
    4157724 | 10078522.62
    6187322 | 10078334.74
    2061880 | 10077844.58
    4219459 | 10077718.15
    5241913 | 10077455.08
     617785 | 10076493.80
    3485505 | 10076408.90
    2875550 | 10075888.79
    1113434 | 10074769.58
    6204420 | 10074598.42
    4513462 | 10073643.73
    4566198 | 10073609.50
    1535315 | 10071904.70
     895553 | 10071556.44
    3146181 | 10071179.43
    1547274 | 10070732.26
    2860062 | 10070014.59
    4310903 | 10069445.13
    5731025 | 10069038.14
     660318 | 10068885.39
     903456 | 10068375.97
    2080597 | 10068170.58
    4978778 | 10067999.92
    6132972 | 10067898.10
    5105038 | 10067820.35
    5399058 | 10067685.32
    3240142 | 10066960.87
    6289490 | 10066654.18
     914159 | 10066341.56
    2794489 | 10066084.74
    4371373 | 10065857.25
    5287484 | 10065628.71
    1097479 | 10064936.08
    3356779 | 10064773.20
    5917625 | 10063962.80
     496463 | 10063589.11
    4287722 | 10063321.55
    4130006 | 10062754.70
    4959878 | 10062229.44
    4499310 | 10061977.36
    4307994 | 10060273.44
    4549195 | 10060121.62
    5892515 | 10059463.31
    1057437 | 10059207.68
     984666 | 10058568.85
    4293206 | 10058331.68
    1782822 | 10057501.32
    5186657 | 10056733.46
     732243 | 10056474.04
    3129637 | 10056448.47
    6283038 | 10056411.00
    2708590 | 10056088.80
    5677109 | 10054134.82
    3336259 | 10053684.97
    1513153 | 10053678.00
    2726982 | 10051904.52
    5458820 | 10051894.09
     657629 | 10051477.77
    4011871 | 10051028.40
    3150022 | 10050555.20
     281958 | 10050382.82
    5187658 | 10050206.77
     680272 | 10050139.86
    5569571 | 10049838.82
    6003193 | 10049494.03
    2592901 | 10049025.68
    5793227 | 10048734.51
    1413415 | 10048511.91
    4253196 | 10048366.76
    3970491 | 10047903.53
    6223031 | 10047040.53
     267256 | 10047016.89
    5532335 | 10046611.32
    5316805 | 10046421.14
    4065018 | 10046366.42
     557760 | 10046182.40
    4329449 | 10045826.11
    2009383 | 10045321.58
    1943754 | 10044277.98
    6120750 | 10043915.58
    1975960 | 10043605.08
     547021 | 10043415.82
    6294193 | 10041329.05
    2820633 | 10040833.09
     424296 | 10040565.05
    4940805 | 10038780.20
    1399542 | 10038601.45
    5127696 | 10037816.32
    1656108 | 10036561.98
    5224851 | 10036384.47
    4720098 | 10036148.23
    4434989 | 10035824.22
    4870457 | 10035348.08
    4472866 | 10035049.08
    2954134 | 10034804.58
     390485 | 10033467.38
    4923292 | 10033322.87
    2038079 | 10032508.76
    3912417 | 10032435.49
    4109349 | 10032342.94
    5742871 | 10032208.81
    1290423 | 10031970.51
    5048219 | 10030432.88
     874645 | 10029017.65
    5489990 | 10028562.66
    1054666 | 10027856.16
    2185109 | 10026709.56
    1422624 | 10026272.16
    5707876 | 10026257.19
    1028684 | 10025255.12
     776407 | 10025158.64
     797116 | 10025157.06
    5485646 | 10024931.73
    3604187 | 10024089.28
    5244079 | 10024076.96
    3682523 | 10024035.76
    2233134 | 10023954.23
     324792 | 10023674.44
    2125419 | 10021301.89
    3155789 | 10020845.34
     428089 | 10020596.56
    5492478 | 10020122.51
    4992517 | 10018834.83
    3117672 | 10018541.72
    4132918 | 10018370.40
     487258 | 10018317.62
    1032848 | 10018175.56
    4936926 | 10017259.78
    2739271 | 10016667.32
    2316778 | 10016313.65
    3566508 | 10014455.17
    3170306 | 10014001.26
     874489 | 10013318.52
    4193298 | 10013011.94
     407866 | 10012329.40
    2481923 | 10011362.19
    5587803 | 10011226.83
    3479067 | 10010936.52
    3167178 | 10010810.11
    5654085 | 10010099.25
    1743838 | 10009666.54
    3655554 | 10009382.52
     615248 | 10008278.94
    2186459 | 10007878.45
    4559916 | 10007707.79
    3949779 | 10006568.29
    5670555 | 10006291.09
    3705886 | 10006075.86
    5613870 | 10005694.06
    5584023 | 10005422.15
    4082318 | 10005135.81
    3790448 | 10004821.45
    5140250 | 10004577.24
    5967529 | 10003515.30
    4214034 | 10002817.34
    4950287 | 10002355.24
    2510501 | 10001248.00
    2895071 | 10000231.43
    1064365 |  9999678.12
    2738140 |  9998423.84
    2374189 |  9998192.54
    2842279 |  9996963.53
     609197 |  9996652.05
    5410794 |  9995695.22
    6308740 |  9995652.01
    1426306 |  9994959.13
    1403141 |  9994820.98
    6157988 |  9993619.77
    1737938 |  9993154.27
    1264429 |  9992775.12
    4893229 |  9992549.70
    5012886 |  9992301.02
    4987257 |  9992201.44
     932826 |  9991973.46
    4808393 |  9991680.48
    3503218 |  9991654.25
    1438527 |  9990677.86
    6348476 |  9990380.69
    5065161 |  9989933.30
    1143904 |  9989526.25
    5153489 |  9989382.28
    2140086 |  9989144.80
    1202347 |  9989121.08
      15990 |  9988902.43
    1282024 |  9988212.66
     180059 |  9988072.32
    4058590 |  9987205.12
    2473343 |  9987061.25
     232615 |  9986286.01
    5973287 |  9984827.02
     467209 |  9984402.49
    4633912 |  9984102.82
    4867450 |  9984033.49
    1261122 |  9983320.78
    3132697 |  9983294.70
    2365453 |  9983232.45
    1349912 |  9983000.35
    3983173 |  9982735.00
     923716 |  9982071.56
    4329537 |  9981704.70
     366725 |  9981518.90
    1301700 |  9981498.34
    3313490 |  9981455.08
    5638347 |  9981192.06
     444114 |  9979460.94
    1694041 |  9979398.66
    1670924 |  9979040.30
     452224 |  9978580.04
    6107511 |  9978281.00
    1708451 |  9978055.35
    6031467 |  9977628.12
      56544 |  9977510.02
    1023164 |  9977504.10
    4406547 |  9977368.24
    4399879 |  9977223.29
    3392121 |  9977174.65
    3349604 |  9976440.13
    6129443 |  9975977.72
    4827628 |  9975936.10
    2611087 |  9975165.95
    4926457 |  9975143.52
    6303777 |  9974401.92
    3372736 |  9974193.27
    5090669 |  9973572.24
    6057712 |  9973531.97
    2899726 |  9973220.00
     275338 |  9973052.98
    3983842 |  9972083.10
    6027185 |  9971693.94
    1662066 |  9971634.42
    2524187 |  9971630.38
    5915063 |  9970746.24
     641434 |  9970679.92
    1544218 |  9969983.20
    3074284 |  9968226.05
    3463635 |  9967138.80
    5038603 |  9967049.70
    4492470 |  9966825.62
    2142254 |  9966758.12
     734388 |  9966756.20
     931396 |  9965865.63
    3755261 |  9965004.55
    4309323 |  9964678.25
    5346350 |  9964343.00
    4833123 |  9964142.94
    6263598 |  9963532.55
    6029797 |  9963267.36
    5575611 |  9962804.17
    2311057 |  9962795.42
    5836242 |  9962711.62
    3349262 |  9962685.96
     305966 |  9962480.37
     878990 |  9962140.08
    4914843 |  9961287.74
    1210420 |  9961237.06
    4858356 |  9960873.34
    1352659 |  9960225.68
    2213976 |  9960001.27
    4262855 |  9959711.43
    4586584 |  9959696.28
    5336398 |  9959506.70
    2502924 |  9958196.56
    4174036 |  9957748.28
    5212714 |  9957735.84
    2542843 |  9957724.00
    5393458 |  9957440.04
    3003991 |  9957221.25
    1338132 |  9956848.60
      85996 |  9956036.28
    3897440 |  9955931.59
    1674617 |  9955685.04
    4582872 |  9955392.35
        668 |  9954535.65
    2288593 |  9953633.74
    3602430 |  9953379.08
    2532775 |  9952937.37
    4681624 |  9952312.88
    1347221 |  9952012.80
    1909287 |  9951913.48
    1568612 |  9951200.83
    6240397 |  9951004.57
    4974952 |  9950635.64
    4766924 |  9949586.39
     963953 |  9948964.09
    2976046 |  9948878.57
     718580 |  9947527.90
    2026480 |  9947034.30
    1077140 |  9947028.20
     249871 |  9946500.60
    3013225 |  9946284.98
    3779328 |  9945761.94
    3339569 |  9945574.80
    4411183 |  9944833.74
      73163 |  9944230.29
     633852 |  9944177.19
    2514652 |  9943400.85
    3207702 |  9943365.42
    2886091 |  9942965.76
    3280678 |  9942855.49
    4996207 |  9942010.53
      41092 |  9941984.39
    3186128 |  9941726.88
    4281919 |  9941463.87
        316 |  9941258.17
    5486344 |  9940852.21
    2173843 |  9940534.45
    1360958 |  9939853.22
    2872421 |  9938788.87
    1295319 |  9937809.22
    2761046 |  9937347.46
    5765499 |  9936769.02
     799165 |  9936025.10
    5192212 |  9935937.70
    5973694 |  9935644.09
    6124284 |  9935412.69
     932726 |  9935087.40
    5927564 |  9934084.49
    2813384 |  9932712.03
    2158243 |  9932342.82
    4256393 |  9931598.88
    1934883 |  9931586.36
    1662004 |  9931349.19
    5477465 |  9931221.57
    3598504 |  9930713.46
    2164866 |  9930467.32
    1675379 |  9928896.64
    2670051 |  9928169.22
     927323 |  9928147.32
    3203219 |  9927641.33
    2653304 |  9927026.52
    3136673 |  9926449.79
    2247857 |  9926334.48
    6033506 |  9926178.64
    5405022 |  9924636.72
     436267 |  9924144.00
    1570584 |  9923774.41
    4022815 |  9923593.96
    2644027 |  9923421.92
    1810271 |  9922981.26
    3146853 |  9922609.80
    6087038 |  9921045.29
    6305204 |  9921002.47
    2431798 |  9920971.97
    4043758 |  9920780.25
    2189778 |  9920051.10
     279846 |  9919623.00
     108328 |  9919447.56
    1966268 |  9918495.98
    5409181 |  9917719.79
    2063836 |  9917377.59
      50191 |  9917114.51
    3900679 |  9916443.68
    6341500 |  9916431.84
    1439500 |  9916235.96
    4301462 |  9916199.88
    2637439 |  9916007.94
    5801270 |  9915446.52
    1584515 |  9914569.39
    4326367 |  9913797.25
      53059 |  9913754.06
    4425483 |  9913484.95
    5048795 |  9912666.97
     618186 |  9912574.42
    2564793 |  9912213.50
    2948982 |  9911942.04
    4167949 |  9911647.38
    2586658 |  9911482.36
    5780905 |  9909989.71
    3740853 |  9909762.78
    4327752 |  9909562.25
    2956400 |  9909329.28
    1649493 |  9909258.66
    5927044 |  9908609.28
    1616269 |  9907873.73
    4410764 |  9907274.34
    4359277 |  9906366.60
     757474 |  9906234.96
      86538 |  9905944.55
    2719691 |  9905936.90
    4181349 |  9905785.22
    4745232 |  9905657.56
    3059905 |  9905372.64
     706538 |  9905064.35
    4993072 |  9904451.52
    1503777 |  9904146.68
    4135939 |  9903661.84
    6169032 |  9903078.67
    2618862 |  9902864.91
    5311630 |  9902723.85
    2892913 |  9902093.63
    1004943 |  9901531.82
    4184807 |  9901108.72
    4151945 |  9901105.62
    1936476 |  9900936.92
    2633787 |  9900606.21
    2803940 |  9899765.19
    4008719 |  9899738.04
    5686941 |  9899660.16
    5202567 |  9899626.44
    2339892 |  9899234.96
    5465641 |  9898722.30
    5677882 |  9898449.28
    6191091 |  9898418.68
    1403267 |  9897960.98
    5684795 |  9897561.52
    1979033 |  9897443.58
    5386917 |  9896835.17
    1932160 |  9896475.11
     756299 |  9896297.25
    5151724 |  9896006.35
    4567018 |  9895657.09
    2630294 |  9895432.96
    5489097 |  9895320.18
    1973225 |  9895226.91
    4395691 |  9895082.82
    4342868 |  9894890.71
    4879106 |  9894548.84
    4886689 |  9894102.21
    2803481 |  9893312.10
    2152636 |  9893048.88
    3350763 |  9892313.73
    1739776 |  9892305.48
    2607986 |  9892188.48
    1582264 |  9891843.67
     474496 |  9891839.89
    6372054 |  9891827.73
    3255016 |  9891675.12
    1968952 |  9890631.27
     111046 |  9890286.69
    2381075 |  9890243.20
    6378257 |  9889798.45
    1174667 |  9889791.63
    2330806 |  9888080.84
    6141271 |  9886835.20
    5527581 |  9885952.26
    5914661 |  9885376.76
     191939 |  9885374.31
    5723314 |  9884435.82
    5544997 |  9884368.74
    5365996 |  9884310.72
    5016853 |  9884217.40
     190352 |  9884106.00
    1482262 |  9884036.97
     860993 |  9883967.62
    3640400 |  9883636.44
    3401951 |  9883478.32
    1254670 |  9883284.69
      38169 |  9883205.69
    2445099 |  9883172.91
    3642594 |  9882675.96
    4912761 |  9882348.96
    4857869 |  9882268.95
    1152246 |  9882052.56
    6148639 |  9881936.76
     464840 |  9881710.32
    5202434 |  9881317.87
    1651308 |  9880599.45
    5873134 |  9880548.31
    3489450 |  9880481.79
    2188086 |  9880252.25
    3898213 |  9880193.73
    6383843 |  9880188.48
    5499943 |  9880141.88
    2864567 |  9879811.86
    5308341 |  9879287.57
    3496782 |  9878668.21
    3242633 |  9878065.56
     218544 |  9877997.14
    2552423 |  9877235.91
    1215080 |  9876925.44
    4433326 |  9876899.12
     453230 |  9876747.46
    2021976 |  9876112.44
    2662449 |  9875563.39
    1099823 |  9875493.59
    5984735 |  9874368.00
    6249626 |  9874294.22
    5606092 |  9874244.86
    1669497 |  9873988.95
    2621425 |  9873359.46
    3562611 |  9873327.64
    5965417 |  9873099.21
    4478170 |  9873004.64
    3991925 |  9872908.36
    6011614 |  9872799.30
    5779033 |  9872428.37
     193269 |  9872049.47
    5016951 |  9872028.10
    6302358 |  9871900.02
    3528389 |  9871673.01
    4040248 |  9871287.46
    5670032 |  9871197.31
    4806903 |  9870961.89
    3923972 |  9869949.22
     968816 |  9869613.28
    1537930 |  9869384.86
    2154523 |  9867899.86
    3405409 |  9867541.35
    1248002 |  9866697.83
      74090 |  9866665.25
    1137012 |  9866022.97
    5669614 |  9866021.04
    6296364 |  9865698.48
     885102 |  9864864.45
    3527625 |  9864836.40
    1906617 |  9864702.02
    3726541 |  9864693.76
    3516626 |  9864372.47
    1436855 |  9864355.48
    6116826 |  9864000.82
    4326642 |  9863879.90
     964488 |  9863495.95
    1980197 |  9862732.08
     129126 |  9862420.75
    3125748 |  9862390.08
    5918858 |  9862132.99
    1227700 |  9861970.93
    4311064 |  9861916.06
    3169561 |  9861517.83
    5407582 |  9861366.53
    2577150 |  9861255.09
    5161535 |  9861182.80
    4660165 |  9860373.31
    1291864 |  9860125.57
    5541219 |  9859932.25
    3760071 |  9859032.18
    2304396 |  9858576.56
    1058975 |  9858259.60
     136032 |  9858254.73
    5796281 |  9857880.96
    3746694 |  9857781.60
    1410294 |  9857559.49
    3941029 |  9857295.98
    4407255 |  9857126.24
     472894 |  9856858.38
    3718110 |  9856746.99
    4766820 |  9856533.75
    3008439 |  9856420.72
    1727554 |  9856082.80
    6223263 |  9855988.17
    1230379 |  9855651.91
     139071 |  9855367.43
    2664505 |  9855083.16
     209339 |  9855036.68
    5998683 |  9854440.82
    4483169 |  9854389.33
    5683287 |  9853475.99
    4930766 |  9852837.06
    5606967 |  9852793.16
    3613566 |  9852611.27
    1333094 |  9851967.33
    2041770 |  9851547.14
    2797561 |  9851397.90
    1209717 |  9851096.12
    1189249 |  9851015.47
     565947 |  9850532.80
    4782244 |  9850109.54
    4347602 |  9849875.60
    1752924 |  9849665.11
    5716966 |  9849237.58
      32151 |  9848874.00
    5432798 |  9848764.14
    4434153 |  9848590.70
     954611 |  9848558.02
    5431432 |  9848163.26
    5118237 |  9846699.29
    5827676 |  9846625.20
     507052 |  9846352.80
     511610 |  9846230.36
    2522713 |  9846211.56
     763297 |  9846074.48
     337526 |  9845868.92
     925814 |  9845850.17
    2119856 |  9845690.09
    4153219 |  9845300.79
    3620622 |  9844917.76
    6209014 |  9844897.59
    5025558 |  9844724.08
    3061550 |  9844723.14
    4817144 |  9844115.82
    1681986 |  9843988.74
    1032103 |  9843419.31
    1628609 |  9843296.85
     717445 |  9842430.18
    4909836 |  9841891.92
     373682 |  9841821.88
    5509786 |  9841601.40
    1214187 |  9841537.14
     122490 |  9839985.76
    2719676 |  9839977.92
    2132735 |  9839687.56
    5532012 |  9839671.87
    3691685 |  9839661.47
    3239176 |  9839649.64
    2794748 |  9839572.40
    5114478 |  9839102.55
    5076905 |  9838961.78
    2748920 |  9838000.00
    2912649 |  9837820.61
    3856137 |  9837769.77
     886681 |  9837676.38
    3517416 |  9837442.08
    3692181 |  9837157.10
    5320717 |  9836946.18
    6393941 |  9836799.92
    2559852 |  9836271.50
    3109731 |  9836006.90
    4054749 |  9835867.59
     658979 |  9835734.66
    2448802 |  9835325.85
    3705108 |  9834988.50
    1921200 |  9834802.56
    2750395 |  9834752.45
    3240697 |  9834360.12
    4748658 |  9834341.97
    4896420 |  9834148.87
    3001234 |  9833196.15
    2006949 |  9832890.65
    4363850 |  9832065.60
    4349334 |  9831489.63
    1804919 |  9831464.64
    4549462 |  9831426.72
    4798561 |  9831307.70
    4387353 |  9831194.39
    4022116 |  9830389.52
    2811806 |  9830244.95
    2358008 |  9830205.32
    1565027 |  9830032.14
    1561762 |  9828901.23
    1804208 |  9827401.81
     969199 |  9827351.64
    1815652 |  9827255.34
    2439353 |  9827062.22
     254544 |  9827023.46
    4539287 |  9826950.12
    4606590 |  9826945.92
    4254049 |  9826855.83
    4946579 |  9826800.30
    3894560 |  9826728.39
    4995753 |  9826563.60
    1669831 |  9826494.12
    5608189 |  9826328.06
    2164752 |  9826293.82
     206926 |  9825947.83
    4107809 |  9825709.20
     864931 |  9825655.12
    5379053 |  9825573.06
    3346491 |  9825526.92
    3464046 |  9825258.08
    3616823 |  9825195.90
    3610641 |  9825025.14
    3054319 |  9824368.68
    3569535 |  9824340.71
    2560717 |  9824199.93
    1660330 |  9824182.71
    6107303 |  9823885.04
     393010 |  9823679.25
    5106548 |  9823635.08
    1332517 |  9823441.00
    2009160 |  9823152.50
    5830644 |  9822840.27
    4933267 |  9822510.46
    3273528 |  9821798.69
    4496463 |  9821738.92
    1430074 |  9821567.97
    2762754 |  9821383.00
    4263496 |  9821328.31
    6155116 |  9821245.62
    6184278 |  9820329.22
    2565585 |  9819438.16
    5874444 |  9819366.82
    4257880 |  9818801.18
    3801211 |  9818540.51
    1757585 |  9818508.45
    1360674 |  9818052.30
    6260617 |  9817808.00
    1550090 |  9817253.20
    2948495 |  9817094.58
    5898466 |  9817015.05
    4526170 |  9816695.72
       4887 |  9816626.90
    3737580 |  9815697.78
    3367888 |  9815437.68
    4257959 |  9815155.47
    3117104 |  9815134.00
    2132312 |  9814333.52
    1940058 |  9814212.90
    5917085 |  9813927.20
     406237 |  9813642.80
    2603593 |  9813260.11
    3569367 |  9813155.66
    2304418 |  9812714.34
    3991721 |  9812620.53
    3178144 |  9812593.34
    2182227 |  9812295.44
    4490564 |  9811729.00
    1497872 |  9811500.19
    1142525 |  9811415.62
    4169256 |  9810380.85
    5226935 |  9810254.07
    1061383 |  9810104.51
    6107142 |  9809863.89
    5561442 |  9809678.00
    2790683 |  9809416.05
    1350086 |  9809288.30
    5469817 |  9809282.00
    1736352 |  9809206.17
    6345675 |  9808704.74
    2512843 |  9808594.64
    6379224 |  9808574.43
     183948 |  9807725.55
    2317122 |  9807431.66
    5725403 |  9807239.72
    3983409 |  9807220.70
    6316190 |  9806841.45
    1621395 |  9806557.08
    4472194 |  9806498.56
    5057483 |  9806479.68
     327231 |  9806338.50
    3231437 |  9806323.29
    5308876 |  9806132.23
    3744191 |  9806038.36
    3590065 |  9805830.19
    1051868 |  9804838.81
    5548886 |  9804582.36
    1877426 |  9804398.88
    3184821 |  9804389.77
     853282 |  9803938.62
    2491078 |  9803740.84
    3514050 |  9803693.50
    2292229 |  9803160.96
    3577127 |  9803045.64
    2618366 |  9802959.45
    4239141 |  9802472.27
    4032574 |  9802433.30
    4437785 |  9802073.66
    4132937 |  9801566.19
    4538927 |  9801554.97
    1979704 |  9801534.51
     334497 |  9801290.40
    5269149 |  9801254.17
     620483 |  9800999.90
    2181583 |  9800400.68
    1985798 |  9800307.33
    4643543 |  9800221.00
     787246 |  9800196.96
    1438243 |  9800115.96
    2162839 |  9800081.58
    2929481 |  9799963.13
    4143574 |  9799889.02
    3787192 |  9799767.38
    1514816 |  9799711.18
    2897876 |  9799012.00
    4733406 |  9798391.17
    2514168 |  9798372.09
    4782290 |  9798241.60
    2826181 |  9798215.28
     472421 |  9798094.80
    3033841 |  9797373.75
    4180394 |  9796748.80
    5309276 |  9796592.53
    3352967 |  9796153.00
    4381475 |  9795952.06
    2547982 |  9795756.46
    3870769 |  9795739.78
    5902442 |  9795375.63
    3094060 |  9795237.64
    6109064 |  9794860.56
    4647886 |  9794741.94
    4569833 |  9794384.59
    1261155 |  9794364.09
    5996037 |  9794220.40
    2888935 |  9794083.46
    5481934 |  9793972.23
    5664084 |  9793706.52
    1077678 |  9793478.75
    1031110 |  9793478.34
    3626772 |  9793311.66
    2159855 |  9793017.20
    5701899 |  9792552.02
    3162149 |  9792488.70
    5984038 |  9792307.20
    4002070 |  9791964.88
    3275854 |  9791961.53
    4191728 |  9791878.76
    5205756 |  9791518.81
    4199363 |  9791504.53
    6136903 |  9791484.78
    4283680 |  9790928.95
    1255987 |  9790744.16
    4692968 |  9790611.51
    1576567 |  9790337.78
    1331297 |  9790092.95
    2608836 |  9790066.80
    2426930 |  9789916.26
    3297722 |  9789632.31
    1554180 |  9789442.58
    4504972 |  9789300.90
    3081634 |  9789081.89
     251569 |  9788973.53
    2835137 |  9788643.08
     362975 |  9788621.15
    2345965 |  9788514.71
    1581802 |  9788503.40
    1714182 |  9788343.39
    5178496 |  9788273.82
     850753 |  9788245.66
    4103535 |  9787320.60
    3852904 |  9787282.60
     215651 |  9787160.02
     979301 |  9786699.93
    3276179 |  9786513.63
    5070538 |  9786493.98
    5129757 |  9786459.74
    4092178 |  9785778.19
    2920702 |  9785759.40
     414733 |  9785005.23
    1096395 |  9784329.84
    3665503 |  9783699.62
    1928528 |  9782985.92
    1065064 |  9782451.57
    3240768 |  9782114.80
     279636 |  9781945.52
      37445 |  9781868.64
     231581 |  9781815.76
    3687223 |  9781728.84
    3586133 |  9781536.62
    2579203 |  9781336.92
    2888102 |  9781071.30
    3702993 |  9780689.10
    4252874 |  9779784.12
    4993490 |  9779246.19
     107256 |  9779237.94
    6134169 |  9778930.30
    4669966 |  9778888.28
    5838566 |  9778884.66
    5915861 |  9778508.32
    4598106 |  9778503.55
    5336328 |  9778352.16
    3183832 |  9778109.60
     368741 |  9777654.28
    4728936 |  9777587.40
    4209838 |  9777510.44
    4737730 |  9777076.84
    3353737 |  9777074.50
    3275956 |  9777020.92
    1112476 |  9776949.93
    4910087 |  9776728.50
    1917281 |  9776705.95
    1096304 |  9776705.22
    4723399 |  9776703.30
    4976619 |  9775926.36
      54011 |  9775740.00
    4033068 |  9775695.82
    6307143 |  9775561.08
    3366099 |  9775499.52
    1574585 |  9775347.04
     921561 |  9775190.22
    3588033 |  9774461.26
    4019837 |  9774138.64
    6301646 |  9774087.58
    5987255 |  9773279.10
    6047562 |  9773213.64
    2800361 |  9773056.20
    2757607 |  9772978.17
    2404858 |  9772111.50
    2630111 |  9772084.30
    5972937 |  9771957.65
    1787469 |  9771637.48
    4879022 |  9771308.10
    2795564 |  9771244.53
    3573004 |  9771132.42
    2166620 |  9770997.56
    5449115 |  9770849.82
    3548835 |  9770645.48
    1637029 |  9770618.13
    3252190 |  9770000.13
    6143161 |  9769731.84
    6082548 |  9769598.76
     620812 |  9769551.22
    3510202 |  9769550.90
    2776690 |  9769387.08
    5797783 |  9769164.07
    1634166 |  9768988.32
    3236996 |  9768692.00
    2996198 |  9768648.33
    3975846 |  9768535.36
    1530429 |  9768124.80
    1636940 |  9768018.08
    4479997 |  9767666.64
    2132175 |  9767591.60
     525024 |  9767245.70
    2214540 |  9766980.94
    5949842 |  9766978.22
    1185779 |  9766858.41
    4114962 |  9766642.48
    4282178 |  9766496.55
    4823913 |  9765986.38
    4798772 |  9765850.20
    5638265 |  9765725.36
      88282 |  9765664.64
     684990 |  9765508.90
    4526938 |  9765355.19
    1383921 |  9765115.32
    5040657 |  9764731.81
    3195267 |  9764648.68
     737153 |  9764317.84
    5113945 |  9764002.04
    2025713 |  9763590.92
    3872794 |  9763265.64
    1385789 |  9763238.34
    4486137 |  9762811.54
    1729381 |  9762801.84
      82059 |  9762710.20
    1328444 |  9762678.86
    3428383 |  9762147.18
    5194041 |  9762059.94
    5884690 |  9761917.75
    1541900 |  9761592.90
    5323619 |  9761388.00
    4756113 |  9761349.60
    2136510 |  9761315.40
    5946521 |  9760566.76
    4808347 |  9760226.40
     408486 |  9759482.91
    6166045 |  9759410.68
    3082768 |  9759357.96
    2442086 |  9758406.44
    2603671 |  9758220.81
    2545689 |  9758001.91
    3566964 |  9757987.44
     608919 |  9757721.36
     787606 |  9757520.32
     156386 |  9757474.00
     313767 |  9757295.04
    4380028 |  9757170.25
    1197982 |  9757029.78
    1609140 |  9756901.04
    3906068 |  9756856.56
    1406526 |  9756806.56
    5290642 |  9756173.75
    5659632 |  9755694.54
    2709349 |  9754980.00
    2245684 |  9754816.38
    5753799 |  9754769.24
    5975477 |  9754389.38
    3504962 |  9753926.28
    4334506 |  9753853.45
    6297489 |  9753665.10
     606892 |  9753649.62
    1914518 |  9753551.97
    4719391 |  9753495.00
    2745667 |  9753445.44
    4489646 |  9753295.84
    6175824 |  9752976.91
    4119982 |  9752968.14
     275369 |  9752763.20
    5956170 |  9752554.08
    5084238 |  9752334.02
    3535662 |  9752261.30
    1312616 |  9751657.93
    4996309 |  9751457.60
    2441944 |  9751304.14
    4709375 |  9751285.66
    4719982 |  9751246.20
    3081174 |  9751152.90
    4438156 |  9751116.24
    2919072 |  9751107.45
     144910 |  9750980.02
    1569918 |  9750895.70
    1500720 |  9750531.28
    3719321 |  9750511.96
    4081947 |  9750477.14
    3231853 |  9749960.94
    2051565 |  9749458.46
    2020256 |  9749446.73
    4537552 |  9749152.00
    2986734 |  9749146.92
    4243183 |  9748984.17
    4186174 |  9748599.72
    3917391 |  9748563.84
     820540 |  9748431.95
    1672849 |  9748361.28
    4972471 |  9748218.70
    4503252 |  9748023.81
    5758984 |  9747815.54
     202899 |  9747538.21
     415998 |  9747410.40
    5118674 |  9747392.15
    2191460 |  9747369.21
    1854879 |  9746926.02
    2063076 |  9746806.70
    2744358 |  9746685.20
    4358061 |  9746651.33
    4636106 |  9746561.12
    1673981 |  9746481.15
    1819179 |  9746053.95
    2975980 |  9745929.74
    5578297 |  9745928.40
    4358570 |  9745837.53
    1831066 |  9745796.99
    1010540 |  9745229.78
     301131 |  9744972.89
    2438675 |  9744943.65
      85908 |  9744778.58
    2393336 |  9744508.84
    1216377 |  9743749.32
    2521899 |  9743740.92
    3767429 |  9743387.00
    3809911 |  9743379.62
    2061350 |  9743030.64
    3758704 |  9742887.69
    2996969 |  9742492.50
    3767844 |  9741870.05
    6310009 |  9741851.38
    1711672 |  9741838.35
      40397 |  9741747.47
     955659 |  9741530.00
    4041197 |  9741057.12
    1344902 |  9740994.10
    1012423 |  9740984.40
    3103196 |  9740905.38
    4175662 |  9740819.15
     420702 |  9740666.16
    1865270 |  9740596.30
    3004402 |  9740585.03
    4514635 |  9740566.94
    5949487 |  9740446.32
    4872842 |  9740338.63
    6221783 |  9740063.34
    5685938 |  9740055.00
    2943859 |  9739814.41
    1148842 |  9739710.51
    5219259 |  9739339.98
    6225520 |  9739068.12
    5331825 |  9739033.36
      53543 |  9738904.25
    2042989 |  9738630.66
    1668153 |  9738622.80
    4549098 |  9738571.20
    3080922 |  9738363.50
    6090754 |  9738297.78
    5269800 |  9738264.00
    4914791 |  9737322.68
    3646530 |  9737313.49
    6116107 |  9737268.15
    1393999 |  9737249.01
     493056 |  9737133.12
    4585850 |  9737008.78
    1293406 |  9736956.52
     382743 |  9736859.99
    3730818 |  9736770.66
    2846013 |  9736717.60
    3421014 |  9736381.30
     811908 |  9736140.48
    6058117 |  9736062.10
    5332666 |  9735845.28
    3168635 |  9735626.98
     669048 |  9735616.16
    5108680 |  9735526.35
    3561607 |  9735027.57
    5649288 |  9734840.09
    2799143 |  9734559.14
    2177525 |  9734479.86
    6316106 |  9734219.46
    4371923 |  9733914.42
    1219575 |  9733893.36
     883688 |  9733833.72
     585464 |  9733703.04
    3113347 |  9733644.63
    5516354 |  9733544.92
    1218545 |  9733494.00
    5178782 |  9733307.34
    1440802 |  9733305.68
    3869435 |  9732914.30
     518982 |  9732584.16
    2056137 |  9732501.00
    3926865 |  9732282.63
    6357931 |  9731779.59
    1924538 |  9731606.99
    5937461 |  9731414.52
    1897775 |  9731159.10
    3361915 |  9731056.25
     197029 |  9730535.22
    3229441 |  9730431.72
    6237085 |  9730175.70
    2987393 |  9730040.12
    5702143 |  9729839.60
    4006659 |  9729455.62
    1319216 |  9729321.03
    5589311 |  9728869.90
    3879368 |  9728840.98
    5889532 |  9728609.78
    4885359 |  9728512.80
    1424223 |  9728096.18
    2822147 |  9728022.14
    6370738 |  9727886.25
    2283203 |  9727652.62
    5815885 |  9727476.32
     924417 |  9727294.79
    5326516 |  9727044.45
    6382401 |  9726532.41
    6233947 |  9726481.18
    1611670 |  9726430.08
    5392466 |  9726395.52
    5902401 |  9725831.50
    2331523 |  9725817.69
    4250566 |  9725795.50
    3756113 |  9725669.60
     187833 |  9725618.46
    3731907 |  9725228.55
    4480601 |  9724966.08
    3381027 |  9724515.78
    4678199 |  9724489.66
    3663262 |  9724103.20
     769194 |  9723999.44
    5159276 |  9723674.68
    3653683 |  9723587.40
    1514192 |  9723570.60
    4979049 |  9723214.37
    5605688 |  9723054.78
    2449226 |  9723050.90
    2366481 |  9722770.40
     304586 |  9722680.75
    5621882 |  9721977.96
     419485 |  9721957.89
    4911673 |  9721733.46
    3726322 |  9721021.74
    6150260 |  9720932.00
    5788957 |  9720577.53
    1037903 |  9720090.72
    2206270 |  9719909.87
    6322374 |  9719682.68
    4068592 |  9719180.53
    5652446 |  9718887.90
    2922865 |  9718726.25
    5615990 |  9718706.20
      45622 |  9718638.05
      21370 |  9718494.37
    5740858 |  9718288.86
    5798125 |  9717946.28
    6159441 |  9717916.29
    3077552 |  9717805.24
    2434776 |  9717580.87
    1434493 |  9717558.32
    4744806 |  9717113.65
    3308216 |  9716763.20
      90236 |  9716533.60
    2838127 |  9716501.13
     877263 |  9716490.49
    5195071 |  9716179.34
    1210703 |  9715942.01
    5429287 |  9715926.59
    2350311 |  9715521.70
    5531500 |  9714885.62
    2809105 |  9714716.23
    1407700 |  9714608.80
    2087510 |  9714061.50
    3961075 |  9713724.60
    6249150 |  9713195.64
    2597314 |  9712599.40
    1342111 |  9712422.18
     546303 |  9712161.48
    1819329 |  9711950.14
    1736868 |  9711845.89
    1106941 |  9711417.12
    4802518 |  9711259.68
    3338868 |  9711075.24
    3581316 |  9711033.84
    4405108 |  9710517.14
    5612134 |  9710160.05
     922433 |  9709402.47
    5767618 |  9709213.23
    5935695 |  9709076.00
     650804 |  9708554.00
    1542053 |  9708463.72
    1606306 |  9708133.30
    6392140 |  9707761.12
     338336 |  9707700.73
    2742139 |  9707466.74
    4020047 |  9706849.56
    5537159 |  9706714.12
    2791941 |  9706651.10
    2814614 |  9706583.04
    4969528 |  9706073.73
    4892503 |  9706023.88
    1534695 |  9705844.47
    5745998 |  9705682.92
    3796114 |  9705554.84
    1376926 |  9705210.90
    5141211 |  9704509.30
    5643141 |  9704473.82
      33393 |  9704269.88
    1546705 |  9704063.58
    1132014 |  9704059.20
    4010605 |  9703452.03
    2815754 |  9703411.73
    4857947 |  9703055.58
    3869826 |  9702700.14
    3307024 |  9702647.59
    3688331 |  9702322.50
     353363 |  9702253.95
     836233 |  9701786.21
    2374623 |  9700760.28
     167127 |  9700726.00
    3735640 |  9700572.39
    4463067 |  9700555.88
    5198611 |  9700259.87
    3688157 |  9700258.17
    5934038 |  9700094.08
    4256491 |  9699968.60
    4235511 |  9699536.16
    6075303 |  9699338.25
    4732721 |  9698969.67
    2793679 |  9698619.06
    3685990 |  9698597.44
    2379244 |  9698585.40
    1622374 |  9698258.36
     959172 |  9698117.82
    4319676 |  9697901.93
    3682206 |  9697873.22
    2327800 |  9697720.76
    4513103 |  9697439.99
    5619380 |  9697385.76
      60415 |  9697145.00
    1177872 |  9696965.94
    3525192 |  9696916.60
     151057 |  9696903.36
    3570443 |  9696885.81
    5507268 |  9696870.40
    1775152 |  9696737.34
    1033972 |  9696628.40
    4768980 |  9696565.39
    2247704 |  9696340.50
     244785 |  9696327.26
    4172725 |  9696261.95
    3565627 |  9696105.60
    5255942 |  9695647.94
    3628922 |  9695614.59
     542054 |  9695356.23
    3778005 |  9694925.24
    3183155 |  9694897.24
    1707922 |  9694791.84
    1949774 |  9694776.09
    3716109 |  9694395.90
     338964 |  9694349.74
    1386521 |  9694207.10
     480703 |  9694150.70
    3412737 |  9693977.16
    1679934 |  9693608.32
    2184286 |  9693366.11
    4891261 |  9693030.90
    1309861 |  9692608.33
    4007106 |  9692204.76
    3635772 |  9692096.85
    3208810 |  9691968.75
    1805060 |  9691802.21
    5201583 |  9691798.68
     345657 |  9691736.70
    3878195 |  9691649.78
    5490941 |  9691617.21
     187624 |  9691510.77
    4856699 |  9691381.68
    4031688 |  9691084.08
    4795035 |  9690839.54
    2944209 |  9690818.74
    1726370 |  9690550.80
    3098976 |  9690506.00
    3509576 |  9690496.13
    3932859 |  9690355.22
    2735150 |  9689691.08
    3186892 |  9689646.06
      78217 |  9689293.80
    2633197 |  9689101.95
    4093441 |  9689044.42
    1891555 |  9688941.80
     328728 |  9688476.65
    5740662 |  9688360.38
    4979037 |  9687519.36
    2264740 |  9687486.88
    6008473 |  9687363.65
    2245360 |  9687123.59
    3049505 |  9687086.07
    2077699 |  9686896.83
    5460823 |  9686191.95
    4697919 |  9686057.87
    3769803 |  9686004.30
    1983322 |  9685960.83
    2499281 |  9685939.74
    1473516 |  9685921.65
    6247598 |  9685884.75
    5573048 |  9685773.56
     109020 |  9685413.44
      94244 |  9685337.36
    1131516 |  9685207.24
    5948625 |  9684974.52
     647259 |  9684743.66
    1989494 |  9684723.30
    1184145 |  9684397.92
    4899783 |  9684112.48
    2858931 |  9684066.84
     846993 |  9683968.76
    1761281 |  9683739.96
    1188021 |  9683719.77
    1200885 |  9683645.94
    2371110 |  9683311.14
    4862800 |  9683239.84
    2708652 |  9683184.32
    1240016 |  9683041.76
    2373383 |  9682305.68
    2993895 |  9680994.60
    5588044 |  9680824.21
    1281792 |  9680496.03
    4032774 |  9680327.29
    1521042 |  9680242.52
    1917575 |  9680200.74
     652168 |  9680018.34
    4044656 |  9679877.40
    6209981 |  9679832.35
    1565717 |  9679584.95
    4570698 |  9679376.54
    3629022 |  9679362.76
    1541352 |  9679346.22
    3265978 |  9678962.64
    5301945 |  9678958.25
    3154797 |  9678902.72
    1721282 |  9678856.29
    1779410 |  9678811.50
      11472 |  9678626.68
     407495 |  9678593.45
    1391800 |  9678557.60
    4540577 |  9678365.06
    1480736 |  9678293.52
     630517 |  9678123.95
    5761767 |  9677818.72
    4451555 |  9677640.24
    2432279 |  9677578.23
    2899688 |  9677453.64
    2531126 |  9677440.08
     263536 |  9677001.36
    1142538 |  9676884.78
     318742 |  9676755.27
    5727642 |  9676514.56
    3459774 |  9676500.11
    6326312 |  9676223.78
    5544178 |  9676186.65
      14859 |  9676157.53
    2127641 |  9676113.63
    5595251 |  9676033.29
    5772316 |  9676014.26
    1903762 |  9675799.25
    1301662 |  9675564.92
    1737833 |  9675412.50
    6335554 |  9675305.96
    2840255 |  9675176.15
    2316918 |  9674604.36
    6156688 |  9674569.78
    5159858 |  9674477.76
    1838835 |  9674194.29
    4364208 |  9674184.06
    4409506 |  9673757.10
    3712205 |  9673671.81
    4802925 |  9673355.34
    5711634 |  9673354.08
    4066832 |  9673317.00
    3556560 |  9672779.40
    5650546 |  9672753.50
    2306311 |  9672588.87
    3362645 |  9672566.62
    3299368 |  9672435.86
    5764828 |  9672371.52
    3768821 |  9672263.86
    1724112 |  9671638.70
    3881958 |  9671578.86
    4796358 |  9671126.85
    4077760 |  9670808.49
    3904212 |  9670550.88
    4283813 |  9670531.05
    1487851 |  9670330.80
    1335729 |  9670188.48
     219294 |  9670047.62
    2708887 |  9670032.10
    1333924 |  9669861.94
    2882202 |  9669701.07
    4869586 |  9669352.32
    5734798 |  9669138.96
    1904303 |  9669026.67
    2896898 |  9668899.52
    4037295 |  9668855.75
    4608985 |  9668676.05
    5161195 |  9668510.55
    5837227 |  9668446.35
    3850581 |  9668256.06
    6130233 |  9668088.96
    4138028 |  9667966.28
    4495737 |  9667921.25
    3534170 |  9667746.35
    5319016 |  9667556.91
    5106874 |  9667500.09
    3299696 |  9667464.93
    2622442 |  9667308.60
    4109982 |  9667228.20
    1038212 |  9666948.92
    5280184 |  9666574.66
      90591 |  9666454.45
    3328711 |  9666416.12
    3336420 |  9666316.12
     648873 |  9666005.58
     312084 |  9665940.18
    1260767 |  9665922.96
    5518899 |  9665201.70
    3532987 |  9665121.92
     912792 |  9665041.44
    6117455 |  9664429.52
     274603 |  9664347.00
     123784 |  9664235.52
    1852940 |  9664225.22
     347262 |  9664127.22
    5796616 |  9664095.87
    3671341 |  9663953.11
    2608235 |  9663204.92
     420027 |  9662643.99
    4472018 |  9662634.15
    2928244 |  9662591.07
     611993 |  9661894.44
    1039427 |  9661815.92
    1617310 |  9661729.17
    3315906 |  9661710.27
    3562615 |  9661645.70
    5254194 |  9661567.15
    5404202 |  9661358.10
    6117500 |  9661173.83
    5288363 |  9659993.40
    4943275 |  9659537.61
     215315 |  9659485.20
    5321781 |  9659284.02
    2832082 |  9659237.84
    3583172 |  9659174.41
    2879068 |  9659088.02
    1948373 |  9658959.68
    2801447 |  9658956.00
    3441342 |  9658759.32
    4621518 |  9658580.04
    1608830 |  9658241.64
    1573438 |  9658229.26
    6144220 |  9657989.13
    5482213 |  9657694.80
    2688808 |  9657441.48
    5432555 |  9657417.90
     573887 |  9657335.64
    2801450 |  9657324.81
    4238850 |  9657269.37
     685035 |  9656931.88
    3538954 |  9656425.52
     284201 |  9656101.65
    3749913 |  9656023.23
     466578 |  9656014.20
    3129881 |  9655964.00
    2255105 |  9655952.50
     979777 |  9655863.25
    4614188 |  9655619.40
     178640 |  9655202.10
    5762806 |  9655086.06
    3779889 |  9654885.27
    3084809 |  9654703.74
    1999907 |  9654668.73
     603336 |  9654631.20
    2137125 |  9654555.90
     379793 |  9654419.00
    4855195 |  9654242.04
    2103332 |  9654214.05
    3861582 |  9654210.52
    5460713 |  9654073.91
    2961282 |  9654072.44
    1603645 |  9654066.78
    1355675 |  9654026.24
    5886726 |  9653828.80
    4524983 |  9653571.00
    5015180 |  9653059.52
    5540730 |  9652804.50
    4651458 |  9652660.38
    5670347 |  9652575.47
    4394076 |  9652381.95
    1749448 |  9652062.50
     360272 |  9651980.80
     574621 |  9651792.48
    3472448 |  9651381.38
    2251178 |  9651344.33
    4382702 |  9651228.42
    5141001 |  9651131.16
     125025 |  9650686.26
    6290728 |  9650644.34
    1737983 |  9650558.62
    3528489 |  9650362.28
    2897913 |  9650212.36
    3474821 |  9650137.56
    4505937 |  9650111.00
    5790452 |  9649991.50
    1459130 |  9649893.20
    3271893 |  9649878.92
    3524796 |  9649773.75
    2208401 |  9649600.35
    5864907 |  9649574.10
    6238589 |  9649465.64
    1227094 |  9649151.16
    3914734 |  9649085.85
    6346185 |  9648981.00
    5893123 |  9648832.62
    5606538 |  9648813.30
    2436979 |  9648521.34
    2052510 |  9647452.55
     965434 |  9647396.08
    3011278 |  9647228.57
     428754 |  9647228.54
     493035 |  9647227.80
    1521405 |  9647171.88
    4691511 |  9647057.97
    5246713 |  9647027.34
     567219 |  9647006.01
    5938829 |  9646676.19
    6177391 |  9646674.49
    1827913 |  9646620.44
    3680266 |  9646575.86
    1310316 |  9646490.24
    5123362 |  9646065.35
    1841568 |  9645915.60
    6017112 |  9645846.00
    1627218 |  9645716.64
    4420591 |  9645713.12
     728875 |  9645468.20
    4130869 |  9645412.35
    2929570 |  9644943.82
      84182 |  9644764.68
    1672979 |  9644703.55
    5960404 |  9644496.12
     679503 |  9644229.51
    5029614 |  9644156.61
    3789003 |  9643987.70
    2331031 |  9643600.01
    2783502 |  9642767.90
     831866 |  9642677.31
    4959222 |  9642591.20
    2788685 |  9642470.61
    3462495 |  9642469.62
    6230709 |  9642214.19
    1168999 |  9641775.82
    5828824 |  9641688.56
    6062990 |  9641550.00
    5609030 |  9641228.76
    4648782 |  9641106.92
    2772240 |  9640950.64
    4066648 |  9640811.69
    3007654 |  9640785.33
    1245624 |  9640558.56
    3197789 |  9640082.40
    5376939 |  9639229.54
    3485337 |  9638872.34
    5374860 |  9638641.44
    4048890 |  9638468.50
    2259123 |  9638449.20
    1088141 |  9638422.65
    4538279 |  9638272.96
    3965907 |  9638255.93
    1256401 |  9638230.91
    4171657 |  9638051.26
    6240366 |  9638021.89
     861241 |  9637483.98
    6390570 |  9637449.47
    5131646 |  9637418.96
    4645894 |  9636767.01
    2144765 |  9636651.70
    4062518 |  9636286.88
    1178747 |  9636269.04
    5945881 |  9636094.73
    2324428 |  9635863.83
    3580008 |  9635756.40
    4896048 |  9635596.65
    4360449 |  9635521.12
    3072430 |  9635320.40
    4987932 |  9635294.54
    6386792 |  9635258.37
    5513083 |  9634710.24
    4204445 |  9634525.75
     289814 |  9634439.16
    2514295 |  9634052.13
    3574536 |  9633668.25
    5124151 |  9633598.92
    1159163 |  9633427.56
    3687494 |  9633406.24
    4404600 |  9633363.44
    3098277 |  9632655.20
    5380739 |  9632245.25
     160659 |  9632164.72
    1964018 |  9632025.00
     547975 |  9631869.77
     193390 |  9631504.32
    2498986 |  9631406.70
    2911859 |  9631131.60
     941634 |  9630898.98
    1957741 |  9630859.88
     736251 |  9630815.95
    2451095 |  9630700.50
    1570806 |  9630472.23
     850137 |  9630057.80
    5059790 |  9629945.82
    4030864 |  9629909.74
    6222650 |  9629881.56
     788689 |  9629810.08
    2522641 |  9629772.25
    1626190 |  9629466.99
     148664 |  9628555.36
    2001705 |  9628493.05
    3491577 |  9628174.88
    5993671 |  9628015.50
    4257620 |  9627931.02
    4666568 |  9627797.94
     930044 |  9627712.98
    4863323 |  9627128.12
    2943484 |  9626684.92
    5003271 |  9625868.62
    4690438 |  9625784.70
     439356 |  9625400.82
    4258827 |  9625284.19
     807657 |  9625248.30
    4846147 |  9625221.40
    5068290 |  9625114.24
     526091 |  9625089.90
    1469433 |  9624650.53
    1820929 |  9624506.56
    5380059 |  9624490.57
    3328917 |  9624074.40
    5678356 |  9623874.24
    4294047 |  9623652.92
    2997345 |  9623458.28
    3812413 |  9622861.89
    1789984 |  9622835.68
     441611 |  9622569.18
    6052457 |  9622440.36
    6247162 |  9622431.00
     629943 |  9622263.00
    4223878 |  9622094.34
    5858963 |  9621770.91
    3146924 |  9621600.73
    4216206 |  9621386.18
    2116751 |  9621263.20
    1160947 |  9621066.28
    6387171 |  9620933.76
     235013 |  9620835.12
    5756451 |  9620775.48
    3566234 |  9620720.51
    6157099 |  9620719.30
    4456566 |  9620457.29
     615580 |  9620147.05
    4141739 |  9620015.09
    1667298 |  9619829.15
     581399 |  9619216.53
    2456698 |  9619171.80
    1664116 |  9619047.90
    5497794 |  9618977.45
    3364932 |  9618813.20
    2002577 |  9618490.97
    4441742 |  9618452.13
     179025 |  9618167.70
    5711833 |  9618118.56
    5614838 |  9617988.45
    3005737 |  9617863.90
    2732932 |  9617853.96
    2319541 |  9617816.70
    2931683 |  9617518.80
    2123086 |  9617505.45
    2764611 |  9617196.24
    5313665 |  9617183.36
    3345151 |  9617140.71
    3842321 |  9617132.52
    1702838 |  9616994.31
    1859889 |  9616658.80
    1575846 |  9616292.96
      91574 |  9616159.35
     740858 |  9615679.64
    2571710 |  9615542.38
    2246683 |  9615494.49
    1492094 |  9615453.00
    5903668 |  9615200.87
    1536234 |  9615148.56
    4263883 |  9615091.20
    1115412 |  9614933.72
    4117083 |  9614880.84
    4438673 |  9613805.74
    1900933 |  9613788.32
    4368830 |  9613491.60
    6067505 |  9613418.22
    2475158 |  9613260.84
    2529771 |  9613206.52
    3804194 |  9613204.80
    2412533 |  9613106.88
    4305953 |  9613041.64
    5434501 |  9612898.12
    4848018 |  9612886.08
    5101101 |  9612582.68
    1501304 |  9612437.74
    2553957 |  9612387.70
    5492406 |  9612240.88
    4424764 |  9612227.66
     563725 |  9612160.21
    3649542 |  9611643.60
    1370465 |  9611521.62
    1892583 |  9611132.13
    5115494 |  9611018.30
    4660151 |  9610695.93
    3528404 |  9610534.34
    2586588 |  9610294.05
    3860916 |  9610222.23
    5765567 |  9610110.13
    3826705 |  9609527.44
    3515729 |  9609429.12
    5073394 |  9609247.04
    5766584 |  9608692.81
    2004066 |  9608425.29
    2083322 |  9608329.30
    2774697 |  9608298.72
    5014514 |  9608231.82
    3645337 |  9608155.20
    3063865 |  9608075.88
    3179118 |  9607568.88
    4301277 |  9607543.77
    4531710 |  9607422.96
    4292689 |  9607383.48
    1353710 |  9607241.70
      67605 |  9607088.38
    3803570 |  9606990.90
    4986815 |  9606937.20
    3320928 |  9606854.14
    2095523 |  9606839.24
    2418453 |  9606803.13
    3856280 |  9606316.48
    3400792 |  9606301.01
    2836533 |  9605598.17
    2235820 |  9605285.10
    3493923 |  9605093.64
    5788857 |  9604945.64
    6316956 |  9604812.30
    1871893 |  9604571.50
     568527 |  9604154.73
    1699359 |  9603960.24
    5170840 |  9603779.15
     326080 |  9603763.74
    4663332 |  9603665.38
    5769570 |  9603635.00
    4299793 |  9603589.58
    2469655 |  9603446.76
    3753631 |  9603299.88
    2106477 |  9602931.76
    1861370 |  9602482.08
    4026477 |  9602431.80
    1289189 |  9602359.58
     103344 |  9602353.80
    5821719 |  9602273.70
    2257057 |  9602234.56
    4006097 |  9602138.30
    4282520 |  9602134.55
    4488133 |  9601974.37
    3766605 |  9601750.62
    1473726 |  9601742.70
    2631056 |  9601621.28
    2313108 |  9601599.44
    5026308 |  9601524.18
    2347927 |  9601515.18
    1718766 |  9601125.12
    1475944 |  9601114.35
    5650939 |  9600774.75
    4814415 |  9600160.96
    3628446 |  9599933.58
    6200880 |  9599558.64
    5507963 |  9599170.20
    2410789 |  9599115.42
    3222628 |  9599070.75
    5953336 |  9599014.62
    3414858 |  9599001.71
    2960979 |  9598903.74
    5610256 |  9598854.73
     969757 |  9598592.00
    5036608 |  9598517.80
    3728927 |  9597960.04
    1507343 |  9597743.16
    2282343 |  9597199.34
    5887528 |  9597140.81
    3923259 |  9596445.18
    3533373 |  9596383.60
    5857540 |  9596383.20
     256473 |  9596303.28
    1758490 |  9596078.50
    6088726 |  9595967.37
    1081382 |  9595927.82
    2203143 |  9595923.24
    1711049 |  9595737.00
    5361477 |  9595731.60
    3103347 |  9595721.52
    2966203 |  9595683.56
    3537777 |  9595429.22
    3919511 |  9595387.41
    4665449 |  9595334.14
    3270395 |  9594817.04
    6275898 |  9594679.60
    2602976 |  9594389.98
     617283 |  9594332.34
    1819816 |  9594252.92
    4812670 |  9594241.58
    3696244 |  9593496.56
    2637026 |  9593276.41
    1503419 |  9593123.89
    2977015 |  9592643.76
    2700588 |  9592483.60
    4118720 |  9592271.07
    2767574 |  9592218.10
     317772 |  9591872.73
     716570 |  9591870.57
    2072989 |  9591856.05
    6167443 |  9591522.92
    5450107 |  9591303.28
    4312186 |  9591149.40
     246124 |  9590989.20
     208635 |  9590953.89
    2060648 |  9590939.67
    1529138 |  9590380.38
    3838322 |  9590198.70
    3743236 |  9590012.12
    3582852 |  9589749.40
    2388631 |  9589715.45
    3094805 |  9589523.20
    2485989 |  9589123.20
    2312505 |  9589084.98
    3409106 |  9588682.48
    1360454 |  9588638.34
    1730061 |  9588617.10
    6314234 |  9588403.20
    2885346 |  9588325.21
     360784 |  9588211.45
     742750 |  9588057.12
    3087629 |  9588003.14
    3225807 |  9587815.08
     214544 |  9587672.58
    6207699 |  9587633.49
    3842404 |  9587516.16
    1072362 |  9587362.65
    5955158 |  9586663.70
    3253179 |  9586660.98
     588732 |  9586541.86
    4219019 |  9586518.19
    5198417 |  9586492.23
    1877524 |  9585736.92
    1273906 |  9585163.64
    2986921 |  9585110.07
    5058162 |  9584868.26
    3311118 |  9584804.88
    4965631 |  9584338.80
    5867005 |  9584286.68
    3178170 |  9584003.52
    4801787 |  9583834.45
    1395015 |  9583834.05
    2688207 |  9582889.80
    1067608 |  9582727.65
    5816926 |  9582352.57
    4295315 |  9581716.38
    3957283 |  9581322.18
    1176786 |  9581175.99
    6069599 |  9581144.26
    4521385 |  9581087.29
    1507352 |  9580988.33
    1244546 |  9580971.62
    5926542 |  9580891.36
     289400 |  9580847.12
    2056653 |  9580705.55
    1468010 |  9580693.56
    1471038 |  9580655.08
    3344994 |  9580547.70
    3296549 |  9580439.90
    1678943 |  9580363.34
    6087560 |  9580281.75
     512723 |  9580249.98
    3060381 |  9580187.74
     537947 |  9579974.88
    4909575 |  9579941.59
    5207951 |  9579613.47
    1010575 |  9579125.40
    1069465 |  9579035.31
    6085595 |  9578837.18
    1440929 |  9578473.60
    2821392 |  9578392.50
    5201902 |  9578011.14
    5174723 |  9577994.64
    5277709 |  9577931.24
    3075388 |  9577809.12
     651463 |  9577541.60
    5265445 |  9577444.80
    4468435 |  9577368.36
    2824052 |  9577266.12
     891194 |  9576866.31
    1707665 |  9576612.54
    1467534 |  9576494.40
     782444 |  9576483.56
    5002139 |  9576436.96
    3722439 |  9576285.30
     865958 |  9576180.72
    1475381 |  9576155.70
    2085400 |  9575993.37
    3106220 |  9575365.80
    4845886 |  9575333.18
    1331683 |  9575324.66
     295312 |  9574806.50
    1035955 |  9574781.72
    5798055 |  9574719.06
     615563 |  9574471.93
    6091989 |  9574154.80
    4071813 |  9573882.90
    4615552 |  9573827.50
     240659 |  9573710.83
    2461336 |  9573707.08
    2551493 |  9573686.88
     468975 |  9573606.00
    1678299 |  9573497.33
      77310 |  9573475.77
     996029 |  9573231.36
     478527 |  9573220.54
    5504240 |  9572496.36
     407535 |  9572259.21
    4781326 |  9572163.26
     413325 |  9571969.68
    5296696 |  9571792.32
    5455200 |  9571285.72
     777031 |  9571262.12
    5606224 |  9571220.32
    2554624 |  9571052.70
    2465783 |  9570874.94
    1669799 |  9570850.79
    4543176 |  9570734.55
    1502826 |  9570717.00
    2100046 |  9570523.44
    1131398 |  9570504.70
    3420989 |  9570359.31
    3615072 |  9570170.55
    3808612 |  9570099.14
    5334076 |  9570037.05
    5302860 |  9570032.71
    6041940 |  9569667.11
    4118216 |  9569607.49
    3564201 |  9569242.63
    4506848 |  9569093.50
    5662872 |  9569040.12
    1969242 |  9568868.20
    6279179 |  9568673.90
    3732446 |  9568439.24
    4959343 |  9568344.36
     796371 |  9568294.60
    3129361 |  9567681.33
      26293 |  9567673.49
    5808582 |  9567598.74
    1418106 |  9567323.92
      96031 |  9567208.15
     306940 |  9567086.80
    1561912 |  9567006.23
    5564932 |  9566980.04
     566013 |  9566631.36
    5352733 |  9566400.00
    2366015 |  9566226.78
    2346654 |  9566103.68
    5182954 |  9566062.28
    5902269 |  9566040.96
    3761117 |  9565845.96
    3998744 |  9565800.20
     616547 |  9565411.46
     418131 |  9565303.58
     912533 |  9565151.68
    2846675 |  9565067.52
    4848878 |  9565057.74
    4341945 |  9564464.07
    6113412 |  9564375.04
    1618586 |  9564262.09
    1742952 |  9563986.35
    6368797 |  9563906.52
    1355629 |  9563820.88
    2970829 |  9563517.50
    6155529 |  9563436.17
    3369625 |  9563391.86
    3637798 |  9563097.60
    3907539 |  9563071.64
    6156980 |  9563067.36
    1082890 |  9563035.60
    1424644 |  9562892.90
     616576 |  9562688.43
    5513735 |  9562675.32
    1253242 |  9562605.69
    3659060 |  9562597.59
    4288545 |  9562541.46
    1875163 |  9562376.25
    1403824 |  9562369.06
    1016518 |  9562289.28
    2683518 |  9562116.18
    5361899 |  9561662.01
    2797620 |  9561567.95
    5402655 |  9561294.55
    5498684 |  9561290.00
    2662807 |  9561240.50
    5817792 |  9561070.25
    3293028 |  9560667.26
    4187194 |  9560499.04
    4821482 |  9560326.60
     363784 |  9559935.54
    1977730 |  9559853.81
    4573110 |  9559789.20
    5511848 |  9559783.72
    2413895 |  9559671.76
    5815354 |  9559502.00
    5231112 |  9559442.85
    2388248 |  9558965.04
    5014787 |  9558749.66
    2161145 |  9558456.79
    4876980 |  9558035.68
    2576579 |  9558030.86
     609814 |  9557630.95
    2616794 |  9557509.95
    3822245 |  9557500.40
    3879013 |  9557487.04
     821208 |  9557452.45
    5121607 |  9557398.08
    3769926 |  9557190.78
    2346841 |  9556885.10
    2421363 |  9556539.51
    1385644 |  9556285.48
    6295002 |  9556241.55
    5974972 |  9556160.38
    3099580 |  9555815.89
    1625246 |  9555514.54
    1412959 |  9555488.59
    1735816 |  9555302.16
    2716313 |  9555146.76
    2743738 |  9554872.36
    1453182 |  9554852.50
    2863309 |  9554727.60
    3441914 |  9554658.08
    5124747 |  9554650.27
     483610 |  9554506.59
    1689384 |  9554431.27
    1841040 |  9554404.98
    1375805 |  9554368.84
    2978327 |  9554160.00
    2158621 |  9554129.81
    3530791 |  9554057.80
    2184279 |  9553938.90
    3337299 |  9553936.50
     451624 |  9553904.95
    1414848 |  9553838.14
    4775693 |  9553677.65
    6043319 |  9553565.37
    5060124 |  9553564.80
     904993 |  9553448.48
    2353895 |  9553023.24
    2157531 |  9552795.80
    4073191 |  9552705.45
    4327923 |  9552616.16
    1397575 |  9552273.13
    4051716 |  9552114.72
    2098582 |  9552028.33
    4193671 |  9551977.84
    5675683 |  9551635.59
    4841725 |  9551577.74
    5643787 |  9551475.77
    1340270 |  9550910.36
    2303565 |  9550646.49
    3700733 |  9550523.68
    5846521 |  9550179.60
    2944074 |  9550100.04
    3907012 |  9549901.04
     301122 |  9549806.45
    4849547 |  9549791.52
      57222 |  9549627.34
     336798 |  9549506.82
    1932239 |  9549483.81
    3588222 |  9549105.16
    1056847 |  9549048.75
    5644685 |  9549037.36
    3527514 |  9548961.18
    1074956 |  9548940.96
    3234959 |  9548864.60
    5585538 |  9548682.62
    2230403 |  9548287.42
    3189760 |  9548282.36
     372117 |  9548236.62
    5010023 |  9548213.64
    2005766 |  9548117.36
    5896219 |  9547798.76
    2589424 |  9547780.64
    4799125 |  9547728.49
    1272845 |  9547706.29
     802702 |  9547507.48
    1534181 |  9547413.68
    4273063 |  9547404.80
    1133220 |  9547186.50
    6257420 |  9547181.28
    5525796 |  9547118.48
    2442706 |  9547053.85
    2938607 |  9546958.80
    5337031 |  9546686.30
    4592487 |  9545994.30
    3351067 |  9545949.05
     399102 |  9545838.51
    6072987 |  9545744.60
    1028400 |  9545676.00
    5722705 |  9545641.31
     398417 |  9545506.75
     174577 |  9545483.72
    6335128 |  9545278.05
    2939030 |  9545129.50
    5581075 |  9544964.50
    2642844 |  9544821.84
    1979632 |  9544558.95
    1642981 |  9544047.80
    1399065 |  9543728.26
    6322396 |  9543688.65
    1012485 |  9543546.10
    4537960 |  9543534.00
    4555956 |  9542925.37
    4505914 |  9542781.16
    5789295 |  9542773.40
    5494152 |  9542671.20
    4566959 |  9542634.30
    3004647 |  9542631.33
    1058596 |  9542575.68
    2710766 |  9542569.68
    1656948 |  9542463.84
    5960729 |  9541963.06
    3379049 |  9541706.10
    1056118 |  9541465.56
     155248 |  9541100.85
    1869792 |  9540960.39
     540843 |  9540956.56
    3089778 |  9540843.66
    5869773 |  9540795.26
    6311463 |  9540772.92
    2479303 |  9540766.22
    3805027 |  9540691.27
    1569122 |  9540623.65
    3810577 |  9540405.60
    1119101 |  9540226.65
    5258798 |  9540050.40
     270428 |  9540043.00
    3666907 |  9540033.65
    3058976 |  9539990.00
    2557929 |  9539844.80
    2835809 |  9539667.21
    3870161 |  9539398.88
    5710429 |  9539238.30
    2011386 |  9539161.70
    6164602 |  9539127.52
    4995907 |  9539029.72
    5713476 |  9539023.43
    1822698 |  9538981.57
    3982759 |  9538670.40
     725818 |  9538285.51
    5668208 |  9538179.30
    4588576 |  9538093.44
    4989456 |  9537984.00
    1082408 |  9537751.46
    1456381 |  9537616.05
    6296357 |  9537612.66
    5053725 |  9537591.03
     606627 |  9537509.50
    4860133 |  9537493.02
    4830493 |  9537293.66
    1999869 |  9537179.90
    4509823 |  9537162.00
     865811 |  9537038.40
    3781636 |  9536833.00
    1561945 |  9536818.60
    1870170 |  9536796.14
    3793101 |  9536792.10
    5424491 |  9536780.36
    5028072 |  9536703.04
    2292508 |  9536618.04
    5572495 |  9536562.84
    5226378 |  9536203.20
    6178827 |  9535909.04
    4547010 |  9535815.38
    5694305 |  9535762.56
    4501423 |  9535734.54
      16031 |  9535382.56
    6136222 |  9535260.60
     496919 |  9535168.95
      27054 |  9534851.13
      60890 |  9534644.70
    6188248 |  9534489.64
    2949881 |  9534174.48
    1413802 |  9533933.55
     393315 |  9533923.02
      65245 |  9533716.78
    4124611 |  9533299.20
     770787 |  9533204.80
    2567667 |  9533136.14
    1579755 |  9532931.37
    4256381 |  9532798.08
     184505 |  9532605.77
    3256986 |  9532501.32
    6004851 |  9532446.33
    1843639 |  9532440.60
    5365940 |  9532382.52
    1469047 |  9532298.01
    6395357 |  9532158.69
     580957 |  9532092.15
     859501 |  9531888.94
    5057254 |  9531735.36
      63183 |  9531623.72
    4423011 |  9531159.82
    5284971 |  9530921.80
    1724415 |  9530674.63
    2842077 |  9530605.39
     810927 |  9530520.27
    2793511 |  9530437.74
    2339048 |  9530280.48
    1086929 |  9530175.01
    2300834 |  9529711.98
     642843 |  9529691.76
    1775893 |  9529534.56
    3293069 |  9529325.95
     663890 |  9529117.05
      95886 |  9529031.56
    6328384 |  9528993.63
    5976253 |  9528927.20
     678160 |  9528618.00
    2667786 |  9528500.34
    2876559 |  9528426.48
     327563 |  9528146.10
    1569361 |  9527867.31
     111419 |  9527839.20
     546962 |  9527768.76
    2718635 |  9527619.59
    1021120 |  9527583.44
    5969756 |  9527521.90
    2699468 |  9527420.50
    2908021 |  9527051.36
    1171851 |  9526968.82
    4606100 |  9526940.77
    4924495 |  9526606.57
    2160518 |  9526572.08
     285060 |  9526464.35
    6030174 |  9526429.00
    3458999 |  9526411.06
    4238077 |  9526357.08
    5651425 |  9526314.08
     893976 |  9526200.42
    3431828 |  9526177.55
    1473821 |  9526058.18
    5844526 |  9525945.53
     372283 |  9525681.40
    4574411 |  9525582.56
    5756367 |  9525404.92
    3294249 |  9525339.67
    5741094 |  9525173.88
     428915 |  9525101.70
    1559876 |  9524963.73
      78218 |  9524844.78
    2593921 |  9524739.80
    1039873 |  9524690.96
    3824244 |  9524653.32
    5901096 |  9524459.32
    5680420 |  9524450.88
    1910406 |  9524321.30
    4595606 |  9524023.05
    2505921 |  9523964.48
    1820447 |  9523883.76
    4657540 |  9523864.07
    4469209 |  9523500.14
    2953620 |  9523439.92
    6283707 |  9523391.02
     853002 |  9522867.06
    5061318 |  9522826.56
    5870461 |  9522817.92
     863874 |  9522273.35
    1141264 |  9522237.05
     267553 |  9522031.33
     948976 |  9521630.16
    4893275 |  9521512.56
    2007415 |  9521478.57
    4287608 |  9521291.98
    1504227 |  9521016.37
    4276939 |  9520787.60
    2323959 |  9520216.16
    4235645 |  9520061.74
    1619327 |  9519882.40
    1818139 |  9519667.43
     139537 |  9519517.18
    3943520 |  9519170.52
    3088110 |  9519116.95
    4864674 |  9518653.27
    4607670 |  9518626.02
     571861 |  9518564.00
    1748956 |  9518519.02
    3624950 |  9518505.36
    5841632 |  9518116.92
    3435625 |  9517712.18
    4604945 |  9517540.26
    1981155 |  9517531.71
    4559954 |  9517418.35
     382951 |  9517193.00
    3561064 |  9516919.95
    1513902 |  9516911.91
    1782044 |  9516896.80
    5562001 |  9516739.40
    1720016 |  9516658.91
    1646278 |  9516375.67
    2530072 |  9516355.92
      74966 |  9516258.30
    1589588 |  9516211.38
    1885938 |  9516172.57
    6075684 |  9515923.52
    4394168 |  9515788.89
    4019705 |  9515623.96
    1812427 |  9515548.60
    3161877 |  9515542.86
    5257073 |  9515028.60
    5333555 |  9514945.27
    1740848 |  9514894.54
    1089008 |  9514879.46
    4930209 |  9514533.54
    6226995 |  9514318.14
    4092742 |  9514248.24
     971833 |  9514226.27
    6206967 |  9514127.56
    1113758 |  9514062.85
    3839930 |  9513923.18
    1919900 |  9513857.92
    2851446 |  9513736.83
    2174493 |  9513443.62
    4362566 |  9513323.64
    5517146 |  9513268.66
     758185 |  9513154.56
    5632685 |  9512872.32
    1190548 |  9512647.41
    3189497 |  9512629.05
    4829774 |  9512527.99
    5494550 |  9512380.72
    4307987 |  9512142.93
    5810964 |  9511990.02
     712577 |  9511175.47
    1848369 |  9510897.65
    1179057 |  9510601.87
    4885563 |  9510316.92
    2881691 |  9510194.40
    2920495 |  9509647.64
     603947 |  9509451.66
    1711418 |  9509280.44
    2172726 |  9509138.87
    4027398 |  9509070.57
     601024 |  9508900.01
    5090106 |  9508866.36
    1417683 |  9508776.00
    3382993 |  9508044.75
    5141066 |  9507934.08
    2390277 |  9507838.96
    1990940 |  9507802.32
    4827101 |  9507722.56
    4995727 |  9507607.68
    2601681 |  9507598.10
    3469679 |  9507512.56
    2653046 |  9507249.81
     372432 |  9507124.80
    3918252 |  9506992.17
    2942501 |  9506882.16
    4434258 |  9506583.90
    5173232 |  9505969.52
    5642347 |  9505780.35
     895384 |  9505747.73
    2633892 |  9505733.37
    1317355 |  9505620.92
    2532206 |  9505075.68
    4577306 |  9505013.10
    1426163 |  9504973.76
    5802746 |  9504905.72
    4014112 |  9504836.59
      71923 |  9504124.49
     993387 |  9504042.52
    4468660 |  9503977.41
    3948619 |  9503954.97
    2321536 |  9503834.40
    3219149 |  9503772.30
     472740 |  9503604.90
    4295285 |  9503582.00
    5605094 |  9503270.00
    2254530 |  9503268.40
    2820216 |  9503220.70
    5895068 |  9502913.20
    2705379 |  9502823.44
    1092125 |  9502821.12
      97555 |  9502728.66
    4881863 |  9502273.57
    4017895 |  9502255.36
    5686569 |  9501893.30
    3525867 |  9501301.37
    5009459 |  9501199.17
    1591432 |  9501022.44
    1104887 |  9500851.74
    2544485 |  9500746.02
    6266253 |  9500634.99
    5266929 |  9500544.86
    5453935 |  9500325.00
    4123914 |  9500266.40
    5754381 |  9500219.70
    5062714 |  9499958.00
    3258889 |  9499697.16
    1041009 |  9499670.83
    5411375 |  9499650.60
    5171594 |  9499398.51
    2776536 |  9499335.57
    4565835 |  9499313.88
    2359161 |  9499214.40
    6194757 |  9499212.67
    1729183 |  9499210.56
    2394057 |  9499198.44
    5647153 |  9498716.64
    4980474 |  9498696.20
    1162797 |  9498525.64
    1155346 |  9498340.02
    5049842 |  9498238.20
    6243970 |  9498175.80
     790861 |  9498036.72
    3682033 |  9497899.58
     842937 |  9497898.30
    4419233 |  9497674.68
    3287517 |  9497611.16
    5932134 |  9497372.14
    5878269 |  9497327.08
    5604475 |  9497317.72
    5016579 |  9497271.04
    5806538 |  9496923.50
    4467865 |  9496762.17
    4354034 |  9496739.55
    5780226 |  9496585.35
    4511826 |  9496493.40
    4742154 |  9496271.52
     281085 |  9496140.48
    5724657 |  9496082.82
    2691441 |  9495963.37
     692164 |  9495817.18
    1189251 |  9495762.90
    6330519 |  9495731.52
    2622468 |  9495700.76
    1193431 |  9495697.36
    1824499 |  9495634.56
     485626 |  9495564.13
     919067 |  9495450.36
     795813 |  9495291.86
    4396037 |  9495282.96
    2808942 |  9495270.64
    1438113 |  9495202.76
    3271110 |  9494963.80
    5357580 |  9494913.00
    4850789 |  9494877.60
    3393087 |  9494840.81
    2572154 |  9494616.95
    2161051 |  9494370.90
    2570786 |  9494052.54
    4055285 |  9494006.34
    3542851 |  9493989.90
    5501274 |  9493981.56
    1722795 |  9493697.22
    1465482 |  9493449.46
    4068161 |  9493234.17
    2897106 |  9492905.49
    4329344 |  9492756.48
    1539394 |  9492730.66
    1205312 |  9492422.98
     125467 |  9492128.08
    4949594 |  9492118.08
     780276 |  9492071.82
    3554934 |  9491926.47
    4290549 |  9491908.12
    3418128 |  9491776.10
    1639173 |  9491736.32
    5999070 |  9491701.33
    6040458 |  9491698.83
    3126360 |  9491531.56
    3354265 |  9491440.30
    2850834 |  9490867.47
    3765455 |  9490741.13
    3606690 |  9490216.20
    6215718 |  9489952.62
    3045466 |  9489875.36
    5360926 |  9489663.31
    2664966 |  9489592.34
    1525048 |  9489531.24
     521488 |  9489506.34
     503526 |  9489266.00
     740619 |  9489233.52
    2246377 |  9489214.00
    2317663 |  9489026.56
    1292027 |  9488778.02
     241365 |  9488634.39
    3328396 |  9488494.08
    2817329 |  9488437.70
     972084 |  9487300.86
    3259339 |  9487222.20
    4783257 |  9487112.91
     223848 |  9486921.83
    3176958 |  9486796.06
    2955707 |  9486593.86
    2375392 |  9486459.43
    2341543 |  9486109.60
     702883 |  9486102.08
    5419737 |  9486073.79
    2914825 |  9486060.18
    1724956 |  9486015.00
    1691380 |  9485896.31
    4594452 |  9485892.48
    4474396 |  9485877.87
    4883216 |  9485865.92
    5151006 |  9485604.90
    1972670 |  9485402.49
    4530033 |  9485258.88
    3042304 |  9484930.17
     453512 |  9484713.78
    2891856 |  9484578.54
    1903911 |  9484285.86
    2715683 |  9484198.59
    4913138 |  9484095.36
    3460633 |  9484084.69
    2812865 |  9484041.47
    2394496 |  9484021.23
    3039862 |  9483975.72
     600223 |  9483800.04
    1490168 |  9483742.40
     349420 |  9483725.09
    4135078 |  9483634.71
    1956161 |  9483214.35
    1204789 |  9483114.96
     353489 |  9482934.02
    2139178 |  9482903.84
    1701054 |  9482821.88
     349280 |  9482498.96
    2237932 |  9482187.00
    4071790 |  9482118.92
    2459923 |  9482066.70
    2193050 |  9481988.72
      66183 |  9481788.45
    3040027 |  9481580.46
    3289432 |  9481486.30
    3556379 |  9481379.30
    1171101 |  9481234.38
    6111466 |  9481170.96
    3709321 |  9481039.00
    1395613 |  9480722.13
    1449889 |  9480668.45
     273913 |  9480634.20
    1948246 |  9480484.64
    6161492 |  9480461.90
     405639 |  9480458.53
     523196 |  9480283.75
    3539033 |  9480139.45
    2511601 |  9480127.01
    4001365 |  9480015.94
    1103500 |  9479962.98
    4448937 |  9479633.78
    5973543 |  9479609.66
    2238625 |  9479546.31
    1609886 |  9479516.52
    4050550 |  9479483.02
    4089270 |  9479325.13
     234269 |  9479083.12
    3658480 |  9478983.21
    3961531 |  9478744.49
    5691591 |  9478629.92
     794263 |  9478604.13
     743520 |  9478544.68
    5736380 |  9478393.20
    2661354 |  9478084.26
     107350 |  9477525.20
    3604797 |  9477488.95
    2055032 |  9477419.16
    2919019 |  9477378.26
    4081796 |  9477346.65
     668466 |  9477325.41
    5796767 |  9477275.50
    6336789 |  9477164.52
    4399853 |  9476844.68
    3650180 |  9476770.20
    3550322 |  9476669.62
     504816 |  9476395.80
    4063147 |  9476088.00
      82322 |  9475846.18
     335572 |  9475752.05
    4488187 |  9475562.30
     916141 |  9475464.65
    5209847 |  9475315.20
     613785 |  9475295.22
      40636 |  9475002.03
    6290925 |  9474725.22
    5544381 |  9474667.69
    1858834 |  9474646.56
    4949133 |  9474564.10
    4468013 |  9474560.58
    4779302 |  9474432.76
    5424970 |  9474179.10
    6200769 |  9473904.20
    1816413 |  9473904.15
    6326190 |  9473830.93
    1468256 |  9473718.15
    4002655 |  9473688.16
    1801612 |  9473410.23
    1589218 |  9473293.29
    3408721 |  9473233.35
    3533746 |  9473102.10
    5585351 |  9472985.64
    4497224 |  9472878.31
    5869401 |  9472868.80
    3666389 |  9472554.28
    2992414 |  9472215.86
     786041 |  9472127.70
    2102217 |  9472124.71
    1426216 |  9471994.44
    3488981 |  9471925.49
    4258432 |  9471784.41
    5730184 |  9471752.92
    1947922 |  9471716.66
    5084853 |  9471585.31
     753063 |  9471493.01
     667553 |  9471344.33
    1929216 |  9470891.82
    2872781 |  9470628.81
    1408096 |  9470570.96
    2013361 |  9470514.28
    3637162 |  9470476.90
    2819201 |  9470317.50
    5272584 |  9470218.46
    3212194 |  9470046.78
    2813521 |  9470017.92
    3357517 |  9469936.00
      75172 |  9469279.44
    4807480 |  9468731.28
    2637041 |  9468461.00
    1628469 |  9468017.88
    6292222 |  9467994.75
     139777 |  9467831.61
    6019859 |  9467827.20
    3961764 |  9467784.76
    1474140 |  9467593.23
    6173422 |  9467458.35
    4017331 |  9467295.06
    3327566 |  9467163.97
    4501011 |  9467097.78
    2439345 |  9466933.77
    3723331 |  9466746.96
    6124440 |  9466722.48
    2266944 |  9466686.92
    5687373 |  9466686.35
    1522910 |  9466192.89
    3497265 |  9465960.62
    5478213 |  9465930.24
    2594234 |  9465807.12
    2472603 |  9465647.82
    4721990 |  9465365.64
    6161855 |  9465318.54
    3313471 |  9465276.60
    3766241 |  9465118.00
    1686681 |  9464998.37
    2648646 |  9464844.72
    6372601 |  9464762.88
    6177147 |  9464750.64
    4104042 |  9464722.41
    6249102 |  9464274.00
    6029271 |  9464245.44
    3518967 |  9464121.00
     135961 |  9464031.90
     852916 |  9463607.92
    3013744 |  9463464.90
    3256378 |  9463446.12
    5395148 |  9463287.32
    3827406 |  9463249.51
    2152197 |  9463097.15
    2382554 |  9462949.02
    5942818 |  9462910.64
    2069228 |  9462775.83
    6202504 |  9462685.65
    3383872 |  9462613.68
    1665953 |  9462599.55
    1474294 |  9462494.68
     449041 |  9462476.10
    2044743 |  9462436.74
    5008589 |  9462306.39
    5453371 |  9462253.00
    1943905 |  9462025.04
    1913969 |  9461889.30
    1882708 |  9461874.59
    3874055 |  9461744.58
    3255717 |  9461703.26
    1703864 |  9461430.24
    5156180 |  9461424.00
     821937 |  9461237.20
    3554342 |  9460941.56
    5520136 |  9460782.91
    6257410 |  9460688.10
    6189318 |  9460585.23
    4054910 |  9460575.00
    5383635 |  9460143.35
     704293 |  9460084.00
    2079775 |  9459916.29
    2458371 |  9459832.68
     121770 |  9459191.54
     708600 |  9459032.40
    1443639 |  9459013.55
    2535525 |  9458910.00
    2524842 |  9458843.38
    5182913 |  9458787.04
    1379392 |  9458700.12
    3302692 |  9458667.52
     489858 |  9458585.77
    5955756 |  9458426.39
    4324160 |  9458416.60
    2358674 |  9458031.20
    1005459 |  9457998.32
    5730393 |  9457947.65
    1155445 |  9457936.90
     931904 |  9457883.49
    3077295 |  9457810.91
    3799847 |  9457634.48
    1410020 |  9457563.25
    3087478 |  9457503.08
    5002641 |  9457393.61
    3327066 |  9457337.94
     152262 |  9457236.18
    1899334 |  9457184.66
    4390594 |  9456937.32
    3457969 |  9456908.76
    1003622 |  9456708.28
    1686858 |  9456652.40
    3134924 |  9456594.40
    2841180 |  9456393.24
     950549 |  9456388.48
     970850 |  9456222.47
     498492 |  9456177.50
    2767050 |  9456089.90
    6204792 |  9455854.80
    5629144 |  9455756.12
    4589393 |  9455718.00
     334200 |  9455551.12
    1936894 |  9455491.63
     185043 |  9455260.39
    4378217 |  9454932.96
    2990040 |  9454926.52
    5501239 |  9454715.84
     153659 |  9454355.28
    3042130 |  9454055.10
    5264490 |  9454040.96
    2452865 |  9454005.42
    4616100 |  9453873.52
    4451841 |  9453791.46
    3010744 |  9453462.62
    2140444 |  9453299.31
    6324732 |  9453080.58
    5370703 |  9453038.34
    2021352 |  9453008.63
    5585492 |  9452887.68
    4431715 |  9452822.20
    1557230 |  9452816.10
    5109110 |  9452622.27
    4570047 |  9452550.75
    2518752 |  9452278.08
    2274946 |  9452183.07
    2390548 |  9452139.79
    5291518 |  9452039.74
    5418594 |  9452036.40
    3224484 |  9451979.95
    1270033 |  9451850.98
    4053389 |  9451789.04
    4855608 |  9451773.87
    6255071 |  9451611.04
    6111311 |  9451153.77
    4782241 |  9451121.68
    3873784 |  9450912.24
    3085931 |  9450904.62
    1857013 |  9450534.84
     319562 |  9450528.18
    5634128 |  9450404.49
    4340322 |  9450195.38
     534807 |  9450128.52
    5813412 |  9449975.30
    2909013 |  9449834.24
    5377785 |  9449689.05
    3947912 |  9449525.21
    4242354 |  9449202.33
    3117273 |  9449123.54
    3256001 |  9448828.35
    6037081 |  9448730.80
    1815496 |  9448671.79
    3159131 |  9448529.42
    2696774 |  9448464.48
    3385236 |  9448354.07
    1740042 |  9447902.28
     181405 |  9447674.02
    5056822 |  9447327.00
    5938422 |  9447290.25
    1974635 |  9447227.56
    3506340 |  9447111.36
    1579048 |  9446890.74
    3872092 |  9446733.12
     805514 |  9446619.55
     953591 |  9446612.50
    6054031 |  9446581.82
    2227678 |  9446535.03
    2347616 |  9446491.60
    5239820 |  9446478.30
    4480261 |  9446447.76
    5296293 |  9446405.76
    1403404 |  9446333.10
    1582794 |  9446248.94
    5972754 |  9446165.44
    2665363 |  9446159.58
    5674934 |  9446092.50
    2720454 |  9445779.99
    4784357 |  9445748.70
    5716583 |  9445728.16
    4987843 |  9445563.96
     806606 |  9445540.38
    1808873 |  9445407.96
    5871799 |  9445286.85
     703278 |  9445264.42
     600538 |  9445261.44
    4205127 |  9445165.82
    5191244 |  9445005.18
    1339404 |  9444923.92
    1981616 |  9444826.72
    4667074 |  9444466.32
    3726930 |  9444358.44
    1402984 |  9444322.86
    5803757 |  9444180.00
    4933732 |  9444164.70
    2172247 |  9443929.90
    5445465 |  9443434.32
    1922482 |  9443262.69
    5185672 |  9443179.68
     939935 |  9443118.77
    6016838 |  9442905.16
    4235339 |  9442819.66
    4232589 |  9442468.71
     701069 |  9442347.60
    1087154 |  9442337.60
    1536575 |  9442262.82
    5964881 |  9442017.48
    3441325 |  9441984.72
    5505896 |  9441981.84
     847390 |  9441871.67
    1237325 |  9441832.36
    3281560 |  9441737.43
    2700523 |  9441690.95
    6306297 |  9441318.30
    4601630 |  9441285.75
    2487031 |  9441166.80
    6266484 |  9441160.05
    4160424 |  9441155.79
    3490364 |  9441073.59
    6096829 |  9440888.16
    2358589 |  9440866.35
    2542732 |  9440822.16
    1849624 |  9440761.60
     304741 |  9440755.81
     478329 |  9440709.60
    5752994 |  9440634.00
    3318308 |  9440326.50
     955023 |  9440150.31
    4979924 |  9440022.38
    4086926 |  9439994.24
    2852076 |  9439992.65
    5736141 |  9439942.50
    2143954 |  9439863.39
      86380 |  9439849.75
    1073844 |  9439848.58
    3362519 |  9439831.68
    1781637 |  9439732.89
    1659292 |  9439701.62
    5646970 |  9439530.08
    1976059 |  9439376.75
    5834189 |  9439242.39
    3533736 |  9439214.96
    5595377 |  9439180.38
    5947349 |  9439065.60
    4148386 |  9439038.03
    3071093 |  9438937.18
      13406 |  9438727.55
    2462482 |  9438559.02
     958700 |  9438459.87
     830897 |  9438314.40
     579910 |  9438016.80
    1895844 |  9437939.90
    5863962 |  9437891.40
    2287950 |  9437719.20
    6158350 |  9437638.32
    2056264 |  9437339.80
    1338064 |  9437266.25
     207488 |  9437140.56
    6368174 |  9436931.42
    2786988 |  9436818.49
    2781227 |  9436752.57
    2936537 |  9436577.88
    2554272 |  9436511.14
    3123922 |  9436497.20
    4140509 |  9436331.90
    2601921 |  9436308.50
    5322866 |  9436274.57
    4957245 |  9436262.22
    4068247 |  9436119.92
    5119400 |  9436108.77
    1851596 |  9436014.74
    6188342 |  9435993.70
    5145599 |  9435882.28
    1846531 |  9435646.60
    5243362 |  9434839.68
    4919749 |  9434654.14
    4865999 |  9434613.93
    1806740 |  9434576.08
    4491260 |  9434508.27
    1190555 |  9434396.48
    4910989 |  9434373.72
    5056603 |  9434340.63
    2587241 |  9434268.94
    1194510 |  9433965.83
    2331525 |  9433950.68
    6151017 |  9433528.83
    1295893 |  9433457.10
    3451720 |  9433436.40
    2100481 |  9433417.25
    6074697 |  9432919.32
    2918213 |  9432683.81
    3911615 |  9432584.76
    4802693 |  9432549.99
    3024391 |  9432013.36
    2062885 |  9431903.80
    2163946 |  9431719.36
    3012791 |  9431609.97
    3785276 |  9431240.78
    4887555 |  9431177.60
    5006653 |  9431159.40
    4726244 |  9431044.20
    4328540 |  9431038.16
    1356640 |  9430895.96
    5313500 |  9430669.29
    5768694 |  9430652.43
    3174994 |  9430633.42
      64077 |  9430426.32
     273953 |  9430376.13
    2376205 |  9430335.66
    2170867 |  9430282.50
    5408265 |  9430204.72
    3657904 |  9430172.87
    4979333 |  9430095.88
    5630455 |  9430074.45
    2926035 |  9430052.40
    1839861 |  9430017.96
    2154815 |  9429967.70
    3428926 |  9429888.52
    1854031 |  9429841.55
    4073131 |  9429543.36
    1732216 |  9429541.92
    1495153 |  9429525.90
    4809461 |  9429279.30
    4217970 |  9429182.48
    2544937 |  9428949.00
     917740 |  9428788.38
    4429011 |  9428749.26
    2671164 |  9428630.73
    2758487 |  9428618.30
    5393078 |  9428421.06
    5278946 |  9428393.52
    5430909 |  9428300.70
    2401029 |  9428230.20
    2626157 |  9428042.77
     497533 |  9427734.50
     579360 |  9427635.90
    2083270 |  9427427.50
    5339958 |  9427407.00
    5131200 |  9427282.78
    5557687 |  9427215.36
     114783 |  9427057.30
     988284 |  9427046.46
      48927 |  9426352.34
    4448485 |  9426228.00
    1861642 |  9426171.06
    3301340 |  9425955.00
    3053470 |  9425913.60
    5914503 |  9425879.63
    3852574 |  9425755.62
    5130151 |  9425728.02
    5457326 |  9425631.45
    4558204 |  9425386.88
    4200310 |  9425201.80
    5425023 |  9425164.83
     354600 |  9424992.90
    1093647 |  9424898.56
     838231 |  9424869.44
     827138 |  9424862.43
    3526824 |  9424699.68
    3244615 |  9424634.63
    3962684 |  9424343.60
    3555621 |  9424284.18
    5836554 |  9424042.88
     794496 |  9424026.04
    6155721 |  9423755.10
    4736255 |  9423697.06
    5306202 |  9423661.48
    5622137 |  9423361.57
    6179361 |  9423335.04
     376943 |  9423191.72
    5624773 |  9423170.32
    4592399 |  9422996.36
    2115888 |  9422952.22
    1972904 |  9422939.46
    5216680 |  9422918.79
    1834489 |  9422852.54
    4300152 |  9422693.80
    5004772 |  9422500.80
    3974676 |  9422179.65
     621245 |  9421908.42
    1841347 |  9421878.92
    1435043 |  9421750.80
    3800948 |  9421406.50
    6174834 |  9421303.14
    6287954 |  9421157.02
    3794644 |  9421109.46
     197221 |  9421043.80
    1040417 |  9420847.18
    2398346 |  9420754.92
    2923216 |  9420576.00
    1093023 |  9420339.81
    2395410 |  9420194.70
      23913 |  9420181.86
    1690525 |  9419833.16
    2049179 |  9419823.79
    5296700 |  9419788.90
     243141 |  9419761.55
    2650097 |  9419745.40
    5729139 |  9419540.40
    2185332 |  9419458.60
    4868015 |  9419227.29
    4459106 |  9419097.76
     354662 |  9419088.00
    3244860 |  9419087.34
    1724161 |  9418921.80
    3749487 |  9418610.52
    4140003 |  9418406.62
    3040125 |  9417830.17
    2651692 |  9417775.94
    4558045 |  9417627.20
    3401203 |  9417581.63
    4647401 |  9417536.07
    6090915 |  9417517.83
     732601 |  9417509.53
    2745921 |  9417244.74
    1546582 |  9417089.04
    5442417 |  9416905.68
    3229030 |  9416902.48
    3926342 |  9416753.22
    1035050 |  9416677.50
    4472021 |  9416662.80
     876919 |  9416598.62
    1415733 |  9416575.45
     552651 |  9416557.03
    2644495 |  9416460.18
       8712 |  9416369.32
    5202117 |  9416315.04
    4485714 |  9416223.98
    3007150 |  9416182.63
    3653439 |  9416146.16
    4626688 |  9416067.43
    3831825 |  9415844.69
     582592 |  9415443.26
     234556 |  9415308.42
    3582209 |  9415209.92
    6389279 |  9415168.31
    1589582 |  9415139.37
    1626203 |  9415128.21
    1832045 |  9414944.76
    1458736 |  9414890.34
    4554090 |  9414819.55
    3196092 |  9414715.61
    3326449 |  9414662.40
    5630937 |  9414494.07
    6354616 |  9414484.43
    2782965 |  9414244.70
    5516021 |  9414041.45
    1126309 |  9414025.77
    3027829 |  9413905.42
      75964 |  9413773.70
    5339215 |  9413753.57
    1362557 |  9413746.46
    3470739 |  9413568.02
    6016747 |  9413526.81
    4910227 |  9413493.65
    3664858 |  9413337.11
    6368770 |  9413301.79
    4047562 |  9413016.48
    2870981 |  9412958.88
     319887 |  9412679.36
     482056 |  9412590.43
    5642386 |  9412510.64
    4927943 |  9412325.86
    3191954 |  9412312.86
    5780399 |  9412292.01
    3914455 |  9412221.28
    5169090 |  9411996.80
    4661061 |  9411592.08
    4840443 |  9411544.20
    2628735 |  9411527.84
    5024341 |  9411480.60
     232108 |  9411249.60
     628073 |  9411072.33
    3517417 |  9410563.32
    1360925 |  9410534.53
    3379803 |  9409738.38
     261382 |  9409621.20
    2537721 |  9409594.92
    6360948 |  9409570.56
    2009034 |  9409534.24
    1081104 |  9409426.84
    2735993 |  9409302.86
    4741366 |  9409240.20
    1791313 |  9409141.14
      12913 |  9409136.70
    2365462 |  9409134.84
    5099593 |  9408818.88
    3767689 |  9408784.50
    1295063 |  9408609.00
    5366111 |  9408482.24
    2993117 |  9408438.60
    1368379 |  9408388.85
    5814693 |  9408362.70
    4535069 |  9408355.80
    5320070 |  9408122.64
    3493302 |  9408115.44
    5354502 |  9407864.70
    1256371 |  9407684.13
     636668 |  9407648.88
    2065979 |  9407617.20
    6014028 |  9407545.68
    4561587 |  9407342.91
    5347243 |  9407127.52
    1102650 |  9406999.94
    6142164 |  9406886.76
    4117521 |  9406864.95
    3016922 |  9406594.68
     146810 |  9406466.78
    3856936 |  9406433.15
     441075 |  9406313.28
     398537 |  9406285.26
    4440248 |  9406195.74
    2014694 |  9406040.00
    1641350 |  9405991.45
    4289060 |  9405989.95
    4828498 |  9405855.69
     101023 |  9405676.35
    3023504 |  9405660.06
    5616233 |  9405586.96
    4610661 |  9405548.68
    1169483 |  9405459.42
    1664939 |  9405300.20
    3833920 |  9405021.53
    2203210 |  9404868.42
      32213 |  9404506.00
    2087703 |  9404265.00
    3302831 |  9403989.40
    4623046 |  9403634.00
    4946168 |  9403608.15
    1682997 |  9403576.77
    4729036 |  9403354.74
    6035502 |  9403272.18
     561722 |  9402996.75
    1184885 |  9402765.12
    5658491 |  9402749.16
    5190332 |  9402715.15
    3344232 |  9402711.22
    2721908 |  9402570.24
    5729641 |  9402551.85
    1190415 |  9402487.44
    3901681 |  9402425.96
    4227974 |  9402224.58
    4375543 |  9401879.52
    4308223 |  9401836.74
      19350 |  9401829.18
    3866927 |  9401503.71
     748414 |  9401297.88
    6149457 |  9401283.20
    1326596 |  9401261.76
    2313357 |  9401233.04
    5909205 |  9400971.20
    5360248 |  9400933.27
    1614532 |  9400921.26
    5071305 |  9400834.56
    4000559 |  9400665.48
    1198623 |  9400655.36
    3408391 |  9400565.44
    2735974 |  9400473.91
    1176944 |  9400388.64
    4434305 |  9400205.71
    1285576 |  9400147.68
    4736121 |  9400119.29
    4272767 |  9400041.80
    4077411 |  9399811.56
    3098166 |  9399723.84
    5091444 |  9399659.55
    3890334 |  9399557.64
    5362874 |  9399183.36
    1426691 |  9399167.10
    3695524 |  9399142.50
    5597006 |  9399134.40
    3158908 |  9399128.10
    4576913 |  9398782.34
    3191923 |  9398707.18
    2791916 |  9398697.00
    1022888 |  9398372.38
    4556507 |  9398319.96
    5210055 |  9398123.28
    2440149 |  9398114.56
    1482356 |  9398024.34
    4695614 |  9397951.68
    2524428 |  9397811.20
    1121315 |  9397638.80
    1737865 |  9397558.08
    1734792 |  9397426.93
    3597427 |  9397405.20
    2296819 |  9397342.51
     872838 |  9397147.92
    2221641 |  9397133.24
    2991737 |  9397064.61
    3819693 |  9396449.60
    3595405 |  9396324.30
    3382652 |  9396232.16
    5172600 |  9396027.30
    1829655 |  9395948.31
    5147514 |  9395774.21
     632427 |  9395711.85
    3687208 |  9395562.42
    1126377 |  9395542.10
    4847906 |  9395459.20
    4410075 |  9395366.32
    2055683 |  9395305.05
    6262352 |  9395006.22
    4233900 |  9394992.25
    1037505 |  9394962.56
    4394846 |  9394864.60
    1275169 |  9394830.06
    1932591 |  9394715.25
    5618058 |  9394436.22
    5166499 |  9394167.81
    5088004 |  9394159.50
    2451445 |  9394073.07
    4843847 |  9393827.38
    2394495 |  9393575.20
    3048001 |  9393493.34
    1513585 |  9393369.30
    5296272 |  9393362.40
    5066181 |  9393312.52
    3724095 |  9393225.54
    2343768 |  9393177.64
    3330184 |  9393141.78
    2478558 |  9392975.82
    5671593 |  9392859.90
    3594244 |  9392852.34
    4878689 |  9392767.04
    2537412 |  9392653.40
    1206237 |  9392538.05
    3499022 |  9392526.15
    1198649 |  9392360.25
    4470965 |  9392119.10
    1525621 |  9391985.26
    2946781 |  9391875.64
    3011055 |  9391566.33
     181122 |  9391412.16
    1817265 |  9391267.20
    1191673 |  9391127.33
     629349 |  9390934.67
    2614635 |  9390788.94
    6233958 |  9390667.61
    3388945 |  9390624.74
    2668894 |  9390616.20
    1496463 |  9390486.60
    1697195 |  9390431.40
    1517383 |  9390301.07
    2432485 |  9390270.15
    3416269 |  9390246.12
     475465 |  9390205.44
    1196634 |  9390052.28
    6043005 |  9390044.61
    5759677 |  9389909.64
    4444338 |  9389887.59
     413927 |  9389653.35
    4351073 |  9389548.86
    5676050 |  9389539.42
    3279905 |  9389501.96
    2630706 |  9389420.00
    2705490 |  9389401.30
    3723537 |  9389266.55
     709710 |  9388951.80
    5060055 |  9388904.13
    6258582 |  9388677.30
      40059 |  9388585.60
    5157137 |  9388357.78
    1125991 |  9388335.09
     676290 |  9388328.37
     804596 |  9388325.03
    5306040 |  9388225.38
    3804420 |  9387994.10
    5932128 |  9387895.30
    4009742 |  9387865.52
     751775 |  9387662.10
    1580011 |  9387555.84
    4759289 |  9387504.54
    4960459 |  9387376.05
    1031931 |  9387240.43
    5964466 |  9387113.92
     222947 |  9387038.35
    4825778 |  9386749.90
    3454502 |  9386697.90
    1590573 |  9386515.73
    2178168 |  9386223.00
    1481420 |  9386048.63
     844482 |  9386006.40
    2676194 |  9385925.76
    4544903 |  9385841.88
    4321697 |  9385833.62
    4325379 |  9385825.28
    1032636 |  9385370.40
    4082533 |  9385122.50
    3467991 |  9385079.92
    1468755 |  9384917.01
    2920781 |  9384782.88
    3656851 |  9384675.30
    1473081 |  9384659.65
    5936381 |  9384428.57
    6211800 |  9384413.56
    1074677 |  9384406.58
    4841257 |  9384313.12
    2065383 |  9384290.41
    5290601 |  9384076.40
    2604407 |  9384002.64
    1711969 |  9383935.54
    1468438 |  9383903.00
    3972961 |  9383840.20
      43692 |  9383721.28
    3162641 |  9383720.75
    1020709 |  9383715.93
    3975425 |  9383551.95
    1188792 |  9383543.01
    5592871 |  9383473.35
    1981463 |  9383254.85
    3684818 |  9383167.80
    1623907 |  9383086.35
    4709569 |  9382809.27
    1513151 |  9382808.80
    5828627 |  9382580.25
    4282146 |  9382553.37
    5129681 |  9382533.78
    2851864 |  9382316.16
    3001624 |  9382195.71
    1397777 |  9382110.76
    2938567 |  9382009.14
    6031084 |  9381987.78
    1562286 |  9381975.48
    2186352 |  9381896.58
    3705200 |  9381886.56
    2553149 |  9381836.16
    3880576 |  9381752.84
     157317 |  9381683.28
    3604376 |  9381565.80
     373059 |  9381340.98
    6336076 |  9380838.08
     851287 |  9380725.24
    3276936 |  9380651.13
    6064182 |  9380422.14
     589773 |  9380330.55
    3849507 |  9380216.75
    5898007 |  9380215.04
    5485457 |  9380124.60
    4281232 |  9380029.62
     798318 |  9379933.65
     249627 |  9379585.16
    3896981 |  9379354.16
    4057799 |  9379305.38
     965318 |  9379132.38
    6238158 |  9378898.80
    5234592 |  9378818.40
    1726735 |  9378800.01
      24936 |  9378749.10
    1253818 |  9378341.83
    3199898 |  9378335.52
     657637 |  9378240.00
    4862420 |  9378217.80
    4681629 |  9378049.84
    4664297 |  9378010.82
    2990102 |  9377940.55
    1482054 |  9377940.50
    3455044 |  9377866.80
    6184765 |  9377788.56
    1833420 |  9377694.03
    4153692 |  9377667.51
    4551391 |  9377335.40
    5910752 |  9376924.70
    3121343 |  9376886.09
     769412 |  9376675.20
    4031640 |  9376663.42
    5516074 |  9376531.15
    3772925 |  9376467.34
    3453786 |  9376207.73
     917435 |  9376171.30
    1240189 |  9375738.12
    5129336 |  9375686.65
    2962151 |  9375438.80
    4770857 |  9375268.50
     944921 |  9375158.68
     880157 |  9374856.98
    5541410 |  9374595.75
    5763479 |  9374449.68
    5836221 |  9374320.62
    1695358 |  9374296.40
    3554209 |  9374144.29
    1380949 |  9373682.09
     278961 |  9373599.04
    6135413 |  9373379.73
    3491126 |  9373311.90
    1077740 |  9373173.02
    2155303 |  9373137.10
    5551829 |  9373051.38
    2335478 |  9372960.32
     806988 |  9372741.04
    1708975 |  9372705.44
     334732 |  9372626.85
    1269419 |  9372621.66
    6303771 |  9372551.36
    4978391 |  9372510.72
    1844785 |  9372342.06
    2507753 |  9372176.50
    3412973 |  9372047.36
    1256515 |  9371994.47
    2408341 |  9371967.10
    2243373 |  9371957.32
    6098015 |  9371925.72
    2668719 |  9371775.54
    2955645 |  9371710.80
    4447421 |  9371577.93
    3962296 |  9371536.20
     539379 |  9371535.78
    1232847 |  9371428.16
    4755902 |  9371408.15
    2554959 |  9371179.60
    6100932 |  9371170.00
    3973250 |  9371084.16
    1349511 |  9371041.12
    3834170 |  9370824.57
    3359523 |  9370775.70
    6214066 |  9370186.08
     687528 |  9370123.50
    2127296 |  9370090.31
    1944488 |  9370056.43
    1239656 |  9369949.53
     286532 |  9369717.70
    5020263 |  9369648.75
    4483989 |  9369628.20
    5917699 |  9369616.75
    3576392 |  9369527.40
    4586579 |  9369506.90
    1436504 |  9369444.69
     824786 |  9369298.16
    3337402 |  9369221.98
    5938963 |  9368950.12
    2984718 |  9368785.55
    1961062 |  9368626.96
    5416514 |  9368504.16
    3679114 |  9368396.00
     109027 |  9368222.76
    5867368 |  9368075.16
    3417255 |  9367994.16
    1837317 |  9367900.36
    2900448 |  9367867.92
    1932433 |  9367809.88
    1904739 |  9367567.69
    3565722 |  9367316.53
    5854689 |  9367050.24
    1904842 |  9366847.84
    4094901 |  9366668.12
    1102411 |  9366621.60
    4842603 |  9366572.78
     759598 |  9366466.46
    3419022 |  9366154.62
    4368161 |  9366045.96
     536586 |  9366029.75
    3246281 |  9365626.95
    5318100 |  9365502.72
    4398890 |  9365483.16
    3979683 |  9365416.02
    5959227 |  9365314.00
    5626910 |  9365094.76
    1438822 |  9365041.00
    1461879 |  9364813.23
    3181727 |  9364808.20
    6239085 |  9364693.95
     168670 |  9364599.60
      29770 |  9364569.84
    2022600 |  9364528.36
    5371351 |  9364527.22
    1101995 |  9364516.76
     374162 |  9364503.24
    1353163 |  9364326.72
    2124859 |  9364324.42
    5464099 |  9364317.30
    2822256 |  9364220.46
    2044972 |  9364204.40
     378369 |  9364118.94
    4121830 |  9363665.10
     396616 |  9363607.50
    2276089 |  9363537.81
    2574670 |  9363212.04
    1792101 |  9363064.88
    1041150 |  9363044.72
     259019 |  9362952.82
    6083926 |  9362697.48
     778888 |  9362655.15
    6022714 |  9362653.50
    3115167 |  9362625.43
     203001 |  9362347.30
    5772215 |  9362257.38
    5674939 |  9362111.22
    3258858 |  9361601.12
    2170726 |  9361492.91
    5008801 |  9361348.72
    1194346 |  9361291.40
     399991 |  9361039.32
    2021434 |  9360974.72
    1661825 |  9360946.98
    4693204 |  9360778.45
    5945128 |  9360555.49
    2916973 |  9360498.20
    4813378 |  9360365.42
       6240 |  9360353.60
    2035680 |  9360064.67
    5120032 |  9359817.60
    2081219 |  9359804.52
    1633285 |  9359802.54
    3699974 |  9359549.65
         73 |  9359505.27
    1846447 |  9359415.30
    3748059 |  9359409.95
    4860891 |  9359215.57
    3715052 |  9359168.96
    6202578 |  9359092.32
     550692 |  9358857.37
    5519137 |  9358759.02
    2129229 |  9358718.30
     614108 |  9358612.21
    4062669 |  9358524.22
    1250391 |  9358510.20
     108290 |  9358479.53
    3398308 |  9358374.08
     651498 |  9358319.34
    5816642 |  9358308.99
    2862417 |  9358308.00
    2325675 |  9358291.75
    1845976 |  9358082.65
    2790778 |  9357824.14
    1388046 |  9357786.90
    5671414 |  9357749.78
    5088382 |  9357618.15
     532221 |  9357299.40
    3566803 |  9357088.05
    3217793 |  9357054.57
    2749530 |  9356976.14
    3101015 |  9356969.61
     514149 |  9356947.38
    2190962 |  9356841.20
    3798523 |  9356762.36
    3700985 |  9356623.92
    3894792 |  9356600.96
    2604260 |  9356524.52
    2538150 |  9356479.56
    1367294 |  9356354.69
    1711703 |  9356343.78
    5265562 |  9356326.40
    1047519 |  9356301.10
    3544100 |  9356237.85
    2991805 |  9356205.24
    5656377 |  9355985.00
    2260860 |  9355848.50
    4911853 |  9355774.03
    5720862 |  9355334.07
    2004246 |  9355071.87
    4533457 |  9354912.77
    5598204 |  9354878.00
    2253062 |  9354724.17
    5526772 |  9354606.82
     211634 |  9354568.77
    3595461 |  9354406.88
    1644540 |  9354101.36
    1172683 |  9354039.80
    5656785 |  9353987.68
    4835415 |  9353948.68
    3298778 |  9353686.86
     443270 |  9353641.44
    5590917 |  9353390.28
    3376547 |  9353367.52
    3513562 |  9353343.36
    5427557 |  9353279.76
    6005354 |  9353270.96
    5412120 |  9352996.08
    5700172 |  9352838.58
    5836691 |  9352723.05
    6299658 |  9352722.70
    2678753 |  9352326.22
    3504408 |  9352290.79
    4942212 |  9352219.80
    4882671 |  9352194.25
    5997847 |  9352122.75
    3172497 |  9351883.38
    1415110 |  9351803.89
    2693610 |  9351721.80
    2279560 |  9351633.76
    5722088 |  9351531.41
    2247584 |  9351315.83
    4918031 |  9351304.60
    2725578 |  9351303.92
    5719134 |  9351052.64
    1055807 |  9350785.09
    3613578 |  9350756.50
    3880893 |  9350738.32
    5759466 |  9350715.66
     534111 |  9350608.75
    3176590 |  9350517.90
    4217027 |  9350511.75
    4467582 |  9350467.86
    3759014 |  9350245.84
     650591 |  9350067.31
    4962640 |  9350065.40
    1063449 |  9349525.39
    4311185 |  9349334.58
    4269616 |  9348963.00
    1184736 |  9348703.20
    1501110 |  9348527.12
    1968287 |  9348475.84
    3319707 |  9348394.00
    2252072 |  9348202.50
    3691512 |  9348120.32
    2717726 |  9348057.75
     503349 |  9348028.43
    2987171 |  9347976.72
    1623644 |  9347638.94
    2505165 |  9347281.32
     806298 |  9347195.88
    6010572 |  9347096.62
    1945537 |  9347040.78
     238005 |  9346998.76
    3616968 |  9346988.70
    5735167 |  9346960.50
    2924190 |  9346945.16
    6275193 |  9346848.32
    2722997 |  9346710.23
    4209531 |  9346603.84
     171443 |  9346557.22
    5424084 |  9346519.38
    2005845 |  9346509.72
    4248509 |  9346504.10
    5801057 |  9346349.00
     190416 |  9346141.47
     616386 |  9346064.10
    3160275 |  9345928.31
     987186 |  9345202.44
    2589618 |  9344981.76
    1657631 |  9344835.90
    5225931 |  9344682.45
    2550936 |  9344643.84
    3249538 |  9344513.99
    4505620 |  9344319.48
    4502550 |  9344318.24
    2238139 |  9344080.20
    4546269 |  9343827.81
    6201890 |  9343720.26
    5988188 |  9343661.25
     406536 |  9343598.24
    6356943 |  9343227.87
    5059810 |  9343189.98
    3811174 |  9343117.63
     741510 |  9343030.16
    4604640 |  9342814.75
    5865878 |  9342692.70
    3797346 |  9342572.52
    5681549 |  9342565.10
    5760824 |  9342553.08
    5438779 |  9342354.22
    5973209 |  9342333.00
    1564621 |  9342231.03
    5160145 |  9341969.43
     657601 |  9341875.04
    3679476 |  9341672.21
    3215829 |  9341670.42
    4802409 |  9341646.01
    2202800 |  9341534.11
     295218 |  9341473.70
     880858 |  9341196.90
    5965535 |  9341143.98
    5713393 |  9341143.98
    3087950 |  9340959.96
    1359152 |  9340956.75
    5923197 |  9340838.25
    3932910 |  9340770.27
    1207219 |  9340592.97
    4210810 |  9340366.95
    1792498 |  9340359.60
    3851806 |  9340338.41
    2710769 |  9340143.72
    3074076 |  9340138.08
    5228691 |  9339587.01
    2725404 |  9339533.83
    4792155 |  9339486.09
    1012488 |  9339375.12
     892737 |  9339260.82
    2137472 |  9339034.56
    2912684 |  9338895.57
    1557817 |  9338872.40
     805404 |  9338859.51
    2124095 |  9338694.64
    5166966 |  9338555.32
     222895 |  9338533.40
    1473689 |  9338488.71
    2668113 |  9338238.30
    3577791 |  9338161.23
    1281133 |  9337731.27
      58319 |  9337649.50
    5233456 |  9337598.40
    3307787 |  9337096.45
    2751275 |  9336998.51
    5667304 |  9336995.82
    4869769 |  9336989.20
      70934 |  9336984.12
    1778250 |  9336945.80
    5198976 |  9336937.60
    1844574 |  9336770.16
    3013659 |  9336723.60
    1471710 |  9336686.61
    6341050 |  9336659.92
     155817 |  9336547.26
    6305811 |  9336545.00
    2603815 |  9336169.50
    1985439 |  9335791.06
     704081 |  9335522.21
    4028198 |  9335488.26
      30316 |  9335342.96
    3753554 |  9335216.00
    3513518 |  9334884.15
    2393711 |  9334860.50
    5765914 |  9334843.60
    1206023 |  9334837.30
    1381799 |  9334776.34
    6272729 |  9334712.28
    1772866 |  9334604.66
    5777581 |  9334543.68
    1845858 |  9334478.01
    4413367 |  9334229.94
    6073854 |  9334021.02
    2193092 |  9333818.32
    4704907 |  9333768.86
    5889972 |  9333720.57
    3822719 |  9333636.00
    4548476 |  9333177.66
    4067249 |  9333112.32
    4536441 |  9333006.87
    4266738 |  9332953.35
    5087140 |  9332817.64
    3859312 |  9332710.21
    2582142 |  9332459.25
    5623333 |  9332419.42
    5104187 |  9332311.04
     880066 |  9332043.75
     369700 |  9331770.65
    5600445 |  9331562.15
    5970054 |  9331548.80
    5911684 |  9331367.43
    1625226 |  9331287.68
    6226921 |  9331219.41
    5564668 |  9331168.73
    3497171 |  9331139.58
    3659882 |  9331067.32
    5814822 |  9330896.39
     122698 |  9330814.76
     501888 |  9330767.60
    1350515 |  9330588.72
     675394 |  9330445.53
    1248635 |  9330421.36
     668001 |  9330342.84
    1462977 |  9330156.00
    4259350 |  9330034.28
    1286755 |  9330008.80
    1314956 |  9329755.35
    3872525 |  9329616.30
    2024484 |  9329483.00
    4233031 |  9329395.00
    4945958 |  9329299.05
    5047615 |  9329116.76
    5200454 |  9329098.87
    3144991 |  9329036.07
    1323679 |  9328960.20
    4424185 |  9328837.50
    1341019 |  9328808.74
     569813 |  9328782.80
    5252990 |  9328778.54
    2367809 |  9328734.36
    2059908 |  9328683.46
    2132863 |  9328554.51
    4728381 |  9328522.98
    2393926 |  9328393.58
    2888410 |  9328366.87
    4250312 |  9328310.84
      26344 |  9328291.86
    3160359 |  9328105.12
    5101877 |  9327998.19
    1915233 |  9327952.79
     368296 |  9327915.87
    3465446 |  9327789.38
    3671465 |  9327777.48
    1919145 |  9327670.53
    1397296 |  9327580.80
    4339838 |  9327427.32
    2703292 |  9327389.28
    5873524 |  9327368.16
    5567045 |  9327224.09
    4288747 |  9327188.97
    4606674 |  9327163.56
    2460759 |  9326982.91
    2008379 |  9326972.84
    2078264 |  9326800.82
    4344414 |  9326600.01
    1160449 |  9326559.11
     113812 |  9326505.42
    1503316 |  9326475.60
    5110420 |  9326365.30
    1365845 |  9326324.78
    1778812 |  9325803.11
    5330136 |  9325752.70
    6209470 |  9325713.40
    3628522 |  9325711.20
    2679443 |  9325607.72
    1514630 |  9325377.65
    4926149 |  9325333.64
    1959466 |  9325239.80
    1863303 |  9325170.80
     858616 |  9325078.32
    1042078 |  9325063.80
    4735889 |  9325034.10
    3220390 |  9324881.30
    3147094 |  9324859.18
    5013641 |  9324816.76
    1720781 |  9324743.14
    6062458 |  9324626.64
    6079225 |  9324336.72
    2723570 |  9323925.10
    6308054 |  9323832.20
    4782978 |  9323715.60
    4355543 |  9323651.01
     818821 |  9323609.70
     732229 |  9323325.12
    6230638 |  9323269.76
    5701348 |  9323206.08
    3288396 |  9323074.24
    4837467 |  9323064.76
    1163283 |  9322666.05
    3020911 |  9322654.39
    5363577 |  9322387.83
    2205879 |  9322331.70
    4958057 |  9322179.72
    2499310 |  9322070.22
    3222137 |  9321877.50
    1727465 |  9321833.04
     424216 |  9321749.55
    2292940 |  9321633.89
    3857443 |  9321629.97
    3809471 |  9321524.10
    1064326 |  9321513.76
    4716055 |  9321467.26
    6375003 |  9321293.28
    5834142 |  9321199.93
     153587 |  9321067.21
     852383 |  9320847.50
     715958 |  9320506.92
    4629962 |  9320487.12
     973778 |  9320422.80
    2897498 |  9320401.51
    2112930 |  9320366.25
    3872655 |  9320336.00
    5238944 |  9320269.63
      70777 |  9320241.00
     777409 |  9320157.99
    2546705 |  9320011.20
    4145180 |  9319942.55
    5952639 |  9319886.61
    5540064 |  9319404.03
    2437403 |  9319303.76
    1850249 |  9319272.87
    5263331 |  9319188.52
    1770528 |  9319160.82
    5402780 |  9319083.90
    2535609 |  9319047.30
    4243671 |  9319019.58
    3624219 |  9318528.88
    2165744 |  9318478.40
    3429766 |  9318458.52
    2134755 |  9318437.23
    1409416 |  9318387.18
    2618912 |  9318330.49
    2400059 |  9318162.04
    5207866 |  9318099.48
     201868 |  9317998.60
    1968307 |  9317879.58
    4174164 |  9317799.28
    4651607 |  9317755.74
    5765719 |  9317728.67
    2095452 |  9317710.20
     831310 |  9317662.92
    3019847 |  9317553.48
     896116 |  9317416.80
    1777983 |  9317185.50
    3358732 |  9316746.81
      86736 |  9316662.64
     377587 |  9316553.15
    1461961 |  9316488.74
    4022872 |  9316453.30
      18759 |  9316381.14
    6383961 |  9316280.64
    5391592 |  9316228.14
    3958219 |  9316084.68
    1251228 |  9315613.63
    5075560 |  9315528.34
    2504144 |  9315391.25
    3987775 |  9315265.05
    4095813 |  9315247.00
     923706 |  9315235.08
    4641818 |  9315149.73
    5732605 |  9315114.80
    6251913 |  9315046.73
    2318793 |  9315023.55
    4506174 |  9315004.10
    4842109 |  9314987.22
    6022372 |  9314969.83
    4686114 |  9314962.47
    1191062 |  9314930.94
      56538 |  9314837.84
    3240115 |  9314828.95
     460982 |  9314798.10
    1147847 |  9314676.75
    2903924 |  9314614.14
    4236302 |  9314534.92
    4792421 |  9314523.81
    4852404 |  9314479.90
    3908224 |  9314286.34
    2167790 |  9314184.81
    4080885 |  9313897.68
    3240232 |  9313848.06
    5998036 |  9313840.32
    3352399 |  9313824.23
    4300306 |  9313689.51
    2258757 |  9313603.92
    1050377 |  9313484.79
    5479189 |  9313299.98
    2951405 |  9313281.90
    1719328 |  9313110.64
    5248035 |  9312970.10
    5511774 |  9312654.50
    2751746 |  9312523.58
     196774 |  9312400.80
    5468133 |  9312190.80
    1557803 |  9312063.80
     320700 |  9311931.42
    3410845 |  9311873.25
    6342702 |  9311806.00
    4466990 |  9311647.76
    5880711 |  9311596.52
    3270272 |  9311584.73
    3342567 |  9311576.96
    1508858 |  9311394.00
     787996 |  9311352.86
     114873 |  9311134.60
    3125745 |  9311103.15
    3575024 |  9310952.16
    5899830 |  9310929.16
    2688596 |  9310858.48
    1413686 |  9310852.88
    3615290 |  9310764.36
    1188903 |  9310602.83
    1686290 |  9310470.08
    4387632 |  9310438.71
    4732152 |  9310370.33
    1323216 |  9310316.66
    5844721 |  9310247.77
    6156516 |  9310233.58
    5235172 |  9310214.40
    2073270 |  9310117.44
     671409 |  9310058.16
     325887 |  9310047.50
    3347331 |  9310004.54
    4607238 |  9309849.72
    5240322 |  9309664.98
    3683959 |  9309408.24
    5371468 |  9309283.68
      19025 |  9309207.89
     939887 |  9308962.26
    1970737 |  9308835.76
    2485449 |  9308673.00
    4805754 |  9308633.16
    3839019 |  9308551.20
    6329298 |  9308523.22
    3860534 |  9308509.40
     650236 |  9308379.01
    5878970 |  9308271.00
    1943610 |  9308144.75
    5417574 |  9308039.40
    3249210 |  9307956.69
     920831 |  9307836.89
    4207449 |  9307773.14
    5201801 |  9307760.10
    5194784 |  9307365.60
    2412042 |  9307348.89
    6157329 |  9307298.70
    2099926 |  9307067.46
    4400153 |  9306999.18
    5298815 |  9306996.60
    4530169 |  9306823.20
    3773352 |  9306753.92
    1758218 |  9306674.30
     917084 |  9306537.90
     145882 |  9306475.17
     436229 |  9306261.36
     473212 |  9306131.30
    6309822 |  9306036.63
    3523248 |  9305846.58
    1960452 |  9305785.23
    4602777 |  9305583.57
    4655803 |  9305499.27
    4784755 |  9305332.20
    5158928 |  9305200.01
     375496 |  9305152.31
    3926656 |  9304883.40
    2305622 |  9304883.26
    5617299 |  9304875.52
    3417031 |  9304819.26
    4091161 |  9304765.11
     446625 |  9304657.49
     744140 |  9304285.33
    1543958 |  9304270.42
      60728 |  9304264.64
    4251019 |  9303966.99
    6028683 |  9303929.82
    6359904 |  9303898.56
      46469 |  9303856.80
    2561858 |  9303687.94
    2823712 |  9303603.97
    4602583 |  9303305.13
    5108681 |  9303302.96
      15116 |  9303039.81
    1599502 |  9302902.84
    4851652 |  9302888.30
    3699913 |  9302874.56
     782531 |  9302825.82
    3605966 |  9302787.12
     877443 |  9302769.49
    5059813 |  9302422.22
    2119535 |  9302349.68
     138144 |  9302215.19
     590525 |  9302032.18
    1547871 |  9301942.38
    3046948 |  9301726.98
    1462163 |  9301672.36
    2613358 |  9301560.68
    4477322 |  9301413.60
     732926 |  9301227.60
    6041054 |  9301187.79
    1643448 |  9301020.60
    4410235 |  9300989.08
    3993623 |  9300755.56
     638555 |  9300750.30
    3974629 |  9300535.00
    4054759 |  9300531.60
    4669873 |  9300254.22
    5004480 |  9300155.62
     940888 |  9300053.20
    4674028 |  9300022.08
    1133327 |  9299984.59
    1934724 |  9299935.86
    6193640 |  9299780.28
    4358638 |  9299722.71
     238786 |  9299681.00
    5504694 |  9299602.56
    6119698 |  9299558.58
    1903724 |  9299491.19
    5530732 |  9299331.02
    4155233 |  9298946.14
    5198274 |  9298813.56
    5524304 |  9298671.14
    5835321 |  9298575.88
    6335440 |  9298496.22
    3709892 |  9298490.52
    1579372 |  9298478.25
    2251657 |  9298407.88
    4878572 |  9298393.16
    3352775 |  9298248.52
    6359933 |  9298216.98
    6289467 |  9298108.80
    5692435 |  9298094.90
    4952527 |  9298074.72
    5723949 |  9297938.16
    4652524 |  9297860.74
    3392210 |  9297796.11
    3595283 |  9297753.36
    2002533 |  9297734.80
    4591130 |  9297396.16
    2856365 |  9297277.40
    3083161 |  9297233.49
    6234732 |  9297146.88
    4401033 |  9296908.65
    5767287 |  9296834.24
    3180512 |  9296702.45
    3012224 |  9296518.92
     124695 |  9296507.12
    4361886 |  9296484.72
    4538188 |  9296381.49
    5253662 |  9296322.45
    5190523 |  9296280.08
    5506442 |  9296134.50
    3760261 |  9296073.04
    1766109 |  9295752.66
    6328203 |  9295745.35
    5216795 |  9295711.92
    4868397 |  9295671.15
    3327682 |  9295466.31
    5966464 |  9295366.41
     995191 |  9295330.66
    2296688 |  9295256.32
    3875757 |  9295159.50
     993735 |  9294892.64
    2719071 |  9294695.28
    3965453 |  9294489.99
    2573982 |  9294409.80
    2248810 |  9294337.58
     105203 |  9294180.84
    2341480 |  9294126.44
     320614 |  9294049.16
    3890306 |  9294016.69
     101227 |  9293907.48
    3587417 |  9293764.00
    3258442 |  9293701.80
     572228 |  9293364.08
      62949 |  9293295.00
    2946543 |  9292999.92
    3847685 |  9292724.00
    2784911 |  9292582.05
    4347922 |  9292092.40
    2521438 |  9292074.61
     560435 |  9292024.50
    5945919 |  9291981.70
    4783379 |  9291907.71
    2053517 |  9291776.13
    4487230 |  9291604.32
    5737949 |  9291322.80
     629260 |  9291302.09
     809821 |  9291216.96
    4359050 |  9291152.16
    1166175 |  9291024.47
    3979365 |  9290877.43
    4612429 |  9290814.90
    1983005 |  9290347.76
    1136374 |  9290347.47
    3411873 |  9290253.36
    1035409 |  9290210.10
    4974736 |  9290183.50
    5728970 |  9290127.32
    5315188 |  9290107.38
     570647 |  9290053.70
    3329517 |  9290028.39
    2250540 |  9289985.56
    1525715 |  9289882.62
    5185357 |  9289808.96
    1650670 |  9289721.12
    5749315 |  9289712.26
    2078343 |  9289652.78
    3169451 |  9289558.08
    5576640 |  9289543.12
    1746706 |  9289482.18
    1393134 |  9289235.20
    5263277 |  9289223.80
    1771392 |  9289145.80
    1104922 |  9289093.77
    1089550 |  9289026.56
    5024599 |  9289017.92
     440895 |  9289014.15
     958740 |  9288844.30
    5312478 |  9288756.94
    1923258 |  9288735.96
    6326361 |  9288702.00
    4980065 |  9288193.75
    6353764 |  9288036.45
    3497335 |  9287852.80
    5485436 |  9287683.74
    2160462 |  9287629.32
    3891189 |  9287522.40
    2233729 |  9287484.54
    1143259 |  9287370.30
    4939492 |  9287261.62
     704175 |  9286718.96
    3070897 |  9286696.58
    2110461 |  9286577.60
     772067 |  9286520.64
    3095065 |  9286506.60
     592849 |  9286483.38
    2009742 |  9286348.80
    1984996 |  9286250.82
    5700209 |  9286108.90
    3135701 |  9286075.77
      59558 |  9285903.20
    3464952 |  9285896.95
    5723488 |  9285768.72
    3461935 |  9285766.22
    3543923 |  9285669.68
    5812547 |  9285456.30
    5598187 |  9285410.28
    1511885 |  9285393.92
    4500504 |  9285356.25
      16473 |  9285140.70
    2698249 |  9285074.40
     982939 |  9285000.00
    3787116 |  9284960.06
    4121165 |  9284942.32
    5749077 |  9284935.72
    5755653 |  9284918.24
    4430147 |  9284813.19
    1813271 |  9284624.93
    3918417 |  9284566.35
    4609274 |  9284529.06
    3453209 |  9284428.17
    5196826 |  9284359.59
    5434789 |  9284344.04
    1851983 |  9284188.48
    6130807 |  9284175.78
    5740926 |  9284058.92
    5861727 |  9283998.10
    4454593 |  9283755.80
    1737922 |  9283628.70
    5998649 |  9283560.64
    1158795 |  9283547.62
    4301697 |  9283523.81
    6150467 |  9283516.02
    2169661 |  9283251.60
    5497816 |  9283216.80
    3515635 |  9283159.70
    4146410 |  9283047.90
    3289617 |  9283018.60
     676406 |  9282949.08
    3262942 |  9282892.08
    5711444 |  9282849.57
     246380 |  9282841.02
    3791437 |  9282609.83
    6068554 |  9282457.53
    5999529 |  9282381.29
     898681 |  9282331.80
    1738545 |  9282194.46
    1870029 |  9282013.04
    4063639 |  9281863.74
    5339246 |  9281777.04
    6222692 |  9281769.48
    2006531 |  9281619.44
    3246072 |  9281480.77
    2963047 |  9281436.48
    4236516 |  9281289.72
    3405701 |  9280925.68
    1591923 |  9280599.90
    3125306 |  9280478.61
    3965539 |  9280449.39
    3176474 |  9280403.64
      24469 |  9280335.68
    1544629 |  9280289.54
     211785 |  9279805.92
    4566104 |  9279724.00
    2582042 |  9279548.64
    5280264 |  9279421.77
    5669584 |  9279385.20
    6202808 |  9279341.07
    1321943 |  9279323.10
     694243 |  9278304.14
    5817066 |  9278295.32
     911671 |  9278106.07
    3944791 |  9278098.18
    3071444 |  9278028.45
     846676 |  9277969.28
    2283254 |  9277927.68
     804041 |  9277822.08
    3263060 |  9277762.98
    3639619 |  9277702.74
    4799585 |  9277657.60
     563267 |  9277539.05
    4139970 |  9277536.64
    4970420 |  9277464.18
    3846271 |  9277248.65
    4649101 |  9277137.80
    3686845 |  9276979.04
    5220047 |  9276976.50
    2824225 |  9276974.74
    1770620 |  9276845.17
    4723917 |  9276808.00
    1152213 |  9276803.00
     562320 |  9276646.44
    1688317 |  9276541.95
    5487445 |  9276509.00
    1610963 |  9276196.07
    5642191 |  9275665.86
    2762308 |  9275217.84
    2871097 |  9275192.50
    5841028 |  9275169.57
    5528759 |  9275084.85
    2734040 |  9275044.80
    5686241 |  9275040.24
    3766163 |  9275024.20
    2438464 |  9274853.62
    3565436 |  9274848.13
    2138007 |  9274722.86
    2103600 |  9274646.14
    4875397 |  9274640.08
    5248572 |  9274519.80
    4666162 |  9274511.40
    5901692 |  9274438.82
    4026850 |  9274164.06
    2016018 |  9274046.68
    6132940 |  9273762.94
    2275151 |  9273745.40
    6042046 |  9273707.04
    1381439 |  9273476.16
    4452658 |  9273456.36
    6163256 |  9273415.71
    1111962 |  9273268.80
    6204603 |  9273158.85
     419612 |  9273151.20
    4798980 |  9272995.09
    2005315 |  9272731.16
    4044516 |  9272684.28
    5640411 |  9272565.20
    5331571 |  9272539.42
    4036809 |  9272536.18
    4181765 |  9272252.54
     584665 |  9272214.12
    4481846 |  9272057.77
    2032847 |  9271923.50
    5770335 |  9271894.68
     968523 |  9271383.31
    2671874 |  9271260.50
    5796098 |  9271224.60
    3340657 |  9271146.51
    4738807 |  9270921.48
    1485921 |  9270740.01
    3908992 |  9270629.00
    2015674 |  9270491.78
    3305472 |  9270444.47
    1748894 |  9270322.42
    4720796 |  9270246.63
    2999505 |  9270178.59
    1561822 |  9270173.97
    4163959 |  9270144.28
    1422701 |  9270109.95
    6000344 |  9270078.18
    1297517 |  9270057.50
    2782720 |  9269995.24
    5598586 |  9269979.84
     292538 |  9269920.50
    5891939 |  9269819.05
     351812 |  9269727.39
    2696530 |  9269709.68
    6234106 |  9269614.08
    4237150 |  9269419.20
     290785 |  9269336.96
    4598855 |  9269328.60
     403784 |  9268997.56
    1814739 |  9268928.65
    1139364 |  9268908.20
    1932202 |  9268880.40
    3451505 |  9268857.67
     921895 |  9268832.47
    2032158 |  9268771.22
    5102374 |  9268621.07
    1768479 |  9268612.32
    4281551 |  9268469.10
     487278 |  9268245.91
    4093327 |  9268139.96
    5655215 |  9267946.16
     475257 |  9267741.39
    2327196 |  9267690.94
    5036927 |  9267663.93
    2042153 |  9267404.72
    3735644 |  9266684.76
     511866 |  9266667.65
     591695 |  9266495.70
    3397441 |  9266378.10
    2072799 |  9266181.60
    2532837 |  9266135.40
    1582280 |  9265966.65
    5636150 |  9265554.36
    5261337 |  9265489.02
    2134622 |  9265355.65
    4429105 |  9265344.84
    1249567 |  9265203.57
    3668365 |  9265075.87
    2556838 |  9265011.02
    1222646 |  9264954.03
    2262368 |  9264887.40
    1725248 |  9264640.62
     490527 |  9264640.35
    4090158 |  9264467.58
    5146905 |  9264424.80
     328361 |  9264404.24
    2182927 |  9264383.04
    4702619 |  9264345.18
    3641482 |  9264326.37
      78806 |  9264309.12
    5068366 |  9264305.81
    1517309 |  9263995.92
    3662293 |  9263841.60
    5980677 |  9263794.64
    2685009 |  9263475.54
    3176280 |  9263430.10
     947054 |  9263386.20
    5618776 |  9263300.37
     307251 |  9262915.52
    2859278 |  9262894.00
     103214 |  9262785.60
    5612281 |  9262762.90
     863210 |  9262298.91
    1420006 |  9262263.53
    3720722 |  9262024.43
    4126810 |  9261964.36
    2564981 |  9261883.76
    5823750 |  9261816.24
    3583110 |  9261801.20
    4878443 |  9261753.96
    2799351 |  9261543.55
    5813006 |  9261535.80
    3488031 |  9261342.72
    1288907 |  9261095.89
    1422556 |  9260640.52
    5171608 |  9260465.76
    3613788 |  9260421.84
    1271620 |  9259895.60
    3070747 |  9259736.48
     252848 |  9259610.55
    2144678 |  9259531.95
     719879 |  9259494.32
    3489662 |  9259314.45
    3628553 |  9259208.00
    2747232 |  9259101.91
    2049547 |  9259051.43
     252090 |  9259002.62
    3219610 |  9258951.60
    2133432 |  9258876.48
    1898878 |  9258857.79
    2535222 |  9258663.00
    4131734 |  9258627.00
    1103269 |  9258616.14
    1945609 |  9258326.94
    4751725 |  9258244.20
    2387297 |  9258172.56
    4764496 |  9258006.65
     316789 |  9257792.28
      74025 |  9257582.58
    2950934 |  9257446.48
    3881095 |  9257021.58
    5906034 |  9257013.75
    1865868 |  9256967.91
    1325889 |  9256929.92
     965435 |  9256817.09
     705022 |  9256723.98
    2937209 |  9256666.40
    5623064 |  9256646.09
    3172943 |  9256628.61
    3246651 |  9256596.72
    1097516 |  9256302.72
     973378 |  9256300.08
    2057030 |  9256279.59
    2838910 |  9256075.08
    3302134 |  9256069.44
    1443132 |  9256061.10
    2432887 |  9256055.40
    2987062 |  9255998.02
      44116 |  9255922.00
    5404587 |  9255662.40
    1182865 |  9255523.68
     212494 |  9255433.12
    4834659 |  9255374.37
    1222095 |  9255276.40
    5550463 |  9255244.64
    4532256 |  9255085.92
    1475019 |  9255036.80
    3209240 |  9255009.34
    2371316 |  9254991.20
     652087 |  9254780.50
    1616775 |  9254768.08
     106087 |  9254707.80
    1279870 |  9254686.88
    6316289 |  9254585.52
    2322424 |  9254575.38
    4392772 |  9254545.88
    2153805 |  9254308.80
    4740290 |  9254043.67
     595048 |  9253774.53
     290788 |  9253758.75
    3444775 |  9253755.58
    4802884 |  9253729.47
    5457224 |  9253634.48
    4553276 |  9253309.25
    4523509 |  9253077.57
    1671418 |  9253073.04
     950791 |  9252749.17
    3451445 |  9252356.10
    1708162 |  9252352.62
      13028 |  9252344.40
    1267596 |  9252332.85
     502169 |  9252053.91
    1738878 |  9252006.00
    4315626 |  9251911.00
    1331621 |  9251898.49
    2662647 |  9251826.76
    2406379 |  9251781.54
     694054 |  9251462.55
    2991871 |  9251429.49
    1548914 |  9251428.97
    1221591 |  9251379.55
    2111154 |  9251357.76
    4840941 |  9251316.34
    3810529 |  9251307.60
    2001906 |  9251272.80
    3008619 |  9251212.80
    2989779 |  9251207.78
     454785 |  9251199.84
    5475012 |  9250916.16
    4257563 |  9250786.35
    1325639 |  9250595.25
    4325599 |  9250364.52
     773228 |  9250259.92
    5652034 |  9250171.41
    1577914 |  9250153.38
    1668909 |  9250092.29
    5151140 |  9250060.56
    6325317 |  9249972.96
    1393953 |  9249766.34
    5285757 |  9249651.72
    4509687 |  9249649.70
    2667607 |  9249534.76
    2352158 |  9249348.78
     818573 |  9249228.87
    1093153 |  9249110.70
    1624786 |  9249023.26
    2585085 |  9248947.80
     548692 |  9248845.75
    2743696 |  9248788.08
    5272048 |  9248737.56
    5169098 |  9248367.96
    4015191 |  9248332.91
    4565257 |  9248089.08
    2354832 |  9248015.27
    3783536 |  9248004.61
    6289644 |  9247800.96
    4423287 |  9247744.41
    1466182 |  9247669.80
    2521285 |  9247614.20
    4675945 |  9247604.52
    3004313 |  9247601.60
    6150532 |  9247551.04
    3781755 |  9247455.82
    4968640 |  9247346.36
    5977556 |  9247337.05
    5569745 |  9247251.45
     313409 |  9247192.29
    1545239 |  9246982.68
    5838748 |  9246963.60
    4560452 |  9246737.00
    1444100 |  9246657.28
    5680901 |  9246656.25
    5681460 |  9246650.58
    3309256 |  9246650.40
    2651611 |  9246600.46
    3139679 |  9246558.84
    5259557 |  9246450.96
    5305603 |  9246127.00
    6268778 |  9245941.06
    1187095 |  9245825.36
    2073216 |  9245802.58
     731322 |  9245681.68
    3720774 |  9245419.53
    4060029 |  9245305.63
     718205 |  9245265.17
    5767741 |  9245133.12
    2453397 |  9244984.28
    2923526 |  9244953.85
    1417967 |  9244614.17
    5202190 |  9244555.67
    6393136 |  9244495.60
    1867786 |  9244445.93
      96393 |  9244413.49
    5448953 |  9244320.08
    5839097 |  9244234.56
      59251 |  9244092.99
    1397931 |  9244090.17
    1678263 |  9243981.45
    1508864 |  9243737.25
     241014 |  9243712.44
    1746118 |  9243327.44
     206092 |  9243195.56
    5803109 |  9243191.16
     926282 |  9243082.10
    3955825 |  9242985.26
    5213020 |  9242959.38
    3151725 |  9242773.86
    4337119 |  9242701.27
    5210713 |  9242635.53
    5445435 |  9242460.70
    3005730 |  9242387.28
    4012666 |  9242312.58
    1000067 |  9242272.25
    2830082 |  9242237.25
    2105234 |  9242210.64
    4711328 |  9242098.27
    5612987 |  9241963.52
    3904347 |  9241796.22
     193069 |  9241745.76
    5763927 |  9241711.60
    2653486 |  9241590.54
     958637 |  9241576.47
    4734661 |  9241469.18
    2842953 |  9241336.62
    5736591 |  9241219.26
    1483687 |  9241205.05
    5265998 |  9241165.34
    2579186 |  9241106.50
    4367684 |  9241106.49
    3293828 |  9240911.50
    4991694 |  9240561.92
    4335600 |  9240534.00
    4300900 |  9240531.69
    4298865 |  9240445.78
    4781399 |  9240383.91
    3569119 |  9240287.40
    4445360 |  9239503.02
     852222 |  9239386.92
    3009796 |  9239244.92
    3654175 |  9239181.42
    4268472 |  9238971.30
    2578616 |  9238961.96
    5413714 |  9238955.11
    4015401 |  9238948.47
    5485420 |  9238909.98
     165584 |  9238896.84
    1617715 |  9238829.04
    4977276 |  9238823.00
    1799349 |  9238613.22
    6104896 |  9238606.02
    4253860 |  9238584.04
    1821637 |  9238559.56
    1888404 |  9238396.14
    5055098 |  9238313.08
    4415287 |  9237903.78
    5248114 |  9237531.52
    1930069 |  9237387.49
     498334 |  9237385.26
     325003 |  9237291.25
    3552533 |  9237135.14
    2482402 |  9237084.02
     633080 |  9236950.07
    4806258 |  9236793.00
    4513443 |  9236669.31
    2329023 |  9236341.92
    2288876 |  9236186.19
     823542 |  9236180.24
    1333051 |  9235952.18
    3438231 |  9235929.98
    4623493 |  9235880.39
    2703684 |  9235837.68
    3868137 |  9235645.20
    1213352 |  9235572.25
    1739678 |  9235481.49
    4224992 |  9235464.71
    3032724 |  9235356.00
    4706530 |  9235048.24
    4193277 |  9235040.04
    2159105 |  9234794.80
    4381658 |  9234763.38
    2189163 |  9234730.74
    2208993 |  9234704.29
     954578 |  9234700.86
    5610532 |  9234443.52
     133677 |  9234273.78
    1803705 |  9234194.90
     298616 |  9234185.76
    2908761 |  9234152.19
    2456355 |  9234097.20
     326616 |  9233760.20
    2975317 |  9233700.63
    4021800 |  9233611.97
    2276430 |  9233499.73
    2720685 |  9233423.10
    4887448 |  9233341.57
    3673897 |  9233266.26
    4894322 |  9233178.58
    3555973 |  9233081.13
    5703034 |  9232693.44
    3121845 |  9232512.57
    6162891 |  9232349.26
    4624463 |  9232347.18
    2338833 |  9232345.10
    3154280 |  9231968.29
    6037228 |  9231951.05
    4449436 |  9231940.25
    6210778 |  9231728.24
    1966874 |  9231700.11
    1545056 |  9231467.31
    4721182 |  9231436.02
     143921 |  9231156.06
    3953093 |  9231143.11
    2483317 |  9231044.24
    5769435 |  9230968.23
    5600501 |  9230957.67
    5293735 |  9230800.92
     151004 |  9230740.68
    1676160 |  9230735.85
    1171243 |  9230632.81
     387742 |  9230479.30
     807540 |  9230382.33
    6230779 |  9230273.36
    6160683 |  9230221.98
    3674189 |  9230189.40
     800714 |  9230181.32
    5191580 |  9229851.00
     893574 |  9229803.00
    2584781 |  9229796.04
    1626350 |  9229784.20
    4363168 |  9229608.48
    1099769 |  9229323.07
    3524872 |  9229301.80
    2511485 |  9229185.81
     104008 |  9229008.52
    2599578 |  9228895.20
    5112742 |  9228887.48
    6134319 |  9228869.50
    1572685 |  9228866.91
    1984857 |  9228797.60
    3325275 |  9228690.96
    4322206 |  9228498.75
    4006914 |  9228334.35
    2127204 |  9228250.48
    5414108 |  9228196.53
    2511761 |  9227947.52
    4054020 |  9227660.13
    5503167 |  9227626.80
    6191468 |  9227556.80
    5829109 |  9227550.42
    4078319 |  9227425.09
    3437136 |  9227414.52
    5263757 |  9227350.86
    1639547 |  9227286.96
    1344743 |  9227053.37
    3884351 |  9227036.14
    3379791 |  9226990.70
    4716850 |  9226951.63
    5706171 |  9226889.00
    1403297 |  9226878.71
    2597740 |  9226828.20
    6287659 |  9226758.91
    3072007 |  9226710.00
     646681 |  9226462.58
    5249931 |  9226448.88
    1803406 |  9226359.33
    4847136 |  9226190.82
    2125963 |  9226078.20
    2645597 |  9225972.00
    5342683 |  9225876.42
    6009163 |  9225790.88
    5668489 |  9225677.34
    4861631 |  9225545.16
    5584741 |  9225356.16
    2644771 |  9224975.20
    4516166 |  9224859.60
    2277671 |  9224783.92
    2005961 |  9224753.52
    3959034 |  9224744.50
    2380964 |  9224677.80
    5076480 |  9224611.02
    3891933 |  9224559.75
     132689 |  9224544.41
    5275548 |  9224459.62
     630693 |  9224195.65
    5814954 |  9224142.04
    2214255 |  9223862.82
     469919 |  9223823.98
     687445 |  9223811.95
    2386301 |  9223687.92
    1158462 |  9223406.42
     877770 |  9222948.90
    5246093 |  9222936.03
    5129039 |  9222792.62
    3153826 |  9222477.42
    4853245 |  9222435.53
    5358195 |  9222393.10
     909138 |  9222307.87
    6100539 |  9222273.32
    6293374 |  9222189.15
    3205946 |  9222040.62
    2464179 |  9221936.08
    5483675 |  9221903.24
    2536344 |  9221731.36
    5967679 |  9221586.01
    2731179 |  9221447.44
    5128300 |  9221438.27
    5179028 |  9221352.56
    1575576 |  9221167.12
    5718378 |  9220947.56
    4118576 |  9220816.28
    3381049 |  9220781.25
    2160663 |  9220537.35
    1555433 |  9220432.57
    5356789 |  9220380.14
    1480040 |  9220294.10
    3607499 |  9220231.50
    6035609 |  9220217.67
    2447763 |  9220161.08
    2335316 |  9220160.37
    2645972 |  9220131.21
    3502328 |  9220080.72
    5605662 |  9219992.00
    1244409 |  9219711.60
     849333 |  9219351.96
    5659770 |  9219257.18
    1572788 |  9219116.98
    1211667 |  9219102.69
     904499 |  9218985.26
    4450226 |  9218981.59
    1635916 |  9218967.73
    2078163 |  9218882.91
     225866 |  9218842.56
    5196473 |  9218737.08
    6266343 |  9218701.32
    2759664 |  9218527.50
    5551572 |  9218488.63
    2235639 |  9218423.52
    5055116 |  9218363.26
    5145889 |  9218323.78
     765921 |  9218126.06
    1577349 |  9218017.20
    2546366 |  9217962.64
    4889040 |  9217926.36
    6161578 |  9217643.38
    4337557 |  9217625.36
     780435 |  9217548.63
    1029100 |  9217421.55
     120851 |  9217293.36
    5554241 |  9217266.50
    1561045 |  9217094.64
    6338759 |  9217076.76
    1199457 |  9216791.31
    2671502 |  9216089.04
    5214132 |  9215945.82
    2988927 |  9215903.90
    1198411 |  9215870.94
    2322111 |  9215803.50
    4826856 |  9215772.17
     815551 |  9215771.36
    6072546 |  9215542.54
    1685283 |  9215357.14
    4896149 |  9215107.98
    6062404 |  9215090.27
    3591053 |  9214990.53
    2061294 |  9214971.86
    2035951 |  9214840.14
    2905164 |  9214831.20
    4129911 |  9214733.52
    6134867 |  9214635.60
     125187 |  9214621.97
    2168383 |  9214491.20
    2166006 |  9214450.56
     626676 |  9214315.86
    4352887 |  9213996.00
    4741500 |  9213891.73
    4981800 |  9213879.74
    2783156 |  9213856.08
    3579565 |  9213669.66
    6329248 |  9213582.33
    5422712 |  9213479.58
    4629770 |  9213364.10
     500152 |  9213348.89
    2317686 |  9213256.41
    1080320 |  9213141.34
    1694171 |  9213117.79
    3401569 |  9213024.44
     506699 |  9212896.00
     779329 |  9212812.20
    5897011 |  9212733.51
    2778651 |  9212674.32
    4707505 |  9212260.85
     215975 |  9212218.05
     904195 |  9212061.87
    4078260 |  9212029.80
    2603033 |  9211980.03
    5309731 |  9211926.85
    2700154 |  9211915.88
    3709996 |  9211797.23
    1095954 |  9211648.58
     748154 |  9211575.12
    5921740 |  9211494.78
    5405908 |  9211142.40
    5469879 |  9211101.40
    1257556 |  9210987.94
    2607892 |  9210914.99
    4509459 |  9210876.36
    2736509 |  9210747.52
     785688 |  9210727.50
    5892169 |  9210506.78
    4982576 |  9210431.46
    4239431 |  9210295.38
    4610322 |  9210286.87
    3893531 |  9210255.12
    5432262 |  9210193.04
    1806107 |  9210174.00
    1467118 |  9210158.71
    2215200 |  9210137.48
     712726 |  9210060.60
    6371170 |  9210007.80
     563990 |  9209988.47
    5286892 |  9209973.33
    5369267 |  9209868.25
    3554306 |  9209677.68
    1890041 |  9209641.14
    5115170 |  9209566.96
    2695501 |  9209399.40
    4035348 |  9209286.70
    3983181 |  9209246.48
     765349 |  9209220.77
    4078483 |  9209130.56
    3531269 |  9209069.79
    5084579 |  9208923.68
    5491297 |  9208889.46
    3467746 |  9208832.80
    4946342 |  9208738.11
    1346099 |  9208476.20
    4021133 |  9208456.40
     976745 |  9208377.76
    4501307 |  9208304.55
    4321721 |  9207843.84
    6345495 |  9207598.53
    1274951 |  9207591.45
    1072646 |  9207472.32
    4169051 |  9207376.20
    1316323 |  9207013.48
    5671438 |  9206984.08
    5011794 |  9206708.55
    5792128 |  9206687.70
    2778223 |  9206629.25
    3715422 |  9206594.40
    4487060 |  9206561.80
    3989121 |  9206556.92
    2349195 |  9206555.73
    5386807 |  9206358.99
    4348167 |  9206308.62
    3855963 |  9206231.50
    1468265 |  9206119.68
    1353144 |  9205565.98
     355014 |  9205140.90
    4883468 |  9205106.70
    3299094 |  9204733.46
    3931599 |  9204713.94
    1553786 |  9204670.35
    3260828 |  9204609.56
    3890273 |  9204407.88
    4530201 |  9204248.04
    2114019 |  9204233.72
    3454016 |  9204190.67
    5018307 |  9204129.36
    3665008 |  9203892.43
    1643371 |  9203769.20
    5044289 |  9203427.47
    1353774 |  9203176.56
    4974411 |  9203172.04
    2730770 |  9202926.72
    3300192 |  9202863.36
     364991 |  9202704.70
    2169270 |  9202534.20
    4234904 |  9202523.54
    1734798 |  9202502.40
    4271118 |  9202463.25
    2612498 |  9202375.58
    2373412 |  9202291.04
    1357034 |  9202251.99
    4678231 |  9202163.04
    6171337 |  9201763.62
    4405214 |  9201468.96
     900926 |  9201375.52
    1656883 |  9201340.00
    3571372 |  9201265.17
     930132 |  9201120.00
    2876542 |  9201076.80
    4136565 |  9200900.68
     682245 |  9200777.30
    4116184 |  9200700.25
    4463812 |  9200688.98
    3481615 |  9200556.96
    4087040 |  9200546.85
    5330737 |  9200441.91
    4763529 |  9200348.43
    3177590 |  9200311.00
     875431 |  9200268.00
    3249367 |  9200138.84
    2932432 |  9200031.36
    4602680 |  9199997.10
    2928091 |  9199991.53
    2049365 |  9199834.08
    6045093 |  9199577.97
    2193711 |  9199476.90
    2612368 |  9199467.30
     615398 |  9199337.96
    1696058 |  9199228.72
    1413943 |  9199171.27
    1902780 |  9199058.40
    6283267 |  9198960.24
    4468224 |  9198894.75
    3803005 |  9198718.56
     398974 |  9198701.04
    6213917 |  9198554.82
    3884540 |  9198521.04
    4862201 |  9198489.60
     543165 |  9198399.60
    5832579 |  9198364.63
    4397506 |  9198151.92
    3613885 |  9198113.87
    2437532 |  9198107.85
    1510551 |  9197992.80
    4486810 |  9197859.72
    3504881 |  9197840.35
    4639162 |  9197796.00
     515339 |  9197757.45
    6083438 |  9197643.60
     152050 |  9197623.35
     339568 |  9197588.40
    1052515 |  9197561.34
     722558 |  9197304.02
    3759857 |  9197042.40
     948154 |  9196974.30
    1570022 |  9196594.20
    1721478 |  9196577.80
    4259390 |  9196528.74
    3815058 |  9196283.40
     262291 |  9196183.62
     408856 |  9196131.01
    6036580 |  9196059.60
    5758703 |  9196008.45
    2933793 |  9195793.08
    3749512 |  9195662.70
     290877 |  9195558.32
    3405637 |  9195516.85
     486014 |  9195295.58
    6013293 |  9195048.16
    3264229 |  9195001.85
    2550573 |  9194982.36
     626421 |  9194949.75
     766854 |  9194904.34
    6122518 |  9194619.02
    4594178 |  9194617.19
    4753133 |  9194610.15
     359560 |  9194608.86
    2091604 |  9194549.65
    1367407 |  9194520.00
    4910015 |  9194516.10
    3468015 |  9194505.76
    2490419 |  9194487.47
     412922 |  9194407.32
    4305497 |  9194360.90
     246852 |  9194347.60
    6216560 |  9194221.57
     734544 |  9194182.62
    5546392 |  9193999.00
    3475376 |  9193813.27
     655517 |  9193812.52
    4432531 |  9193770.08
    3431820 |  9193697.10
    5260123 |  9193633.36
    4003522 |  9193571.92
    2382126 |  9193561.07
    3107959 |  9193498.37
    3794758 |  9193397.40
    2288516 |  9193127.92
    4515125 |  9193072.85
      23789 |  9192973.50
    2153070 |  9192770.66
    4539696 |  9192577.91
    2121968 |  9192518.46
    4284338 |  9192294.87
    4473182 |  9192163.64
    2285350 |  9192144.96
    4541080 |  9192086.82
    1713814 |  9192086.49
    5832161 |  9192005.55
    4460241 |  9191959.02
    6398518 |  9191697.78
    1779901 |  9191552.56
    4544509 |  9191345.31
     585337 |  9191265.27
    3914671 |  9191180.80
    2107883 |  9191155.75
    3928490 |  9191119.80
    5108253 |  9191084.26
    6012080 |  9190925.10
    3493183 |  9190791.72
    2709874 |  9190766.55
    2159145 |  9190645.20
    6130637 |  9190619.45
    3254988 |  9190540.80
    4486258 |  9190424.40
    1036534 |  9190309.50
    2859517 |  9190279.80
    1615961 |  9190237.09
    5090834 |  9190170.22
    5847636 |  9190158.77
    2261076 |  9190134.31
    3606846 |  9190113.52
    4932349 |  9190089.06
    5355329 |  9189966.74
    3693319 |  9189896.85
    3132904 |  9189889.62
    3562583 |  9189699.87
    6043034 |  9189658.52
     551862 |  9189400.96
       4830 |  9189111.25
    2647345 |  9189103.68
    4292101 |  9188737.44
    2768548 |  9188651.52
    6002984 |  9188509.33
     433573 |  9188476.66
    4827593 |  9188412.38
    1393573 |  9188372.88
    4292844 |  9188349.24
    3162349 |  9188305.78
    4474823 |  9188122.72
    1314811 |  9187786.56
      12820 |  9187588.80
    1148602 |  9187547.34
    1388576 |  9187441.38
    5023773 |  9187404.06
    2599179 |  9187381.76
     709565 |  9187292.60
    1460107 |  9187284.63
    5120398 |  9187271.96
    4520831 |  9187110.66
    5299672 |  9186898.49
    4461998 |  9186894.36
    2497532 |  9186706.26
    6274241 |  9186668.55
    3155621 |  9186420.21
     417868 |  9186338.90
     803674 |  9186118.20
    1466301 |  9185967.00
    4835641 |  9185944.95
    1127294 |  9185809.64
    3031958 |  9185765.44
     584970 |  9185643.00
    3999289 |  9185594.89
    2880166 |  9185296.72
    6046743 |  9185229.28
    3226153 |  9185201.35
    3654573 |  9185170.00
    5911225 |  9185122.89
     541857 |  9185119.25
    1118527 |  9184975.80
    3774965 |  9184921.20
    2664348 |  9184884.28
    1749379 |  9184784.20
    1819233 |  9184735.08
    2606141 |  9184638.78
    5629254 |  9184383.82
    3057075 |  9184321.08
    3142591 |  9184265.04
      52051 |  9184135.59
    4759818 |  9184123.98
    1756549 |  9184093.13
    5559120 |  9183827.27
    1156562 |  9183765.15
    4485661 |  9183652.69
    4111094 |  9183539.75
    3496789 |  9183480.02
    3413287 |  9183385.30
    3815928 |  9183383.94
    1371294 |  9183259.75
    4706593 |  9183027.83
    6185093 |  9182989.87
    2299267 |  9182973.75
    5440669 |  9182973.72
    3311551 |  9182898.64
    4900119 |  9182877.80
    3830568 |  9182831.17
    5763334 |  9182796.24
    4169814 |  9182757.50
    1156997 |  9182751.22
    1709408 |  9182710.80
    3891421 |  9182683.40
    3127044 |  9182619.81
    3263409 |  9182612.92
    5936610 |  9182478.08
    3129545 |  9182456.16
    3911069 |  9182305.86
    4707621 |  9182275.38
    5224917 |  9182224.68
     744814 |  9182111.25
    4082684 |  9182054.28
    5544110 |  9182021.60
    5212240 |  9181972.80
    5262647 |  9181971.78
    2206521 |  9181965.12
    4017833 |  9181920.22
    1503742 |  9181913.92
    3101875 |  9181795.42
    6285449 |  9181781.73
    1295419 |  9181770.86
      53129 |  9181634.37
    5277413 |  9181533.18
    6144640 |  9181489.24
    3096424 |  9181239.78
    3545908 |  9181220.30
     371744 |  9180866.75
    3850959 |  9180670.29
    6311447 |  9180606.00
    6397000 |  9180580.50
    2447768 |  9180229.08
    3645495 |  9180215.70
     567894 |  9180207.63
     106916 |  9180178.92
    2162590 |  9180095.75
    2891832 |  9180006.51
    1002363 |  9179961.43
    4625350 |  9179883.79
    2738887 |  9179528.76
    4207355 |  9179501.52
    6220282 |  9179481.08
      65966 |  9179430.07
    5263487 |  9179410.17
    1253308 |  9179401.76
    2362079 |  9179236.28
    1991400 |  9179234.80
    5048249 |  9179226.84
    3640153 |  9179214.60
    2313975 |  9179163.26
    3001195 |  9179092.08
    6381322 |  9179005.68
     862998 |  9179003.28
     632055 |  9178934.71
    3926228 |  9178747.20
    5569180 |  9178553.66
    4514334 |  9178525.90
    5441857 |  9178472.94
    4929005 |  9178451.36
    2134955 |  9178434.72
    4557644 |  9178428.81
    3643465 |  9178414.90
    1233128 |  9178226.67
    2182750 |  9178140.22
    5102908 |  9177952.12
    4056510 |  9177807.68
    1096268 |  9177750.56
    5376486 |  9177535.69
    1442724 |  9177476.49
     879542 |  9177445.75
    4593321 |  9177416.32
    5040773 |  9177290.97
    5518516 |  9177155.88
    5731577 |  9177133.70
    3567600 |  9177032.00
    4160426 |  9176752.32
    1404449 |  9176581.96
    3475744 |  9176515.92
    4867103 |  9176510.72
    1715926 |  9176270.58
    1126115 |  9176227.56
    4743536 |  9176218.68
    4036108 |  9176108.40
    1848663 |  9176074.11
    5244943 |  9176048.31
    1915932 |  9176040.05
    5248945 |  9175975.38
     151244 |  9175936.75
    2677903 |  9175924.94
    3242315 |  9175759.12
    4650447 |  9175697.28
    5277936 |  9175652.20
    5809656 |  9175640.24
    4086811 |  9175563.60
    2622849 |  9175456.94
    4510824 |  9175390.63
    4991808 |  9175239.90
    3157740 |  9175138.32
     622719 |  9175098.10
    1867481 |  9175044.92
    2821881 |  9174955.76
    2942020 |  9174900.42
     293789 |  9174810.96
    3516358 |  9174762.75
     820751 |  9174693.56
    2911006 |  9174640.20
    5897069 |  9174573.50
    2762139 |  9174475.75
    4568659 |  9174405.52
     250591 |  9174378.44
    4860799 |  9174233.48
    3584207 |  9174067.20
    4162164 |  9174023.04
    4006065 |  9173992.52
    2451130 |  9173980.62
     956185 |  9173936.02
    4725634 |  9173915.92
    3697346 |  9173817.00
    3569268 |  9173762.31
    4956132 |  9173570.55
    5775895 |  9173446.36
    1206820 |  9173303.92
    5645420 |  9173302.56
    1638640 |  9173230.48
    3775938 |  9172971.84
    1986939 |  9172842.56
    3712906 |  9172755.90
     706334 |  9172307.36
    4645336 |  9171676.20
    1358629 |  9171609.60
     249150 |  9171603.75
    2843281 |  9171474.48
    2838162 |  9171165.24
    5317433 |  9171158.92
    2777582 |  9171138.72
    2494540 |  9171106.40
    1844003 |  9171080.08
    3322522 |  9171031.46
    4965060 |  9170816.04
     376328 |  9170797.64
    1365761 |  9170797.05
    4255478 |  9170786.82
    5540580 |  9170701.60
    2632062 |  9170683.08
     129802 |  9170648.37
    1731945 |  9170608.59
    1603154 |  9170576.10
    5538965 |  9170501.12
    2610068 |  9170339.10
    4624978 |  9170332.86
    5987966 |  9170323.32
    2678717 |  9170112.60
    3717296 |  9169895.04
    2203613 |  9169817.93
    1578618 |  9169737.15
    3470580 |  9169669.44
    1035110 |  9169624.80
    1617184 |  9169600.72
    1585525 |  9169404.24
    2790398 |  9169264.50
     359755 |  9169255.99
    5913693 |  9169125.67
    4957888 |  9168785.56
    1223023 |  9168706.56
    2554069 |  9168604.48
     733098 |  9168552.79
    1979769 |  9168507.23
    2257211 |  9168273.33
    2480771 |  9168222.72
    1923462 |  9168130.95
    5032715 |  9168052.68
    6395352 |  9167657.60
    4642652 |  9167646.73
    5234087 |  9167523.56
     582314 |  9167416.72
    1889405 |  9167351.55
    1624967 |  9167166.91
    5893415 |  9167127.47
    2788870 |  9167053.60
    3747176 |  9166930.76
    4417570 |  9166712.16
    2154232 |  9166566.60
    6000680 |  9166487.17
    4698121 |  9166478.44
    1688511 |  9166470.60
    5202286 |  9166333.78
    3639206 |  9166262.27
    3298231 |  9166257.16
    1344219 |  9166241.37
    1522839 |  9165920.67
    2336861 |  9165841.51
    5206277 |  9165618.72
    2935195 |  9165597.08
    5780844 |  9165557.96
    3263931 |  9165489.13
    1217580 |  9165484.05
    3344682 |  9165323.29
    3162164 |  9164909.39
    1398954 |  9164856.28
    3563343 |  9164709.62
    2420306 |  9164689.92
    2870570 |  9164593.92
    1529638 |  9164567.59
    2885593 |  9164352.00
    3765756 |  9164335.74
     185931 |  9164171.64
    2902683 |  9164134.59
    5117236 |  9164093.54
    3870380 |  9163956.54
    2751374 |  9163954.80
    1035753 |  9163733.75
    6113236 |  9163602.56
    1522155 |  9163538.03
    3058592 |  9163465.14
     313864 |  9163462.72
    6154922 |  9163414.95
    2436215 |  9163400.19
    1918448 |  9163251.30
    2088751 |  9163224.31
    1554596 |  9163190.64
    2178378 |  9163090.85
    5658110 |  9163068.28
    3447645 |  9162871.47
     633981 |  9162868.39
    3544951 |  9162853.70
    4420991 |  9162817.70
     425915 |  9162639.84
    4340729 |  9162611.10
    1476212 |  9162473.01
    5824974 |  9162404.02
      21444 |  9162156.64
    2310943 |  9162046.38
    2061090 |  9161987.40
    2330184 |  9161789.67
    5647452 |  9161755.72
     688575 |  9161635.28
    2612898 |  9161607.96
    3331325 |  9161465.04
    1035244 |  9161411.16
    5788160 |  9161376.88
    6108905 |  9161261.22
    5237439 |  9161108.88
    2940409 |  9160505.25
    6004180 |  9160491.45
    3932635 |  9160322.69
    3192442 |  9160244.41
    5836516 |  9160035.44
    6073906 |  9160026.39
     994249 |  9159690.60
    2122419 |  9159619.56
    4203062 |  9159538.44
    5551951 |  9159442.50
    1059314 |  9159431.40
    4501798 |  9159392.90
    5081444 |  9159387.20
    4658222 |  9159316.18
    2709268 |  9159285.45
    5181679 |  9159261.82
    1811310 |  9159181.80
    1392131 |  9158932.44
    2391477 |  9158919.20
    5501027 |  9158898.06
    4408130 |  9158803.50
     522537 |  9158574.28
    2005480 |  9158527.20
    2307738 |  9158394.18
    4318329 |  9158389.30
    2617309 |  9158232.88
    2554131 |  9158089.98
    3396913 |  9157963.78
    3859283 |  9157940.89
    4964513 |  9157689.54
     357384 |  9157620.23
    2346685 |  9157510.62
    6130295 |  9157479.76
    4205434 |  9157478.80
     576318 |  9157443.46
    5868185 |  9157433.56
    2661000 |  9157374.27
    3597285 |  9157206.30
    1254705 |  9157133.62
    5872452 |  9157064.88
    5862101 |  9157054.95
    5433471 |  9157036.68
    5949958 |  9156959.14
     855700 |  9156948.96
    2603603 |  9156869.76
    1827298 |  9156867.50
    5432729 |  9156695.30
    5585261 |  9156620.67
     374856 |  9156482.94
    3496012 |  9156404.09
    6073510 |  9156398.48
    4755238 |  9156280.66
    2580550 |  9156062.30
    5584293 |  9155940.09
    6002659 |  9155758.40
    3031620 |  9155743.47
    2584519 |  9155531.40
    4197950 |  9155513.15
    2835634 |  9155455.05
    1100012 |  9155394.05
    4103253 |  9155370.24
    1761874 |  9155257.49
     497280 |  9155077.93
     557281 |  9155052.88
    2859106 |  9155024.30
    1719144 |  9154918.08
    3810323 |  9154848.36
    4878946 |  9154788.96
    5709219 |  9154387.80
     290540 |  9154322.30
    4318963 |  9154280.19
    1603463 |  9154250.36
    1452470 |  9154215.98
    4931831 |  9154141.90
    4588016 |  9154129.14
    3063073 |  9154020.12
    3210115 |  9153921.60
    2438122 |  9153912.48
    1227283 |  9153826.22
    5582749 |  9153665.76
    1469337 |  9153632.78
    2345228 |  9153611.82
    4441362 |  9153421.44
     115277 |  9153290.85
    4462015 |  9153253.20
    5382409 |  9153247.62
    2013400 |  9153245.85
    3165262 |  9153212.71
    1576685 |  9153185.77
     134665 |  9153149.50
    4567451 |  9152968.88
    5964086 |  9152872.12
    2234366 |  9152869.06
     209568 |  9152868.77
    2548087 |  9152688.36
    2917572 |  9152684.37
    1827288 |  9152682.63
    1610648 |  9152681.76
    2734325 |  9152670.50
    2022164 |  9152658.24
    4725847 |  9152608.80
    5526773 |  9152488.80
    4799825 |  9152427.90
    2051231 |  9152377.38
    4496785 |  9152350.92
    1904197 |  9152342.66
    3130538 |  9152161.78
    1386954 |  9152140.45
    1051893 |  9152059.94
    2336491 |  9152055.66
    4012874 |  9151924.11
    3406741 |  9151878.40
    1706790 |  9151723.95
    4173946 |  9151637.95
    3777445 |  9151619.32
    2799158 |  9151266.24
    6066815 |  9151221.80
    6038976 |  9151200.08
     655839 |  9151140.06
    3875836 |  9151070.37
    5052756 |  9151061.60
    1254826 |  9151049.25
    1655634 |  9150627.97
    6382506 |  9150602.42
      41308 |  9150520.17
    1702518 |  9150072.03
    3978520 |  9149985.65
    1230481 |  9149975.88
    5110504 |  9149895.04
    2611937 |  9149860.80
    6345989 |  9149858.04
    1247705 |  9149843.04
    1511828 |  9149834.42
     789807 |  9149826.00
     568814 |  9149806.96
     421710 |  9149588.70
    4677438 |  9149522.41
    1459560 |  9149442.84
    2489847 |  9149303.69
    3112414 |  9149070.26
    1392247 |  9149000.76
    5680669 |  9148998.69
     938312 |  9148728.60
    3989473 |  9148678.31
    1629973 |  9148649.65
    1605389 |  9148626.73
     933517 |  9148563.60
    4520879 |  9148530.72
    1747465 |  9148450.50
    3147607 |  9148258.00
    2504782 |  9148111.44
    1286086 |  9148088.97
    4359143 |  9148073.28
    1775682 |  9148000.68
    1737904 |  9147942.08
    5332152 |  9147870.02
     836587 |  9147795.31
    3181977 |  9147733.62
    1658089 |  9147715.44
    2072708 |  9147712.60
    5653881 |  9147298.44
    3103877 |  9147274.92
    1574019 |  9147242.52
    4199305 |  9147165.00
     657075 |  9146796.74
    4154501 |  9146773.85
    1642193 |  9146659.40
    2227568 |  9146652.59
    3657448 |  9146626.56
    1558963 |  9146586.88
    2251493 |  9146463.00
    2948673 |  9146441.14
    5206939 |  9146352.48
    3953125 |  9146303.04
     217835 |  9146167.98
     635684 |  9146144.67
    3484555 |  9146039.28
    3020161 |  9146005.00
    3926104 |  9145781.30
    1248944 |  9145766.66
    1280166 |  9145438.32
    5894414 |  9145352.16
    5469248 |  9145225.35
    4930832 |  9145205.59
     486450 |  9145163.10
    1371684 |  9144953.56
    5461112 |  9144935.76
    3488080 |  9144934.64
    3568193 |  9144899.07
    2984973 |  9144813.96
     791399 |  9144734.88
    1819698 |  9144598.86
    1784505 |  9144560.48
    2399185 |  9144427.49
    4249810 |  9144375.51
    3409011 |  9144294.00
    6348354 |  9144146.10
    4294977 |  9144024.05
    5417714 |  9143885.86
    2972343 |  9143751.30
    6153593 |  9143705.90
    5759991 |  9143552.92
     780478 |  9143383.35
    4356037 |  9143334.72
    1143138 |  9143330.46
    3456930 |  9143312.40
    5082124 |  9143243.28
    3231860 |  9143220.22
    4169574 |  9143214.08
    5860619 |  9143125.74
    5771640 |  9143072.40
    3310154 |  9143040.46
    1473312 |  9142955.64
    5601346 |  9142954.50
    1410476 |  9142952.28
    5510457 |  9142816.45
     979343 |  9142733.16
    3671212 |  9142610.52
    1209637 |  9142523.14
    3163494 |  9142342.30
    5228915 |  9142067.62
    1780192 |  9141936.59
    3262111 |  9141930.04
    6399208 |  9141892.38
    1956656 |  9141841.51
    3772141 |  9141824.12
    3561980 |  9141666.98
    2928555 |  9141593.67
    3257730 |  9141465.60
    6197893 |  9141444.95
    1610589 |  9141133.85
    2621714 |  9141064.16
    3463744 |  9140935.30
    3640809 |  9140880.85
     621334 |  9140678.47
    2497308 |  9140632.39
    5438552 |  9140572.29
    4852256 |  9140529.69
    4612154 |  9140402.07
    1373335 |  9140245.29
    5944252 |  9140244.88
    4270714 |  9140221.74
    5799005 |  9140220.40
    2912259 |  9140178.04
    4657280 |  9140141.60
     677321 |  9140083.20
    4409297 |  9140075.62
    4702546 |  9139987.80
     300858 |  9139890.88
    2693018 |  9139828.75
    6338842 |  9139769.16
    1147002 |  9139746.00
    3639380 |  9139655.99
    6100621 |  9139569.12
    3018162 |  9139553.28
    2546031 |  9139530.12
    5317149 |  9139491.24
    2613143 |  9139312.20
    1683526 |  9139253.06
    2603959 |  9139216.68
    3219069 |  9139104.00
    1016008 |  9139010.73
    1991936 |  9138926.47
    1731313 |  9138874.28
    6305810 |  9138790.76
     872002 |  9138634.17
    1296009 |  9138627.60
    1741358 |  9138529.86
    1823900 |  9138417.84
     374889 |  9138416.76
     109790 |  9138343.62
    2608947 |  9138309.96
    6200969 |  9138262.80
    4402556 |  9138197.00
    3900521 |  9138064.02
     961571 |  9138042.62
    4736134 |  9137977.94
    1816782 |  9137973.82
    3032132 |  9137961.20
    2509846 |  9137848.02
    1468912 |  9137649.29
     499160 |  9137615.52
    3121418 |  9137606.35
    3058453 |  9137371.10
    1225804 |  9137115.86
    5174172 |  9136877.36
    2314613 |  9136803.58
    1227340 |  9136552.98
    3227963 |  9136441.60
    3708543 |  9136407.00
    5009196 |  9136316.00
    5024314 |  9136022.70
    6324517 |  9135993.10
    5881288 |  9135782.34
    1379317 |  9135753.41
     688725 |  9135651.15
    3729878 |  9135623.70
    3256119 |  9135468.42
    3115476 |  9135367.20
    1274396 |  9135354.67
    2999078 |  9135270.44
     926678 |  9135220.42
    6024253 |  9135123.84
    4003319 |  9134953.38
    1685098 |  9134808.30
    1987487 |  9134795.85
    3454712 |  9134784.26
    2929535 |  9134639.01
    3844834 |  9134633.48
      71087 |  9134530.00
     325869 |  9134520.72
    4495957 |  9134500.71
     889841 |  9134481.60
    5441548 |  9134400.00
    2705842 |  9134363.42
    2030174 |  9134307.32
    3782545 |  9134139.80
     706589 |  9134040.08
     752193 |  9133851.02
    2266864 |  9133829.99
     305866 |  9133818.13
    5051219 |  9133782.30
    5161620 |  9133648.41
    2015565 |  9133590.72
    1399089 |  9133590.60
    3036101 |  9133561.74
    3429465 |  9133468.80
    2748167 |  9133419.19
    1891942 |  9133314.23
    5184878 |  9133284.90
    4706105 |  9133096.56
    4431604 |  9133082.51
     585440 |  9132868.92
    2812728 |  9132792.80
    2542592 |  9132733.50
    5639905 |  9132714.89
    2632484 |  9132536.20
    5139018 |  9132531.20
     579224 |  9132502.04
     129887 |  9132481.84
    6200737 |  9132202.98
    3739600 |  9132199.44
    6275894 |  9132147.64
     125632 |  9132110.86
    4593265 |  9132028.26
    5723765 |  9131788.86
    5344055 |  9131670.62
    1774483 |  9131641.86
     991595 |  9131625.00
    2033134 |  9131588.25
    4584950 |  9131459.40
    3026314 |  9131404.62
     596126 |  9131137.89
    2673098 |  9131130.84
    6259952 |  9131074.80
    1877783 |  9130934.40
    5100035 |  9130809.52
    3539019 |  9130784.96
    2607642 |  9130777.38
    3473411 |  9130192.56
    3182235 |  9130132.47
    4220070 |  9130101.12
    2466119 |  9130080.00
    1096972 |  9129856.56
    4081485 |  9129764.52
    4780219 |  9129705.21
    3187153 |  9129624.06
     208624 |  9129431.52
    2332531 |  9129353.80
     814126 |  9129352.28
    1703939 |  9129275.62
    3101016 |  9129233.84
    2832798 |  9129152.95
    3363714 |  9129132.40
    2402271 |  9129055.90
     657777 |  9128930.90
    3977356 |  9128828.64
    4565739 |  9128747.18
    3841088 |  9128727.30
    2792488 |  9128700.29
    4853104 |  9128498.60
    4392636 |  9128479.68
    2577802 |  9128219.00
    5082833 |  9128180.64
    5323537 |  9128062.98
    6097997 |  9128047.68
    5382194 |  9127978.86
     511640 |  9127912.20
     515432 |  9127875.00
    3017853 |  9127698.00
    2836696 |  9127671.96
    2943113 |  9127253.25
     855289 |  9127051.64
    4493331 |  9126733.50
    2268944 |  9126724.68
    4984747 |  9126369.00
     654655 |  9126279.63
    2679267 |  9126270.45
    1900882 |  9126164.04
    1196037 |  9126116.64
    3004807 |  9126092.45
    4160162 |  9125921.43
    1955265 |  9125827.88
     221122 |  9125820.96
    2028451 |  9125810.47
     260193 |  9125806.86
    4307532 |  9125771.83
    1048985 |  9125743.32
    3591359 |  9125674.60
    2288838 |  9125657.44
    3194286 |  9125622.59
    4971324 |  9125535.51
    3122163 |  9125524.88
     852625 |  9125468.71
    2383841 |  9125466.18
    4413382 |  9125429.81
    3748809 |  9125342.10
     850164 |  9125326.70
    1042736 |  9125303.50
    1959122 |  9125222.40
    2382255 |  9125084.00
    1747582 |  9125069.22
    4607908 |  9125016.60
    5117669 |  9125007.50
    5912561 |  9124921.60
    2647385 |  9124882.23
    1541071 |  9124713.41
     305565 |  9124606.44
     613681 |  9124530.18
     823954 |  9124400.25
    2815625 |  9124225.48
    5356361 |  9124180.00
     977712 |  9124140.16
    3946659 |  9124090.60
    2754653 |  9124057.86
     332244 |  9123991.61
    4241876 |  9123662.70
    3665161 |  9123571.56
    2774193 |  9123540.48
     627837 |  9123518.36
    5664440 |  9123303.93
    4420061 |  9123159.25
    4002847 |  9122804.73
    3328750 |  9122789.78
    5318046 |  9122673.44
    2090039 |  9122653.08
    4136661 |  9122647.52
    3120064 |  9122559.97
     168626 |  9122552.88
     192216 |  9122492.12
    2455264 |  9122444.91
    5180149 |  9122287.85
    3012397 |  9122212.23
    1347734 |  9122198.34
    1109246 |  9122063.30
    1558781 |  9121953.36
     159811 |  9121901.80
     114455 |  9121799.28
    5036015 |  9121755.02
    3249976 |  9121750.00
    5482593 |  9121741.72
    6111800 |  9121675.08
    5347307 |  9121508.60
    3899445 |  9121485.42
    2363853 |  9121441.77
     697786 |  9121341.51
    1941742 |  9121278.48
    2076151 |  9121033.32
    1752759 |  9120731.69
    1282674 |  9120727.20
    3863879 |  9120712.59
    2264059 |  9120666.87
    3790633 |  9120657.04
     673102 |  9120563.80
    5532501 |  9120562.21
    2562992 |  9120510.03
    2538108 |  9120152.34
    5258568 |  9120019.89
    4974951 |  9119989.38
    5832486 |  9119937.78
    3857370 |  9119655.00
    5116127 |  9119613.14
     685146 |  9119457.01
    5485443 |  9119387.75
    1623859 |  9119347.44
    2492908 |  9119289.60
    5912077 |  9119153.50
    3408967 |  9119115.46
    1383041 |  9119024.18
    5816833 |  9119012.00
     823350 |  9118994.37
    4315720 |  9118993.55
    1770985 |  9118960.80
    2944806 |  9118866.00
    6256696 |  9118759.86
    6263401 |  9118640.52
    1846109 |  9118493.58
    4789389 |  9118449.60
    5797253 |  9118332.40
    3905365 |  9118304.70
    3222965 |  9118204.20
    2271323 |  9118126.62
    5326619 |  9118026.50
    4369692 |  9117817.73
    5862806 |  9117667.37
     108608 |  9117592.00
    3494001 |  9117257.54
    1175548 |  9117170.37
    6008899 |  9117130.20
    5737774 |  9117095.56
    3331463 |  9117018.30
    1700397 |  9116909.93
     975441 |  9116856.51
    1815153 |  9116828.42
    5743903 |  9116702.68
     921485 |  9116596.04
    3488292 |  9116452.80
    4279038 |  9116344.02
    2920971 |  9116254.00
    3142885 |  9116186.40
    5795345 |  9115929.43
    6248066 |  9115686.81
    4207467 |  9115662.30
    4557788 |  9115587.20
    2192538 |  9115519.68
    1599146 |  9115474.96
    1628847 |  9115269.44
    6229626 |  9115268.96
     164251 |  9115169.94
     895879 |  9115117.44
    1944702 |  9115048.80
    2404822 |  9114979.50
     408028 |  9114807.18
     507987 |  9114790.18
    5510811 |  9114760.35
     989205 |  9114681.78
     264048 |  9114592.80
    5525610 |  9114422.88
    3551420 |  9114348.25
     802220 |  9114284.05
     545029 |  9114198.40
    2992740 |  9114116.31
    4337447 |  9114065.52
    3074980 |  9113609.70
    2068131 |  9113512.15
    1595884 |  9113499.58
    1239097 |  9113480.50
    6203604 |  9113375.04
    4437619 |  9113359.20
    2265094 |  9113159.20
    4365249 |  9112930.80
    3510789 |  9112871.90
    3596686 |  9112758.00
     369632 |  9112707.04
    2412895 |  9112628.16
    4231738 |  9112560.32
     928945 |  9112153.82
     231292 |  9112136.50
     788954 |  9112131.34
    3718984 |  9112101.60
    2378499 |  9111822.73
    1419020 |  9111480.33
    2049411 |  9111369.81
    2434161 |  9111004.00
    5179231 |  9110830.05
    4071007 |  9110663.73
    6312603 |  9110627.96
    4933890 |  9110573.64
     166603 |  9110343.45
    6247478 |  9110223.84
    1405923 |  9110219.58
    3968760 |  9110162.32
    1699014 |  9110150.32
    1868068 |  9110115.84
    2547891 |  9109850.14
    1648085 |  9109774.85
    3030802 |  9109727.04
    4119425 |  9109705.46
    4788984 |  9109634.17
    2437392 |  9109581.25
    5344346 |  9109535.99
    1139781 |  9109501.78
     757310 |  9109468.86
    2318254 |  9109420.10
    4219915 |  9109379.59
    5861042 |  9109379.48
    5590871 |  9109202.90
    5458627 |  9108926.40
    2616538 |  9108815.48
    4172460 |  9108745.20
    4969964 |  9108709.86
    3012723 |  9108697.40
    5447987 |  9108565.83
    6080668 |  9108535.55
    4995692 |  9108512.10
    6285398 |  9108489.99
    1124220 |  9108421.50
    4785824 |  9108396.72
     916485 |  9108221.37
    2189919 |  9107825.28
     196821 |  9107807.84
    2922919 |  9107784.00
    3250041 |  9107229.30
    3504921 |  9107164.97
    4586660 |  9106869.40
    2112503 |  9106660.26
    2166995 |  9106362.67
    3459522 |  9106344.00
    5106028 |  9106218.55
    4666982 |  9106210.70
     305018 |  9106116.00
    1966502 |  9106105.36
    5196757 |  9106003.80
    5513514 |  9105910.16
       8881 |  9105747.66
    6233942 |  9105703.53
    1127614 |  9105526.57
    3727578 |  9105249.16
    1069014 |  9105143.46
    1494891 |  9105095.40
    3310470 |  9105026.88
    1679604 |  9104972.76
    1463633 |  9104885.55
    1123038 |  9104877.60
    2393762 |  9104498.68
     383420 |  9104391.08
    3182101 |  9104285.01
    1245582 |  9104195.76
    3170519 |  9104174.64
    5197427 |  9104066.95
    5191039 |  9103957.20
    3400416 |  9103953.29
    4083302 |  9103906.50
    6007408 |  9103854.87
    2013368 |  9103618.50
    5832058 |  9103545.45
     760340 |  9103520.70
    4103332 |  9103486.42
    1553945 |  9103479.84
    1890660 |  9103066.50
    1042528 |  9102938.22
    1386484 |  9102930.20
    5661248 |  9102635.14
    1846301 |  9102590.49
    3030059 |  9102555.98
    2472397 |  9102468.96
    3635393 |  9102327.72
    1893674 |  9102286.49
    1909625 |  9102203.61
    2954591 |  9102200.40
    4242667 |  9102186.50
    3221639 |  9102099.51
    3055374 |  9102073.14
     201502 |  9102048.12
    4655875 |  9101883.44
    1234042 |  9101818.02
    2591156 |  9101713.96
    1247767 |  9101523.84
    2141304 |  9101433.45
    6292442 |  9101322.05
    5665963 |  9101260.76
    4145705 |  9101242.53
     155264 |  9101228.40
     371535 |  9101218.84
     620678 |  9101183.58
    4594772 |  9101134.40
    2550489 |  9101102.38
     623878 |  9101089.76
    5596695 |  9101083.25
    1668118 |  9101009.60
    5725683 |  9100907.89
    2480594 |  9100852.92
     467151 |  9100780.81
    4856395 |  9100685.00
    5081118 |  9100587.32
    5751819 |  9100514.00
    3889450 |  9100257.18
    5582938 |  9100163.60
    2307007 |  9100076.04
    1171682 |  9099920.48
     815803 |  9099891.84
     705116 |  9099687.63
     184133 |  9099648.80
    1595653 |  9099618.19
    1010680 |  9099502.50
     614037 |  9099374.84
    5486086 |  9099339.12
    6024753 |  9099286.77
    1446090 |  9099231.66
    2199659 |  9098975.34
    2203877 |  9098905.77
    2144427 |  9098891.22
    4819123 |  9098747.98
     947953 |  9098721.16
    5575733 |  9098679.72
    6092315 |  9098614.93
    2978176 |  9098431.06
    2178121 |  9098415.44
    5954543 |  9098378.45
     844409 |  9098294.40
    5830791 |  9098290.48
    4176958 |  9098267.04
     110653 |  9098072.34
    6190182 |  9097732.00
     338550 |  9097655.35
    3354753 |  9097617.87
     618897 |  9097541.28
    1428111 |  9097524.46
    1069021 |  9097499.44
     603275 |  9097377.66
    1492796 |  9097259.37
    2064608 |  9097198.25
    5270195 |  9097098.64
    5470883 |  9096968.43
     513162 |  9096889.41
    3841921 |  9096817.80
     566102 |  9096665.76
    3275263 |  9096647.52
    3825301 |  9096607.32
     799709 |  9096607.04
    1201785 |  9096599.89
    4928236 |  9096567.08
    5579035 |  9096535.00
    6045151 |  9096361.56
    5146008 |  9096329.45
     406995 |  9096243.20
    3364852 |  9096220.85
    4352871 |  9096018.36
    2260695 |  9096005.96
    2454915 |  9095936.91
    4510316 |  9095790.78
    5994366 |  9095661.00
    4198553 |  9095600.64
    1158680 |  9095510.03
     277539 |  9095502.86
    3451121 |  9095436.50
    3407095 |  9095198.20
    1222248 |  9095155.68
    3700815 |  9095011.10
     815997 |  9094760.10
    6147967 |  9094586.50
    4848080 |  9094566.39
    1490243 |  9094518.00
     278106 |  9094399.12
    2107259 |  9094300.00
     776695 |  9094256.00
    1371677 |  9094145.33
    2975834 |  9093797.30
    1152137 |  9093717.79
    4570055 |  9093716.08
    1502841 |  9093660.64
    5646036 |  9093477.51
    4823896 |  9093408.48
    2169476 |  9093210.77
    5464088 |  9093073.85
    3818736 |  9093052.13
    1010908 |  9093051.10
    2440177 |  9092943.76
    4308948 |  9092922.91
    3254555 |  9092771.00
    4504252 |  9092762.66
    2569757 |  9092647.20
    4321874 |  9092476.44
    3089071 |  9092415.39
    1296496 |  9092396.88
    2589567 |  9092372.08
    5141418 |  9092217.86
    3262695 |  9092108.50
    1679079 |  9092083.14
    4708852 |  9092006.64
      25535 |  9091959.57
    3763249 |  9091790.40
    4233205 |  9091777.20
    6132335 |  9091475.02
    1638169 |  9091240.14
    6282065 |  9091142.17
    4716785 |  9091026.26
    5137297 |  9090800.22
    1714074 |  9090789.52
    1429424 |  9090780.66
     525004 |  9090289.60
    2393737 |  9090276.90
    5266257 |  9090245.98
    3932475 |  9090226.64
    1319171 |  9090148.35
    1656471 |  9090116.97
    6081906 |  9090099.69
    4972721 |  9090080.44
    2796554 |  9090057.08
     487488 |  9090047.64
    2450740 |  9090021.32
    4791197 |  9089995.67
    1845868 |  9089734.20
    2589934 |  9089675.13
    4565984 |  9089529.15
    6227024 |  9089489.20
    1689532 |  9089372.52
    5156996 |  9089157.68
    1674486 |  9089128.84
    2857825 |  9089115.48
    6367700 |  9088822.92
    2549042 |  9088731.08
    6317105 |  9088717.63
    3162703 |  9088623.66
    3233150 |  9088454.53
    4125429 |  9088424.28
    3602718 |  9088363.62
    2699016 |  9088212.10
     114776 |  9088177.68
    3820512 |  9088122.98
    6025160 |  9088102.08
    4296249 |  9088091.05
    5388711 |  9088031.25
    4449416 |  9087955.64
    6245321 |  9087949.36
    4382517 |  9087912.70
    3608147 |  9087771.42
     667778 |  9087635.92
    4821765 |  9087410.16
    4797254 |  9087340.14
    4062671 |  9087333.58
    4140707 |  9087288.84
      50024 |  9087252.54
    2246512 |  9087197.68
     116507 |  9087132.60
    4411970 |  9087033.13
    2420081 |  9086955.40
    3605583 |  9086820.85
    4889850 |  9086749.93
    2538288 |  9086566.83
    5095467 |  9086552.82
    2161588 |  9086460.24
    1573697 |  9086319.27
    3778921 |  9086281.41
    2529045 |  9086274.48
    4382703 |  9086263.76
    1082891 |  9086112.81
    3650710 |  9085991.60
    4157232 |  9085949.04
    4031856 |  9085928.15
    2201758 |  9085802.93
    2292221 |  9085754.08
    2567764 |  9085629.60
    3489160 |  9085536.30
    5876634 |  9085498.32
    1682830 |  9085416.12
    5597093 |  9085302.60
    5484061 |  9085232.52
    1211682 |  9085211.70
    6330414 |  9085126.12
    1318670 |  9085089.10
    1582506 |  9084953.36
      72905 |  9084827.58
    2221646 |  9084665.34
    1412162 |  9084636.30
    2252028 |  9084635.44
    2558408 |  9084492.15
    1185591 |  9084379.14
    3657158 |  9084367.47
    4213968 |  9084289.50
    1843169 |  9084188.15
    1826065 |  9083966.32
    5997263 |  9083897.04
    1588491 |  9083865.28
     611782 |  9083827.84
    3891914 |  9083451.90
    1291033 |  9083356.10
    1518526 |  9083251.98
    3238969 |  9083115.84
    2017149 |  9083032.84
    3735367 |  9082900.56
    2661376 |  9082886.54
    5552850 |  9082469.55
    2667393 |  9082378.17
    6285477 |  9082354.22
    3828477 |  9082354.15
    3612214 |  9082333.70
    2943296 |  9082304.05
    2296509 |  9082172.77
    3539194 |  9082069.92
    3413390 |  9081938.12
     977014 |  9081825.60
    3519022 |  9081813.51
    3373511 |  9081543.80
    5007133 |  9081411.30
      74758 |  9081200.00
    3649660 |  9081092.64
    4275080 |  9080941.84
    5840689 |  9080932.77
    5488954 |  9080805.56
    1342695 |  9080790.90
    2762959 |  9080770.77
    1670337 |  9080736.48
      53199 |  9080721.86
      16534 |  9080585.16
    5692039 |  9080374.89
    5268121 |  9080240.05
    2645783 |  9079951.47
    3466757 |  9079868.70
    6024719 |  9079759.89
     975107 |  9079594.70
    4379965 |  9079581.60
     666599 |  9079449.60
    2063419 |  9079412.34
    1480917 |  9079383.70
    3442978 |  9079256.48
    4182842 |  9079213.20
    5405750 |  9079210.89
    3868233 |  9079163.30
    3988149 |  9079076.36
    2490792 |  9079007.45
    2106401 |  9078972.57
    5896802 |  9078494.14
     511884 |  9078424.49
    4927421 |  9078379.29
    5634068 |  9078274.80
    4414282 |  9078168.75
     687748 |  9078166.35
    2752389 |  9078064.05
    3310573 |  9077920.17
    5307916 |  9077810.58
    4829738 |  9077779.45
    1068576 |  9077707.61
    1671072 |  9077679.38
    4336744 |  9077590.61
    3146854 |  9077420.08
    4083000 |  9077195.96
    1007344 |  9076949.12
    4159688 |  9076947.29
    4894210 |  9076904.94
    5213651 |  9076726.12
    4793503 |  9076571.91
    5027698 |  9076239.14
    3367826 |  9076041.26
    2456678 |  9076037.40
    4775915 |  9075727.83
    5518973 |  9075678.24
    5074393 |  9075662.70
    3745290 |  9075522.80
    3868654 |  9075512.41
    1952377 |  9075369.40
    2278205 |  9075187.30
    3073641 |  9075140.16
    2934873 |  9075138.75
    4915813 |  9074900.40
    6399547 |  9074761.76
    3332479 |  9074721.66
    5572958 |  9074693.73
    2029020 |  9074661.75
    1937542 |  9074642.50
    4983883 |  9074228.70
    1377807 |  9074069.14
     499321 |  9074000.38
    1783345 |  9073939.52
    2985265 |  9073876.20
    6266622 |  9073778.67
    2018879 |  9073626.90
    4850210 |  9073563.24
    3793705 |  9073427.53
    3472375 |  9073380.00
    5113557 |  9073280.52
    4661335 |  9073219.17
     135262 |  9073163.88
    4748726 |  9073127.38
    5560053 |  9073025.26
     849294 |  9072738.84
    1904482 |  9072678.10
    3336336 |  9072674.64
     599514 |  9072654.15
    2668706 |  9072645.54
    5579642 |  9072634.22
    5674960 |  9072575.60
    6134527 |  9072338.13
    6338725 |  9072258.72
    3733390 |  9072256.38
    5137395 |  9072253.98
    1541460 |  9071974.88
    3394608 |  9071894.52
    1453220 |  9071755.20
     322437 |  9071541.43
      34515 |  9071423.14
    2488739 |  9071385.68
    5155157 |  9071384.46
    1890782 |  9071292.60
     924549 |  9071038.08
    1282255 |  9071032.80
    5271177 |  9071007.24
    2157918 |  9070973.22
    5276830 |  9070942.15
    6003870 |  9070916.01
    6172231 |  9070806.44
    1457186 |  9070775.72
    3801602 |  9070764.50
    6249574 |  9070752.73
    1993906 |  9070701.75
    5449302 |  9070689.60
     435135 |  9070669.30
    3141761 |  9070472.81
    5656228 |  9070439.61
    5306357 |  9070406.28
    6037445 |  9070289.65
     783843 |  9070202.68
    4707952 |  9070160.00
    6010656 |  9070073.06
    2390289 |  9070029.36
    2975185 |  9069705.20
    1467223 |  9069534.00
    4308024 |  9069517.27
     362403 |  9069201.12
    1585002 |  9069118.94
     535692 |  9069029.52
    2331649 |  9069022.64
    5454876 |  9069007.74
      74449 |  9068912.42
    2451287 |  9068821.00
    3784403 |  9068773.59
     664737 |  9068650.86
    1682968 |  9068406.39
    1768158 |  9068322.22
    6017343 |  9068169.80
    5808851 |  9068050.24
    1979316 |  9067953.96
      76859 |  9067888.34
    3381887 |  9067811.76
    5277160 |  9067721.28
    1011578 |  9067653.23
      97734 |  9067622.58
    5174859 |  9067551.33
    1719488 |  9067399.28
     941873 |  9067269.68
    4623223 |  9067159.00
    1258989 |  9067057.44
    5629880 |  9067037.85
    4565731 |  9066884.97
    2313893 |  9066862.08
    4105387 |  9066732.95
    1140610 |  9066716.38
     975464 |  9066621.30
    1894684 |  9066285.60
    4165243 |  9066223.56
    6006913 |  9066160.35
    2179362 |  9066142.67
     594281 |  9066108.49
    2771888 |  9066008.64
    2362493 |  9065971.20
    5145113 |  9065894.78
    1218618 |  9065885.53
    5719175 |  9065752.22
    5272627 |  9065735.80
    2967532 |  9065729.06
    3392440 |  9065674.32
      29667 |  9065571.44
    5018110 |  9065364.26
    5709418 |  9065297.64
    5783065 |  9065257.74
    5595460 |  9065100.12
    1298399 |  9064961.37
    1094215 |  9064927.80
    1030259 |  9064857.06
     432856 |  9064821.78
    2245468 |  9064528.73
    2283874 |  9064484.54
    6350410 |  9064451.72
    1518702 |  9064346.72
    2105947 |  9064019.20
    1993194 |  9063927.00
    4702262 |  9063913.83
    4818826 |  9063911.21
    2766522 |  9063898.88
    3286865 |  9063881.07
     326142 |  9063866.69
    4159528 |  9063736.88
    1705965 |  9063731.84
    3656050 |  9063537.70
    3496245 |  9063342.32
    5203943 |  9063319.96
    2184915 |  9063245.79
    5855838 |  9063146.72
    5973284 |  9063044.30
     208130 |  9062999.46
    2555030 |  9062949.87
    2379623 |  9062932.68
    1486643 |  9062883.48
    3490548 |  9062846.24
    2634929 |  9062822.00
      86914 |  9062821.36
    6277006 |  9062791.52
    5879332 |  9062768.16
    3297935 |  9062758.50
    4324519 |  9062723.52
    4315290 |  9062715.04
    1541524 |  9062559.62
    2203083 |  9062559.32
     426763 |  9062523.14
    3311928 |  9062380.20
    1629034 |  9062377.75
    5741197 |  9062209.02
     849559 |  9062171.37
    4569697 |  9062077.27
    6031019 |  9062006.70
    4532284 |  9061932.80
    3224374 |  9061925.64
    1092676 |  9061484.92
    4685790 |  9061469.85
    1889218 |  9061393.77
    2652666 |  9061281.60
    6305008 |  9061261.60
    1968612 |  9061227.05
    1667590 |  9061223.10
    4188585 |  9061197.30
    2641058 |  9061148.16
    1906681 |  9061053.30
    6230387 |  9061032.48
    2224620 |  9061024.60
    3117429 |  9060999.70
    3533808 |  9060954.78
    1502680 |  9060920.44
    1827386 |  9060901.85
    1318976 |  9060889.35
    4512173 |  9060849.00
    1685567 |  9060792.21
    2395016 |  9060611.82
    1105219 |  9060499.70
    2579205 |  9060472.95
    5771120 |  9060465.96
    5987392 |  9060435.23
    2809542 |  9060414.16
    5940059 |  9060408.24
    5752973 |  9060334.21
     925777 |  9060305.54
    1193135 |  9060249.30
    1348061 |  9060225.96
    6335494 |  9060221.42
     187982 |  9060106.44
    2673226 |  9060085.32
    5472859 |  9059908.60
     994812 |  9059815.84
    4682274 |  9059637.60
     132792 |  9059589.36
    3111188 |  9059558.40
     747557 |  9059478.12
    4280773 |  9059324.54
    6102880 |  9059272.41
    5133982 |  9059271.82
    4315402 |  9059250.72
    3195637 |  9059224.67
    1300515 |  9058914.56
    4380039 |  9058807.02
    1749502 |  9058785.26
    5821008 |  9058770.98
    2165949 |  9058739.82
    2014005 |  9058678.47
    2138136 |  9058517.16
    2534575 |  9058404.68
    2763396 |  9058337.02
    3514824 |  9058205.01
    5607588 |  9058181.61
      92348 |  9058085.08
    2808380 |  9058064.67
    1487155 |  9057942.60
    1861275 |  9057907.68
    4486378 |  9057838.85
    5722900 |  9057685.98
    1836651 |  9057658.95
    4644621 |  9057627.26
    2433290 |  9057541.80
    1740901 |  9057429.60
    5940514 |  9057421.04
     729623 |  9057383.30
    3067118 |  9057373.44
     871085 |  9057320.40
    5671902 |  9057207.85
    3720539 |  9057196.10
    2485293 |  9057033.84
    3095916 |  9057009.92
     581178 |  9056857.68
    1481629 |  9056801.30
    5963171 |  9056801.25
    5186040 |  9056757.36
    4370271 |  9056674.80
     582591 |  9056657.32
    4911860 |  9056641.70
    5999430 |  9056401.89
     371293 |  9056155.52
    2801775 |  9056151.09
    4481183 |  9056119.60
    5114233 |  9055960.44
    5902731 |  9055935.00
    3999145 |  9055908.68
    1977745 |  9055872.56
    5886948 |  9055738.09
    4730214 |  9055716.00
    5953257 |  9055605.85
     852420 |  9055383.48
     581339 |  9055372.94
    4235244 |  9055083.66
    4787275 |  9054976.70
    2668641 |  9054945.04
    3580484 |  9054931.20
    1943475 |  9054882.15
    6363475 |  9054853.50
    2765726 |  9054775.44
    3018835 |  9054754.26
    5354364 |  9054689.60
    2921588 |  9054596.46
    5848366 |  9054551.52
    5944936 |  9054435.87
    6019326 |  9054098.24
    3361872 |  9054051.60
    6233666 |  9054011.80
    6063336 |  9054003.42
    2921396 |  9053988.05
    5238593 |  9053953.12
    2874051 |  9053882.19
    4735370 |  9053618.92
    1623053 |  9053560.75
    2393342 |  9053480.09
    4234244 |  9053458.08
    5256241 |  9053413.95
    6157625 |  9053257.50
    2325360 |  9052947.12
    1122913 |  9052740.57
    2741550 |  9052712.39
    5910880 |  9052560.00
    4685591 |  9052493.45
    5526840 |  9052458.24
     710559 |  9052402.80
    6091873 |  9052359.24
     138580 |  9052279.52
    5601273 |  9052239.54
    4573232 |  9052217.15
    1434485 |  9052168.08
    3788025 |  9052134.00
    3825038 |  9051996.23
    4493941 |  9051984.90
    6109012 |  9051980.53
    1080896 |  9051852.15
    2155415 |  9051766.08
    5682930 |  9051315.50
    4473836 |  9051289.38
    3247526 |  9051221.20
    2150531 |  9051211.57
    3691054 |  9051164.32
     878215 |  9050981.40
    1624518 |  9050947.05
    4586636 |  9050914.08
    1347296 |  9050859.63
    4253119 |  9050767.47
     661887 |  9050707.35
     259735 |  9050701.57
    4798403 |  9050655.00
    4496878 |  9050630.98
    4656990 |  9050564.10
    1635380 |  9050349.00
    2517521 |  9050269.59
    4757255 |  9050263.34
    6097208 |  9050254.29
    3781115 |  9050151.00
    3301382 |  9050138.70
    6356923 |  9050067.15
    1005660 |  9049936.48
    2887369 |  9049916.68
    4314623 |  9049912.50
     801613 |  9049836.10
    1017630 |  9049560.30
    1389732 |  9049540.36
    4678706 |  9049530.40
      87455 |  9049459.56
    3684530 |  9049430.77
    3244795 |  9049410.84
    4487227 |  9049369.95
    5702842 |  9049362.56
    1218763 |  9049331.20
    3174939 |  9049279.36
    5342123 |  9049070.14
    1661724 |  9049069.48
    4776898 |  9048918.27
    5494609 |  9048912.60
     746620 |  9048719.50
    3339515 |  9048673.70
    3180933 |  9048660.00
    5047278 |  9048188.32
    5723735 |  9048098.40
    1611495 |  9048026.65
    6169378 |  9048010.98
    5016438 |  9047991.99
    5243727 |  9047955.95
    3093900 |  9047894.90
    2950793 |  9047858.22
    2378518 |  9047836.98
    2785844 |  9047788.05
    1075396 |  9047755.60
    4867181 |  9047526.40
    6046567 |  9047486.28
     229134 |  9047457.81
    1995298 |  9047293.08
    3244725 |  9046948.80
    1661168 |  9046923.20
    6149646 |  9046793.48
    4293186 |  9046683.93
    6277057 |  9046626.30
    1225349 |  9046460.64
    4371613 |  9046341.15
    4142833 |  9046164.92
    2897601 |  9046096.82
    2798724 |  9045942.75
    3666216 |  9045783.32
    4686824 |  9045759.46
    3936498 |  9045746.50
    1852734 |  9045711.15
    1812656 |  9045675.04
     242948 |  9045632.70
    5479515 |  9045369.35
       5996 |  9045362.76
    6024501 |  9045311.60
     802672 |  9045173.18
    3466634 |  9045129.49
    1056383 |  9045048.48
    5975035 |  9044856.25
     716323 |  9044618.94
    4280567 |  9044461.40
    4773481 |  9044457.24
    5370116 |  9044373.45
    4234558 |  9044276.20
     615370 |  9044201.48
    4312992 |  9044100.18
    4170161 |  9044096.22
    4173780 |  9043842.07
    1539182 |  9043834.00
    1209236 |  9043725.28
    2691116 |  9043505.58
    1898889 |  9043444.59
    3410737 |  9043326.00
    6126955 |  9043200.88
    5707504 |  9043177.88
     759164 |  9043082.65
    4360937 |  9043044.66
    3008920 |  9043043.27
    5435283 |  9043002.00
    4583728 |  9042891.60
     964381 |  9042874.11
    4411842 |  9042849.08
    3291435 |  9042689.81
     997921 |  9042598.68
    1001261 |  9042532.42
     352774 |  9042373.50
    1499197 |  9042275.80
    1321791 |  9042047.06
    5735492 |  9042028.48
    2341577 |  9041981.37
    3245620 |  9041810.81
     349327 |  9041769.16
    1522567 |  9041698.38
    3439592 |  9041651.30
    3586307 |  9041628.28
    5634525 |  9041508.05
    2166647 |  9041496.48
    1814707 |  9041318.76
    6230549 |  9041318.65
     429989 |  9041232.33
    1110294 |  9041021.35
     984233 |  9040798.00
    3204583 |  9040793.40
    2177770 |  9040753.52
    6165628 |  9040741.73
    5425128 |  9040668.57
    1871546 |  9040646.52
     748256 |  9040588.92
    2482405 |  9040450.71
    1208279 |  9040415.92
    4715679 |  9040181.40
    4178568 |  9040081.05
    4014317 |  9040006.93
    5881551 |  9039988.33
    4973125 |  9039901.32
     820680 |  9039755.89
    6118100 |  9039740.64
     425875 |  9039702.42
    1698976 |  9039588.02
    1869687 |  9039440.00
    5756312 |  9039304.60
    5771447 |  9039177.03
    1134895 |  9039156.39
    1920444 |  9038983.39
    1060452 |  9038905.60
    1846605 |  9038830.06
    3739810 |  9038820.70
    5608311 |  9038724.40
     589014 |  9038557.76
    1028803 |  9038554.14
    4835729 |  9038532.87
    1193588 |  9038488.29
    5603270 |  9038419.35
    4794529 |  9038380.98
    2370317 |  9038303.73
    1485744 |  9038256.96
    3211144 |  9038175.66
    2068912 |  9038087.10
    2245193 |  9037924.43
    3408934 |  9037856.35
    1809560 |  9037842.46
    3025857 |  9037814.38
    3468226 |  9037720.53
    4266586 |  9037714.80
    2290562 |  9037681.72
    4217736 |  9037665.20
    4857200 |  9037536.20
    5408568 |  9037476.15
    1804913 |  9037390.14
    5454804 |  9037330.56
    4855949 |  9037297.04
    5280569 |  9037142.40
    4951406 |  9037126.30
    2505917 |  9037097.60
    4814616 |  9036979.56
    3614550 |  9036870.12
    5749133 |  9036747.96
    2586571 |  9036606.15
    4604392 |  9036459.45
    6138149 |  9036384.00
    3524176 |  9036216.17
    3617535 |  9036188.02
    3073051 |  9036168.12
    2887553 |  9036166.26
    1469467 |  9036139.32
    6098399 |  9036083.05
    4905131 |  9036025.04
    4708781 |  9035832.90
    3693660 |  9035786.70
    5599085 |  9035712.00
    3141359 |  9035567.82
    2360293 |  9035523.81
    5789246 |  9035480.16
    2037309 |  9035390.92
    5667343 |  9035356.80
    2698945 |  9035288.92
    3034879 |  9035163.28
    1012490 |  9035113.12
    2416596 |  9035063.21
    2316737 |  9034971.81
    4495335 |  9034880.40
     429497 |  9034875.25
    1674442 |  9034865.84
    3222796 |  9034794.27
    4013770 |  9034781.21
    4386523 |  9034762.61
    2222257 |  9034756.50
    5311335 |  9034673.40
    2677071 |  9034522.70
     493390 |  9034406.50
    3288279 |  9034352.89
    3959612 |  9034279.08
     387774 |  9034166.28
    5405272 |  9034100.73
    4110472 |  9034025.96
    5564741 |  9033972.70
    3640603 |  9033897.60
    6317028 |  9033652.60
    1490313 |  9033286.08
    1199166 |  9033161.80
     219574 |  9033142.04
     632083 |  9033033.11
     399148 |  9032949.87
    1700218 |  9032938.02
    2141602 |  9032917.68
    3275644 |  9032837.31
    5566858 |  9032747.02
    3373716 |  9032475.18
    5236639 |  9032428.04
    5517419 |  9032346.05
     832666 |  9032283.54
    6209882 |  9032228.25
     460234 |  9032193.20
    3149253 |  9032180.40
    5600344 |  9032177.75
    1690968 |  9032088.52
    2657437 |  9032071.85
    2172334 |  9032032.44
    1167522 |  9032018.80
    4583443 |  9031983.48
    1797781 |  9031885.01
    3978000 |  9031768.16
    6087079 |  9031655.81
    6396259 |  9031629.91
    4485303 |  9031540.02
    2743952 |  9031519.99
    2093322 |  9031341.00
     806834 |  9031062.50
    4337840 |  9031054.42
      91806 |  9030969.72
    4661451 |  9030879.00
    3215441 |  9030688.59
    3848606 |  9030621.76
    1215161 |  9030496.54
    3451396 |  9030432.72
    4504491 |  9030288.60
     810538 |  9030055.47
    2782753 |  9029999.39
    6387513 |  9029974.64
    2356208 |  9029935.20
       5466 |  9029841.66
    4424067 |  9029794.62
    2876478 |  9029625.36
    2465541 |  9029614.72
    1480789 |  9029612.16
    1446216 |  9029597.70
     508714 |  9029406.36
     769938 |  9029332.00
    2240256 |  9029238.93
    4819101 |  9029208.12
    3237047 |  9028951.86
    4744326 |  9028874.25
    1209075 |  9028844.86
    3666851 |  9028841.37
    5804717 |  9028764.22
    4762999 |  9028357.50
    5151762 |  9028306.56
    3907282 |  9028292.70
     377578 |  9028246.77
    3183651 |  9028212.22
    3483772 |  9028170.88
    3102009 |  9028054.08
    3300788 |  9027953.55
     914315 |  9027869.85
    2618363 |  9027769.10
     765305 |  9027765.45
    4624893 |  9027522.68
    2933457 |  9027513.68
    3633561 |  9027496.60
    3419319 |  9027433.26
    1454614 |  9027371.00
     270546 |  9027325.55
    3320735 |  9027216.00
    6088179 |  9027199.44
    5344129 |  9027107.25
    5389227 |  9027006.60
    3969678 |  9026980.74
    5670247 |  9026926.04
    3916761 |  9026888.52
    5384713 |  9026801.49
    2448616 |  9026652.68
    5518786 |  9026603.60
    4630415 |  9026480.66
    2495500 |  9026421.04
    3857184 |  9026407.11
    2526944 |  9026401.50
    1311381 |  9026374.00
    1355263 |  9026321.05
    4803214 |  9026319.36
    5049208 |  9026297.28
    4042038 |  9026176.59
    5399872 |  9025896.00
     491261 |  9025841.60
    1521667 |  9025840.92
    4449765 |  9025674.10
    3228841 |  9025652.13
     424193 |  9025631.28
    5448717 |  9025567.38
     138959 |  9025412.24
    3886422 |  9025409.84
    5249629 |  9025347.60
    1622983 |  9025316.64
    4759108 |  9025209.60
    1336063 |  9025192.15
    1102608 |  9025139.70
     191728 |  9025128.94
    5883553 |  9025122.19
    5856602 |  9025090.56
    1495688 |  9025089.11
    5335008 |  9025041.87
    5341674 |  9024892.50
    5499446 |  9024853.60
     294552 |  9024694.58
     197239 |  9024692.56
    5538835 |  9024658.42
     973321 |  9024439.71
    1569153 |  9024422.40
    2067303 |  9024413.48
    3075798 |  9024360.84
    1183226 |  9024353.20
    1665245 |  9024344.42
    6106849 |  9024273.36
    2471342 |  9024117.50
    1963543 |  9024104.19
    1788205 |  9024043.05
    5918585 |  9023989.09
    1697193 |  9023969.24
    6321908 |  9023957.80
    2090642 |  9023929.88
     409055 |  9023917.50
    2145834 |  9023803.80
    3351597 |  9023786.34
    3006419 |  9023694.72
     614947 |  9023649.10
    2681635 |  9023594.76
    4679536 |  9023584.05
    5647625 |  9023549.32
    2127008 |  9023321.92
    1249339 |  9023173.56
    4023924 |  9023120.90
    2431361 |  9023082.90
      72080 |  9023043.36
    5461659 |  9022990.89
    4177132 |  9022898.92
    1342602 |  9022753.74
    1194289 |  9022669.59
    2374553 |  9022655.40
    3721568 |  9022653.12
    3440698 |  9022641.01
    5130778 |  9022528.08
    4823912 |  9022466.04
      37029 |  9022263.90
    2444394 |  9022017.76
    2101078 |  9021853.12
    2190751 |  9021808.26
    5036716 |  9021803.87
    2899862 |  9021797.73
    5798888 |  9021794.91
    4658779 |  9021729.60
    3791599 |  9021647.20
    5341837 |  9021640.80
    5127386 |  9021541.33
     192173 |  9021537.80
     168384 |  9021485.67
    4299039 |  9021475.52
     696579 |  9021391.80
    1796816 |  9021343.01
    4278279 |  9021178.55
    1724630 |  9021170.19
    3177823 |  9021027.76
    4423078 |  9020725.56
    2993501 |  9020695.91
    1310831 |  9020441.32
    4753362 |  9020403.90
      31724 |  9020228.05
    4663740 |  9020105.04
    3333249 |  9020032.49
    3548234 |  9019771.47
     440824 |  9019754.86
    3309946 |  9019750.03
     843435 |  9019604.32
    2254882 |  9019583.10
     296996 |  9019570.87
    3099507 |  9019465.38
    1975375 |  9019180.17
    4702700 |  9019084.45
    3800086 |  9019048.08
    1051836 |  9018913.85
    6038730 |  9018787.03
    5173225 |  9018684.37
    5001271 |  9018631.80
    3325155 |  9018448.38
     105917 |  9018442.54
    4487683 |  9018331.89
    4254033 |  9018256.47
    2543766 |  9018198.70
    5289802 |  9017913.72
    6285280 |  9017882.00
     675653 |  9017759.52
    6013352 |  9017701.04
     671925 |  9017268.36
    1661664 |  9017255.20
    4264492 |  9017234.82
    3296320 |  9017205.60
    1325335 |  9017170.24
    2364284 |  9017149.26
    1894596 |  9017141.50
    4365139 |  9017133.10
     323379 |  9017071.10
    4113731 |  9017015.44
    5575198 |  9017013.46
     491871 |  9017005.35
    3381339 |  9016998.45
    3609493 |  9016895.16
    1295801 |  9016816.27
    4915361 |  9016783.58
    5117455 |  9016688.32
    2728311 |  9016657.30
    4521502 |  9016515.00
    4622771 |  9016483.38
    2402556 |  9016442.21
    1433452 |  9016224.21
    5491758 |  9016094.70
     710370 |  9016077.12
    3940758 |  9015949.61
    3453811 |  9015845.85
    1866569 |  9015751.92
     440477 |  9015751.00
    2730617 |  9015743.35
     641740 |  9015724.10
    5138535 |  9015632.68
    4294845 |  9015620.70
     621384 |  9015611.40
    4720462 |  9015453.67
    3288417 |  9015432.30
    1057785 |  9015312.00
    5288626 |  9015285.22
    3711504 |  9015225.72
    1186956 |  9015115.69
    6123819 |  9014999.94
     117327 |  9014977.99
    1720712 |  9014932.76
    3560501 |  9014691.84
     939842 |  9014618.90
    1203648 |  9014439.70
    5039982 |  9014335.00
    1923427 |  9014168.56
    4043795 |  9014102.64
    2631609 |  9014009.16
    1588998 |  9013955.94
    4448201 |  9013868.57
    2825862 |  9013848.00
    5848960 |  9013833.88
    4843778 |  9013656.58
     663252 |  9013641.17
    2574931 |  9013639.36
     942614 |  9013628.82
    3878140 |  9013595.80
    1353543 |  9013575.96
    4697005 |  9013508.52
    4878862 |  9013422.00
    3891037 |  9013393.55
    3181637 |  9013377.69
    2576249 |  9013371.90
    2838145 |  9013240.00
    3477711 |  9013213.56
    2855025 |  9013204.44
     601395 |  9013075.20
    5898371 |  9013052.34
    6278942 |  9013045.22
    4471789 |  9013030.38
    3447078 |  9012992.80
    4414454 |  9012703.14
    4279815 |  9012600.72
    5080781 |  9012529.35
    3583332 |  9012454.72
    1249629 |  9012416.38
    2130798 |  9012351.85
    5464903 |  9012287.64
    2415706 |  9012203.12
    2991164 |  9012126.16
     570676 |  9012084.20
    4614224 |  9012079.44
     770437 |  9012018.48
    5248600 |  9011788.74
    3213696 |  9011757.81
    5777075 |  9011707.48
    5348188 |  9011680.44
    5372224 |  9011672.92
    2314904 |  9011657.16
    2105393 |  9011646.26
     782186 |  9011602.01
    2010988 |  9011537.56
    5154974 |  9011475.44
    5219089 |  9011409.68
    1401233 |  9011356.98
    4512665 |  9011293.20
    5502707 |  9011184.25
    2927743 |  9011144.25
    4551386 |  9011135.82
    2319431 |  9011000.21
     734703 |  9010988.07
    2255853 |  9010950.72
    3605634 |  9010825.81
    1539524 |  9010780.74
     968416 |  9010747.62
    3603380 |  9010698.98
     983162 |  9010633.50
     233075 |  9010631.76
    4243901 |  9010628.25
    2286508 |  9010601.73
    4493324 |  9010512.12
    5973977 |  9010348.80
      70496 |  9010142.94
    2673729 |  9010040.80
    2340802 |  9010019.62
    4269323 |  9009874.10
    5440520 |  9009769.33
    4508285 |  9009733.63
    2433525 |  9009615.78
    2653174 |  9009495.38
    2286789 |  9009418.98
    4919884 |  9009372.48
    4220768 |  9009266.21
    5248075 |  9009245.38
    4140995 |  9009138.32
    5440299 |  9009042.42
     365002 |  9008865.84
    1501694 |  9008810.92
    3390825 |  9008714.00
     895317 |  9008706.85
     938544 |  9008670.04
    4524182 |  9008643.84
    4342116 |  9008434.62
    4732900 |  9008361.98
    3178519 |  9008348.60
    2403564 |  9008260.35
     258083 |  9008222.32
    5219048 |  9008176.64
    5415053 |  9008147.70
    3803073 |  9007855.86
    6273883 |  9007838.75
     219589 |  9007815.22
    5971476 |  9007808.36
     437092 |  9007691.06
    4360509 |  9007683.36
    1183848 |  9007494.00
    4358653 |  9007320.12
    2264922 |  9007126.34
    3716103 |  9007024.09
     781248 |  9006954.16
      20282 |  9006924.00
    6328116 |  9006894.00
    3623897 |  9006854.72
    2174270 |  9006836.43
    1144368 |  9006809.91
    3203137 |  9006731.84
    3110696 |  9006706.58
    6057844 |  9006623.78
    6045465 |  9006613.68
    6322687 |  9006406.08
    5581763 |  9006311.52
     609361 |  9006194.88
    4769908 |  9006141.20
    4048904 |  9005926.02
    3373008 |  9005870.86
    3644673 |  9005824.72
    5204876 |  9005813.36
      78891 |  9005693.25
    4092497 |  9005675.04
    1474254 |  9005562.36
    3051060 |  9005424.88
     842739 |  9005413.02
    5254065 |  9005380.65
    4901304 |  9005343.58
    5021178 |  9005183.85
    4021953 |  9005032.70
    4136522 |  9004903.32
    4433451 |  9004867.98
    3478654 |  9004852.54
    1527353 |  9004777.95
    2154495 |  9004742.01
    3563324 |  9004633.91
    2844284 |  9004589.44
    6384873 |  9004584.32
    5928808 |  9004583.80
    2160571 |  9004515.99
     421601 |  9004423.05
    5174717 |  9004416.79
    4208947 |  9004323.80
    3808285 |  9004181.66
    1950762 |  9004118.75
     801430 |  9003984.11
    3256599 |  9003918.60
    4908860 |  9003900.92
    2021579 |  9003797.24
    5186898 |  9003720.77
    3889646 |  9003567.64
     763246 |  9003490.20
    2189684 |  9003365.28
    1965479 |  9003245.98
    2282363 |  9003237.60
    2955333 |  9003108.95
    3572817 |  9003069.09
    3787475 |  9003054.45
    4758978 |  9003001.41
    1629921 |  9002984.39
    2180557 |  9002899.06
    5061330 |  9002648.24
    1636826 |  9002641.56
    5219356 |  9002541.45
    1742171 |  9002475.88
     305442 |  9002392.56
    4660601 |  9002113.26
    3163770 |  9002103.38
    2793803 |  9002062.56
     803315 |  9002032.56
    5729369 |  9001974.00
    3900410 |  9001939.92
    1769471 |  9001927.17
    3743460 |  9001911.36
    4709462 |  9001762.18
    3107608 |  9001755.70
    4977360 |  9001562.56
      31883 |  9001515.06
     372807 |  9001437.02
     875090 |  9001434.65
    2634665 |  9001414.17
    3385483 |  9001334.94
    3024359 |  9001137.37
    3294333 |  9001007.88
    3651896 |  9000880.80
    1300373 |  9000829.34
    5668690 |  9000756.48
    5022917 |  9000752.39
    2041768 |  9000673.50
     925631 |  9000636.71
    5046721 |  9000540.01
    4562044 |  9000537.21
    3608509 |  9000526.23
    1391519 |  9000518.28
    5280442 |  9000317.31
    2962863 |  9000186.97
    2772704 |  9000044.90
    3619369 |  8999845.50
    4418124 |  8999802.72
    5406194 |  8999756.16
    2587259 |  8999726.28
    4088388 |  8999720.37
    4276561 |  8999636.22
    5454576 |  8999513.95
       1218 |  8999420.40
    1421697 |  8999417.58
    4928137 |  8999312.34
    4496562 |  8999298.00
    3653181 |  8999244.00
    5744921 |  8999154.51
     407407 |  8998992.64
    2267732 |  8998924.34
    2023488 |  8998885.35
    1752298 |  8998786.00
      27340 |  8998691.16
    5376251 |  8998576.47
    2901400 |  8998397.82
    6211561 |  8998244.00
    5613342 |  8998189.20
    4427538 |  8998031.70
     696762 |  8997798.08
    4205921 |  8997750.93
    5716052 |  8997730.44
    1374540 |  8997654.25
    3116847 |  8997526.83
    5902900 |  8997449.59
    3556316 |  8997340.73
    1845908 |  8997337.60
    3506921 |  8997325.40
    3262847 |  8997165.65
    6055467 |  8997137.12
    1554233 |  8996971.36
    2193726 |  8996949.55
    3042032 |  8996896.77
    1108246 |  8996806.74
    3969697 |  8996694.30
    3399057 |  8996646.68
    3695002 |  8996633.88
    5121069 |  8996615.46
    4584500 |  8996576.06
    3096457 |  8996557.96
      79527 |  8996539.56
    1437585 |  8996502.80
    2820199 |  8996437.19
    3212172 |  8996414.64
    5269592 |  8996200.33
    4399299 |  8996023.30
    3794156 |  8995950.86
    3853068 |  8995882.68
    4115139 |  8995777.20
    2283034 |  8995753.98
    3147304 |  8995687.50
    4467516 |  8995565.97
    4503951 |  8995454.82
    4565452 |  8995351.53
    4370022 |  8995340.32
    3963666 |  8995285.12
    2300171 |  8995269.10
     710417 |  8995181.44
    1926252 |  8995122.90
    1905991 |  8995120.00
     462885 |  8995097.46
    4034268 |  8994860.46
    2790533 |  8994848.04
    4467964 |  8994576.73
    6166503 |  8994435.50
    3633245 |  8994276.45
    3605384 |  8994252.15
    1528354 |  8994245.92
     744792 |  8994200.65
    4543830 |  8994051.45
    3116083 |  8993971.52
    4185830 |  8993970.81
    2523683 |  8993967.50
     170591 |  8993959.21
    4711865 |  8993829.08
    3590579 |  8993815.45
    3378743 |  8993806.40
    4022142 |  8993600.10
    1575928 |  8993596.78
    5288353 |  8993571.40
    4844978 |  8993450.58
    5723839 |  8993384.94
    6291156 |  8993365.17
    5094005 |  8993319.61
    3504064 |  8993127.50
     702050 |  8992979.80
     479167 |  8992925.37
    6167197 |  8992783.93
     292415 |  8992754.50
    1052131 |  8992705.66
    1245025 |  8992671.85
    3564404 |  8992660.63
    4320415 |  8992482.70
    1982946 |  8992422.64
    2570240 |  8992391.35
    2922285 |  8992386.01
    3806811 |  8992382.32
    4450263 |  8992375.02
    6205634 |  8992335.66
    4387304 |  8992326.48
    4527609 |  8992052.85
     127563 |  8992013.04
    4518756 |  8991966.24
    1584417 |  8991768.80
    3167519 |  8991730.48
    3890384 |  8991526.40
    1158210 |  8991443.36
     280569 |  8991318.06
    3966161 |  8991188.46
    2909927 |  8991187.73
    2317674 |  8991184.51
    2177302 |  8991164.06
     847838 |  8991062.60
    1415992 |  8990852.00
    5791168 |  8990715.78
    2111447 |  8990701.50
    3665006 |  8990699.31
    5623382 |  8990665.89
    3301381 |  8990539.92
     769790 |  8990511.81
    2785258 |  8990283.96
    6224258 |  8990243.04
    1925790 |  8990205.39
    1446708 |  8990002.32
    1273461 |  8989951.46
    3830383 |  8989893.20
     453070 |  8989724.32
    2381171 |  8989681.45
    4283360 |  8989541.20
    2453777 |  8989396.40
    3833083 |  8989251.76
    2748258 |  8989201.55
    3420031 |  8989169.84
    5213423 |  8989165.64
    2328647 |  8989057.98
    5695368 |  8989002.18
     698251 |  8988876.80
     475426 |  8988865.62
    3686652 |  8988847.14
    5120264 |  8988799.20
    2073397 |  8988626.40
    3493027 |  8988564.65
     247435 |  8988485.42
    3491291 |  8988428.08
     863610 |  8988404.20
    4887395 |  8988398.34
    3484292 |  8988395.86
    3668640 |  8988393.06
    1066474 |  8988361.70
    3857498 |  8988313.53
    3270660 |  8988078.88
    3816801 |  8988056.59
    6359736 |  8988010.76
    6319629 |  8987920.20
    4479166 |  8987870.10
    1233536 |  8987834.73
    5786475 |  8987834.28
    1606225 |  8987544.30
    5457879 |  8987459.05
    6366267 |  8987433.00
    3082260 |  8987422.23
    1148287 |  8987362.60
      93077 |  8987065.92
    2300058 |  8986998.24
    4243180 |  8986940.76
     850330 |  8986927.95
    5207207 |  8986779.47
     722583 |  8986607.04
    3098562 |  8986527.76
     200600 |  8986508.39
    5283565 |  8986468.40
    1021202 |  8986365.45
    1484129 |  8986196.49
    6159419 |  8985987.36
    3254874 |  8985644.42
    3666688 |  8985533.10
      70355 |  8985434.15
    2730135 |  8985375.00
    3886180 |  8985322.71
    5983069 |  8985124.05
    1201736 |  8985042.83
    3441072 |  8984890.20
    4937833 |  8984856.58
    4071569 |  8984855.02
    5181443 |  8984701.25
    4812441 |  8984656.11
     440533 |  8984573.16
    4079361 |  8984527.26
     881043 |  8984131.20
    4313851 |  8984090.52
    2201912 |  8984052.43
    1319870 |  8983964.22
    2356466 |  8983954.77
    2492700 |  8983943.20
    2197005 |  8983734.43
    1154202 |  8983720.20
    6060032 |  8983476.88
    3615792 |  8983383.43
    2557286 |  8983328.89
    5716606 |  8983321.62
     847763 |  8983284.06
       4924 |  8982758.49
    3661598 |  8982715.75
    5143754 |  8982696.03
    4332871 |  8982674.32
    1144648 |  8982643.04
    2199441 |  8982628.07
    2046926 |  8982555.12
     172046 |  8982469.52
    1317384 |  8982456.96
    5831516 |  8982433.16
    5148554 |  8982383.80
    2341325 |  8982350.08
    5070240 |  8982264.25
    4497332 |  8982230.77
    4726438 |  8982160.60
    6101143 |  8982148.13
    4456155 |  8982062.46
     135021 |  8982018.14
    5955432 |  8981960.05
    1489046 |  8981895.78
    5580749 |  8981848.52
     711068 |  8981763.21
     459021 |  8981647.59
    1452231 |  8981518.00
    2287724 |  8981292.74
    2881320 |  8981289.20
    3025098 |  8981288.96
    5250540 |  8981274.00
    6227841 |  8981232.62
      79993 |  8981211.96
    1115251 |  8981121.66
    3185528 |  8981096.74
    1164546 |  8981078.88
    1062693 |  8981004.96
     507349 |  8980959.36
    5435503 |  8980802.59
    1915350 |  8980720.20
     836818 |  8980678.18
    5248393 |  8980576.49
     929955 |  8980560.36
    5459067 |  8980552.86
     585913 |  8980413.20
    2791482 |  8980384.78
    2817033 |  8980362.50
    2798777 |  8980339.68
    4217294 |  8980286.55
    1882942 |  8980280.80
    4114653 |  8980194.96
    3940024 |  8980075.20
    4208753 |  8979977.46
    2230832 |  8979964.20
    4792800 |  8979956.31
    1570564 |  8979906.85
     775372 |  8979856.05
    2289043 |  8979831.25
    6274051 |  8979821.48
    2654023 |  8979554.10
     744426 |  8979551.05
    6067203 |  8979549.28
    2876634 |  8979547.08
    4705531 |  8979529.28
    5234030 |  8979511.43
    4945136 |  8979481.12
    2156502 |  8979397.56
    1521084 |  8979365.20
    1442683 |  8979249.60
    3740942 |  8979031.35
     185525 |  8978960.28
    2338826 |  8978945.84
    2951609 |  8978819.12
    5162300 |  8978725.80
    2924604 |  8978633.17
    3909563 |  8978572.86
    4607443 |  8978482.26
    5983274 |  8978432.98
    4251266 |  8978347.80
     614608 |  8978315.82
    4022293 |  8978260.50
    5694455 |  8978121.68
     711917 |  8978034.14
    3875398 |  8978026.51
    3872324 |  8977962.12
    2300906 |  8977906.89
    3810866 |  8977887.93
    5595433 |  8977706.01
    3293501 |  8977549.76
    1542592 |  8977523.06
    4381124 |  8977472.50
      73148 |  8977369.95
    1198783 |  8977100.59
    2153926 |  8977012.86
     372298 |  8977007.20
    6160958 |  8976675.73
    4542849 |  8976588.30
    5124293 |  8976501.86
    1714873 |  8976475.58
     430428 |  8976395.10
      39424 |  8976218.88
    6368456 |  8976198.18
    3928882 |  8976029.92
    3129327 |  8975868.44
    3156067 |  8975820.75
    4043565 |  8975766.62
    2738740 |  8975755.61
    3138567 |  8975648.58
    4978733 |  8975628.34
    4302219 |  8975600.78
     546747 |  8975359.47
    6304792 |  8975296.28
    3811832 |  8975197.53
    4620827 |  8975125.82
     554349 |  8974945.10
    4690562 |  8974939.45
    6153823 |  8974871.67
    2169593 |  8974863.95
    6175576 |  8974831.32
    2828833 |  8974604.62
    4432628 |  8974465.37
    4201344 |  8974462.78
    3757403 |  8974462.56
    3599573 |  8974201.44
    6330572 |  8974050.78
     764504 |  8973881.82
    5188934 |  8973840.53
    2493384 |  8973807.00
    4334700 |  8973760.42
    4601558 |  8973754.81
     708500 |  8973716.45
    2381899 |  8973682.30
    1998197 |  8973610.55
    5453736 |  8973341.58
    5664627 |  8973045.12
     311828 |  8972906.68
    1160534 |  8972891.07
    2392795 |  8972721.12
    3618876 |  8972710.67
    4603372 |  8972707.56
    6283492 |  8972639.20
    5290671 |  8972631.27
    2089010 |  8972568.75
    2379336 |  8972532.14
    5523809 |  8972516.53
      95471 |  8972416.64
     402366 |  8972363.28
    3630271 |  8972323.92
    5037903 |  8972240.20
     387862 |  8972180.91
     195718 |  8972174.19
    3453330 |  8972076.65
    4725350 |  8972070.20
    2903346 |  8972041.92
    4755563 |  8971943.07
    2597670 |  8971854.32
    2768815 |  8971805.18
    6399835 |  8971753.89
    3600659 |  8971728.00
    1769747 |  8971561.34
    3127780 |  8971521.24
    4618574 |  8971486.71
    5277484 |  8971464.96
    5215202 |  8971347.28
    5233390 |  8971280.07
    2811460 |  8971254.70
    4589838 |  8971241.70
     642910 |  8971241.22
     257531 |  8971050.39
    2423238 |  8970907.51
    2930973 |  8970805.75
    3774633 |  8970716.28
    3178347 |  8970700.50
    1425385 |  8970659.02
     692379 |  8970524.53
    5126687 |  8970472.68
     727532 |  8970386.10
    3970675 |  8970203.75
    5937172 |  8970140.35
    2944759 |  8969571.80
    3197043 |  8969502.06
     950259 |  8969269.00
    2769969 |  8969265.16
    6014604 |  8969174.99
    5959137 |  8969124.48
    2881423 |  8969078.12
    2404497 |  8969043.03
    5706181 |  8969041.48
    4359106 |  8969017.32
    5753714 |  8968956.39
    5401126 |  8968912.46
    3563194 |  8968816.80
    4775862 |  8968807.31
    4750518 |  8968805.18
    6033839 |  8968649.04
    5876085 |  8968611.93
    1405940 |  8968441.16
    3430822 |  8968247.10
    3175053 |  8968203.30
    4889700 |  8968136.50
    6232949 |  8967961.79
    6046902 |  8967861.64
    2882902 |  8967852.50
    3600544 |  8967812.25
    3349999 |  8967681.10
    2926702 |  8967448.44
    2612530 |  8967281.40
    1736971 |  8967225.15
    1525750 |  8966920.72
    4345793 |  8966838.65
     628982 |  8966824.62
    3341870 |  8966786.71
     463197 |  8966765.22
    6140810 |  8966698.23
     792935 |  8966522.37
    1297602 |  8966509.65
    5663706 |  8966431.11
    4191113 |  8966394.36
     732257 |  8966358.77
    6130046 |  8966264.08
     599121 |  8966210.55
    5375701 |  8966205.60
    1578568 |  8966205.20
    5481376 |  8966101.32
    5212746 |  8966017.80
    1724908 |  8965958.29
    3228876 |  8965925.10
    3646999 |  8965911.12
    2381537 |  8965759.32
    2795203 |  8965647.85
    3090797 |  8965634.60
     893779 |  8965546.66
    4543848 |  8965483.36
    3097201 |  8965229.64
    5564406 |  8965195.83
    1714979 |  8965162.17
    3656346 |  8965055.13
    5546205 |  8964775.70
    1993464 |  8964706.94
    5692585 |  8964664.11
    2959613 |  8964606.40
     155415 |  8964376.84
    2518756 |  8964302.99
    1710496 |  8964253.60
    6154411 |  8964155.65
     214185 |  8964106.48
     258132 |  8964101.96
    1123369 |  8963960.98
    5779301 |  8963919.72
    3353854 |  8963904.14
    3149471 |  8963853.85
    5825519 |  8963771.68
    1625906 |  8963622.20
    5636802 |  8963582.16
     624274 |  8963574.90
     328392 |  8963535.60
    4116113 |  8963418.28
    1043472 |  8963316.72
    1737428 |  8963194.48
    4612894 |  8963048.00
     604705 |  8962967.56
    1528522 |  8962892.80
    2895502 |  8962867.62
    2086240 |  8962862.11
    5976868 |  8962734.07
    2719439 |  8962698.78
    4193776 |  8962657.25
    5228053 |  8962622.52
    4694950 |  8962395.11
    1249194 |  8962185.40
    6031710 |  8962148.06
    1995332 |  8962003.53
    4936792 |  8961950.90
     952371 |  8961876.00
    2460229 |  8961837.72
     632075 |  8961812.58
    2651030 |  8961552.16
    4860988 |  8961467.40
    2018010 |  8960878.08
     839768 |  8960840.25
    6208600 |  8960757.80
    2926917 |  8960337.96
    3519863 |  8960175.05
    6315389 |  8960130.48
    3120370 |  8959860.98
     646794 |  8959852.80
    4622890 |  8959822.80
     327949 |  8959674.10
    5917227 |  8959482.46
    4984965 |  8959474.89
    4283250 |  8959456.80
    4452174 |  8959441.26
    2263368 |  8959413.33
      84504 |  8959410.67
    1763244 |  8959380.65
    1856046 |  8959360.30
    4570140 |  8959313.88
     561005 |  8959303.80
    1980023 |  8959202.29
     862120 |  8959140.89
     981330 |  8959069.90
    4825806 |  8959018.31
     457812 |  8958904.23
    1969408 |  8958748.89
    5045517 |  8958696.39
     171670 |  8958625.00
     342681 |  8958575.01
    5676818 |  8958556.58
    2422305 |  8958292.05
    2198008 |  8958261.11
    1042557 |  8958086.61
    1526177 |  8958046.37
     394818 |  8958014.51
    2249647 |  8958001.99
    4786531 |  8957814.16
    1036612 |  8957799.78
    5821945 |  8957778.94
    5602913 |  8957748.23
    2510756 |  8957670.40
    2482821 |  8957396.39
    6152055 |  8957348.06
    3780184 |  8957283.81
    4646638 |  8957178.59
    5287588 |  8957059.80
    5627534 |  8956991.49
    3634560 |  8956903.68
    5394216 |  8956870.04
    4197982 |  8956833.51
    1060537 |  8956712.05
    4953690 |  8956523.94
    3657560 |  8956509.18
    1372306 |  8956475.50
    4702263 |  8956446.72
    5362976 |  8956443.43
    2641599 |  8956403.75
    4428958 |  8956368.12
     605956 |  8956356.11
    2520373 |  8956209.10
    6260985 |  8956129.60
    3824456 |  8956126.00
    3558777 |  8955960.53
    4990854 |  8955903.44
    3376396 |  8955899.85
    1217205 |  8955841.59
     599357 |  8955833.60
    2928516 |  8955781.12
    6385395 |  8955776.97
    5981280 |  8955746.58
    3316223 |  8955722.52
    5110962 |  8955406.95
    5555406 |  8955370.35
    3075924 |  8955273.60
    3484585 |  8955258.40
    4510484 |  8955255.00
    1788198 |  8955249.29
    4635633 |  8955176.40
    2248881 |  8955169.74
    2636592 |  8955100.80
    5030029 |  8955038.61
     885641 |  8954905.10
    3326652 |  8954837.06
    3847260 |  8954719.35
    3128344 |  8954673.16
    5651484 |  8954620.79
    2669814 |  8954259.72
    4981355 |  8954162.20
    2970178 |  8954094.84
    2262348 |  8954059.40
    3270714 |  8954057.76
      13408 |  8954016.38
    5356826 |  8953998.08
    5258740 |  8953954.20
     410220 |  8953777.26
     655842 |  8953542.88
    3962551 |  8953432.59
     363452 |  8953326.38
    2575506 |  8953312.05
    4840908 |  8953270.24
    4137114 |  8953202.64
    4116993 |  8953051.91
    1243985 |  8953038.09
    2368982 |  8952909.06
    2456470 |  8952854.55
    1889273 |  8952762.72
    5496748 |  8952720.54
    5700667 |  8952662.46
    6144379 |  8952619.50
    4290437 |  8952531.92
    1270855 |  8952395.76
    2628363 |  8952374.48
    3909483 |  8952372.00
    5373006 |  8952280.35
    4679427 |  8952251.20
    4489018 |  8952208.98
    1287528 |  8952200.88
    5983252 |  8952189.72
    5539579 |  8952093.75
     358263 |  8952021.42
    5712752 |  8951973.03
    4681944 |  8951809.10
    6322697 |  8951716.02
    3068936 |  8951715.00
    5511596 |  8951658.45
    4076271 |  8951636.54
    4991025 |  8951497.38
    2051455 |  8951433.12
    5752051 |  8951423.67
    1914612 |  8951376.66
    5123228 |  8951210.24
    1155786 |  8951105.68
    3708932 |  8951066.42
    3294941 |  8950861.80
    3807819 |  8950821.60
    3319725 |  8950723.54
    1940598 |  8950617.90
    4914026 |  8950547.55
    4178808 |  8950480.13
    2900794 |  8950460.35
    4953207 |  8950380.12
    2835015 |  8950324.41
    4345511 |  8950201.60
    3209045 |  8949864.54
    2066524 |  8949847.54
     767991 |  8949602.55
    5656657 |  8949584.05
     868909 |  8949499.93
    5985189 |  8949468.48
    2150516 |  8949460.67
    6124274 |  8949363.55
    3134661 |  8949358.05
    1982596 |  8949228.36
    3752802 |  8949167.90
    2940800 |  8949139.95
    1155467 |  8949009.28
    2405149 |  8948963.63
    4222593 |  8948780.42
      43702 |  8948732.00
    2052012 |  8948647.54
     592116 |  8948637.60
    4325166 |  8948585.52
    4306306 |  8948581.52
    4379540 |  8948480.77
    1755683 |  8948392.02
    4198066 |  8948132.82
    1989463 |  8948050.38
    2489380 |  8947794.69
    4115961 |  8947756.77
    2336050 |  8947600.10
    4806936 |  8947433.97
    5032373 |  8947343.85
     163785 |  8947173.06
    3378734 |  8947007.52
    2402779 |  8946943.91
    2517087 |  8946870.24
    4617392 |  8946666.00
    5397690 |  8946664.45
    5762159 |  8946635.21
    3486844 |  8946571.80
    2858782 |  8946454.12
    3335987 |  8946453.60
     357182 |  8946431.04
    3930093 |  8946359.82
     965572 |  8946190.80
     576859 |  8946185.95
    1598052 |  8946116.86
     835467 |  8946055.76
    2256686 |  8945962.02
     782606 |  8945892.74
    3612583 |  8945827.80
    2964060 |  8945645.17
    3381347 |  8945544.35
    1672245 |  8945388.90
    2402555 |  8945315.04
    3630834 |  8945187.35
    1042056 |  8945148.96
    3100364 |  8944988.14
    4376496 |  8944973.16
    5350417 |  8944941.98
    3068674 |  8944876.50
    3323234 |  8944868.64
    4210331 |  8944829.46
    2197264 |  8944802.72
    6344991 |  8944793.00
    6382272 |  8944767.75
     263881 |  8944756.02
     370712 |  8944638.65
    2651464 |  8944399.26
    3461423 |  8944338.60
    2100532 |  8944338.13
    3595393 |  8944267.71
     582154 |  8944208.84
    3052942 |  8944208.55
    2526405 |  8944100.00
    2206952 |  8944076.90
    5556137 |  8943961.00
      63328 |  8943955.54
    1192285 |  8943841.04
    3096154 |  8943826.50
    6126020 |  8943733.82
    2037925 |  8943692.80
    6380796 |  8943679.20
    3320329 |  8943662.00
    2290129 |  8943421.14
    2758999 |  8943383.61
    5376990 |  8943347.04
    5593960 |  8943178.02
    4996808 |  8943119.91
    2267037 |  8943106.48
    3037256 |  8943082.20
     304622 |  8943077.63
    4571954 |  8943049.75
    2004429 |  8942997.60
    1755101 |  8942899.84
    3332585 |  8942763.98
    3708533 |  8942751.17
    6028200 |  8942749.70
     741940 |  8942725.44
    3893180 |  8942681.60
    2232098 |  8942678.80
    1560117 |  8942588.19
    5922779 |  8942449.60
    3766788 |  8942428.08
    3311472 |  8942311.04
    3946397 |  8942194.52
    4484333 |  8942191.80
    1551625 |  8942128.24
    4141708 |  8942069.08
    6139074 |  8942052.60
    3875355 |  8942011.68
    4622923 |  8942008.19
    6253002 |  8941978.10
    2814048 |  8941930.22
    4076614 |  8941814.96
    4055564 |  8941802.84
    4410413 |  8941608.80
    6330293 |  8941508.10
    6278355 |  8941348.69
    2978103 |  8941303.98
    1636652 |  8941224.60
    1639074 |  8941147.30
    3169444 |  8941085.60
      69187 |  8941054.14
    4497544 |  8940937.84
    3262409 |  8940833.76
    5731867 |  8940590.96
    4351591 |  8940526.10
    6013010 |  8940521.12
    5428351 |  8940507.75
    4967115 |  8940318.78
     491860 |  8940134.70
     196845 |  8940090.78
    1054387 |  8939886.03
    6237194 |  8939682.40
    3561111 |  8939588.88
    5481877 |  8939566.56
    5989740 |  8939428.33
    5215681 |  8939349.99
    2378464 |  8939333.81
    2453132 |  8939328.06
    3451660 |  8939237.92
    3387758 |  8939146.05
    5840324 |  8939084.70
    6021616 |  8939078.03
    4787714 |  8938919.22
    2749775 |  8938876.26
    5424420 |  8938651.23
    2522455 |  8938620.79
    4044187 |  8938499.96
    6013500 |  8938214.63
    4474472 |  8938101.78
    5385931 |  8938017.00
    1689064 |  8937987.55
    1580797 |  8937945.19
    2665929 |  8937887.40
    2146536 |  8937760.96
    3976482 |  8937751.24
    3244849 |  8937735.72
    2777926 |  8937698.35
    1713495 |  8937672.49
    5093667 |  8937398.20
    3732720 |  8937397.56
    1697495 |  8937376.80
    4624218 |  8937297.00
    6044945 |  8937287.28
    6276123 |  8937280.80
     892633 |  8937256.02
    2911374 |  8937232.74
    1737122 |  8937051.87
    5893225 |  8937022.64
    2828413 |  8937015.51
    1338299 |  8937012.77
    1427209 |  8936987.88
    5734311 |  8936949.50
    3319268 |  8936946.00
    5631771 |  8936844.18
    5807919 |  8936734.56
    4098813 |  8936699.18
     942583 |  8936690.80
    1595713 |  8936485.08
    1045766 |  8936466.09
    1135847 |  8936417.38
    2376114 |  8936300.43
     553909 |  8936280.00
     519842 |  8936262.84
    1378231 |  8936254.14
     899914 |  8936242.85
    4274793 |  8936228.16
     821092 |  8936181.54
    1934927 |  8936071.10
    3950464 |  8936026.83
    3488019 |  8936019.36
    5316128 |  8936010.88
    2658624 |  8935932.78
    1236234 |  8935841.20
    4144586 |  8935641.64
    3047035 |  8935618.51
    2621502 |  8935493.76
    4002193 |  8935324.00
    5365889 |  8935288.80
    5224920 |  8935228.09
    4744003 |  8934958.00
    1466837 |  8934938.10
    6221604 |  8934891.36
    3452503 |  8934885.75
    2769853 |  8934881.28
    1581376 |  8934833.60
    4547966 |  8934817.06
    1442736 |  8934749.10
    3004883 |  8934735.95
    2118652 |  8934586.70
    4967779 |  8934506.88
    1763989 |  8934407.97
     655600 |  8934353.48
      48428 |  8934298.49
    4822206 |  8934151.88
    3058207 |  8934135.45
    5024202 |  8934118.16
    4391337 |  8933890.44
    2616588 |  8933819.04
    3277117 |  8933818.80
    1386971 |  8933812.50
    3055133 |  8933792.66
    4695327 |  8933759.10
    4231057 |  8933734.95
    4705400 |  8933712.91
    3694783 |  8933576.03
    2829448 |  8933457.26
    2421574 |  8933313.68
    5797979 |  8933297.60
    4867931 |  8933276.80
    3551982 |  8933220.45
    3884306 |  8933177.67
    1167669 |  8932860.00
     157620 |  8932777.81
    2845582 |  8932776.44
    5915209 |  8932749.10
    2663241 |  8932707.00
    4625517 |  8932600.44
    1194168 |  8932499.10
    2100381 |  8932417.56
    3486810 |  8932377.72
    3855869 |  8932275.45
    4936244 |  8932269.17
    3724105 |  8932191.11
    3482535 |  8932172.40
     206471 |  8932094.86
    1233216 |  8932022.55
     981116 |  8931999.12
     739226 |  8931984.62
    2794362 |  8931947.94
    4495635 |  8931886.49
    4986891 |  8931812.63
    5357661 |  8931801.90
    3014502 |  8931776.70
    3298198 |  8931733.02
    3167672 |  8931700.35
    1346880 |  8931542.55
    3067927 |  8931522.08
    3782160 |  8931513.60
    1185270 |  8931509.32
     422025 |  8931379.40
    4709685 |  8931349.71
    3739047 |  8931241.62
    2872443 |  8931147.66
    3576561 |  8931088.65
    3198346 |  8931052.57
     783205 |  8931003.62
     898972 |  8930973.19
    1426743 |  8930964.16
    5169595 |  8930795.94
    6307522 |  8930704.27
    1744423 |  8930704.16
    1892834 |  8930674.56
    4404149 |  8930615.04
    1080228 |  8930581.66
    1224568 |  8930578.32
    3575793 |  8930486.20
    6293323 |  8930402.64
    1619989 |  8930399.04
      75412 |  8930290.44
    4865359 |  8930059.71
    1847519 |  8930028.60
     148095 |  8929984.85
    1668400 |  8929908.90
    5762766 |  8929844.25
    4683674 |  8929652.18
    3606124 |  8929645.12
    1789851 |  8929631.07
    2938314 |  8929611.45
    2462878 |  8929585.30
    3790406 |  8929555.08
    4442526 |  8929520.28
    2151063 |  8929488.62
    3367605 |  8929414.35
     254181 |  8929364.08
    1790305 |  8929361.46
    4947985 |  8929296.56
     522761 |  8929204.00
     761941 |  8929187.10
    5304264 |  8929146.30
    3579612 |  8928846.27
    4224381 |  8928842.01
    2245333 |  8928731.34
    1382159 |  8928652.78
    2046960 |  8928621.00
    1830900 |  8928300.08
    5726350 |  8928297.67
    2141114 |  8928094.17
    3305219 |  8927847.00
     446245 |  8927842.12
    1842339 |  8927730.30
    1553916 |  8927703.36
     289802 |  8927678.35
    3993140 |  8927581.26
    5151458 |  8927398.08
    4470393 |  8927369.00
    2331385 |  8927364.92
    5824984 |  8927342.31
    6237413 |  8927329.09
     300882 |  8927303.00
    2345785 |  8927116.18
    5492149 |  8926978.79
     693006 |  8926968.12
    1495817 |  8926949.67
    3242504 |  8926948.73
    4818961 |  8926851.04
    5737766 |  8926614.20
     671512 |  8926490.79
     495867 |  8926293.96
    5447506 |  8926242.80
    5144840 |  8926208.32
    2407117 |  8926124.76
    3799450 |  8926116.66
    2032676 |  8926053.43
     870584 |  8926042.44
    2583075 |  8926009.62
    5606789 |  8925809.68
    2315317 |  8925751.39
    3250558 |  8925670.40
     872918 |  8925539.73
    3857307 |  8925414.68
    3809305 |  8925389.93
    6273801 |  8925305.92
    3520425 |  8925285.80
    3496971 |  8925260.40
    2681489 |  8925215.28
     461922 |  8925212.97
    4746412 |  8925128.52
    5951776 |  8925035.60
    3712672 |  8925032.52
     701545 |  8924988.49
    3979094 |  8924936.23
     162209 |  8924591.56
    4172139 |  8924570.72
    2902799 |  8924359.50
    2582372 |  8924351.22
    3384522 |  8924225.82
    5600530 |  8924202.00
    3041437 |  8924171.38
     406557 |  8924073.60
      85929 |  8924072.96
    2795542 |  8924041.14
    1361746 |  8923834.50
    5133064 |  8923819.68
    1219865 |  8923748.24
    4549035 |  8923460.00
     593488 |  8923299.67
    1668474 |  8923250.66
    1270542 |  8923034.49
    5860275 |  8922945.00
    5702406 |  8922893.85
    4458627 |  8922548.70
     766984 |  8922539.46
     746135 |  8922535.26
    1185279 |  8922530.76
     341733 |  8922438.25
    4304888 |  8922399.02
    2723785 |  8922323.96
    2613099 |  8922220.08
    6039898 |  8922218.90
    4826933 |  8922194.38
    1664575 |  8922024.75
    1578245 |  8921928.88
    2884234 |  8921891.55
    5506671 |  8921797.62
    2517354 |  8921655.84
    1306313 |  8921642.50
    2848058 |  8921456.39
    4723169 |  8921235.40
    2049096 |  8921096.25
    3105294 |  8920982.97
    1024232 |  8920978.55
    3041823 |  8920961.28
    1330810 |  8920902.51
    5524111 |  8920827.30
     892533 |  8920754.10
    3567121 |  8920609.73
    2633426 |  8920554.87
     400375 |  8920539.20
    2229600 |  8920522.04
    1851515 |  8920507.16
    3017896 |  8920479.06
    2720091 |  8920315.22
    5062817 |  8920280.52
     280019 |  8920241.10
     171806 |  8920208.79
    4673801 |  8920173.62
    3150325 |  8920117.03
    3529542 |  8920097.76
    1451765 |  8920083.60
     632888 |  8919906.03
    3136036 |  8919799.15
    5254430 |  8919662.48
      59256 |  8919559.60
    5144978 |  8919423.90
    3861634 |  8919151.01
    4344911 |  8919142.86
    3193415 |  8919092.00
    3925313 |  8918913.36
    3139066 |  8918913.24
    6221290 |  8918692.95
    3923952 |  8918671.12
    4758913 |  8918662.89
    6237520 |  8918492.27
    4820455 |  8918117.60
    1155188 |  8918043.19
    5112145 |  8918028.20
    1622159 |  8917961.10
     458266 |  8917906.41
    3997541 |  8917849.34
    4736373 |  8917768.12
    5699906 |  8917704.97
    4707591 |  8917662.60
    2175876 |  8917655.60
    5903834 |  8917405.92
    4820035 |  8917372.86
    2018541 |  8917370.19
    2463468 |  8917302.03
    4746953 |  8917215.36
    4301862 |  8917194.70
    5940929 |  8917168.28
    5800134 |  8916951.42
    2057961 |  8916874.23
     170057 |  8916846.64
    2778132 |  8916657.48
    1648708 |  8916312.30
    4691957 |  8916206.31
    3522546 |  8916087.73
    5571959 |  8916015.78
    3166939 |  8915954.04
    4432160 |  8915943.96
    6291558 |  8915943.30
     461327 |  8915797.50
    1449358 |  8915791.95
    2686481 |  8915759.68
     518452 |  8915685.12
    2828085 |  8915600.40
    5473136 |  8915455.88
    3640152 |  8915382.18
    4748041 |  8915363.54
    3256369 |  8915306.95
    3355456 |  8915279.00
    1665378 |  8914973.05
    4536103 |  8914894.20
    2448610 |  8914848.20
    2617663 |  8914816.68
    2455921 |  8914787.12
    1247531 |  8914776.83
    4794824 |  8914710.00
    2862355 |  8914514.40
    5827056 |  8913888.00
    5082340 |  8913619.00
    2750287 |  8913561.44
    6052020 |  8913498.84
     683782 |  8913479.91
    1996831 |  8913477.30
    3623994 |  8913446.58
    6376219 |  8913326.38
     709964 |  8913271.08
    3228421 |  8913116.61
    4149264 |  8913094.14
    5302692 |  8913011.04
    5127171 |  8912977.92
    3735616 |  8912972.13
    6005102 |  8912947.81
     741282 |  8912934.00
    5675337 |  8912807.43
    2104887 |  8912804.76
     774973 |  8912749.25
    1472464 |  8912531.25
    3715893 |  8912505.75
    4354779 |  8912419.92
    1023230 |  8912407.00
    2420494 |  8912102.40
    2419130 |  8912032.29
    5030056 |  8912011.70
    6376454 |  8912008.34
     351742 |  8912007.18
    3412128 |  8911981.68
     182253 |  8911865.20
    4587444 |  8911807.08
    5126665 |  8911700.24
    5223046 |  8911665.30
    4142346 |  8911621.60
    2209047 |  8911559.52
    4373426 |  8911431.75
     426205 |  8911403.38
    6349854 |  8911403.01
    1926666 |  8911344.22
    2190154 |  8911251.05
    2098054 |  8911168.05
    1793567 |  8911065.60
    2731798 |  8911036.78
    1666250 |  8910984.80
    6181377 |  8910977.90
    4299893 |  8910741.56
    5342676 |  8910732.42
    1089022 |  8910683.34
    5544099 |  8910653.25
    3455281 |  8910565.92
    1503185 |  8910235.83
    6339379 |  8910221.33
    2868768 |  8910156.78
    3869423 |  8910072.08
     782893 |  8909966.22
    1028220 |  8909955.72
    5371899 |  8909687.22
    2792126 |  8909626.70
    1488552 |  8909611.10
    6170905 |  8909459.02
    4102303 |  8909437.20
     457554 |  8909347.92
    3390108 |  8909339.21
    2419303 |  8909271.84
    4968934 |  8909100.35
    1801976 |  8909088.00
     448673 |  8909004.74
    5822993 |  8908766.80
    1809445 |  8908681.65
    3244461 |  8908632.03
    4745510 |  8908611.54
    5430644 |  8908564.87
    4127313 |  8908298.88
    3807176 |  8908227.76
    4409155 |  8908104.59
    2911491 |  8908018.90
    4055394 |  8907915.75
    4522672 |  8907842.88
    1260872 |  8907809.07
    2980064 |  8907804.36
    5509039 |  8907706.92
    4172913 |  8907623.60
     989461 |  8907540.28
     706984 |  8907531.12
    2827265 |  8907518.65
    1662848 |  8907505.20
       8904 |  8907461.10
    6150814 |  8907443.96
     843619 |  8907436.45
     291662 |  8907405.78
    4706259 |  8907398.17
     593199 |  8907164.40
    2739160 |  8907075.45
    1668780 |  8907073.20
    2838798 |  8907002.00
    3694742 |  8906971.76
    4779762 |  8906912.00
    1853671 |  8906601.60
    4638793 |  8906551.20
    4646595 |  8906544.32
    2660174 |  8906391.12
    3194272 |  8906348.00
    6292133 |  8906341.25
    3656011 |  8906307.00
     229646 |  8906245.39
    3606238 |  8906205.25
     542553 |  8906182.20
     930544 |  8906117.40
    6388759 |  8906100.40
     943425 |  8906096.00
     833821 |  8906056.80
    4093671 |  8906055.20
    3157077 |  8906032.05
    6094797 |  8905931.44
    6236705 |  8905888.50
    4530865 |  8905884.51
    1963883 |  8905748.07
    2186553 |  8905710.24
    1729963 |  8905702.52
    3925617 |  8905676.56
    4760897 |  8905644.44
    2926141 |  8905641.93
     922153 |  8905443.39
    1173078 |  8905315.77
    1771505 |  8905304.14
    4008822 |  8905302.00
    4556652 |  8905081.68
    3614731 |  8905056.87
    1355348 |  8904950.18
    5554255 |  8904900.20
    4476329 |  8904895.52
    2350443 |  8904873.25
    1470003 |  8904835.83
    6027580 |  8904811.09
    5111920 |  8904791.94
    4137428 |  8904769.03
    4082977 |  8904503.73
    5441244 |  8904502.63
    4431453 |  8904397.10
    6186662 |  8904393.12
     390996 |  8904391.98
    6113905 |  8904262.65
    2578578 |  8904248.49
    2507559 |  8904216.04
    6319118 |  8904204.75
    5581473 |  8904160.80
    1096032 |  8904154.62
    5096344 |  8904032.37
    1513073 |  8904031.20
     113170 |  8904002.96
    1645582 |  8903961.68
    2458011 |  8903836.10
     104673 |  8903682.00
    3066929 |  8903629.30
    5606736 |  8903504.47
    2490990 |  8903490.35
    2627293 |  8903381.90
    3506635 |  8903349.96
    5852498 |  8903321.94
     152308 |  8903244.08
    4542816 |  8903210.00
    3803984 |  8903187.65
     767976 |  8903127.60
    6253360 |  8903056.88
    6385014 |  8903005.27
    1790806 |  8902811.79
    6026293 |  8902706.11
    6351583 |  8902611.65
    4460737 |  8902395.84
    1481737 |  8902382.88
    2824601 |  8902326.84
    4989869 |  8902308.42
     897920 |  8902273.94
    4829333 |  8902240.80
    4461261 |  8902239.93
    3808049 |  8902132.64
      48110 |  8902132.64
    4934064 |  8902002.49
    3797671 |  8901947.45
    6272235 |  8901888.75
    2171264 |  8901743.65
     327538 |  8901684.95
    2216544 |  8901471.66
    5445500 |  8901457.04
    3114086 |  8901427.25
    5064214 |  8901423.81
    5428672 |  8901385.28
    5393563 |  8901223.86
    1946190 |  8901143.93
     758840 |  8901032.52
    1759575 |  8900989.25
    5441572 |  8900988.33
    2702821 |  8900922.03
    4642196 |  8900873.02
     718216 |  8900764.51
    3028655 |  8900719.12
    1685849 |  8900565.00
    1914272 |  8900545.68
    2615549 |  8900412.90
    3092671 |  8900291.03
    2951536 |  8900225.88
     925488 |  8900086.68
     904443 |  8900003.80
    2194062 |  8899938.76
    2672941 |  8899920.77
    4574064 |  8899885.00
    3421759 |  8899847.00
    5709463 |  8899807.41
    2785018 |  8899756.32
    4203676 |  8899621.80
    6271669 |  8899619.00
     796035 |  8899560.90
    3506165 |  8899546.60
     687653 |  8899479.00
     735805 |  8899319.78
     102796 |  8899137.67
    1925591 |  8899104.21
    1301378 |  8899089.91
    4810919 |  8899085.49
    5360611 |  8899077.24
    1124170 |  8898999.45
    5080501 |  8898906.70
    1177553 |  8898887.59
    2649081 |  8898796.11
    1753802 |  8898750.00
    2760587 |  8898700.00
    3958732 |  8898636.69
     644726 |  8898586.35
    1311872 |  8898575.09
      22832 |  8898539.34
    1218585 |  8898511.86
    5988037 |  8898434.14
    4497488 |  8898432.93
    1681046 |  8898425.60
     780831 |  8898404.64
    4926583 |  8898317.40
    1862356 |  8898262.77
    2496909 |  8898180.48
    6231619 |  8898070.08
    5432151 |  8898028.65
    1248581 |  8897961.50
    3030355 |  8897746.78
    3644014 |  8897714.06
    1493351 |  8897665.27
    5265180 |  8897632.74
    4784868 |  8897623.20
    1420892 |  8897254.00
    3432794 |  8897230.78
    4522101 |  8897223.87
    5956091 |  8897210.92
    6180871 |  8897165.12
    4375620 |  8897131.16
    3212441 |  8897024.64
    6212989 |  8896789.60
    4529008 |  8896736.31
    2646082 |  8896734.49
    5822929 |  8896730.70
    3912076 |  8896631.24
     793729 |  8896597.60
    2712923 |  8896466.18
    1566405 |  8896465.68
    1784982 |  8896071.63
    3627836 |  8895994.80
    5129694 |  8895955.05
    1642856 |  8895792.58
    4957042 |  8895785.15
     124299 |  8895750.48
    4400237 |  8895747.16
    4699532 |  8895659.15
    6219925 |  8895622.40
    2677491 |  8895422.47
    4977571 |  8895319.26
    5016499 |  8895288.71
     328741 |  8895129.76
    3858036 |  8895106.05
    3551071 |  8895091.80
    4989211 |  8894957.34
    4459548 |  8894845.44
    3510395 |  8894723.24
     171051 |  8894667.18
    5667863 |  8894661.20
    5495409 |  8894628.67
     783521 |  8894586.06
    4549776 |  8894486.31
    4732915 |  8894437.98
    6154749 |  8894412.80
    5262034 |  8894321.92
    3283404 |  8894147.25
     184710 |  8893972.62
    5900906 |  8893905.52
    4212792 |  8893842.57
    6247778 |  8893798.65
    1109983 |  8893786.92
    2211588 |  8893770.23
    5115337 |  8893687.21
    1780144 |  8893614.71
     289547 |  8893446.54
    3572865 |  8893383.48
    3278648 |  8893359.27
    4931581 |  8893262.84
    5437125 |  8893199.74
    1023666 |  8893131.24
    1789050 |  8893122.21
    3345141 |  8892998.64
    1826950 |  8892595.32
    3291758 |  8892558.90
    1037251 |  8892375.14
    3012033 |  8892359.70
     109703 |  8892327.80
    1658427 |  8892141.32
    2459512 |  8891786.29
    5446329 |  8891775.20
    1778511 |  8891467.92
    2538331 |  8891311.12
    2420024 |  8891228.16
    5270480 |  8891226.49
    5193681 |  8891226.33
    1754143 |  8891200.39
    2020077 |  8891174.00
     462240 |  8891151.57
    3413141 |  8891028.00
     597135 |  8890947.56
    5229129 |  8890840.00
    4631300 |  8890814.50
    2273217 |  8890755.84
    4380775 |  8890728.32
     915219 |  8890700.40
    3004898 |  8890687.50
    1704602 |  8890532.56
    1976013 |  8890532.29
    5022081 |  8890499.42
    1233551 |  8890472.32
    3686144 |  8890471.98
    4569207 |  8890465.92
    5278954 |  8890421.80
     413046 |  8890351.02
    3718399 |  8890288.04
    5810780 |  8890287.36
    3589143 |  8890156.80
    3796374 |  8890109.69
    4601762 |  8889850.40
    5548125 |  8889727.60
     470493 |  8889699.83
    1857525 |  8889678.25
    4766685 |  8889466.56
    3677245 |  8889404.96
    3404357 |  8889313.40
    5609218 |  8888854.64
    3332961 |  8888808.96
    1516248 |  8888770.20
    3862718 |  8888737.84
    2475686 |  8888635.79
    3124264 |  8888616.87
    4258879 |  8888455.84
    3320016 |  8888422.32
    2022449 |  8888412.16
    5032918 |  8888354.10
    1568087 |  8888302.26
    2689412 |  8888206.33
     891663 |  8888092.50
    1968864 |  8888031.72
     874822 |  8888001.98
     962435 |  8887923.50
    1931859 |  8887864.32
    4769802 |  8887839.66
    2099018 |  8887681.14
    1948358 |  8887676.40
    2985594 |  8887511.08
     542302 |  8887364.52
    3571293 |  8887335.21
    3430769 |  8887283.51
    2828868 |  8887277.88
    3192042 |  8887208.40
    3902946 |  8887197.00
    5014065 |  8887187.40
    3677362 |  8887079.00
     376276 |  8886895.10
    1874642 |  8886815.28
    5865713 |  8886777.14
     347273 |  8886771.86
    2626593 |  8886697.73
    3078063 |  8886669.39
    3748281 |  8886641.76
     203404 |  8886616.20
    2776445 |  8886381.70
    4076127 |  8886315.90
    3200432 |  8886200.70
    4575844 |  8886039.85
    3048234 |  8886010.04
    2421633 |  8885942.82
    2759705 |  8885488.50
    4845577 |  8885477.61
    4887096 |  8885363.04
    1758543 |  8885339.68
    4139625 |  8885267.43
    2439501 |  8885260.80
    5021309 |  8885249.01
    3595027 |  8885184.00
    4084310 |  8885177.84
    4166261 |  8885168.28
    5512848 |  8885156.58
     597383 |  8885009.25
    4696571 |  8884949.68
    3205997 |  8884766.97
    1097395 |  8884734.48
    6031884 |  8884571.85
    2584048 |  8884565.34
    2443161 |  8884478.48
    5291286 |  8884450.58
    2090228 |  8884154.04
    6212610 |  8884070.78
    5617580 |  8884070.24
    1282960 |  8884022.08
    4195749 |  8884003.14
    5395987 |  8883963.00
    4829101 |  8883882.84
    4802164 |  8883808.65
    3407200 |  8883668.81
    1214573 |  8883492.84
    5371456 |  8883465.60
     158854 |  8883436.50
    2657321 |  8883268.40
    1566260 |  8883125.01
    5900934 |  8882934.12
    3882328 |  8882914.60
    4333510 |  8882701.10
    5814894 |  8882609.20
    5875926 |  8882551.53
    2516465 |  8882550.24
    1265619 |  8882543.54
    2645210 |  8882516.82
     942670 |  8882495.16
    5635749 |  8882437.68
    6283558 |  8882423.55
    3105777 |  8882416.40
    6093285 |  8882291.70
    2661740 |  8882242.39
    6148652 |  8882200.18
    2878621 |  8882122.17
     297590 |  8882114.40
    4262116 |  8882048.28
     126148 |  8881985.14
      25908 |  8881939.68
    4946618 |  8881896.50
     452964 |  8881640.96
    4643920 |  8881610.08
    5480441 |  8881553.67
     325805 |  8881501.23
    2164621 |  8881472.18
    2945951 |  8881309.00
    2684185 |  8881188.60
    5898283 |  8881145.20
    2868231 |  8880999.75
    6048664 |  8880987.85
    6170573 |  8880900.06
    1400752 |  8880880.57
    3397593 |  8880821.25
    3684866 |  8880764.00
    4680345 |  8880747.40
    3555201 |  8880535.04
    2093589 |  8880504.36
    4829539 |  8880271.51
     505872 |  8880160.16
     894736 |  8880113.76
    5088935 |  8879934.92
    2419255 |  8879902.33
    4125674 |  8879833.68
    6170782 |  8879729.76
    2648516 |  8879700.84
    3617960 |  8879526.64
     875406 |  8879473.76
    5272062 |  8879256.40
    1361414 |  8879214.50
    1640563 |  8879066.28
    5637742 |  8879062.71
    4612854 |  8879059.60
    2306259 |  8878943.92
    4252520 |  8878897.62
    3072699 |  8878776.50
    4924346 |  8878742.12
    2168741 |  8878681.34
    1699217 |  8878644.48
    1072755 |  8878367.61
    4006840 |  8878244.70
    4773438 |  8878221.84
    3162941 |  8878218.72
    2804043 |  8878159.04
    4182920 |  8878017.00
    2981739 |  8877902.68
    3546455 |  8877871.60
    1234834 |  8877865.52
      91262 |  8877809.70
    2731694 |  8877764.48
     820367 |  8877676.40
    1885025 |  8877627.90
    5804252 |  8877591.32
    5369985 |  8877502.08
    5658896 |  8877443.30
    5488475 |  8877334.40
    4253354 |  8877251.43
    2645168 |  8877205.97
    1727697 |  8877126.53
    5510342 |  8877013.08
    2279274 |  8876977.20
    3543886 |  8876939.28
    1546293 |  8876489.16
    3350455 |  8876479.50
    6179762 |  8876365.08
    2679926 |  8876218.79
    3316588 |  8876130.76
    3290349 |  8876063.20
      66585 |  8876029.12
    2808619 |  8876011.95
     397577 |  8875960.00
    3187976 |  8875955.25
    5958949 |  8875882.92
    1822968 |  8875807.44
     479770 |  8875755.00
    5899716 |  8875521.12
    2905130 |  8875493.12
    2443528 |  8875458.99
    1349677 |  8875255.98
     883537 |  8875247.82
    6349504 |  8875240.20
    3562187 |  8875229.10
    5758956 |  8875181.20
    5592460 |  8875156.25
    5230830 |  8875050.24
    4903982 |  8874964.96
    5162601 |  8874964.66
    6361203 |  8874910.77
    6010461 |  8874859.80
    3957692 |  8874826.42
     419463 |  8874725.20
    1174949 |  8874723.12
    4375680 |  8874609.91
    1164447 |  8874511.36
    3849322 |  8874393.39
    5727506 |  8874275.82
    4247576 |  8874257.20
     571083 |  8874230.40
    4918508 |  8874079.73
    3975531 |  8873982.99
     320708 |  8873976.48
    3531229 |  8873976.14
    4092789 |  8873955.02
    2887914 |  8873809.45
     436220 |  8873801.76
    4875533 |  8873694.27
    5456376 |  8873659.86
    1795051 |  8873616.17
    6119293 |  8873543.66
    5163918 |  8873491.80
    4327417 |  8873392.12
    4868301 |  8873328.84
    1291692 |  8873309.80
    5690611 |  8873184.42
    2797445 |  8873171.28
     979321 |  8873159.68
    6261851 |  8873020.60
     385938 |  8872796.24
    5406719 |  8872768.08
    1774272 |  8872603.55
    6014858 |  8872584.74
    1454750 |  8872508.24
    4188593 |  8872471.49
    1603099 |  8872401.63
    4491511 |  8872389.00
    3467468 |  8872311.60
     385474 |  8872223.75
    5845778 |  8872174.16
    6218011 |  8872108.11
    1652748 |  8872077.50
    5549462 |  8872067.31
    6366050 |  8872041.81
    3001799 |  8872014.48
    5578695 |  8871933.83
    1993419 |  8871840.66
    1499507 |  8871818.40
    2526347 |  8871606.92
     832935 |  8871601.53
    5062333 |  8871560.00
    3472371 |  8871552.00
    6103715 |  8871404.57
    1195659 |  8871281.85
     915809 |  8871240.95
    3900987 |  8871220.26
    1119167 |  8871115.05
    1740708 |  8871036.28
    5568348 |  8871009.84
    3322133 |  8870991.84
    1209455 |  8870981.90
    2335356 |  8870685.20
     294231 |  8870631.12
      83901 |  8870617.92
    3170698 |  8870614.87
    2662131 |  8870600.87
     782510 |  8870567.52
     367325 |  8870565.60
    5944600 |  8870528.94
     365408 |  8870512.38
    1503201 |  8870298.15
    1508247 |  8870229.68
    3757620 |  8870214.99
    1756357 |  8870191.44
     593362 |  8870165.31
    2389345 |  8870078.08
    5562416 |  8870045.25
    2410137 |  8869680.72
      87706 |  8869407.40
    3392074 |  8869376.20
    1612637 |  8869015.68
    2515799 |  8868930.40
    2846453 |  8868876.00
    4495730 |  8868849.60
    2706014 |  8868820.30
    1777144 |  8868614.04
     389475 |  8868497.88
    3540793 |  8868234.00
    4174454 |  8868196.16
    4354672 |  8868108.48
    3862927 |  8867935.75
    2011746 |  8867842.52
    4535312 |  8867796.40
    1034810 |  8867741.30
     267796 |  8867692.68
     110158 |  8867688.28
    4182919 |  8867543.70
    5564564 |  8867511.33
    5824241 |  8867465.16
    4843702 |  8867378.52
    1687495 |  8867373.41
    5461006 |  8867345.52
    5476363 |  8867336.00
    3496279 |  8867198.80
     836419 |  8867143.14
    3402385 |  8867116.75
    6393967 |  8867098.64
    4934952 |  8867030.76
    4091494 |  8866954.20
    3155106 |  8866875.60
    3073893 |  8866802.84
    2167617 |  8866726.56
     508231 |  8866715.88
     965850 |  8866550.07
     597735 |  8866416.96
    3876812 |  8866354.00
    5777389 |  8866336.08
    4947593 |  8866273.08
    1330270 |  8866260.54
    3547327 |  8866257.16
    1194022 |  8866240.83
    4893393 |  8866220.83
    1303288 |  8866197.34
    1108427 |  8866132.90
    1363207 |  8865859.10
    3879881 |  8865654.27
    3536714 |  8865575.55
    3768386 |  8865502.50
     563046 |  8865362.52
    1743301 |  8865342.68
    2534539 |  8865322.80
    2886907 |  8865303.48
    4903447 |  8865284.16
    1701989 |  8865170.40
    5040506 |  8865098.50
    2404474 |  8864903.08
    5438211 |  8864851.20
    4085859 |  8864822.70
    4040995 |  8864722.27
     428944 |  8864484.42
    6371278 |  8864343.32
      96778 |  8864333.28
    4372487 |  8864307.13
    3139332 |  8864247.15
    3200237 |  8864012.24
    2892024 |  8864007.43
    5113492 |  8863999.72
    2983063 |  8863955.22
    5594423 |  8863954.48
    2773871 |  8863815.38
    6368715 |  8863801.30
    2478716 |  8863783.39
    2881057 |  8863757.50
    2761968 |  8863750.70
    1322613 |  8863689.97
     370006 |  8863689.60
    5096002 |  8863652.14
    1695864 |  8863632.96
    3716820 |  8863553.70
    5315121 |  8863536.36
    5995072 |  8863515.96
    2843026 |  8863402.12
    1157794 |  8863384.07
    3398898 |  8863289.62
    2329031 |  8863270.45
    2416173 |  8863137.03
    5644476 |  8863103.34
    5857627 |  8863016.12
    3062355 |  8863006.00
    2011828 |  8862973.70
    5694324 |  8862920.24
     371399 |  8862737.37
     622797 |  8862659.76
    2680195 |  8862630.84
    3870299 |  8862552.54
    2904027 |  8862528.40
    2857411 |  8862528.06
    3455819 |  8862411.46
    5661606 |  8862380.01
    3627993 |  8862371.73
    4445337 |  8862360.00
    2442101 |  8862258.92
    4038452 |  8862253.68
    5935089 |  8862245.49
    3837707 |  8862174.50
    3847624 |  8862117.77
    5161584 |  8862027.53
    1263005 |  8862021.50
    5252458 |  8861996.00
    3684806 |  8861978.56
    4254537 |  8861955.52
    6211083 |  8861939.24
    5788848 |  8861887.16
     260103 |  8861884.80
    5411028 |  8861883.36
    1166118 |  8861861.32
    1212369 |  8861836.81
    2691934 |  8861779.85
    4642046 |  8861779.30
    3469821 |  8861779.20
    6158224 |  8861714.40
    1982594 |  8861480.12
    1784899 |  8861475.28
    6246900 |  8861374.04
    1335556 |  8861369.34
     883668 |  8861322.36
    2704602 |  8861287.50
    1962030 |  8861183.24
    1097568 |  8860943.83
     197452 |  8860914.90
    3323355 |  8860900.10
    1186160 |  8860873.80
    2653607 |  8860831.20
    5473363 |  8860754.56
    1529679 |  8860733.00
    1063864 |  8860635.52
     742524 |  8860614.70
    5328760 |  8860511.14
    3206012 |  8860447.05
    2819761 |  8860422.66
    3509979 |  8860329.39
    1860177 |  8860303.44
     291950 |  8860173.39
    4813860 |  8860128.20
    2418210 |  8859990.05
     837552 |  8859964.68
    5825589 |  8859911.84
     119846 |  8859879.58
    4562375 |  8859860.50
    4025513 |  8859668.28
    3733619 |  8859646.51
    4287967 |  8859642.48
    5134919 |  8859566.18
    4818557 |  8859357.99
     203149 |  8859193.08
    5342958 |  8859142.92
    4968951 |  8859072.72
    3855459 |  8859058.00
    4275384 |  8858994.49
    1043322 |  8858947.04
    4465322 |  8858911.48
    2679425 |  8858903.59
    3268095 |  8858879.40
    3176784 |  8858832.30
    3263111 |  8858744.67
    2892935 |  8858658.88
    4396608 |  8858325.80
    5045705 |  8858268.42
     409068 |  8858249.64
    4748331 |  8858124.21
    5900583 |  8857964.14
    2773323 |  8857947.49
    6303759 |  8857914.00
    2542469 |  8857886.62
    1060114 |  8857865.52
     310294 |  8857708.22
    4167261 |  8857589.02
    1126610 |  8857588.15
    5431433 |  8857587.15
    4342982 |  8857563.52
    3045102 |  8857529.50
    4131782 |  8857518.48
    1517714 |  8857491.79
    5445580 |  8857447.04
    6012905 |  8857396.14
    2636354 |  8857364.48
     239191 |  8857319.38
    5012737 |  8857284.45
    6044831 |  8857219.52
    5235406 |  8857182.00
    4119956 |  8857158.57
    2622697 |  8857088.72
    3104617 |  8856993.60
    2661741 |  8856927.99
    3072276 |  8856920.10
    3111167 |  8856871.18
       9412 |  8856864.00
    4676338 |  8856704.76
    5952223 |  8856608.00
     922326 |  8856602.37
    5533153 |  8856593.05
    3813182 |  8856588.72
    5611504 |  8856485.48
     938696 |  8856416.80
    4104743 |  8856410.10
    4233556 |  8856403.61
     538449 |  8856292.12
     575885 |  8856249.30
    1985474 |  8856037.56
    2649348 |  8856030.15
     283448 |  8855972.94
    1076915 |  8855888.00
    1977189 |  8855752.61
    2359343 |  8855544.36
    5675035 |  8855493.12
    3289379 |  8855435.88
    1406226 |  8855385.00
     800463 |  8855264.25
    1034028 |  8855246.20
    5568743 |  8855241.06
    5294544 |  8855238.12
    1164913 |  8855162.61
    2951518 |  8854955.12
    3684602 |  8854825.55
    4184871 |  8854819.20
     216659 |  8854764.84
    5390812 |  8854735.00
    2105381 |  8854633.34
    1557539 |  8854438.24
    5067193 |  8854406.63
    3052150 |  8854404.40
    6054340 |  8854399.68
     132415 |  8854324.96
     897433 |  8854268.64
    6158608 |  8854205.40
    1103285 |  8854129.85
     965758 |  8853876.72
    3744248 |  8853770.24
    6204625 |  8853668.83
     930540 |  8853649.77
    1850703 |  8853604.74
    5910266 |  8853528.00
    6165178 |  8853522.03
    5354761 |  8853324.12
    3025408 |  8853159.68
     119641 |  8853050.24
    2485043 |  8852985.32
    6058296 |  8852918.10
    5652778 |  8852910.00
    1508390 |  8852902.19
     798113 |  8852703.50
    2142934 |  8852685.32
    6282101 |  8852497.62
    5309557 |  8852463.86
    5015129 |  8852442.48
    2555738 |  8852332.14
    2950824 |  8852276.51
     261994 |  8852238.57
     191504 |  8852190.54
    6282597 |  8852111.07
     194376 |  8852111.07
      14493 |  8852006.87
     696575 |  8852005.58
     456880 |  8851968.00
     112101 |  8851904.10
    4007670 |  8851865.10
    4683756 |  8851814.86
    2532250 |  8851800.69
    2274659 |  8851783.41
    5547100 |  8851593.52
    6379112 |  8851437.42
    4657086 |  8851337.46
    1212342 |  8851231.62
    5330550 |  8851108.14
    5113811 |  8850963.04
    5661220 |  8850925.05
    3359056 |  8850844.24
    2791386 |  8850717.75
    5265976 |  8850508.04
    3605544 |  8850479.51
     896470 |  8850454.74
    2982942 |  8850283.20
    5853080 |  8850212.00
    4250817 |  8850189.86
    5428962 |  8850173.52
     504480 |  8850027.63
     931374 |  8849990.52
    3613703 |  8849968.33
    4003967 |  8849949.60
      32572 |  8849902.74
    5086058 |  8849863.68
    3888174 |  8849819.86
    4743018 |  8849739.87
     739263 |  8849621.45
    3585605 |  8849617.50
    5080797 |  8849549.80
    4569271 |  8849162.44
    5124526 |  8849095.64
    5919775 |  8849026.79
    1046103 |  8848998.69
    4325466 |  8848818.68
    2970061 |  8848687.77
    3478781 |  8848683.52
     833216 |  8848522.30
     375942 |  8848515.06
    1283514 |  8848508.80
    5571976 |  8848415.73
    5830046 |  8848394.80
    1044249 |  8848385.20
    1640606 |  8848316.40
    2632570 |  8847997.38
    1487960 |  8847959.92
     289632 |  8847923.20
    4968311 |  8847787.30
    3519130 |  8847692.92
    2201617 |  8847537.60
    1591969 |  8847374.91
    4217209 |  8847336.81
    2797415 |  8847217.50
    5895285 |  8847144.25
     126938 |  8847115.38
    2602123 |  8847006.30
    6239460 |  8846871.33
    1343878 |  8846841.99
    1582720 |  8846797.05
    5499492 |  8846777.25
    6340690 |  8846742.88
    1539905 |  8846622.15
    5196045 |  8846594.30
    3861700 |  8846535.72
    4143778 |  8846483.60
    3878801 |  8846277.66
     659097 |  8846271.72
    2448267 |  8846204.09
     401994 |  8846111.52
     456745 |  8846106.57
    2618149 |  8846043.57
    4620967 |  8845849.94
    2676972 |  8845686.70
    2143205 |  8845656.60
    2199248 |  8845642.64
     156695 |  8845594.56
    3956143 |  8845551.44
     693445 |  8845456.60
     242322 |  8845395.85
     346668 |  8845319.70
     309990 |  8845310.32
    5397220 |  8845171.50
    5952760 |  8845165.36
    5533927 |  8845103.71
     655165 |  8844948.48
    5298778 |  8844944.86
    1497580 |  8844915.56
     364942 |  8844841.09
    1463047 |  8844805.76
    3050361 |  8844782.40
    2752127 |  8844685.88
    4849316 |  8844630.85
    3993896 |  8844478.82
    2005630 |  8844436.62
    4547934 |  8844324.06
    4764789 |  8844279.76
    5371991 |  8844263.12
    1428700 |  8844166.50
     250790 |  8844075.49
    1680562 |  8843923.52
    5402689 |  8843921.46
    4008260 |  8843868.00
    3252948 |  8843762.24
      96465 |  8843737.76
     357251 |  8843715.87
     846340 |  8843690.60
    6307224 |  8843690.36
     332274 |  8843541.88
    5464799 |  8843376.81
    3934271 |  8843231.43
    3109655 |  8843079.36
    1643677 |  8842934.76
    2961133 |  8842908.72
    3725491 |  8842869.80
    4036035 |  8842844.32
    3603246 |  8842828.64
     381121 |  8842606.08
    4173818 |  8842451.14
    6161920 |  8842342.71
    5972893 |  8842080.00
    4837425 |  8842028.58
    5677396 |  8841986.30
     154918 |  8841966.88
    2742675 |  8841925.40
    4805581 |  8841812.98
    5191784 |  8841735.69
    4615534 |  8841711.09
    2870397 |  8841648.31
    6021605 |  8841641.20
    6075277 |  8841597.05
    2885084 |  8841511.20
    5420320 |  8841450.15
     314405 |  8841415.90
    6383208 |  8841390.75
    3998072 |  8841375.75
    6216414 |  8841363.42
    1129376 |  8841281.86
     360243 |  8841261.93
    2724809 |  8841245.63
    4813741 |  8841230.86
    1872201 |  8841122.87
     328907 |  8840987.19
    3849136 |  8840965.09
    2290400 |  8840933.10
    5054415 |  8840649.48
    3438813 |  8840539.52
    1531650 |  8840444.52
     548147 |  8840402.40
    3656786 |  8840280.43
     186064 |  8840229.10
     157997 |  8840171.88
    6334399 |  8840167.65
    2472386 |  8840131.24
    5590538 |  8840063.31
    4932624 |  8840034.70
    6315200 |  8839899.60
    1079785 |  8839815.67
    1388202 |  8839811.25
    6264940 |  8839755.72
      98458 |  8839731.50
    5415253 |  8839557.00
    2224886 |  8839534.88
    4334432 |  8839508.35
     954396 |  8839397.90
    1740035 |  8839020.51
    5127888 |  8838878.69
     924174 |  8838786.42
    2805380 |  8838713.74
    3161945 |  8838619.02
    6179374 |  8838564.56
    3836852 |  8838551.83
    6266049 |  8838324.67
    4969616 |  8838293.76
    5048206 |  8838260.14
    2404462 |  8838230.44
     556118 |  8838188.32
    5309206 |  8837994.69
    3208820 |  8837921.44
    2021237 |  8837806.80
     387302 |  8837660.68
    1186470 |  8837637.55
    6135213 |  8837622.96
    2829838 |  8837617.88
     910265 |  8837597.36
     588365 |  8837470.50
    2738855 |  8837453.47
     145914 |  8837297.28
    4518801 |  8837279.77
    5485933 |  8837232.72
    3336802 |  8837137.75
    1893786 |  8837080.05
    5037267 |  8837059.44
    5380829 |  8837018.30
    6022814 |  8836841.52
    1489564 |  8836718.94
    5711883 |  8836553.25
     568672 |  8836512.01
    5037345 |  8836484.80
    6358033 |  8836467.41
    6242988 |  8836367.54
    4093016 |  8836328.57
    4709748 |  8836277.96
    4221902 |  8836177.80
    3677110 |  8836131.45
    2656486 |  8836052.94
    6098811 |  8836005.51
    1086362 |  8835959.98
    2438015 |  8835853.37
     466479 |  8835768.33
    1343152 |  8835496.04
    5553259 |  8835377.13
    4781023 |  8835294.40
    4248356 |  8835282.69
    5671345 |  8835144.63
    2582093 |  8835141.16
    4285629 |  8835138.35
    2340009 |  8834966.30
    5840555 |  8834920.40
    3795456 |  8834905.60
     608946 |  8834890.80
    3477539 |  8834762.99
    3946752 |  8834721.40
    4756100 |  8834691.60
    3292334 |  8834639.00
    2265651 |  8834634.82
     728232 |  8834532.84
    3256051 |  8834518.40
    2223909 |  8834480.55
    3921299 |  8834467.46
     317585 |  8834420.96
    4292555 |  8834337.75
    2872591 |  8834305.48
    2384267 |  8834301.35
    1330471 |  8834270.40
     589993 |  8834258.95
    6027779 |  8834235.20
    2600118 |  8834170.80
    2382171 |  8834061.17
    2525446 |  8833961.77
    6050725 |  8833833.02
    2323272 |  8833832.87
    5607206 |  8833810.64
    3832671 |  8833793.02
    5098979 |  8833745.81
     154502 |  8833737.52
    5182144 |  8833695.20
    5588915 |  8833666.84
    1577428 |  8833423.23
    3517384 |  8833230.65
    3731503 |  8833064.00
    2274178 |  8833044.50
    1677139 |  8832975.06
    5406416 |  8832799.36
    2089151 |  8832743.08
    2472187 |  8832697.28
    5170810 |  8832682.89
    4237733 |  8832679.96
    5653198 |  8832552.32
    5169038 |  8832544.00
    1856416 |  8832461.10
    5536886 |  8832423.94
     127892 |  8832391.88
    5776056 |  8832212.16
     506667 |  8832203.40
    4478404 |  8832196.71
    4796622 |  8831839.88
    4044453 |  8831772.32
     966109 |  8831611.23
    4748076 |  8831568.00
    2450433 |  8831480.28
     485369 |  8831446.47
    4362468 |  8831238.88
     614972 |  8831226.60
    4748123 |  8831134.62
    5072171 |  8831095.18
    6054585 |  8831082.15
    1334828 |  8831078.00
    4056300 |  8831050.33
    2181015 |  8831030.34
    1361485 |  8830988.67
    2552393 |  8830984.26
    4967232 |  8830935.00
    1316220 |  8830720.08
    1948421 |  8830628.96
    4249160 |  8830601.16
    2309466 |  8830593.66
     845369 |  8830447.60
    2768858 |  8830437.84
    4191762 |  8830427.37
    1109984 |  8830414.18
    4820911 |  8830406.55
    1574618 |  8830396.07
    1004028 |  8830281.42
    3404635 |  8830269.20
    2147306 |  8830205.07
     592669 |  8830180.01
    3704016 |  8830040.24
    3735271 |  8829925.41
    3580632 |  8829723.25
     882740 |  8829628.32
    5890779 |  8829581.64
     214585 |  8829477.28
    4924056 |  8829459.18
    3046738 |  8829444.02
    5557173 |  8829265.04
    2574341 |  8829117.76
    1431920 |  8829072.74
    6257772 |  8829008.25
    2175173 |  8828972.92
     463913 |  8828965.80
    3305289 |  8828920.96
    3637430 |  8828895.12
    4977490 |  8828892.54
    3072454 |  8828871.60
    5483122 |  8828792.72
    4528514 |  8828573.11
    3808805 |  8828516.08
    3349016 |  8828497.50
    2492719 |  8828423.64
    4308496 |  8828355.80
    6033354 |  8828346.90
     168731 |  8828175.22
     352700 |  8828130.50
    3221636 |  8828044.37
    2224256 |  8827978.95
     714352 |  8827971.06
    5370470 |  8827879.20
    2257533 |  8827858.92
    5503518 |  8827694.46
    6399931 |  8827564.04
    2836697 |  8827561.47
    3239064 |  8827540.75
    1715958 |  8827439.04
    3387808 |  8827409.43
    4036101 |  8827184.45
     129566 |  8827161.88
    1011732 |  8827102.98
    1886452 |  8827066.29
     254432 |  8827057.80
    3282585 |  8827024.64
    6382571 |  8827017.11
    5172943 |  8826845.36
    3575618 |  8826811.50
     932650 |  8826810.72
    1767649 |  8826732.95
    2565192 |  8826712.14
     709246 |  8826541.20
    2272544 |  8826454.30
    1012957 |  8826449.94
    5294672 |  8826438.60
    5470971 |  8826280.20
    3101871 |  8826268.16
    4867277 |  8826229.56
    4218727 |  8826120.10
    2083625 |  8826115.20
    2558723 |  8826088.68
    5618661 |  8825934.99
    4992453 |  8825928.72
    2875059 |  8825854.80
    5622511 |  8825815.62
    4528950 |  8825626.80
    5285783 |  8825616.80
    4632739 |  8825466.30
    4575948 |  8825464.95
    2653447 |  8825426.40
    5368088 |  8825291.60
    3800469 |  8825017.60
    6001932 |  8824981.55
    1735507 |  8824937.98
     449715 |  8824925.20
    2739293 |  8824738.10
    4625580 |  8824529.07
    2244984 |  8824482.38
    3973828 |  8824410.51
    1704363 |  8824396.00
    4100999 |  8824330.03
     653876 |  8824097.20
    2170873 |  8824004.40
    3352761 |  8823974.84
    2892927 |  8823924.90
    1116855 |  8823850.35
     441707 |  8823819.55
    4622665 |  8823797.21
    5714295 |  8823549.00
    1328520 |  8823531.88
    4999431 |  8823473.97
    5864637 |  8823449.88
     669636 |  8823416.84
    4707712 |  8823378.08
     267925 |  8823371.50
    2801782 |  8823362.00
    3761913 |  8823356.96
    5926694 |  8823286.08
    5254495 |  8823263.40
     218585 |  8823182.76
     882839 |  8823161.49
    1987887 |  8823096.84
    6126907 |  8823082.11
    5150448 |  8823066.75
    2011288 |  8823042.20
    3749575 |  8823019.70
    1848840 |  8822909.26
    4376401 |  8822897.70
    2758816 |  8822845.30
    2346871 |  8822763.60
    3880936 |  8822740.50
    5795113 |  8822683.65
    3682198 |  8822568.30
    1903833 |  8822512.65
     623004 |  8822482.04
    5949489 |  8822409.05
     699436 |  8822163.60
    4382566 |  8822099.52
     991170 |  8822018.28
    1619051 |  8821920.87
    6104849 |  8821888.25
    4179337 |  8821711.54
    6145732 |  8821707.00
    1880760 |  8821691.68
     922502 |  8821672.95
    4439990 |  8821617.28
    4701718 |  8821335.60
    1448987 |  8821247.32
    4619711 |  8821179.50
     505935 |  8821094.94
    1641047 |  8821089.45
     128572 |  8820960.00
    2205765 |  8820955.36
    4751580 |  8820933.15
    6367572 |  8820884.60
    2165226 |  8820693.30
     510344 |  8820673.20
    3267925 |  8820664.65
    3290599 |  8820648.35
    2845720 |  8820570.72
    3095006 |  8820465.88
    3332477 |  8820455.58
    5567134 |  8820442.75
    2668350 |  8820402.42
    3917137 |  8820381.90
    2882890 |  8820370.18
    5963243 |  8820331.77
    1116837 |  8820241.56
    3363988 |  8820131.81
    1939211 |  8819961.35
    1467819 |  8819949.60
      10380 |  8819937.62
    2004869 |  8819869.52
    1684531 |  8819822.88
    5226585 |  8819665.92
    3178583 |  8819548.92
    4511485 |  8819541.50
    6006425 |  8819451.18
    1747345 |  8819413.74
    5906328 |  8819354.31
    3076686 |  8819303.35
    4079343 |  8819282.91
     101788 |  8819247.60
    5792177 |  8819212.92
    4840827 |  8819203.18
     329890 |  8819168.20
    5306226 |  8819140.14
     642925 |  8819052.42
    6105058 |  8818987.66
    1508792 |  8818973.92
    1557936 |  8818967.02
     591503 |  8818764.27
    2955646 |  8818737.06
    1205898 |  8818673.06
    5863799 |  8818581.91
    5362898 |  8818508.30
    1758111 |  8818489.80
    3419757 |  8818430.47
    4381664 |  8818403.88
     835240 |  8818310.68
    1179103 |  8818310.62
    2148083 |  8818214.40
    2821805 |  8818194.42
    1016676 |  8818098.11
      10905 |  8817943.20
     710457 |  8817941.76
     406921 |  8817926.62
    1773870 |  8817892.75
    5181719 |  8817747.25
    1175367 |  8817672.60
    4960780 |  8817621.92
    4513528 |  8817602.11
    6000648 |  8817588.00
    5848543 |  8817524.80
     512389 |  8817515.02
    4363237 |  8817480.80
    4992856 |  8817357.36
     500595 |  8817290.82
    3885430 |  8817280.60
    6223848 |  8817165.77
    3321481 |  8817154.83
    2410044 |  8817122.71
    4315344 |  8817096.69
     361695 |  8817020.10
    2928947 |  8816962.48
    3170441 |  8816857.56
    2744745 |  8816849.28
    6376250 |  8816832.92
    6372677 |  8816800.68
    2624124 |  8816768.59
     328443 |  8816718.78
    5121052 |  8816690.13
    5730441 |  8816671.93
    2998087 |  8816485.21
    5884268 |  8816418.90
      47059 |  8816402.10
    3035715 |  8816334.10
    4939304 |  8816313.48
    1392654 |  8816294.01
    3811465 |  8816233.00
    6195015 |  8816227.38
    3442222 |  8816215.93
    3462223 |  8816213.73
    1761336 |  8816201.72
    2234935 |  8816175.06
    5609604 |  8816118.40
    3456031 |  8816076.91
    1475390 |  8816032.80
    5585640 |  8816001.83
    1044072 |  8815959.24
    2345380 |  8815850.25
    3277694 |  8815845.28
    4475376 |  8815746.03
    6348877 |  8815700.66
    4862545 |  8815624.74
     302593 |  8815571.52
    2312960 |  8815522.17
    2777393 |  8815491.63
    4285187 |  8815459.04
     373398 |  8815375.80
    1968726 |  8815158.94
    5894245 |  8815142.33
    4581358 |  8815109.58
    1886078 |  8814900.64
    3216143 |  8814899.93
    2304293 |  8814836.69
     369058 |  8814757.86
    4589256 |  8814744.00
    1639268 |  8814710.38
    5629863 |  8814696.76
    3404490 |  8814463.28
    2880491 |  8814455.46
    3554332 |  8814401.74
     931229 |  8814376.80
    1541088 |  8814352.82
    4667791 |  8814335.54
    3232644 |  8814328.38
     917276 |  8814239.52
    5258999 |  8814012.94
    3266495 |  8813992.98
    2703334 |  8813971.60
    4549221 |  8813931.84
    6353344 |  8813838.86
    4998984 |  8813636.92
      98354 |  8813616.28
    6387541 |  8813566.20
    1644308 |  8813465.97
    4407430 |  8813442.60
    4554230 |  8813427.34
    4857268 |  8813302.68
     310802 |  8813288.25
     808487 |  8813196.18
    6254323 |  8813154.78
    3368975 |  8813100.12
    1507308 |  8813084.48
    2035133 |  8813010.64
    3105774 |  8812744.56
    4815517 |  8812493.78
    4913956 |  8812344.96
    4077302 |  8812317.00
    3621747 |  8812304.55
    5117545 |  8812257.30
    2464416 |  8812190.88
     946045 |  8812126.10
    2119927 |  8812007.85
     187100 |  8811967.07
    2659125 |  8811943.50
    3217413 |  8811840.54
    4544478 |  8811805.02
    1351308 |  8811767.87
     867937 |  8811686.05
     728391 |  8811584.14
    4553898 |  8811501.77
    5322456 |  8811492.04
    4377712 |  8811460.68
    2297209 |  8811409.21
    5410191 |  8811392.31
    3486172 |  8811384.88
    5205186 |  8811268.57
    5678779 |  8811261.42
    2962353 |  8811203.49
    1255848 |  8811200.64
    4702983 |  8811095.39
    2636875 |  8810996.36
    3757349 |  8810934.25
    3682855 |  8810888.52
    2833531 |  8810886.52
    3562511 |  8810852.19
    3341151 |  8810845.82
    6310680 |  8810802.33
    4967631 |  8810746.50
    1802706 |  8810673.93
    5453274 |  8810644.80
    1719626 |  8810602.89
    2775688 |  8810540.31
    1935138 |  8810369.88
    2999710 |  8810334.38
    2787839 |  8810304.57
    2960631 |  8810247.52
    3983335 |  8810100.86
     833561 |  8810037.02
    3071877 |  8810005.38
      27049 |  8809934.48
    2203893 |  8809917.48
    1237468 |  8809866.23
    3992647 |  8809853.76
     347558 |  8809728.49
     741646 |  8809664.16
     471862 |  8809586.00
    2715535 |  8809552.67
    1353735 |  8809523.80
    3560210 |  8809438.96
    6355734 |  8809382.28
    3082957 |  8809366.16
     542944 |  8809353.57
    5696407 |  8809315.76
    5599056 |  8809249.76
    5354154 |  8809193.25
     312429 |  8809090.29
    2498854 |  8809078.11
    2899501 |  8809030.98
    2306933 |  8809012.49
    2019330 |  8808952.56
    3347993 |  8808813.89
    2153414 |  8808712.65
    1229898 |  8808702.66
    2882255 |  8808665.92
    3457214 |  8808665.32
    2461614 |  8808577.65
    5152508 |  8808530.92
    2040946 |  8808510.90
    5319826 |  8808502.45
    3293353 |  8808369.24
    5716110 |  8808359.85
     190410 |  8808348.36
    5427979 |  8808126.60
    1424610 |  8808091.24
    5271499 |  8807878.10
    2573634 |  8807795.88
    2739295 |  8807554.86
    5886156 |  8807547.84
     739063 |  8807332.14
    3292461 |  8807304.72
     842499 |  8807299.20
    1690694 |  8807197.56
    3215120 |  8807091.12
    6314377 |  8807001.63
     395484 |  8806926.72
    4780694 |  8806878.50
    3679085 |  8806861.66
     500297 |  8806784.80
    4558495 |  8806773.60
     608581 |  8806740.80
    1650168 |  8806646.32
    2955926 |  8806601.22
    4179745 |  8806591.92
    4414007 |  8806561.68
    5069346 |  8806420.50
    5501583 |  8806367.08
    4109815 |  8806275.09
    6233103 |  8806174.28
    2673589 |  8806165.37
      83809 |  8806142.43
    4838768 |  8806070.00
    1267678 |  8806030.18
    6203472 |  8805900.51
    4542678 |  8805804.62
    5964876 |  8805621.20
    1892499 |  8805498.88
    6132790 |  8805429.36
     868694 |  8805286.85
    3154852 |  8805189.40
    3437297 |  8805173.69
    2887742 |  8804891.99
    5202898 |  8804887.88
    3696777 |  8804832.96
     631725 |  8804803.14
    2286150 |  8804687.78
     442500 |  8804597.52
    5661702 |  8804595.61
    5779064 |  8804552.35
    1661257 |  8804542.27
    5921578 |  8804531.40
    1304791 |  8804500.65
    3035671 |  8804482.80
    4456465 |  8804438.75
    2486102 |  8804413.80
    5561768 |  8804348.96
    2519336 |  8804348.67
    4449372 |  8804329.98
     140041 |  8804111.02
    5420242 |  8804032.69
    5523104 |  8803911.16
    2014558 |  8803873.00
    6389025 |  8803755.36
    4629804 |  8803683.35
    5828144 |  8803584.23
    3486350 |  8803571.71
    2928587 |  8803520.46
    2112935 |  8803478.56
    3290441 |  8803471.16
    2615666 |  8803369.94
    2295204 |  8803324.16
     965639 |  8803243.32
    3031581 |  8803193.05
    2087435 |  8803157.04
    4695330 |  8803143.69
    4959089 |  8803076.88
    1710795 |  8803069.14
    5027899 |  8803064.32
    1158926 |  8803037.16
    2959969 |  8803024.24
    1598637 |  8802995.52
     216042 |  8802978.00
    4178277 |  8802761.18
     584209 |  8802363.69
    3358593 |  8802062.50
    6140212 |  8802024.84
    3825525 |  8802011.87
    5685457 |  8801967.30
    2603953 |  8801911.04
    2273787 |  8801801.86
    6217080 |  8801785.54
    3393063 |  8801725.28
    5682405 |  8801713.21
    4417353 |  8801695.20
    3417640 |  8801661.53
    5024922 |  8801625.00
    5129107 |  8801615.70
    3526867 |  8801573.16
    2231531 |  8801544.64
     853559 |  8801512.44
    4293009 |  8801502.00
    3116414 |  8801441.84
    1175577 |  8801390.22
     231189 |  8801358.77
    5648322 |  8801349.65
    6248455 |  8801323.92
    3532060 |  8801279.68
    3446109 |  8801199.07
    3613834 |  8801173.92
    5770558 |  8801078.28
    2384747 |  8800953.48
     576342 |  8800947.12
    3295201 |  8800904.11
    2972184 |  8800878.84
    1081724 |  8800784.72
    2862435 |  8800735.97
    2882429 |  8800669.00
    4535707 |  8800481.97
    4446167 |  8800268.40
    2793139 |  8800248.66
     580544 |  8800163.31
    6159087 |  8800118.44
    5786933 |  8800039.96
    3071884 |  8800035.64
    1562542 |  8800002.00
    1963931 |  8799954.40
    5691584 |  8799926.25
    1497397 |  8799648.05
    2947288 |  8799640.64
    1264832 |  8799627.56
    5068361 |  8799591.60
    3230508 |  8799564.77
    5986620 |  8799538.93
    2477700 |  8799451.36
    4780384 |  8799289.20
    5814106 |  8799223.77
    1169265 |  8799060.90
    3289911 |  8798998.30
    4771456 |  8798832.00
      20190 |  8798795.70
    2821669 |  8798794.87
    1123004 |  8798695.32
    6045337 |  8798593.65
     505633 |  8798557.95
    4508861 |  8798512.50
    3541177 |  8798506.00
    2944674 |  8798364.08
    1959840 |  8798316.23
    6195926 |  8798268.60
    2634119 |  8798231.60
     724840 |  8798170.14
    2497920 |  8798111.42
    2779799 |  8798080.38
    3326976 |  8797984.20
    5318975 |  8797889.25
    4077009 |  8797777.80
    4375135 |  8797777.76
    1608301 |  8797702.55
    5714375 |  8797688.00
    3600188 |  8797634.30
     428641 |  8797625.77
     856360 |  8797296.48
    4049033 |  8796933.12
    1575603 |  8796902.78
    1817725 |  8796886.50
    4901591 |  8796739.70
     341907 |  8796501.98
     212529 |  8796471.33
    3684789 |  8796385.65
    2555542 |  8796263.84
    2857919 |  8796222.78
    4216710 |  8796193.46
    1574181 |  8796133.42
    4639465 |  8796125.15
    3632598 |  8796066.72
    2024383 |  8795951.34
    1710323 |  8795824.62
    2145339 |  8795735.30
    4616768 |  8795711.08
    6114074 |  8795702.48
    2809627 |  8795693.51
    5317539 |  8795691.72
    5958361 |  8795635.04
    1730541 |  8795604.64
     188101 |  8795537.34
    6186458 |  8795480.04
    2250518 |  8795472.47
     236542 |  8795457.36
     747673 |  8795427.42
    3296153 |  8795371.17
    4439886 |  8795324.12
     438475 |  8795182.50
    3732802 |  8795171.70
    4229993 |  8795062.58
    1513725 |  8795013.50
     307998 |  8794960.02
    4937391 |  8794912.73
     807866 |  8794865.80
    2156099 |  8794865.00
     553851 |  8794853.16
     206874 |  8794836.05
    6337033 |  8794677.78
    4930732 |  8794655.24
    2871549 |  8794648.46
     707322 |  8794636.56
    2448605 |  8794631.11
      52241 |  8794570.96
    4934993 |  8794553.78
    1486866 |  8794471.80
    4124005 |  8794451.58
    4449659 |  8794421.68
     900542 |  8794373.22
    2102842 |  8794107.51
     433520 |  8793947.80
    5951136 |  8793890.69
    4002231 |  8793780.21
    2466402 |  8793716.75
    1381734 |  8793662.40
    1094802 |  8793640.34
    6143022 |  8793638.42
     120600 |  8793558.06
    2754367 |  8793545.80
    1585980 |  8793410.30
    6288468 |  8793346.07
    5456116 |  8793181.26
    4867979 |  8793122.42
    1854329 |  8792963.04
    2100009 |  8792941.80
    4212223 |  8792937.49
    6241413 |  8792911.02
    2080118 |  8792747.28
    2639038 |  8792708.30
    4332847 |  8792706.50
    2673104 |  8792692.70
    6366815 |  8792449.12
     760266 |  8792347.19
    2711809 |  8792285.06
    6364026 |  8792284.28
    2523535 |  8792272.88
    4231542 |  8792254.80
    5181588 |  8792237.76
    5582900 |  8792236.25
    2076354 |  8792223.50
    5507553 |  8792073.60
    1927706 |  8791960.71
    4751710 |  8791904.79
    3636939 |  8791889.04
    3823550 |  8791759.97
    4167340 |  8791750.38
    1970729 |  8791688.10
    5240870 |  8791686.54
     405610 |  8791667.20
    1827511 |  8791662.81
    6115896 |  8791635.70
    3541337 |  8791476.74
    4727494 |  8791142.70
     321160 |  8791116.98
    1236818 |  8791039.62
    3418255 |  8791030.12
     783844 |  8790928.75
    6354989 |  8790844.34
    6213363 |  8790840.86
    4179440 |  8790829.12
    5708205 |  8790798.56
    2486884 |  8790782.42
     549449 |  8790655.86
    1396494 |  8790567.39
    5509246 |  8790560.35
    2683773 |  8790451.46
    3187014 |  8790427.59
    3717649 |  8790368.40
      92214 |  8790349.77
     975517 |  8790318.18
    2076605 |  8790282.68
    1441898 |  8790273.80
    2678945 |  8790263.73
    4834776 |  8790251.14
    1223350 |  8789995.80
    4447572 |  8789781.83
    3445979 |  8789711.74
    2098661 |  8789641.12
    3786263 |  8789631.34
    2875817 |  8789591.25
      87231 |  8789553.72
    4191303 |  8789537.12
       5318 |  8789370.32
    6375821 |  8789336.57
    5159616 |  8789314.96
    1118123 |  8789254.32
    3134130 |  8789247.60
    3457724 |  8789234.60
    5072791 |  8789179.52
    2873129 |  8789069.44
    1029667 |  8789055.52
    2765224 |  8789023.80
    6144716 |  8788912.56
    4218356 |  8788803.97
     633149 |  8788718.40
    3248127 |  8788698.24
    2607447 |  8788656.48
    5311643 |  8788586.73
    4898988 |  8788523.40
    4484902 |  8788460.64
    5725629 |  8788359.69
     157202 |  8788287.88
    4408865 |  8788282.24
    5365565 |  8788218.88
     807785 |  8788159.90
    3296371 |  8788153.49
    6024389 |  8788127.95
     223878 |  8788062.99
    1168718 |  8788019.58
    2106048 |  8787974.64
    1616616 |  8787756.18
    3684849 |  8787736.56
    3568561 |  8787725.80
      37519 |  8787490.71
     907876 |  8787460.41
    3454861 |  8787459.36
    3765986 |  8787422.23
    4457703 |  8787370.50
    5279375 |  8787214.80
    5679724 |  8787173.60
    4434756 |  8787059.07
    5256421 |  8787032.93
    1969550 |  8787026.66
    1933127 |  8786955.58
    4511732 |  8786749.44
    2629496 |  8786677.42
    3076505 |  8786607.06
    3038069 |  8786575.44
     326351 |  8786520.27
    4892482 |  8786507.59
    1787155 |  8786427.36
    2890844 |  8786301.00
    3070346 |  8786269.38
    2664407 |  8786194.04
    2231130 |  8786176.56
    3744012 |  8786132.77
    1835667 |  8786096.28
    2334784 |  8786094.30
    6155687 |  8786063.25
    3408570 |  8786036.12
    4250629 |  8786013.60
    6359424 |  8785887.32
    1990261 |  8785548.30
    5968580 |  8785534.05
    6203896 |  8785514.40
    6164003 |  8785491.06
     801920 |  8785483.08
    5417323 |  8785434.23
    2742037 |  8785400.15
    2305471 |  8785374.40
    4086606 |  8785281.40
     382598 |  8785235.88
    4001095 |  8785102.20
     355395 |  8785082.25
    6127048 |  8785081.76
    1632564 |  8784940.48
    3715381 |  8784886.95
    5224880 |  8784867.14
     250473 |  8784807.36
    1698405 |  8784798.40
    5202491 |  8784786.52
    5462658 |  8784724.21
    5775807 |  8784708.84
    1018298 |  8784654.96
    4611325 |  8784640.50
     780656 |  8784539.06
    3622664 |  8784503.54
    3683225 |  8784497.59
    2401825 |  8784324.67
    6119493 |  8784291.07
    5219788 |  8784251.52
    1356770 |  8784169.98
    4515789 |  8784149.10
    4742215 |  8784107.52
    2235267 |  8784049.05
    3879950 |  8783884.83
    1184596 |  8783882.04
    2039153 |  8783707.80
    3598367 |  8783704.60
    3244590 |  8783613.96
    5766354 |  8783522.16
    2717739 |  8783410.96
    1642868 |  8783394.86
    1541591 |  8783340.69
    1895067 |  8783334.30
    3045128 |  8783233.28
    4621122 |  8783223.39
    1447417 |  8783074.01
    2740163 |  8782784.01
    5800221 |  8782781.08
    3354768 |  8782724.50
    1849119 |  8782674.32
    1598796 |  8782626.72
      76542 |  8782613.28
    4501501 |  8782351.66
    6125028 |  8782345.20
     608627 |  8782339.38
     522129 |  8782330.76
    1079292 |  8782270.82
    5138819 |  8782228.91
    5108421 |  8782182.72
    3613797 |  8782170.40
    4938940 |  8782061.08
     713924 |  8782045.10
    4155634 |  8782039.18
    5217916 |  8781821.58
     448060 |  8781796.02
    5730726 |  8781702.72
    2555110 |  8781683.88
    5412553 |  8781601.09
    4917050 |  8781579.94
    1640216 |  8781565.55
    4328463 |  8781523.30
    1365707 |  8781385.12
    2302291 |  8781312.41
    1261016 |  8781247.80
    4742881 |  8781202.78
    4991506 |  8781099.31
     411714 |  8781026.80
    3690809 |  8781014.44
    5250066 |  8780990.64
    6193729 |  8780967.94
     445165 |  8780820.61
     948085 |  8780762.50
     177853 |  8780737.59
    5911244 |  8780719.00
    5266029 |  8780647.05
    4747940 |  8780623.65
    1658759 |  8780599.14
    1933675 |  8780591.58
    3513274 |  8780555.89
    3774099 |  8780513.94
    2670429 |  8780370.76
    5372274 |  8780296.00
    4479905 |  8780283.93
    1412430 |  8780279.15
    4314967 |  8780213.42
    5689837 |  8780181.42
    1233345 |  8780166.69
    2278242 |  8780122.30
    1388942 |  8780108.85
    5276258 |  8780024.90
    3985549 |  8779942.26
    5259478 |  8779887.60
    4680029 |  8779877.04
    6333793 |  8779864.56
    4034611 |  8779779.54
    5513956 |  8779753.40
    5618914 |  8779745.58
    3875137 |  8779706.88
     316433 |  8779647.91
    5409433 |  8779599.20
    1326157 |  8779583.04
    4159957 |  8779421.60
    2896015 |  8779418.10
      87370 |  8779326.73
    4613436 |  8779153.50
    2641974 |  8779149.68
    5378849 |  8779146.84
    3776313 |  8779131.18
    6071609 |  8779079.32
    5020630 |  8778919.45
     649586 |  8778871.86
    2816798 |  8778777.66
    1678813 |  8778757.48
    2394098 |  8778702.24
    4748956 |  8778673.53
    1896231 |  8778582.01
     806174 |  8778379.41
    1784219 |  8778377.09
    1246350 |  8778304.45
    3147036 |  8778275.40
    4513524 |  8778244.06
     735167 |  8778232.98
    6264102 |  8778167.10
    5187729 |  8778145.50
    5576536 |  8778113.28
     948986 |  8777735.23
    4575206 |  8777714.25
    5861891 |  8777678.76
    1823629 |  8777667.08
     710688 |  8777528.80
    4404844 |  8777468.96
    3481679 |  8777326.09
    4482356 |  8777111.88
     273705 |  8777083.92
    2894650 |  8777065.50
    4333889 |  8776874.73
    5773370 |  8776782.54
     114666 |  8776764.28
    3258608 |  8776683.02
    5100876 |  8776609.74
    3526012 |  8776546.63
    2354322 |  8776537.24
    4706810 |  8776487.64
    6013491 |  8776375.41
    4840636 |  8776271.24
    2439763 |  8776209.40
    3841412 |  8776202.68
    5519493 |  8776164.12
    5354583 |  8776153.00
    4557083 |  8776148.64
    4913878 |  8776030.20
    3910125 |  8775926.00
    2868379 |  8775770.92
    5989516 |  8775735.16
    1222806 |  8775701.42
    1398487 |  8775570.83
    1824616 |  8775522.56
    4883009 |  8775504.27
    2633487 |  8775494.00
    2756560 |  8775371.52
    5351049 |  8775333.06
     416712 |  8775317.25
    1609275 |  8775230.94
      88396 |  8775230.56
    1807702 |  8775110.03
    5033133 |  8775103.37
      89379 |  8775087.55
    6343632 |  8775040.27
     229392 |  8774917.10
    2446966 |  8774902.83
    2191713 |  8774806.42
    5476046 |  8774712.24
    5619254 |  8774689.84
    5293182 |  8774678.16
    3872960 |  8774645.34
    1353884 |  8774617.18
    6206266 |  8774507.58
    5140917 |  8774499.61
    5566682 |  8774498.25
     887301 |  8774481.45
    4040938 |  8774394.89
    4933308 |  8774312.50
    1275542 |  8774244.05
    3688782 |  8774082.10
    2559509 |  8774081.28
     600479 |  8774061.18
    3670006 |  8774047.24
     806010 |  8773995.24
     279292 |  8773938.00
    3472606 |  8773913.50
    5864108 |  8773894.65
    5462042 |  8773828.80
    6243444 |  8773754.70
    5361644 |  8773716.90
      70670 |  8773685.10
    6087973 |  8773683.62
    5169556 |  8773620.29
    1415715 |  8773477.65
    2828582 |  8773401.26
    3918830 |  8773262.76
    5464548 |  8773136.40
    1966262 |  8773108.36
    3437204 |  8773084.80
    2324002 |  8773048.65
    4285731 |  8772795.01
    2569269 |  8772697.46
    5851307 |  8772692.52
    6191164 |  8772690.60
    5822147 |  8772545.66
    6143107 |  8772532.50
    5719770 |  8772384.96
    2485186 |  8772329.67
    4896106 |  8772301.89
    3831348 |  8772192.00
    1563776 |  8772190.40
    4312587 |  8772089.42
    3219036 |  8771872.50
    4169480 |  8771742.54
    5439119 |  8771658.72
     768960 |  8771626.37
     983132 |  8771563.86
    1910185 |  8771329.84
      68715 |  8771302.80
    6343824 |  8771286.99
     171129 |  8771281.58
    5560046 |  8771274.00
    4633913 |  8771189.27
    5147089 |  8771037.47
    2352861 |  8771021.56
    3683969 |  8770953.02
    5877482 |  8770919.32
    6138966 |  8770860.58
    6102155 |  8770797.60
    4288048 |  8770514.73
    4768288 |  8770443.00
    1412097 |  8770339.50
     419030 |  8770191.15
    2120989 |  8769966.17
    6188183 |  8769906.10
    5832848 |  8769866.00
    4454813 |  8769861.87
    5013391 |  8769755.40
    5029428 |  8769752.14
    4546179 |  8769741.76
    4073978 |  8769599.95
    3300931 |  8769594.90
    2367244 |  8769452.61
    3699480 |  8769410.76
    3569769 |  8769380.88
    1287510 |  8769336.20
    5069586 |  8769272.32
    1287532 |  8769231.81
    3612914 |  8768967.75
    5441022 |  8768934.21
    3180866 |  8768861.28
    6073860 |  8768696.82
    6055785 |  8768643.16
    2628133 |  8768553.36
    5616901 |  8768496.15
    5400751 |  8768422.80
    1967341 |  8768319.55
    2085363 |  8768271.80
    3903097 |  8768249.50
    2543291 |  8768207.78
    4046727 |  8768122.16
    1312797 |  8768111.44
    5124704 |  8768105.79
     669540 |  8767997.88
     491759 |  8767902.44
    2020861 |  8767901.94
     523934 |  8767814.00
    1052446 |  8767705.17
     392694 |  8767676.16
    6231287 |  8767623.90
     730850 |  8767588.79
    2672303 |  8767249.16
    4016222 |  8767187.20
    2098978 |  8767125.24
    2945325 |  8767120.08
    5140226 |  8767091.22
    4481268 |  8767086.12
    4089187 |  8766984.90
    4258994 |  8766912.00
    1504992 |  8766905.40
    1841041 |  8766716.20
    5935954 |  8766667.26
    5568100 |  8766558.58
    3571627 |  8766505.08
    4490699 |  8766241.50
    3650237 |  8766211.52
    5116704 |  8766197.66
      59770 |  8766177.48
     578421 |  8766139.00
    1129628 |  8766064.15
    5379905 |  8766050.84
    5921650 |  8766022.91
    4569903 |  8765980.30
    3224870 |  8765978.64
    1453393 |  8765961.94
     278682 |  8765886.40
    1818010 |  8765835.90
    1566289 |  8765786.70
    5675821 |  8765779.12
    5047516 |  8765760.85
    2377279 |  8765731.26
    4407259 |  8765715.01
    4867727 |  8765631.15
    3654020 |  8765613.48
     139498 |  8765563.36
    4189080 |  8765561.48
    1299313 |  8765435.09
    3030821 |  8765428.58
    5778799 |  8765395.87
    3434313 |  8765322.32
    1737131 |  8765273.99
    1704527 |  8765205.46
    2978223 |  8765189.58
    1593906 |  8764990.08
     385687 |  8764932.74
    1770321 |  8764755.48
    5994517 |  8764654.64
    1843487 |  8764622.28
    5091932 |  8764493.40
    4418854 |  8764489.91
    2111172 |  8764320.90
    5476361 |  8764210.40
    5566428 |  8764173.16
    1459153 |  8764162.05
    2316785 |  8764067.16
     567320 |  8763997.58
     929005 |  8763927.48
    2477372 |  8763884.32
    4945026 |  8763846.80
    4045746 |  8763782.30
     715408 |  8763780.03
    4126894 |  8763672.60
    2829022 |  8763650.00
    4015326 |  8763548.65
    3166521 |  8763545.45
    2511842 |  8763404.80
    5931471 |  8763311.28
     641858 |  8763211.65
     677139 |  8763183.00
     483522 |  8763160.68
    4716436 |  8763130.60
    5833163 |  8763059.88
     421227 |  8763042.12
    5110740 |  8763033.60
    5632603 |  8763024.02
    3538094 |  8762947.44
    1750517 |  8762931.00
    3693881 |  8762901.84
    1503911 |  8762874.34
     309249 |  8762834.10
    3302025 |  8762816.50
    2544978 |  8762773.40
    3152081 |  8762748.18
     807808 |  8762696.00
    3224439 |  8762614.02
    2044204 |  8762539.68
    6294768 |  8762474.34
     535459 |  8762441.64
    6177692 |  8762252.40
    1369673 |  8762235.10
    1799595 |  8762194.21
    5342078 |  8762064.28
     938674 |  8762038.92
    6082500 |  8762027.70
    2246567 |  8761983.54
    1658261 |  8761781.63
    4424133 |  8761649.37
    2268076 |  8761576.92
    1106037 |  8761532.16
    1038034 |  8761523.10
    3436671 |  8761444.01
    2280765 |  8761433.40
    4251858 |  8761364.28
    5883299 |  8761200.16
    5121248 |  8760974.88
    4168668 |  8760972.42
    6089216 |  8760926.84
    4204257 |  8760830.40
    3877416 |  8760779.08
    6188120 |  8760744.96
    2078261 |  8760664.64
    1734255 |  8760653.68
    1131595 |  8760468.00
    1192991 |  8760441.24
    3697965 |  8760397.50
    1576381 |  8760332.90
    3214239 |  8760192.97
    1937159 |  8760185.90
    3754097 |  8760116.89
    3140931 |  8760069.40
    3462389 |  8760016.44
    2324299 |  8760002.10
    2674941 |  8759972.04
    6199906 |  8759855.79
    1531869 |  8759803.35
    3198937 |  8759770.95
     780703 |  8759711.40
    2834192 |  8759642.65
    2175874 |  8759630.73
    4646736 |  8759572.66
    2918736 |  8759506.00
    5703214 |  8759481.22
    5852182 |  8759414.24
     769564 |  8759353.31
    2003833 |  8759113.80
    5108279 |  8759108.34
     846530 |  8759039.33
    5065500 |  8758995.84
    6230130 |  8758989.18
     960260 |  8758919.10
    2454532 |  8758871.82
     267880 |  8758871.04
    6175367 |  8758776.88
    5087490 |  8758761.12
    2354421 |  8758590.40
    3013637 |  8758459.80
    2288836 |  8758341.90
     750154 |  8758285.08
    1584351 |  8758166.50
     448768 |  8758142.26
    5870480 |  8758136.92
    5981755 |  8758115.91
    5755502 |  8758104.69
     890157 |  8758046.08
    6289901 |  8758009.26
    3101542 |  8757971.54
    3911425 |  8757921.59
    4794388 |  8757905.13
    1722560 |  8757801.40
     545366 |  8757720.91
     313012 |  8757713.04
    1118639 |  8757703.13
    5818977 |  8757702.88
     381752 |  8757661.50
    5919189 |  8757611.88
    2808927 |  8757480.47
     691019 |  8757466.55
    3638737 |  8757438.05
    4623923 |  8757318.64
    1008865 |  8757300.44
    4354743 |  8757164.89
    1773443 |  8757153.27
    3576360 |  8757131.90
     929480 |  8757117.96
    2634764 |  8757098.58
    4826289 |  8757055.68
    1129123 |  8756894.25
    1851254 |  8756827.95
      48964 |  8756793.79
    6289411 |  8756764.60
    4827897 |  8756743.28
    2585666 |  8756722.00
    5065154 |  8756719.20
    5124241 |  8756575.14
     476612 |  8756493.68
    5237825 |  8756482.26
    4975971 |  8756463.96
    4359672 |  8756320.32
      27256 |  8756242.98
    2367000 |  8756239.97
    5777244 |  8756228.96
    2887578 |  8756170.00
    6286856 |  8756130.24
    5741877 |  8756097.44
    5616822 |  8755932.26
      26181 |  8755865.94
    2318257 |  8755833.98
     498978 |  8755766.12
    4116809 |  8755611.48
    5361940 |  8755521.39
    6240659 |  8755404.78
    3451883 |  8755362.42
    1921406 |  8755343.40
    5019763 |  8755322.16
    2031701 |  8755217.09
    3550382 |  8755194.24
     341594 |  8755143.48
    2889128 |  8755085.64
    2090538 |  8754998.70
    3563556 |  8754979.22
      42984 |  8754934.08
    4528835 |  8754923.10
     624114 |  8754844.08
    6108495 |  8754763.80
    1984398 |  8754706.76
    5583600 |  8754642.56
    4300946 |  8754626.34
    2109818 |  8754527.11
    3585933 |  8754521.28
    3672086 |  8754489.55
    5164719 |  8754403.88
    5480812 |  8754325.71
    1979451 |  8754260.28
    4434130 |  8754131.76
    6228752 |  8754125.93
    4170628 |  8754092.70
    5139029 |  8753751.93
    4450302 |  8753739.86
    3939786 |  8753627.41
    4650110 |  8753520.78
    4287347 |  8753518.75
    2226705 |  8753400.44
    4742263 |  8753267.30
    5776269 |  8753247.58
     198802 |  8753191.20
    3404605 |  8753064.72
    4595538 |  8753061.15
    4267447 |  8753044.48
    2730775 |  8752976.83
    4573353 |  8752935.25
    4253326 |  8752876.55
    1290967 |  8752839.90
    3490830 |  8752800.12
    5287882 |  8752694.96
    3812682 |  8752682.31
     735478 |  8752647.70
    2397238 |  8752620.24
    1873212 |  8752490.40
    3057996 |  8752469.14
    1503925 |  8752398.16
    2069511 |  8752357.90
    2584252 |  8752350.20
    4657971 |  8752305.58
    4048768 |  8752255.00
    5942824 |  8752235.80
    3050651 |  8752162.02
    5548983 |  8752121.52
    4830088 |  8751977.04
    2972682 |  8751912.70
     264940 |  8751857.28
    4075539 |  8751837.44
    4955000 |  8751820.00
    3254100 |  8751818.11
    5437453 |  8751792.25
    1898361 |  8751338.55
     698167 |  8751250.62
    3453829 |  8751222.64
    2262972 |  8751220.35
    5924826 |  8751218.49
     551772 |  8751203.66
     690005 |  8751170.64
    5484389 |  8751095.10
    6381655 |  8750981.20
    3473875 |  8750893.52
    6387982 |  8750823.95
    6040234 |  8750812.58
    5723061 |  8750799.09
     459871 |  8750681.55
    1225056 |  8750662.80
     812199 |  8750571.84
    4954807 |  8750462.86
    5242623 |  8750429.20
    4207760 |  8750226.15
    2466827 |  8750171.52
     389807 |  8750010.36
     408015 |  8749883.64
    3384518 |  8749859.64
     904465 |  8749840.00
     573027 |  8749819.50
    1985352 |  8749816.95
    5880842 |  8749792.60
     330807 |  8749616.28
    3234888 |  8749611.86
    5270257 |  8749412.10
    1654435 |  8749406.12
    4215016 |  8749356.16
    2226497 |  8749317.75
    5747290 |  8749256.24
    1570703 |  8749248.90
    4879069 |  8749139.82
    3087222 |  8749122.93
    1983773 |  8749074.91
    1343354 |  8749012.32
    6023373 |  8748946.08
    1631100 |  8748711.99
    6040921 |  8748677.20
      77317 |  8748585.95
    3516769 |  8748559.28
     796120 |  8748392.16
    4727832 |  8748338.77
    1394184 |  8748224.10
    1944218 |  8748216.00
    1323798 |  8748214.56
     279175 |  8748177.96
    5581261 |  8748104.05
    2471204 |  8747932.32
     202274 |  8747833.90
    2973812 |  8747663.85
    2365005 |  8747615.94
    4208621 |  8747601.24
    5166072 |  8747561.61
     740523 |  8747535.60
    4029860 |  8747530.60
    5167892 |  8747435.44
     471469 |  8747401.68
    3963702 |  8747352.97
    2053895 |  8747334.24
    3942152 |  8747208.31
    5581262 |  8747190.54
    3401708 |  8747028.36
    3059206 |  8746994.85
    5092834 |  8746923.96
    3761324 |  8746738.00
    3684603 |  8746595.80
     288485 |  8746549.92
    3926955 |  8746503.48
    2688764 |  8746444.08
     398655 |  8746336.48
    5486570 |  8746169.49
    5107153 |  8746156.38
     500792 |  8746140.66
    1532311 |  8746119.20
      78268 |  8746022.04
    2901343 |  8745947.76
    1659432 |  8745912.88
    2030394 |  8745635.68
    3714325 |  8745591.35
    4269068 |  8745562.49
     419308 |  8745554.70
    5332285 |  8745523.64
    2892368 |  8745425.95
    2799499 |  8745395.15
    3447336 |  8745315.08
    3261604 |  8745269.27
    3793667 |  8745250.80
     348575 |  8745209.39
    1626161 |  8745155.68
    5409218 |  8745096.15
    5144475 |  8745024.51
    1965824 |  8744921.47
     654935 |  8744898.96
    3479272 |  8744888.59
    6294665 |  8744800.09
    2799060 |  8744688.45
    5576236 |  8744676.31
     473670 |  8744652.90
    4760961 |  8744599.29
    4814306 |  8744500.08
    4886228 |  8744445.08
    5912700 |  8744239.43
    5612709 |  8744080.10
    5070162 |  8744003.84
    5998535 |  8743922.67
    5599676 |  8743824.54
    2932720 |  8743712.64
    5755199 |  8743652.40
     325276 |  8743648.00
     995903 |  8743619.94
    5243990 |  8743586.04
     155949 |  8743558.32
    1372855 |  8743364.28
    3720093 |  8743351.41
    3091437 |  8743310.36
    1144949 |  8743261.99
    1218878 |  8743248.56
     994422 |  8743247.73
    4673853 |  8743050.46
    2392060 |  8742864.13
    2966666 |  8742722.70
    4584789 |  8742717.60
    2509868 |  8742635.22
    4482105 |  8742633.76
    5436051 |  8742528.00
    5924777 |  8742510.20
    2899287 |  8742400.28
    2772826 |  8742392.85
    3250698 |  8742390.28
     758094 |  8742352.33
    3575543 |  8742233.02
    2245759 |  8742195.06
    1617934 |  8742048.36
    3838045 |  8741928.51
    3817407 |  8741919.00
    5271113 |  8741887.84
    5006824 |  8741874.09
    4082307 |  8741689.28
    4481460 |  8741662.81
    5695288 |  8741650.20
    3360358 |  8741632.82
    3597137 |  8741622.96
    2080266 |  8741615.70
    1797608 |  8741576.80
    1564966 |  8741561.19
     407722 |  8741535.88
    2884273 |  8741513.14
    3760995 |  8741388.03
    3765797 |  8741342.50
    4406118 |  8741231.80
    2742388 |  8741187.72
    4419762 |  8741051.54
    2014863 |  8740816.12
    5375169 |  8740674.62
     778045 |  8740607.16
    1831707 |  8740496.03
    4735233 |  8740398.84
    1732830 |  8740264.74
     191816 |  8740258.72
     451881 |  8740251.00
    1517424 |  8740174.45
    2615353 |  8740077.32
    1635151 |  8740061.86
    2559151 |  8740023.22
     148809 |  8740010.11
    5373848 |  8739947.86
     197327 |  8739788.18
    2752503 |  8739744.09
    1423898 |  8739632.00
     417552 |  8739601.30
    4838984 |  8739590.60
    3633217 |  8739432.35
    6265584 |  8739425.73
    1782533 |  8739371.41
     379936 |  8739366.24
    4091930 |  8739353.49
    2217654 |  8739119.17
    1631816 |  8738946.68
    1272769 |  8738935.66
    4728837 |  8738826.13
    1854849 |  8738817.25
    1464779 |  8738782.29
     414703 |  8738752.08
    4155160 |  8738742.80
    3031064 |  8738724.10
    2256142 |  8738682.60
    1582724 |  8738646.56
    2254834 |  8738616.60
     413392 |  8738582.44
    1886623 |  8738567.97
    3348799 |  8738521.80
    3479550 |  8738515.68
    5064194 |  8738513.26
    5477253 |  8738511.22
    6088599 |  8738408.40
     648154 |  8738212.69
     382553 |  8738154.56
    4710950 |  8738078.06
    4197451 |  8738075.51
    1950557 |  8737995.66
    5277037 |  8737966.96
    6373230 |  8737854.57
    1797759 |  8737798.88
    2304615 |  8737791.92
    5686915 |  8737770.76
    5961922 |  8737733.62
    6046121 |  8737701.28
    3884121 |  8737695.72
    3588934 |  8737680.78
    3783034 |  8737591.52
     175701 |  8737574.24
    1913272 |  8737520.66
    2079238 |  8737443.22
    3574999 |  8737436.34
    5752407 |  8737330.68
    4195674 |  8737304.36
    1541241 |  8737236.66
     638735 |  8737145.75
     509510 |  8737140.81
    6231611 |  8737095.00
     680385 |  8737092.00
     875057 |  8737041.72
    6181147 |  8736990.40
    3847341 |  8736878.70
     535370 |  8736877.60
     334888 |  8736793.30
    2862340 |  8736751.40
    2131728 |  8736485.36
    4073420 |  8736452.36
    1675205 |  8736412.50
    4152203 |  8736286.20
    3236859 |  8736240.33
    3298062 |  8736231.21
    4402079 |  8736060.42
    4553149 |  8736052.20
     647096 |  8736040.56
    2799858 |  8735976.60
     386215 |  8735974.52
    4608068 |  8735858.62
    6330910 |  8735596.94
    3241183 |  8735463.94
    1146650 |  8735427.96
    5757898 |  8735345.64
    3816855 |  8735309.25
    3892212 |  8735101.44
    2584949 |  8735048.52
    4942829 |  8735014.20
    5254621 |  8734769.16
    5889719 |  8734752.24
    1746947 |  8734706.33
    5109964 |  8734699.84
    5485635 |  8734661.37
    3567958 |  8734582.22
    1122357 |  8734572.20
    2775000 |  8734533.25
    4079979 |  8734517.98
    1947906 |  8734464.18
     942101 |  8734434.72
     367647 |  8734416.73
    4985890 |  8734319.36
    4750268 |  8734284.44
     555115 |  8734271.00
    1614207 |  8734185.60
    3125439 |  8734124.22
    4449361 |  8734027.05
     392260 |  8733775.38
    5748083 |  8733530.96
     119888 |  8733515.44
    2862479 |  8733459.53
    5746116 |  8733126.60
     160717 |  8733064.96
    3024887 |  8733055.43
    2093380 |  8732982.72
    6113132 |  8732923.77
    6273686 |  8732900.60
    2635709 |  8732842.58
    1489539 |  8732813.25
    1637597 |  8732805.51
    6154824 |  8732753.69
    5369836 |  8732705.52
    2425652 |  8732662.40
    5659941 |  8732644.81
    2281979 |  8732623.44
    4430305 |  8732608.28
    5764508 |  8732577.84
    2877245 |  8732507.16
      46472 |  8732478.02
    1512880 |  8732476.02
    6322796 |  8732467.77
     888692 |  8732463.61
     471682 |  8732286.77
    4958527 |  8732254.60
    2337466 |  8732220.00
     204706 |  8732124.24
     129450 |  8732092.14
    6046599 |  8732072.33
    3530150 |  8731971.36
    4691539 |  8731871.04
    1322295 |  8731690.44
    1265180 |  8731596.22
    2836859 |  8731545.60
    4575442 |  8731414.53
    1155219 |  8731336.04
       3294 |  8731296.48
    5625622 |  8731280.58
    4490380 |  8731164.20
     474085 |  8731155.02
    4248049 |  8731095.45
    4991561 |  8731092.48
    3915023 |  8731012.20
    3368506 |  8730988.29
    1675238 |  8730987.42
    1167560 |  8730958.92
    3528322 |  8730942.92
    5132894 |  8730831.91
    1875853 |  8730823.40
    6291151 |  8730702.08
    4027806 |  8730389.23
     215086 |  8730355.87
    5899708 |  8730347.40
    3532572 |  8730342.34
    3846513 |  8730285.72
    5702658 |  8730228.36
    2723319 |  8730184.20
    2574909 |  8730000.24
    2800690 |  8729997.85
      70691 |  8729667.76
    5452724 |  8729643.78
    5614058 |  8729627.04
    2776271 |  8729624.78
    6196826 |  8729349.30
    2701830 |  8729226.24
    5754929 |  8729026.80
    2726704 |  8729024.22
    2208210 |  8728878.55
     562225 |  8728796.88
    5172117 |  8728748.01
    5751563 |  8728663.61
     512440 |  8728659.24
    2275739 |  8728604.40
    4140879 |  8728589.84
    3017315 |  8728299.74
    5611925 |  8728251.12
    2938356 |  8728176.60
    6242305 |  8728167.40
    3081821 |  8728006.10
    1452744 |  8727961.48
    4116692 |  8727902.40
    5088277 |  8727835.05
    3215795 |  8727530.47
    1669575 |  8727475.22
    5059985 |  8727406.96
    3063949 |  8727361.50
     308052 |  8727220.20
    3778025 |  8727019.38
    1833157 |  8726968.84
    2349394 |  8726877.39
    3365919 |  8726819.76
    2635033 |  8726812.73
    5761643 |  8726712.80
    3849563 |  8726706.75
    3234205 |  8726615.48
    2303488 |  8726570.68
    4714090 |  8726567.93
    4228011 |  8726543.28
    4432221 |  8726465.88
     556398 |  8726432.99
    4108868 |  8726404.05
    3262061 |  8726222.34
    4866659 |  8726222.32
    3865656 |  8726182.64
     987284 |  8726135.36
    1428092 |  8726040.15
     511187 |  8726008.20
    3470077 |  8726000.00
    1962337 |  8725996.86
    3925683 |  8725811.98
    4082671 |  8725679.98
    5872219 |  8725671.60
     736305 |  8725639.21
     618067 |  8725591.95
    1742270 |  8725525.17
     416735 |  8725477.95
     941423 |  8725394.40
    5717474 |  8725213.10
    1063948 |  8725152.94
    3264777 |  8725151.45
    4018929 |  8725108.00
    2888755 |  8725079.04
     999373 |  8724904.08
     252910 |  8724888.24
    5359014 |  8724877.90
    2907207 |  8724817.68
    3600076 |  8724736.51
    5633490 |  8724734.08
    4896725 |  8724515.50
    1170967 |  8724403.44
    4794859 |  8724050.41
    3466778 |  8723970.00
    1649673 |  8723966.54
    6201233 |  8723960.20
    1216464 |  8723920.92
    1846129 |  8723871.59
    6007480 |  8723786.65
    1892031 |  8723676.87
    3590400 |  8723652.78
    3029800 |  8723603.00
     793481 |  8723512.72
    4045335 |  8723507.62
    6327617 |  8723475.06
    2034815 |  8723431.27
    3733656 |  8723383.57
    1167566 |  8723366.68
     275410 |  8723204.27
    3652506 |  8723094.72
     215372 |  8723092.57
    4300011 |  8723080.80
    4287977 |  8723010.96
    6048787 |  8722994.25
     745042 |  8722981.92
     127076 |  8722977.90
    6257517 |  8722977.55
    3606875 |  8722848.42
    2674193 |  8722830.22
    2530469 |  8722789.77
    4312441 |  8722778.24
    3700584 |  8722774.55
    6090886 |  8722745.28
    5661351 |  8722690.20
    3056736 |  8722661.22
    1623447 |  8722624.48
    6155358 |  8722442.46
    1586959 |  8722306.80
    4072546 |  8722289.80
    3123931 |  8722267.62
    4682139 |  8722225.16
    2659245 |  8722201.60
    1496548 |  8722152.48
    2590156 |  8721959.04
    5286127 |  8721852.96
    2922270 |  8721784.66
    4128844 |  8721774.50
       8279 |  8721677.30
      10151 |  8721672.55
    2868759 |  8721557.46
     735089 |  8721432.72
    1466993 |  8721385.89
    3712440 |  8721366.48
    2251234 |  8721199.28
     717583 |  8721193.04
    1258531 |  8721188.61
    1211175 |  8721178.18
    2332182 |  8721158.74
    2192477 |  8721132.60
    6098729 |  8721122.27
    4933509 |  8721086.02
    3134197 |  8720992.35
    4828725 |  8720988.10
     925682 |  8720957.35
    3836022 |  8720897.78
    2928304 |  8720779.10
    3332502 |  8720670.77
     429701 |  8720664.13
     781037 |  8720608.81
     858585 |  8720548.73
    3083777 |  8720474.88
    4286404 |  8720462.40
     206121 |  8720460.40
    5802912 |  8720444.25
    1623252 |  8720380.15
    4650256 |  8720337.00
    5413082 |  8720313.08
     164008 |  8720231.74
    2028984 |  8720157.57
    3135062 |  8720082.06
    3930125 |  8719971.77
     625219 |  8719823.22
    2238411 |  8719688.52
    2057762 |  8719586.40
    3890522 |  8719530.19
    1792242 |  8719511.68
    4381223 |  8719466.37
    4339375 |  8719448.84
    2846404 |  8719444.87
    5276843 |  8719418.00
    4196423 |  8719409.38
    3163865 |  8719371.36
    1593179 |  8719368.24
    1081099 |  8719353.35
    4679724 |  8719329.66
    1698810 |  8719268.20
    4238576 |  8719163.54
    2340202 |  8719079.68
    1027187 |  8719039.64
     390902 |  8718998.28
    4111848 |  8718951.70
    2206469 |  8718924.24
     772417 |  8718922.94
     183890 |  8718887.10
    1105640 |  8718880.30
    4959047 |  8718860.00
    1940982 |  8718800.00
    3341539 |  8718676.03
    2942753 |  8718647.64
    1272778 |  8718490.95
    1451170 |  8718354.24
    3832499 |  8718266.79
    4778608 |  8718257.46
    2011647 |  8718217.20
    3984230 |  8718199.89
    5942493 |  8718190.36
    1689493 |  8718161.20
    2062122 |  8718128.64
    1705382 |  8718007.73
    1997093 |  8718007.48
    3273448 |  8717963.10
    1327197 |  8717956.80
    4527596 |  8717892.64
    5805429 |  8717818.15
    3381896 |  8717813.82
    2056491 |  8717712.34
    3450465 |  8717695.59
    2359848 |  8717668.92
    5378613 |  8717661.62
    2163367 |  8717596.90
    3983854 |  8717572.50
    3015706 |  8717538.12
    5226832 |  8717414.58
    2991845 |  8717267.69
    6351143 |  8717262.66
     762996 |  8717252.39
    5825678 |  8717192.80
    1002379 |  8717149.55
    3263792 |  8717046.74
     775507 |  8716998.78
    2973192 |  8716998.61
    1919512 |  8716872.36
    5119628 |  8716847.77
    4506032 |  8716536.14
    5386213 |  8716525.20
    5435551 |  8716419.23
    2153145 |  8716394.16
    2757530 |  8716296.09
    2387742 |  8716276.65
    2306283 |  8716233.19
    1179826 |  8716210.56
    2580441 |  8716182.85
    2105597 |  8716165.90
    2109702 |  8716084.22
    2496306 |  8716077.36
    2313075 |  8715979.63
     665387 |  8715844.31
    1708335 |  8715815.28
     770068 |  8715672.86
    4996744 |  8715640.50
    1021921 |  8715637.49
      78814 |  8715553.71
    3821362 |  8715521.10
    4064323 |  8715486.22
    3738852 |  8715360.56
    3383071 |  8715358.36
    2264627 |  8715295.68
    3575252 |  8715251.82
    3986593 |  8715250.32
    1361439 |  8715057.57
    3086541 |  8714994.03
    6108252 |  8714951.97
    5012043 |  8714843.70
    4194150 |  8714738.26
     118641 |  8714676.60
    5041842 |  8714598.20
    4003988 |  8714504.10
    1398519 |  8714474.72
    2026515 |  8714428.09
    5943615 |  8714330.79
    4401534 |  8714302.36
    3317489 |  8714125.94
    1254094 |  8714079.00
    2731999 |  8714017.68
     466257 |  8713973.42
    4994530 |  8713927.66
     561779 |  8713888.01
    4502847 |  8713786.90
    4260901 |  8713783.08
    1096447 |  8713758.76
    3323686 |  8713713.33
    6071846 |  8713709.97
    4089452 |  8713648.50
    2400029 |  8713641.57
    4069962 |  8713623.90
    1920141 |  8713613.30
    3614432 |  8713588.32
    1254267 |  8713545.72
    1946511 |  8713515.50
    3085964 |  8713503.48
    4249383 |  8713464.35
     943352 |  8713463.58
     750831 |  8713432.26
     503080 |  8713361.42
    1827671 |  8713290.03
    4334742 |  8713281.87
    4351065 |  8713108.29
    4580472 |  8713074.27
    2776522 |  8713003.06
    1805178 |  8712919.32
    3932223 |  8712894.40
    3870822 |  8712892.50
    4590470 |  8712877.86
    4105252 |  8712876.48
    5841791 |  8712730.74
    2017217 |  8712518.55
    3029515 |  8712372.90
    3359836 |  8712102.66
    5352067 |  8712093.09
    4081110 |  8712090.80
     175150 |  8712024.17
    5078649 |  8711975.76
    2339540 |  8711975.52
    1976127 |  8711915.85
    2788504 |  8711906.94
    5032888 |  8711713.20
    6342536 |  8711456.58
    2822613 |  8711411.64
    5114824 |  8711409.87
    4969530 |  8711284.95
    3644395 |  8711259.20
    5442705 |  8711207.89
     356916 |  8711140.05
    3821239 |  8711032.00
    3733081 |  8710857.04
     885859 |  8710852.13
    3162395 |  8710661.05
    2195724 |  8710557.52
    3439780 |  8710518.60
    1929434 |  8710367.73
     842393 |  8710363.20
    6114961 |  8710345.89
    1514214 |  8710272.12
    4548918 |  8710263.44
    3595713 |  8710047.32
    5392875 |  8709964.29
    5782318 |  8709889.50
    1454260 |  8709860.25
    1105723 |  8709820.80
    2207547 |  8709714.00
      78627 |  8709636.30
    4695477 |  8709631.21
     537830 |  8709582.96
    5456516 |  8709401.02
    4779023 |  8709324.75
      18185 |  8709254.40
    4423949 |  8709204.52
    4163130 |  8709143.52
    2960709 |  8709134.33
    5525788 |  8709071.56
    2357714 |  8708941.45
    2635860 |  8708927.76
    6379625 |  8708851.35
    1228655 |  8708713.27
     381246 |  8708679.82
    2002206 |  8708678.16
     931428 |  8708620.30
    5716801 |  8708575.68
     813561 |  8708555.05
    1594048 |  8708449.62
    2166878 |  8708407.20
    2882413 |  8708353.64
    4124244 |  8708222.88
    2571601 |  8708168.46
    2859625 |  8708125.44
    3853664 |  8708091.20
    6017918 |  8708040.89
    2823960 |  8708031.89
    6294050 |  8708024.52
    1888973 |  8708024.00
    4424653 |  8707994.10
    1537972 |  8707963.77
    3272164 |  8707900.20
    2472565 |  8707852.20
    5865234 |  8707796.72
    3953542 |  8707733.85
    2182437 |  8707698.08
    6087260 |  8707581.18
    5552158 |  8707576.68
    1803310 |  8707545.98
    3257560 |  8707504.68
     587777 |  8707483.98
    1145495 |  8707376.00
    1502658 |  8707374.00
    2120174 |  8707364.80
    3651274 |  8707292.59
    5472230 |  8707249.92
    5997754 |  8707234.32
    1366896 |  8707163.85
    1331741 |  8707127.40
    1289587 |  8707127.04
    1255168 |  8707058.36
    5095554 |  8707034.74
    2466610 |  8707020.82
    2938705 |  8706859.14
    4119067 |  8706792.38
    1849232 |  8706656.52
    4059317 |  8706618.15
    4234971 |  8706589.32
    1815715 |  8706501.90
    3366526 |  8706469.20
    1430809 |  8706397.46
    1425261 |  8706225.00
    5668941 |  8706187.60
     834819 |  8706135.79
    3527908 |  8706106.08
    4235633 |  8706101.04
    3962774 |  8706097.92
    3738361 |  8706084.20
    4389832 |  8706017.84
     148247 |  8705969.94
    5711153 |  8705836.00
    4845721 |  8705830.56
    5313135 |  8705822.50
    5679832 |  8705691.60
    6061841 |  8705656.18
    2175462 |  8705573.36
     602257 |  8705447.96
    1444025 |  8705447.20
    1912029 |  8705357.04
    3662595 |  8705263.56
    2970353 |  8705078.76
    5862538 |  8705042.33
       6098 |  8705010.16
    1895495 |  8704894.81
    3634941 |  8704889.46
     701078 |  8704690.72
    3907221 |  8704679.76
    5255625 |  8704674.72
    1842017 |  8704608.96
     428289 |  8704603.36
    2323561 |  8704530.90
    5883588 |  8704512.05
     105937 |  8704495.94
    3543457 |  8704444.41
    6214884 |  8704402.58
    2713908 |  8704387.77
    3766668 |  8704332.58
     996206 |  8704299.41
    3985756 |  8704283.49
     181112 |  8704212.00
    1089420 |  8704209.12
     424516 |  8704169.83
    4327492 |  8704144.88
    4977622 |  8704127.32
     884817 |  8703926.70
    4213921 |  8703915.52
    3811895 |  8703909.72
    6127111 |  8703897.46
    3119982 |  8703682.38
    2872658 |  8703653.76
    3346912 |  8703566.16
    2648810 |  8703501.78
    1873129 |  8703495.24
    2114103 |  8703467.08
    4005936 |  8703425.40
    1468654 |  8703421.61
    1284684 |  8703398.80
    2510343 |  8703327.36
    6061610 |  8703252.48
    3762440 |  8703247.32
    2520260 |  8703246.26
    4087790 |  8703197.28
     862219 |  8703132.75
    3323307 |  8703124.28
    4636528 |  8703120.42
    1498141 |  8703062.32
     934705 |  8702955.48
    2520429 |  8702928.36
      16108 |  8702790.24
    4650178 |  8702748.36
    1823823 |  8702698.62
    1356530 |  8702671.86
    5987819 |  8702647.95
    3545924 |  8702568.25
    1135723 |  8702532.50
    2621610 |  8702516.90
    4651912 |  8702467.21
    1833304 |  8702457.12
    3125234 |  8702295.40
    5952115 |  8702187.55
     353447 |  8702100.68
    6086224 |  8702067.60
    1389473 |  8702067.40
    4505246 |  8701967.92
    2813824 |  8701899.03
     428866 |  8701805.39
    3047373 |  8701783.20
    2892242 |  8701745.24
    2869600 |  8701693.44
    3581664 |  8701682.05
    6064829 |  8701608.84
    4184604 |  8701583.94
     196472 |  8701543.80
    1142357 |  8701487.08
    2058697 |  8701430.76
    3348956 |  8701394.58
    4033515 |  8701378.35
    5692603 |  8701344.00
     868878 |  8701329.81
    2060805 |  8701321.50
    1443239 |  8701255.20
    4285790 |  8701233.66
    5389420 |  8701063.20
    3835176 |  8701025.22
    4580196 |  8700900.32
    3850992 |  8700854.80
    4389966 |  8700848.64
    3341327 |  8700565.88
    5320997 |  8700533.28
    2605439 |  8700516.03
    1185687 |  8700306.12
    3365631 |  8700169.36
    4509602 |  8700111.04
    6063931 |  8700064.09
    4016613 |  8699992.75
    4722491 |  8699918.13
    3050103 |  8699700.33
    2810243 |  8699682.68
    5983651 |  8699614.80
    5226149 |  8699394.53
     620063 |  8699232.40
    5074202 |  8699224.02
    3944961 |  8699190.50
    6138678 |  8699142.84
    6246127 |  8699035.96
    5581824 |  8699013.46
     474779 |  8698961.17
    1528614 |  8698912.78
    6328741 |  8698880.92
    1520508 |  8698670.20
    3612741 |  8698667.85
    1062363 |  8698651.29
    1679662 |  8698627.72
    4651064 |  8698515.00
    5901498 |  8698508.72
    4099683 |  8698440.66
    6309760 |  8698421.28
    5997569 |  8698387.88
    5029935 |  8698303.53
    1183105 |  8698253.66
    4359969 |  8698233.60
     445453 |  8698095.05
    5153227 |  8698053.98
    2059735 |  8697858.89
    5686277 |  8697847.40
    2189300 |  8697707.20
    6172413 |  8697701.93
    3852700 |  8697647.31
     810536 |  8697604.63
    3585944 |  8697598.00
    1222900 |  8697569.85
    5883394 |  8697509.40
    1950435 |  8697500.00
    2470594 |  8697428.10
    2442853 |  8697389.20
    2859333 |  8697311.40
    5967062 |  8697305.27
    3722404 |  8697294.12
     325235 |  8697272.98
    2158698 |  8697195.50
     528918 |  8697176.66
    6009627 |  8697175.55
    1062894 |  8697106.17
    4586265 |  8696879.00
    3183675 |  8696535.45
    1681645 |  8696414.40
    6189083 |  8696394.72
    3552563 |  8696349.37
    2297813 |  8696290.50
     150337 |  8696276.82
    5096881 |  8696184.20
    6283544 |  8696151.12
    2824050 |  8696107.20
      57601 |  8696054.50
    3999658 |  8695953.74
    3688731 |  8695897.12
    3462913 |  8695737.98
    6238912 |  8695732.97
     322055 |  8695718.88
    6284398 |  8695696.22
    2893774 |  8695689.52
    3729804 |  8695672.92
    1879803 |  8695589.76
    5508398 |  8695514.88
    3987286 |  8695483.16
    2981737 |  8695469.16
    3243297 |  8695365.80
    2242780 |  8695317.00
    1539348 |  8695306.20
    3883513 |  8695166.15
    1781283 |  8695163.35
    4898981 |  8695037.56
     458711 |  8695027.35
      93035 |  8694828.45
    2274947 |  8694781.62
    3883796 |  8694673.44
    5763484 |  8694606.90
    4731696 |  8694481.12
    4337398 |  8694395.78
    3243189 |  8694363.60
    4086365 |  8694121.92
    1770587 |  8694110.72
    4780418 |  8694039.20
    3314784 |  8694007.77
    4773035 |  8693893.28
    1936942 |  8693767.34
      61263 |  8693697.60
    5454130 |  8693545.54
    4872384 |  8693530.56
     188736 |  8693354.58
    2115846 |  8693339.25
    1956938 |  8693300.71
    2965898 |  8693251.84
    4392024 |  8693182.08
    1481697 |  8693159.44
    2258762 |  8693096.11
    3618571 |  8693088.20
    6352498 |  8693081.34
    5717029 |  8692961.06
    1176216 |  8692894.56
    1640150 |  8692816.02
    5317530 |  8692784.23
    2268241 |  8692719.36
    2034232 |  8692531.38
    3820418 |  8692468.05
    2830506 |  8692459.48
    4993412 |  8692455.46
    5985674 |  8692338.31
     797134 |  8692333.65
    1716110 |  8692197.94
    2130675 |  8692195.14
    3177687 |  8692183.68
    6242299 |  8692047.00
    6123766 |  8691927.79
    1349958 |  8691833.10
    4837767 |  8691784.88
    3898513 |  8691770.36
    5173485 |  8691684.43
    3615167 |  8691671.74
     145838 |  8691638.38
    1687198 |  8691630.75
    1370046 |  8691607.86
    1759926 |  8691457.53
    4003132 |  8691385.32
    3667023 |  8691306.76
     940002 |  8691254.88
    4879561 |  8691253.92
    5367414 |  8691193.42
     817818 |  8691104.18
    4720059 |  8691031.04
    2918102 |  8690979.25
    3910721 |  8690943.60
    1789196 |  8690866.47
    1824508 |  8690772.04
     762718 |  8690770.62
    1636742 |  8690759.45
    5725234 |  8690738.24
    2904168 |  8690619.26
    2329740 |  8690551.32
    1276750 |  8690480.43
    4046587 |  8690454.65
    3392725 |  8690403.68
    3829482 |  8690324.82
     358544 |  8690264.60
    2276383 |  8690245.96
    4979795 |  8690231.66
    6288964 |  8690101.20
    4918552 |  8690063.64
    1763476 |  8689895.10
    5268683 |  8689826.88
    2376488 |  8689766.15
    4229585 |  8689730.40
    4517884 |  8689639.35
    5973009 |  8689465.58
    5723802 |  8689412.05
    5038274 |  8689402.80
    6291888 |  8689310.68
    2487901 |  8689285.55
    2369124 |  8689159.93
    2334345 |  8689037.07
    2036226 |  8688924.24
    1828690 |  8688886.12
     465458 |  8688849.54
    4189778 |  8688749.61
    4053502 |  8688690.55
    2542633 |  8688670.55
    1368614 |  8688645.68
    3153070 |  8688539.86
     326681 |  8688498.08
    5892378 |  8688495.40
    2705272 |  8688253.75
    5374701 |  8688249.36
    5813864 |  8688218.56
    4938740 |  8688178.48
    1559664 |  8688170.19
    3002490 |  8688162.02
    5822087 |  8688034.62
    1392454 |  8687937.72
    1408108 |  8687916.84
      30433 |  8687901.24
     623427 |  8687866.87
    5924448 |  8687858.65
    3384464 |  8687852.64
    1774955 |  8687712.69
    5440411 |  8687615.07
    1297578 |  8687555.25
    2238711 |  8687435.80
    3209938 |  8687419.38
    4001260 |  8687414.99
    1128164 |  8687363.16
    3449689 |  8687253.12
    2413918 |  8687250.72
    3483881 |  8687242.85
    3255613 |  8687187.60
    5277269 |  8687171.80
    5522938 |  8687092.45
     788769 |  8687075.74
    6074457 |  8687066.74
    3971911 |  8686989.35
    2028384 |  8686981.39
    5628119 |  8686943.69
    4435238 |  8686924.63
    2034800 |  8686857.64
     733676 |  8686781.01
    1730530 |  8686727.26
    4069439 |  8686725.04
    4672097 |  8686583.75
    5443747 |  8686452.60
    3037437 |  8686410.66
    5995896 |  8686401.90
     838580 |  8686382.90
     375951 |  8686365.60
    4105791 |  8686326.08
     550952 |  8686323.98
    6031154 |  8686297.68
    3806782 |  8686272.00
    2591466 |  8686257.70
     333884 |  8686167.13
    5097898 |  8686149.64
    2490235 |  8686114.58
    4668471 |  8686037.50
    6225490 |  8685981.70
    3424273 |  8685967.68
    2425793 |  8685925.76
    5533507 |  8685923.05
    1324586 |  8685904.28
    5739001 |  8685902.25
    3163967 |  8685883.80
    1847626 |  8685774.21
    3385389 |  8685698.18
    1121224 |  8685637.82
    1519183 |  8685527.20
     937977 |  8685165.50
    5819759 |  8685119.88
    3758890 |  8685092.94
    4992926 |  8685043.01
    1928309 |  8685031.68
    2579629 |  8684968.50
    1011740 |  8684865.80
      21048 |  8684841.75
    1894848 |  8684748.54
     935813 |  8684739.00
    4128902 |  8684695.54
     957640 |  8684633.82
     213295 |  8684433.60
    4829541 |  8684418.84
    2168197 |  8684395.35
    6305559 |  8684368.00
     715331 |  8684312.00
    6158837 |  8684305.60
    4007392 |  8684236.33
    2864060 |  8684210.61
    3926608 |  8684137.88
     660902 |  8683952.06
    2720829 |  8683886.46
    3186712 |  8683815.76
    5250925 |  8683779.26
    4090569 |  8683766.16
    1068009 |  8683755.06
     780770 |  8683675.29
    1298586 |  8683647.18
    5618523 |  8683640.64
    1830914 |  8683556.57
    3909461 |  8683529.38
    4243887 |  8683448.18
    4005491 |  8683156.46
     907588 |  8682992.30
     624813 |  8682944.49
    4819861 |  8682819.18
    1002931 |  8682793.28
     790451 |  8682764.50
    3743029 |  8682762.66
    1091477 |  8682716.68
    5442055 |  8682678.96
    2304379 |  8682628.50
    3258381 |  8682555.84
    4547702 |  8682539.58
    5191057 |  8682449.71
    2737895 |  8682443.11
    2926265 |  8682418.80
    5178287 |  8682356.10
    2974537 |  8682335.81
     280897 |  8682237.72
    1592817 |  8682185.88
    5683688 |  8682097.07
     338763 |  8682026.28
    1035545 |  8681904.03
    1136318 |  8681876.50
    5765611 |  8681861.07
    3346046 |  8681688.96
    5780504 |  8681590.78
    4850348 |  8681581.08
    1881609 |  8681577.56
    2542998 |  8681573.74
    6393013 |  8681569.07
    3329556 |  8681561.57
    1839676 |  8681505.36
    3214527 |  8681444.20
    1466069 |  8681398.40
    2352247 |  8681371.16
    3154052 |  8681317.62
    6076475 |  8681303.92
    5605472 |  8681204.40
    1597578 |  8681186.21
    3189782 |  8680994.28
    6184425 |  8680897.08
    3471448 |  8680675.59
    1598314 |  8680588.45
    2163638 |  8680559.28
    4707684 |  8680554.09
     683886 |  8680530.00
    1201947 |  8680486.54
    3648841 |  8680465.44
    1589990 |  8680442.87
    2613848 |  8680206.69
    2290118 |  8680154.48
    5926574 |  8680089.60
    4057424 |  8680073.76
    5854020 |  8680038.90
     202633 |  8680027.14
     705488 |  8680013.16
    5166924 |  8680009.12
    3167107 |  8680001.72
    4774885 |  8679992.32
    3087571 |  8679987.42
    2739706 |  8679884.73
    2992767 |  8679842.72
    2559228 |  8679724.82
     374341 |  8679703.60
    3722943 |  8679492.36
    1672068 |  8679474.86
    5886586 |  8679453.30
    3842035 |  8679292.16
    2231080 |  8679201.63
     670446 |  8679201.30
    4137723 |  8679116.02
    4778913 |  8679059.12
    3310824 |  8679034.00
    4367086 |  8678917.91
     736148 |  8678892.86
    6258453 |  8678891.24
    2356274 |  8678871.68
      90256 |  8678815.00
    2697820 |  8678498.36
    1035021 |  8678453.56
    5259775 |  8678375.16
    3393216 |  8678189.64
     726477 |  8678170.38
    1166951 |  8678132.40
    3450664 |  8678109.93
     317096 |  8678094.44
    5696857 |  8677888.00
    1360792 |  8677866.58
    4477282 |  8677761.84
    1203536 |  8677760.00
    1469962 |  8677727.40
    1245456 |  8677724.64
    4868937 |  8677684.15
    2671570 |  8677550.40
    2990206 |  8677546.24
     865202 |  8677453.40
    4778249 |  8677450.80
    1549030 |  8677442.19
    3674669 |  8677250.76
     160393 |  8677184.82
    3104860 |  8677159.16
    3378817 |  8677155.35
     249514 |  8677123.59
    4488798 |  8677035.39
    3320189 |  8676961.02
    5322414 |  8676874.40
     814872 |  8676844.96
     409213 |  8676841.27
    4951791 |  8676734.43
    4963522 |  8676677.18
    2000506 |  8676514.80
    1916952 |  8676458.82
     378295 |  8676456.70
    1546216 |  8676455.48
     334856 |  8676415.32
     701352 |  8676398.85
    5860376 |  8676388.50
    2537450 |  8676350.84
    4737450 |  8676216.90
     201787 |  8676149.04
    4068792 |  8676131.52
     421048 |  8676130.00
    4380678 |  8676094.92
    4054848 |  8675937.54
     784270 |  8675856.96
    5022784 |  8675793.89
     880244 |  8675678.60
    3131626 |  8675667.70
    4774019 |  8675481.90
     284917 |  8675439.14
    4291565 |  8675389.20
    1754622 |  8675323.51
    2586505 |  8675236.66
    4957634 |  8675197.44
    5100041 |  8675118.89
    1395653 |  8675032.41
     294379 |  8674957.98
    3983893 |  8674942.70
    6034148 |  8674851.98
     133026 |  8674820.00
    4300015 |  8674818.24
    1677750 |  8674786.62
    1692246 |  8674707.75
     205622 |  8674599.10
    2494523 |  8674445.79
    1062787 |  8674432.75
     251351 |  8674427.85
    5702298 |  8674418.40
    4558575 |  8674394.29
    5409028 |  8674388.80
    1231512 |  8674332.00
    2862264 |  8674327.20
    3226938 |  8674182.76
    6193633 |  8674066.36
    1153664 |  8674028.48
    4011264 |  8673995.40
    4627951 |  8673973.44
    3287631 |  8673949.98
    6286647 |  8673529.15
    4646874 |  8673353.82
    1966161 |  8673280.83
    6218723 |  8673175.04
    4634887 |  8673056.00
    5249180 |  8673011.88
    5605978 |  8672976.29
    4158787 |  8672969.05
    6360598 |  8672827.60
    1250246 |  8672821.50
     139941 |  8672677.09
    4320461 |  8672645.92
    3969280 |  8672554.86
     147360 |  8672544.72
    5072696 |  8672529.75
    1388666 |  8672524.97
    4152563 |  8672483.62
    1385525 |  8672405.40
    4764987 |  8672400.24
    2487505 |  8672348.16
    2129185 |  8672326.29
    5950108 |  8672178.06
    2078381 |  8672050.72
    4558570 |  8672030.50
    1480738 |  8672010.84
    5419639 |  8671974.92
     463420 |  8671814.22
    3010061 |  8671747.26
    3108625 |  8671474.80
    2527664 |  8671461.58
    2592482 |  8671398.96
    1806611 |  8671391.61
    4444421 |  8671318.68
    4178372 |  8671234.88
     802985 |  8671197.36
     796253 |  8671127.30
    5324533 |  8671034.28
    1753464 |  8670977.75
    3437653 |  8670888.91
    4408535 |  8670885.50
    1528151 |  8670849.12
    5557362 |  8670787.44
    2251918 |  8670697.42
    1141802 |  8670671.60
    1997915 |  8670653.64
    5894108 |  8670648.72
     881333 |  8670548.96
    2728611 |  8670526.92
    1060255 |  8670505.22
    4819765 |  8670469.36
    4379073 |  8670450.42
    3760290 |  8670358.60
    2953454 |  8670299.82
    2577817 |  8670288.90
    2185267 |  8670283.46
    2402531 |  8670257.98
    6323929 |  8670254.00
    1693856 |  8670211.48
    1059263 |  8670108.48
    3971840 |  8669974.20
    2314038 |  8669864.28
    5470762 |  8669594.85
    5834218 |  8669560.02
    1926768 |  8669464.35
     476605 |  8669246.04
    1243957 |  8669238.69
    6085623 |  8669233.44
    4317163 |  8669048.31
     817128 |  8669002.05
    3175709 |  8668973.74
    2135322 |  8668913.40
    5323881 |  8668909.20
    5174652 |  8668839.56
    1632942 |  8668737.60
    4247102 |  8668737.37
    2332686 |  8668633.57
     391362 |  8668607.64
    5206656 |  8668533.76
    3591784 |  8668503.06
    4958800 |  8668461.49
    4964756 |  8668439.94
     581664 |  8668373.66
    4014928 |  8668240.84
    2083001 |  8668228.14
    3495239 |  8668188.65
    6215700 |  8668171.44
    3552083 |  8668111.25
    4289913 |  8668074.92
    4192064 |  8668070.88
    1559612 |  8668053.32
    5771601 |  8668021.23
    2522387 |  8668016.64
    4002571 |  8667998.92
     653401 |  8667996.66
    3957575 |  8667841.56
    4911804 |  8667841.56
    4255208 |  8667790.00
    4948179 |  8667648.00
    4869650 |  8667600.78
    3559173 |  8667561.31
    4299066 |  8667549.78
    1329796 |  8667512.96
    3540518 |  8667485.31
    6272164 |  8667429.84
    4074518 |  8667409.12
    5154252 |  8667317.43
    4628735 |  8667127.90
     244499 |  8667096.30
    2047866 |  8667079.96
    2487577 |  8667044.88
    3553363 |  8666951.40
    6172023 |  8666842.53
     475063 |  8666840.88
    5113466 |  8666775.36
     559965 |  8666763.16
    3959617 |  8666756.16
     978978 |  8666614.80
     514295 |  8666586.60
    3526504 |  8666539.90
    4260875 |  8666443.46
    1441131 |  8666437.14
    3540103 |  8666412.94
    3746538 |  8666383.74
    1210459 |  8666265.17
    5308779 |  8666213.54
    5334992 |  8666089.26
    3522004 |  8665956.75
    5453241 |  8665811.44
    5857611 |  8665781.45
    4250267 |  8665709.28
    4369463 |  8665622.79
    1569628 |  8665556.75
    4025148 |  8665421.46
    1437245 |  8665313.28
    4223210 |  8665256.53
    3729855 |  8665235.84
    3905242 |  8665185.08
    5428924 |  8664923.91
    2931407 |  8664864.30
    4691283 |  8664838.88
    6153680 |  8664735.48
     529568 |  8664547.50
    1976883 |  8664512.18
    3616904 |  8664511.18
    4162795 |  8664372.08
    3664956 |  8664370.80
    5447571 |  8664352.84
    5209235 |  8664333.08
    1799831 |  8664254.04
     219118 |  8664217.92
    4794890 |  8664165.83
    5229813 |  8664008.90
    2276956 |  8663907.20
    5352135 |  8663652.00
    4343825 |  8663620.92
    6164825 |  8663602.05
     810570 |  8663478.34
    3079056 |  8663468.99
    2712441 |  8663421.95
    4909882 |  8663412.24
    5218353 |  8663348.86
     689046 |  8663162.66
    4553315 |  8663132.27
    3559806 |  8663113.72
    4125688 |  8663108.40
    2076386 |  8663051.95
    1361422 |  8663043.94
    6212354 |  8663039.52
    3202422 |  8663027.53
    3147045 |  8662990.73
    5864855 |  8662952.05
    1434610 |  8662913.37
    3928717 |  8662767.84
     457222 |  8662715.28
    3276656 |  8662676.40
    2459409 |  8662657.36
    5549551 |  8662483.44
    5159888 |  8662418.98
    1791036 |  8662416.00
    1872650 |  8662338.86
    1789637 |  8662334.46
    4003620 |  8662280.48
    1142248 |  8662204.89
    3151283 |  8662179.50
    2470032 |  8662173.85
    4823447 |  8662158.33
    2583613 |  8662100.34
     570726 |  8662085.00
    3182632 |  8662042.34
    6256024 |  8662017.00
    5836268 |  8661949.17
    2914298 |  8661829.28
    2152449 |  8661801.32
    1924596 |  8661792.92
    6058844 |  8661721.70
    3252423 |  8661688.43
     190820 |  8661556.25
     641497 |  8661551.40
    2153307 |  8661461.06
    4026951 |  8661320.92
    1430683 |  8661292.78
    5749563 |  8661246.72
    3023137 |  8661183.62
    3383254 |  8661166.36
    1723073 |  8661101.82
    3158414 |  8660942.35
    1086593 |  8660789.60
    5689480 |  8660777.52
    2667999 |  8660759.28
    4065598 |  8660726.50
    1269329 |  8660714.86
     406586 |  8660566.95
    5068710 |  8660552.96
    5258538 |  8660512.74
     258358 |  8660385.27
    1651817 |  8660325.52
    3205251 |  8660310.28
    5371877 |  8660294.02
    5472508 |  8660277.72
    1422877 |  8660275.38
    3574219 |  8660173.72
    2339891 |  8660133.90
    5141242 |  8660081.79
    4517621 |  8660060.16
     296047 |  8660040.18
    1054234 |  8660017.76
    5077318 |  8659959.46
    2703844 |  8659922.79
    5792380 |  8659842.00
     416062 |  8659822.64
    3828628 |  8659689.28
    1777776 |  8659675.68
     694517 |  8659655.46
    1000952 |  8659619.43
    1813818 |  8659613.30
    4697267 |  8659469.88
    5101913 |  8659445.76
    3749742 |  8659428.09
    1949441 |  8659413.92
     841425 |  8659324.97
    1779831 |  8659296.50
    3448692 |  8659175.17
    2730235 |  8658993.60
    1973259 |  8658989.30
    1087662 |  8658782.90
    4260275 |  8658770.40
     288816 |  8658738.66
    3365763 |  8658689.12
    5710103 |  8658603.86
    2365615 |  8658589.51
    3846709 |  8658546.49
    3860035 |  8658539.75
     751038 |  8658516.72
     450796 |  8658499.92
    2030891 |  8658458.32
    3755682 |  8658311.59
    1706918 |  8658296.64
    1043967 |  8658213.12
      80459 |  8658194.14
    5748892 |  8658183.91
    4805325 |  8658098.75
    2169710 |  8658055.80
    3739587 |  8658006.16
    5834921 |  8657957.88
    4083207 |  8657942.88
    4791284 |  8657912.56
    5787748 |  8657842.89
     836035 |  8657802.76
    6241235 |  8657750.50
     120750 |  8657743.68
    5034152 |  8657714.30
    4101080 |  8657689.66
    2506884 |  8657680.95
    4656819 |  8657652.90
    1792111 |  8657487.44
    4649239 |  8657469.72
    5691479 |  8657419.80
    2306810 |  8657369.98
    4840643 |  8657318.46
    2071633 |  8657273.10
    4457110 |  8657234.68
    4149215 |  8657204.40
     755952 |  8657148.88
     409697 |  8657136.93
    3975125 |  8657103.06
     677700 |  8657080.25
    3540264 |  8656998.40
    5864798 |  8656997.50
    1402505 |  8656954.84
    3920032 |  8656949.20
    2301041 |  8656892.64
    2762556 |  8656802.00
    1877772 |  8656792.81
    3837212 |  8656677.60
    1739055 |  8656644.44
     296345 |  8656607.54
    6004074 |  8656583.20
    6248799 |  8656576.68
    1814537 |  8656537.24
    6228382 |  8656404.48
    6397259 |  8656380.24
    2640585 |  8656376.85
    4465434 |  8656334.32
    2293245 |  8656301.37
     101744 |  8656294.56
    2876530 |  8656231.02
    5553120 |  8656071.30
     392425 |  8656025.97
    3605601 |  8656014.78
    3935753 |  8655992.78
    2166136 |  8655961.86
    4448541 |  8655953.75
    5366844 |  8655661.36
    6372708 |  8655575.22
    4491819 |  8655573.85
    2816428 |  8655463.80
    3385249 |  8655461.64
    3947038 |  8655454.08
     310006 |  8655397.80
    5847006 |  8655376.08
    1428843 |  8655370.35
    1773079 |  8654985.60
     509253 |  8654952.80
    2439628 |  8654938.35
    3818053 |  8654909.73
    3709206 |  8654746.70
    4467954 |  8654657.77
    1913863 |  8654634.45
    6292840 |  8654610.40
    5701569 |  8654578.10
    4991059 |  8654496.50
    5117302 |  8654371.49
    3211776 |  8654126.40
    5320512 |  8654121.63
     874501 |  8654115.16
    3372763 |  8654110.00
    2654178 |  8654087.40
    5337793 |  8654076.50
    2176650 |  8653907.85
    5288725 |  8653903.36
    3305345 |  8653701.84
    5118334 |  8653680.71
    3552259 |  8653465.74
     811464 |  8653404.92
     104016 |  8653188.40
    3721569 |  8653185.60
    5137580 |  8653133.04
    5843104 |  8653042.70
    5921626 |  8652777.50
    3199885 |  8652744.00
     403262 |  8652705.84
    4244348 |  8652676.14
    6199705 |  8652644.26
    1261687 |  8652642.00
     566654 |  8652503.47
    2112210 |  8652473.61
    6141228 |  8652347.84
    5542808 |  8652326.55
     803009 |  8652198.62
    4641173 |  8652196.16
    2789699 |  8652178.71
    4383196 |  8651955.69
    4371858 |  8651943.80
    5372823 |  8651922.24
     279074 |  8651860.53
    2867796 |  8651832.75
    1821546 |  8651808.28
     335556 |  8651782.90
    3067469 |  8651690.47
    1901941 |  8651684.86
     711968 |  8651616.75
     988773 |  8651571.84
    2943264 |  8651559.94
    2066174 |  8651520.48
    2674672 |  8651477.34
    5271888 |  8651363.87
    5141134 |  8651349.72
    6045355 |  8651182.20
    1117133 |  8650952.94
    5377089 |  8650951.26
    4823474 |  8650939.60
    5290180 |  8650898.10
    3986620 |  8650806.96
    2369239 |  8650690.19
    1670139 |  8650684.10
    2393297 |  8650657.60
    1474806 |  8650532.29
    5484075 |  8650380.48
      65071 |  8650296.30
    2779743 |  8650277.18
    4065904 |  8650174.26
    2673392 |  8650158.36
    3034771 |  8650018.26
     583486 |  8649919.35
     561335 |  8649713.80
     105285 |  8649647.07
    6335336 |  8649566.18
    4388484 |  8649542.10
     713746 |  8649484.55
    5372962 |  8649403.77
    1372348 |  8649317.95
    4397008 |  8649308.38
    5247902 |  8649297.07
    2966390 |  8649192.00
    6298110 |  8649109.26
      29620 |  8649078.01
    4485531 |  8649066.88
    5342816 |  8649052.71
    3805472 |  8648969.64
    1547800 |  8648958.54
    5122045 |  8648941.29
     148091 |  8648928.84
    5486894 |  8648861.86
    4704503 |  8648842.64
    3350387 |  8648774.26
     263496 |  8648729.55
    5233805 |  8648729.30
    1864930 |  8648697.86
    1945656 |  8648641.77
     115782 |  8648590.77
    2666365 |  8648532.68
     210853 |  8648317.80
     854980 |  8648312.82
    5561482 |  8648106.72
    5441571 |  8648101.74
    2298407 |  8648078.40
    4724182 |  8648021.68
    4265596 |  8647984.32
     770804 |  8647891.44
    2481344 |  8647874.51
    2202429 |  8647859.00
    4081435 |  8647858.21
    4395685 |  8647696.86
    2809987 |  8647679.46
    2017493 |  8647662.87
     275339 |  8647646.34
    1083279 |  8647482.24
    4068288 |  8647451.04
    5500400 |  8647400.50
    1635907 |  8647383.06
    1290180 |  8647379.89
    4656146 |  8647324.56
    5730150 |  8647313.50
    4349014 |  8647311.44
    2456212 |  8647253.85
    5272902 |  8647219.75
    1346042 |  8647163.00
    1455143 |  8646776.19
    5915695 |  8646773.40
    2067292 |  8646647.55
    5197231 |  8646619.68
    5438712 |  8646597.26
    6166360 |  8646336.00
    5841384 |  8646188.65
    1441138 |  8646094.48
     542407 |  8645937.44
    1824371 |  8645810.16
     739199 |  8645774.41
    5928195 |  8645745.78
     525931 |  8645677.85
    5024173 |  8645676.33
    6197006 |  8645617.94
    2116491 |  8645590.58
    4126337 |  8645565.58
    2753978 |  8645558.25
     143866 |  8645524.02
    3620904 |  8645478.56
    4865016 |  8645332.08
     719959 |  8645287.44
    6245374 |  8645273.74
    5079175 |  8645268.06
    4277018 |  8645208.00
    4931110 |  8645088.92
    2042023 |  8645043.60
    5535972 |  8644971.24
    4666778 |  8644870.78
    6349012 |  8644717.32
     786479 |  8644655.85
    1396051 |  8644474.52
    6372389 |  8644440.50
    4393304 |  8644369.28
    4757010 |  8644366.06
    6040958 |  8644239.01
    2938890 |  8644184.47
    2978390 |  8644077.64
    5085725 |  8644061.40
    4865910 |  8643995.50
    2720097 |  8643914.49
      36103 |  8643826.59
    4044420 |  8643807.95
    5056920 |  8643795.52
    1554980 |  8643758.82
    1341865 |  8643658.98
    4812488 |  8643658.79
    3908294 |  8643643.71
    5812570 |  8643623.67
    2671451 |  8643594.51
     615023 |  8643559.84
    4212058 |  8643513.97
      39303 |  8643374.71
    3548551 |  8643360.32
    4387721 |  8643331.73
     420547 |  8643284.73
    4612978 |  8643231.86
    2721026 |  8643223.26
     766263 |  8643163.46
    3060065 |  8643079.20
    5054629 |  8643076.92
    1039072 |  8643066.14
    4236284 |  8643066.04
    6178729 |  8642902.92
     115692 |  8642808.57
    4365592 |  8642758.96
    1881945 |  8642725.47
    3057299 |  8642692.44
    2974500 |  8642634.42
    3046889 |  8642543.37
    3546868 |  8642530.90
    2853929 |  8642529.44
    4455597 |  8642492.76
     550516 |  8642426.00
    5144904 |  8642395.41
    6375677 |  8642335.60
    4895437 |  8642309.10
    1144660 |  8642301.92
     873159 |  8642212.14
    4813390 |  8642126.08
     551196 |  8642125.80
    4473879 |  8642041.00
    5029949 |  8641968.58
    4045287 |  8641953.10
    4527953 |  8641948.25
    5643806 |  8641910.52
    3122697 |  8641865.28
     296544 |  8641849.61
    5064439 |  8641849.04
     800387 |  8641821.36
    3327445 |  8641797.01
    5255465 |  8641696.06
    3353196 |  8641679.80
    2904726 |  8641628.70
    1521609 |  8641617.60
    4213843 |  8641604.96
    5519221 |  8641588.98
    5041908 |  8641583.16
    1156793 |  8641561.76
    1519664 |  8641488.15
     422509 |  8641459.95
      34192 |  8641423.57
    5047385 |  8641420.56
    1666005 |  8641374.42
    1604111 |  8641352.60
    1991807 |  8641322.76
    1928222 |  8641207.54
    2966596 |  8641108.59
    5562444 |  8641081.64
    3925998 |  8640743.77
    3329413 |  8640720.36
    6021891 |  8640695.49
    2270825 |  8640607.92
    4906452 |  8640597.82
    2216801 |  8640585.20
    3770355 |  8640542.40
    5835802 |  8640491.40
    1985876 |  8640443.72
    3310021 |  8640407.16
     397144 |  8640404.13
    5288826 |  8640109.17
    5012494 |  8640042.80
    3170687 |  8640033.06
    3667188 |  8640027.44
     607638 |  8640011.05
    3743100 |  8639993.10
     119091 |  8639842.68
    3154603 |  8639831.45
    1141942 |  8639689.83
    1929062 |  8639672.79
    5972108 |  8639497.58
     582281 |  8639490.86
    4806504 |  8639426.33
    2669391 |  8639334.00
     211140 |  8639323.28
     226624 |  8639305.61
    3907763 |  8639177.05
    2521537 |  8639156.76
    4516184 |  8639087.72
    3267648 |  8638945.60
    3486084 |  8638932.32
    1617859 |  8638901.28
    2678412 |  8638883.36
    5080921 |  8638843.15
    5884511 |  8638796.12
    1553439 |  8638747.74
    2333644 |  8638656.84
    3538036 |  8638462.84
    4528072 |  8638402.08
    3503698 |  8638241.60
    1779716 |  8638191.80
    4824032 |  8638154.16
    1612925 |  8638140.39
     805356 |  8637989.40
    4507441 |  8637863.40
    3595503 |  8637685.38
    1184380 |  8637682.56
    5541579 |  8637657.84
    5077752 |  8637595.80
    4903019 |  8637517.04
    4104213 |  8637325.20
    1508431 |  8637306.80
    4478975 |  8637258.56
    4525133 |  8637211.04
    1393555 |  8637123.60
    1076812 |  8637093.52
    4564795 |  8637063.66
    2144931 |  8637039.06
    2273147 |  8637032.96
     703121 |  8636984.19
     798971 |  8636914.00
    1363494 |  8636699.26
     848890 |  8636681.82
    5557221 |  8636668.49
     235494 |  8636575.89
    3721781 |  8636416.25
    4117615 |  8636415.00
     265084 |  8636338.05
     289629 |  8636186.91
      19130 |  8636058.07
    2610842 |  8636021.10
    3205746 |  8635811.60
     164289 |  8635703.46
    4936830 |  8635630.63
    1492248 |  8635611.54
    3776926 |  8635574.20
    2827122 |  8635556.70
    2485628 |  8635476.25
    1334982 |  8635432.20
    3148367 |  8635414.80
    1147830 |  8635362.80
    1967767 |  8635298.23
     542575 |  8635173.36
    4286783 |  8635163.68
      64910 |  8635075.65
    4075221 |  8635040.18
    5383586 |  8635031.65
    5681804 |  8634726.70
    2762883 |  8634702.39
     391366 |  8634681.10
    5530353 |  8634677.06
    4880972 |  8634597.28
    1451197 |  8634588.04
    1374865 |  8634476.59
    5153583 |  8634443.65
    3997049 |  8634442.32
    4184484 |  8634440.85
    3247163 |  8634354.13
    1474843 |  8634332.98
    4075622 |  8634331.17
    2091788 |  8634267.36
    4658838 |  8634189.76
     767533 |  8633932.64
     686973 |  8633880.00
    1588290 |  8633639.30
     960434 |  8633600.57
    3946734 |  8633390.71
    2220628 |  8633386.93
    5545070 |  8633352.45
     818562 |  8633324.40
    1972100 |  8633318.18
    5964913 |  8633316.47
    3500161 |  8633213.62
    2103974 |  8633186.04
     340190 |  8633184.20
    3784736 |  8633182.78
    4645128 |  8633123.10
    1401937 |  8633036.26
    5155782 |  8633004.45
    3090367 |  8632990.08
    5232333 |  8632969.24
    3016863 |  8632901.94
    5135545 |  8632881.14
    2669556 |  8632877.58
    4227808 |  8632777.23
    3806707 |  8632720.23
    5446597 |  8632719.06
    4974621 |  8632686.53
    4939673 |  8632657.60
    5936112 |  8632630.70
    1589237 |  8632618.08
    3984041 |  8632615.73
    5740617 |  8632550.10
    5127566 |  8632499.40
    5256483 |  8632474.20
    1373900 |  8632393.33
    3967695 |  8632282.56
    3483767 |  8632046.81
    1388751 |  8631870.39
    5808506 |  8631737.02
    2560853 |  8631677.46
    5603708 |  8631565.21
    6265656 |  8631470.32
     731377 |  8631408.24
    1525622 |  8631383.53
    1048526 |  8631354.60
    3287356 |  8631335.93
    1739738 |  8631335.42
    3576887 |  8631312.78
    6396887 |  8631275.72
    3193390 |  8631262.55
    3262258 |  8631230.72
    5165026 |  8631208.32
    5709836 |  8631204.48
    3845754 |  8631169.78
    2848902 |  8631106.92
    3493667 |  8631062.58
    2372480 |  8631022.40
    6159206 |  8630985.51
    1774143 |  8630891.28
     953781 |  8630840.40
    5688679 |  8630774.55
    1496785 |  8630739.72
    4300660 |  8630704.32
     688035 |  8630692.35
    1602851 |  8630580.21
    4404700 |  8630467.20
    2933650 |  8630410.85
    3879139 |  8630302.53
    4502898 |  8630301.96
    1974584 |  8630273.60
    3967234 |  8630096.10
    2814750 |  8630042.53
    6194742 |  8629977.20
     777509 |  8629898.60
    5618786 |  8629885.65
    2798550 |  8629751.36
    6330675 |  8629734.30
    1864016 |  8629709.16
    2322203 |  8629689.53
     295072 |  8629688.70
    3913593 |  8629511.61
    6003973 |  8629509.23
    1660901 |  8629407.30
    4005410 |  8629399.00
    2949597 |  8629344.31
     173145 |  8629286.81
    4831608 |  8629246.89
    2535645 |  8629219.50
    5892370 |  8629101.15
     659293 |  8629097.76
    5933334 |  8629090.90
    5154321 |  8629066.14
    3028147 |  8628971.04
     183462 |  8628952.68
    1620485 |  8628814.20
    4004720 |  8628767.70
    4232451 |  8628758.01
    6143199 |  8628748.04
    4105198 |  8628730.80
    5807519 |  8628722.25
    3847677 |  8628691.59
    1698861 |  8628566.06
     852734 |  8628459.10
    2677505 |  8628316.59
     581527 |  8628249.87
    2097847 |  8627929.92
    4370380 |  8627926.00
    4621247 |  8627836.09
     846284 |  8627835.24
    1792442 |  8627826.69
    4172574 |  8627785.98
    1141924 |  8627780.48
    2775855 |  8627712.33
    6312802 |  8627579.73
    4470759 |  8627487.93
    3911512 |  8627330.64
    3903854 |  8627272.50
     992468 |  8627212.88
    3590376 |  8627190.75
    4563688 |  8627185.08
    2384558 |  8627179.21
    6092713 |  8627140.70
    2993122 |  8627112.56
    2207392 |  8627102.88
    5743712 |  8627094.15
    5601898 |  8627082.62
    6224773 |  8627080.87
    2696181 |  8626995.36
    1210328 |  8626929.90
    4668650 |  8626791.36
    4662133 |  8626720.53
    3205276 |  8626537.92
    1759370 |  8626529.13
    2120800 |  8626449.03
    2185387 |  8626417.17
    1511569 |  8626356.64
    3015042 |  8626346.55
    2674182 |  8626333.07
    3043758 |  8626312.80
    5812443 |  8626247.20
    1119876 |  8626221.90
     809716 |  8626190.69
    3919072 |  8626156.71
    5629482 |  8626139.40
    1464024 |  8626129.40
     418917 |  8626084.68
    3846931 |  8626082.40
     932567 |  8625999.30
     509931 |  8625895.08
    5763261 |  8625894.40
    4303839 |  8625881.22
    2155615 |  8625865.79
    6214764 |  8625827.70
      75049 |  8625789.01
    5507534 |  8625709.12
    3138493 |  8625533.52
    5467895 |  8625508.42
    2161548 |  8625447.60
    1780540 |  8625417.07
     830864 |  8625350.44
    5093848 |  8625283.10
    3612029 |  8625230.67
    4913738 |  8625226.18
    5269174 |  8625183.91
    3018025 |  8625160.44
     423520 |  8625135.36
    2443171 |  8625135.26
    3024518 |  8625115.98
     478289 |  8625001.89
    2143416 |  8624976.75
    5394159 |  8624953.05
    4280999 |  8624918.52
    6388877 |  8624855.34
    6105943 |  8624853.72
    3635606 |  8624815.02
    1230488 |  8624815.01
    2674811 |  8624750.40
    5643724 |  8624717.84
    2235612 |  8624574.70
    6318349 |  8624553.44
    3513839 |  8624231.25
    3973376 |  8624193.16
    1662951 |  8624185.15
    3010705 |  8624176.60
    5133141 |  8624135.91
    1026320 |  8624129.80
    2213972 |  8624094.60
     829550 |  8624064.28
    5772904 |  8624062.00
    2703240 |  8624012.93
      27701 |  8623996.56
    3673111 |  8623992.16
    5496479 |  8623971.72
    2036510 |  8623931.75
    1726347 |  8623902.28
    3781357 |  8623890.82
    5992241 |  8623807.56
    4781664 |  8623775.00
    4913626 |  8623764.58
    1550165 |  8623606.04
    2159057 |  8623594.88
    5714981 |  8623541.61
    5805684 |  8623492.98
    2621854 |  8623460.04
    1778056 |  8623434.60
    3294645 |  8623428.05
    5868875 |  8623331.64
    1496702 |  8623274.02
    1632653 |  8623181.84
     149165 |  8623122.30
     966915 |  8623114.20
      85742 |  8623110.19
    2616469 |  8623091.84
    5337759 |  8623023.73
    2150943 |  8622997.26
    1991325 |  8622951.92
    2233481 |  8622765.84
    3768490 |  8622761.49
    5162567 |  8622742.38
     475758 |  8622685.95
     218108 |  8622677.44
    5650424 |  8622652.38
    4789278 |  8622536.81
    1598391 |  8622531.69
    4601491 |  8622411.78
    4419617 |  8622401.60
    4371012 |  8622386.32
    1695315 |  8622362.13
    2754608 |  8622343.60
    4921399 |  8622323.74
    3622335 |  8622261.80
    1558797 |  8622157.50
    4059173 |  8622072.74
    1952441 |  8621929.60
    5425450 |  8621927.16
    1282732 |  8621902.14
    5640955 |  8621839.77
    1572158 |  8621813.33
    3966268 |  8621774.40
    3504741 |  8621772.24
    5112379 |  8621754.01
    5716164 |  8621746.22
    3404755 |  8621562.25
    3498517 |  8621522.56
    6082261 |  8621335.36
    1836506 |  8621228.04
    4131237 |  8621226.36
    1975074 |  8621155.71
    5178539 |  8621142.54
    4030102 |  8621096.05
    6303286 |  8621046.44
    2712060 |  8620858.78
    3454267 |  8620855.16
     781898 |  8620852.10
    5904806 |  8620848.81
     981076 |  8620615.08
    4347912 |  8620585.82
    4605897 |  8620571.13
    6117707 |  8620451.07
    4969924 |  8620296.48
    6280807 |  8620176.00
    1367776 |  8620073.61
    5971932 |  8619918.23
    5192308 |  8619871.44
    1440459 |  8619835.20
    4262682 |  8619672.11
    2055323 |  8619634.07
    5595930 |  8619559.68
    1151461 |  8619436.70
    6225984 |  8619367.68
    4618964 |  8619334.88
    3639403 |  8619326.30
    6244668 |  8619310.96
    3259793 |  8619281.56
    3321908 |  8619268.95
    4500757 |  8619226.02
    3557419 |  8619225.22
    4346876 |  8619218.96
    1732727 |  8619181.92
    3089878 |  8619138.90
    4603542 |  8619054.85
    2745349 |  8618896.35
    1722154 |  8618832.77
    3584424 |  8618484.81
    3950541 |  8618436.00
    4163686 |  8618429.26
    5735232 |  8618401.70
    4070246 |  8618373.61
    5496084 |  8618353.83
    3169088 |  8618294.76
    5944122 |  8618247.50
    5865865 |  8618242.32
    2845077 |  8618231.72
     885796 |  8618165.40
    4442436 |  8618151.67
    5265882 |  8618098.28
    3731527 |  8618026.56
    2964135 |  8618015.90
    4999302 |  8618005.68
    3438482 |  8617946.60
    1472486 |  8617946.54
     905239 |  8617880.37
    3880861 |  8617875.55
    5611611 |  8617874.85
     173892 |  8617849.76
    4728512 |  8617847.48
    1780528 |  8617841.40
    2238252 |  8617790.72
     571329 |  8617683.70
    1708064 |  8617681.80
    2092678 |  8617677.75
    6143571 |  8617662.72
     137005 |  8617643.04
    5183200 |  8617610.19
    3702462 |  8617570.00
    3463641 |  8617480.79
     876797 |  8617450.38
    5223034 |  8617420.54
    3505966 |  8617400.80
      70802 |  8617355.40
    1473090 |  8617352.32
    5284000 |  8617330.50
    5819248 |  8617253.68
    1415149 |  8617248.57
    2236246 |  8617183.25
    5175528 |  8617083.96
     241565 |  8617070.00
     280477 |  8617056.69
    1184573 |  8617019.84
    2607831 |  8616948.68
    2184736 |  8616884.55
     861308 |  8616750.96
    3757574 |  8616720.46
    2671131 |  8616704.56
    6393689 |  8616659.75
    5387701 |  8616580.16
    4542476 |  8616574.24
    5194491 |  8616456.48
    4492747 |  8616412.43
    2888438 |  8616361.60
      64418 |  8616357.35
    3208834 |  8616233.34
    6207544 |  8616230.96
     823855 |  8616205.00
     823514 |  8616033.80
    2982683 |  8615978.80
    2728783 |  8615948.60
    3712837 |  8615920.05
    6075027 |  8615889.90
    2911563 |  8615869.92
    2796454 |  8615854.08
    5871075 |  8615835.68
    3405680 |  8615776.06
    2613312 |  8615773.14
    1137526 |  8615756.16
     157580 |  8615676.04
    1314653 |  8615520.00
    1750778 |  8615476.01
    2628488 |  8615466.74
    1451385 |  8615428.50
    1066450 |  8615420.80
    3539476 |  8615417.98
    3108151 |  8615297.90
    4241593 |  8615242.24
    1329409 |  8615232.52
    4459019 |  8614981.10
    5912760 |  8614926.24
    4348042 |  8614926.18
    2359467 |  8614675.98
    4510683 |  8614675.08
    6343998 |  8614573.80
    4977967 |  8614490.28
    4962379 |  8614450.10
    1865355 |  8614397.80
    5868309 |  8614374.88
    3494595 |  8614344.20
    1364809 |  8614310.80
    1626438 |  8614271.67
    6162843 |  8614046.44
    4315646 |  8614043.99
    1589094 |  8614026.24
    5956770 |  8614023.92
    3206756 |  8613861.47
    1310793 |  8613842.40
    1278967 |  8613796.64
    3970912 |  8613787.50
    6382067 |  8613772.25
    3721119 |  8613639.75
    3670304 |  8613591.04
      69970 |  8613577.25
     884318 |  8613496.48
    5964498 |  8613489.92
    1211507 |  8613441.95
    2953653 |  8613268.48
    1082550 |  8613242.88
    3651851 |  8613149.04
    2898862 |  8613036.95
    2659009 |  8612976.83
    5115585 |  8612960.83
    1890105 |  8612955.84
    5805814 |  8612935.52
     431903 |  8612830.46
    5035462 |  8612823.83
    3180693 |  8612634.37
    2333755 |  8612620.88
    2663619 |  8612576.12
    3668045 |  8612527.68
    2320010 |  8612490.00
    2263675 |  8612470.62
    5305493 |  8612439.99
    5639721 |  8612432.13
    5822307 |  8612411.40
    5398712 |  8612399.02
    4745874 |  8612392.32
    6174727 |  8612359.42
    3143506 |  8612185.68
    3948944 |  8612140.48
    1318328 |  8612111.57
    4041628 |  8612064.47
    1267736 |  8612042.68
    5586361 |  8611918.30
    4648605 |  8611880.06
    6067355 |  8611879.50
    4638668 |  8611826.60
    2947290 |  8611766.91
    5097606 |  8611633.72
    2606672 |  8611571.29
    2329379 |  8611482.72
     191481 |  8611464.96
     277614 |  8611440.96
    3607194 |  8611187.52
    1362977 |  8611180.20
    2787820 |  8611178.12
    6103601 |  8611035.90
    4346848 |  8611026.16
    2608973 |  8610987.42
    2394504 |  8610851.44
    2568647 |  8610819.18
    5792737 |  8610815.38
    6049688 |  8610716.20
    5034692 |  8610664.50
     954780 |  8610632.31
    5044765 |  8610620.55
    5569549 |  8610546.45
    2014947 |  8610518.33
    6201076 |  8610386.82
    1053806 |  8610339.69
    5111074 |  8610254.10
    2822275 |  8610145.92
    5728980 |  8610065.31
    2035393 |  8610035.52
    4277768 |  8610001.11
    4079399 |  8609959.04
    1900071 |  8609924.55
    5069746 |  8609820.75
     556776 |  8609647.95
     343720 |  8609571.63
     763143 |  8609571.46
    3095951 |  8609545.10
    5335112 |  8609454.84
    1222615 |  8609394.94
     393433 |  8609283.10
    3518960 |  8609211.40
    2753292 |  8609142.11
    3265543 |  8609113.35
    4824021 |  8608928.37
    5312146 |  8608849.92
    5786883 |  8608845.84
     575691 |  8608753.28
    5791365 |  8608660.74
    2804100 |  8608620.09
    1053411 |  8608446.84
    2910162 |  8608399.80
    4713330 |  8608387.58
     935827 |  8608269.48
    3728371 |  8608265.38
    3125557 |  8608026.21
    6174437 |  8608018.56
    6349510 |  8607971.24
    1336299 |  8607930.19
     340538 |  8607901.48
    4503714 |  8607865.26
    1379909 |  8607732.03
    3108015 |  8607666.46
    4319286 |  8607556.00
     408306 |  8607480.21
    1393463 |  8607433.38
     714445 |  8607388.80
    6287872 |  8607364.74
    3405327 |  8607158.67
    1899766 |  8606956.42
     888046 |  8606910.00
    4725908 |  8606880.61
     168149 |  8606823.06
    4072540 |  8606805.54
    2796776 |  8606614.30
    2684905 |  8606507.54
    1012618 |  8606386.35
    6349496 |  8606348.12
    5263649 |  8606244.47
    1965473 |  8606127.35
    2980306 |  8606090.40
    3271264 |  8605932.78
    5648472 |  8605736.91
    1648518 |  8605676.63
    3106331 |  8605472.94
    3396035 |  8605399.32
    2922379 |  8605398.36
    3627795 |  8605356.20
    4489050 |  8605344.66
     702354 |  8605327.85
    3780171 |  8605236.13
    4968604 |  8605234.99
    1646532 |  8605092.92
       6390 |  8605074.55
    2063070 |  8605053.16
     134132 |  8604982.80
     953880 |  8604959.34
    1557478 |  8604926.55
    2446330 |  8604827.42
    5575444 |  8604774.96
    3120237 |  8604741.00
    4181728 |  8604702.84
    4497145 |  8604683.32
    6375395 |  8604636.48
     872155 |  8604612.65
    6035843 |  8604542.49
    6173927 |  8604540.47
    5277825 |  8604514.38
    1905617 |  8604454.11
    6124929 |  8604427.64
    1763533 |  8604387.88
    5804346 |  8604262.09
    1669470 |  8604183.84
     645773 |  8604157.23
    1524835 |  8604069.84
    2704723 |  8604042.42
    1752073 |  8604037.33
    1408181 |  8604006.85
    3640788 |  8603962.82
    4289275 |  8603868.36
    4661694 |  8603816.90
     752473 |  8603757.58
    1941608 |  8603669.34
    2014946 |  8603656.00
    5807648 |  8603644.56
     390568 |  8603563.00
    5556041 |  8603481.68
    6247455 |  8603449.92
    5145666 |  8603438.45
     861337 |  8603422.32
      78821 |  8603384.46
    5588212 |  8603324.30
    5605429 |  8603209.79
    4842131 |  8603181.76
    5575069 |  8603174.14
    5941618 |  8603168.50
    3375883 |  8603141.30
    3221851 |  8603018.72
    2190006 |  8602952.40
     283223 |  8602946.41
    6092643 |  8602871.90
    1969385 |  8602870.87
    3416139 |  8602864.02
    1891966 |  8602831.00
    5397417 |  8602792.32
     212933 |  8602751.52
    1700925 |  8602738.50
    4644991 |  8602714.76
    3289483 |  8602647.33
     484469 |  8602563.04
    4483219 |  8602409.76
    6123022 |  8602332.48
    6140603 |  8602315.40
    1611233 |  8602299.50
    3521046 |  8602245.12
    4581946 |  8602193.52
    2132148 |  8602189.20
     441099 |  8602099.48
    5471213 |  8602072.08
    6219958 |  8602016.77
    3521779 |  8601849.12
    2308077 |  8601799.00
    4184156 |  8601784.11
    3879904 |  8601779.20
    5553352 |  8601663.00
     903352 |  8601621.38
    1718214 |  8601607.74
    3315911 |  8601589.59
    4451374 |  8601524.11
     503123 |  8601496.37
     324923 |  8601475.00
    5160166 |  8601428.64
    5836174 |  8601366.50
    2112951 |  8601311.61
    2037447 |  8601249.51
    5615150 |  8601188.16
    3002869 |  8601175.10
    3880003 |  8601100.54
    5731374 |  8601097.36
    1159450 |  8601027.52
    4786028 |  8600907.31
    2974779 |  8600900.46
    4831403 |  8600861.64
    4033098 |  8600845.95
    5950250 |  8600723.99
    5414707 |  8600673.24
    2692808 |  8600667.50
    1219355 |  8600644.67
    5791413 |  8600540.46
    3429954 |  8600534.12
     429297 |  8600401.68
    1190737 |  8600182.85
    1108747 |  8599877.79
       5808 |  8599851.04
    1087978 |  8599837.00
    5323816 |  8599800.33
    5286293 |  8599790.17
    3417804 |  8599683.33
    3673789 |  8599632.21
      92334 |  8599610.74
     924927 |  8599584.16
    4527977 |  8599472.20
    5675082 |  8599388.28
    4410920 |  8599292.52
    3077996 |  8599241.34
    5656803 |  8599002.91
    2008719 |  8598968.35
    1963807 |  8598939.44
    5654128 |  8598933.88
    4791328 |  8598920.25
    4888581 |  8598693.84
     871618 |  8598627.29
    5860407 |  8598614.36
    4315077 |  8598568.04
    5572991 |  8598435.66
    5247550 |  8598379.67
    5618457 |  8598233.07
     866908 |  8598228.04
    5227250 |  8598224.50
    4573393 |  8598135.52
    6050183 |  8598016.70
    1491162 |  8598009.42
    6098018 |  8597952.77
     578640 |  8597855.20
    3787620 |  8597824.20
     681235 |  8597798.72
    2374525 |  8597698.81
    5632776 |  8597677.20
    4476750 |  8597637.50
    5722261 |  8597590.95
    1090159 |  8597454.06
    5276592 |  8597429.82
    2900989 |  8597358.55
    2366507 |  8597356.84
    2842262 |  8597344.28
    5356214 |  8597309.93
    4076936 |  8597280.85
    2943461 |  8597261.21
    4203245 |  8597162.18
    2864248 |  8597009.95
    5618718 |  8596999.80
     817067 |  8596927.36
    5042853 |  8596903.48
    4526926 |  8596886.97
    2281997 |  8596841.79
    2748574 |  8596812.52
     821545 |  8596646.76
    3685706 |  8596637.61
    1079200 |  8596527.75
    3657747 |  8596289.70
    3342143 |  8596263.30
    2234821 |  8596239.16
    3572634 |  8596112.40
     146919 |  8596034.72
    5839514 |  8596032.12
    5849199 |  8596008.42
    4144718 |  8595978.60
    1751967 |  8595782.97
    1718164 |  8595773.04
    3388619 |  8595704.32
     281092 |  8595607.68
    4379313 |  8595576.80
     980534 |  8595423.15
    1616484 |  8595410.52
    2619160 |  8595400.32
    4743141 |  8595397.16
    1188170 |  8595372.76
     270320 |  8595333.13
    5730907 |  8595292.72
    6033316 |  8595271.76
    4180673 |  8595231.40
    6091306 |  8595220.48
    4387426 |  8595203.19
    5938514 |  8595191.80
    5404085 |  8595036.00
     164636 |  8595011.88
    3576533 |  8594885.12
    4581729 |  8594763.35
    5103389 |  8594756.61
    3583879 |  8594755.28
    2800036 |  8594694.91
    6280094 |  8594679.52
    5117187 |  8594648.46
    5608751 |  8594335.02
     471514 |  8594322.39
    6046506 |  8594269.64
    2073227 |  8594120.60
    4587586 |  8594037.55
     107186 |  8593896.96
    4767524 |  8593888.38
    4445930 |  8593832.04
    4309315 |  8593754.00
    3122657 |  8593735.95
    5402251 |  8593727.45
    1836543 |  8593726.95
     978484 |  8593690.32
    3061998 |  8593667.95
    2615673 |  8593635.33
    4154054 |  8593604.15
    1503080 |  8593597.61
     431464 |  8593304.61
    4068681 |  8593217.32
     414770 |  8593170.17
    3530795 |  8593023.36
    1520255 |  8593010.40
     395897 |  8592933.70
    4173864 |  8592916.40
     310964 |  8592910.98
    2287600 |  8592899.04
    4535373 |  8592885.02
    5251555 |  8592867.66
    3335288 |  8592795.24
    2772273 |  8592705.64
    3323063 |  8592663.75
    4391315 |  8592642.90
    5265387 |  8592642.00
    1118625 |  8592459.21
    1667864 |  8592333.12
    1779164 |  8592255.36
     990078 |  8592129.00
    6384701 |  8592126.10
    1868973 |  8592011.69
    5631689 |  8591913.18
    2806836 |  8591848.20
    1858049 |  8591843.19
    4496856 |  8591819.31
    2535054 |  8591752.20
    3918507 |  8591659.29
    1857653 |  8591645.40
    4512670 |  8591616.36
    1683505 |  8591610.56
    3582261 |  8591603.84
    4090625 |  8591572.16
    3551318 |  8591523.27
    2352844 |  8591486.75
    6129820 |  8591467.50
    1139130 |  8591441.85
    3854952 |  8591410.34
    5392720 |  8591406.98
    3699260 |  8591390.36
    1749490 |  8591358.82
     136967 |  8591290.00
    4462067 |  8591250.00
     702624 |  8591199.70
    4229462 |  8591154.25
    4959873 |  8591108.24
    1442563 |  8591107.08
    5362363 |  8591068.08
    2328605 |  8591060.42
    1447249 |  8591028.48
    5381053 |  8591025.00
    5810775 |  8591004.44
    6105881 |  8590781.98
     431323 |  8590709.40
    4455500 |  8590692.88
    3673141 |  8590681.60
     480007 |  8590678.35
      93328 |  8590546.35
    3875238 |  8590467.32
     148966 |  8590458.96
     320688 |  8590454.07
    4414859 |  8590397.00
    1280873 |  8590391.94
    4040337 |  8590311.24
    1074551 |  8590258.72
    6172295 |  8590228.64
    1601121 |  8590223.84
    3951884 |  8590219.74
     233478 |  8590033.20
    1671252 |  8589939.93
    3468963 |  8589934.22
    5306634 |  8589925.76
    6368535 |  8589757.76
      14544 |  8589738.72
    3958048 |  8589593.40
    5555100 |  8589482.45
    1220058 |  8589438.60
    6002766 |  8589333.52
    2597749 |  8589309.96
    1464832 |  8589147.88
    2371366 |  8589102.60
    1976791 |  8588992.80
    2565434 |  8588972.80
    2916486 |  8588904.48
    6269994 |  8588808.34
    2919145 |  8588791.05
    6226990 |  8588685.07
      80668 |  8588635.13
    3956237 |  8588600.40
    1141441 |  8588523.68
    4067707 |  8588426.70
    3707247 |  8588408.18
     586775 |  8588383.08
    6147405 |  8588379.88
    3875752 |  8588236.36
    5449335 |  8588115.40
    5943533 |  8588099.44
    3171634 |  8587974.08
    3127237 |  8587909.11
     320248 |  8587560.80
    5058966 |  8587554.84
    6076536 |  8587537.92
    1520458 |  8587322.24
    3236540 |  8587250.00
     108464 |  8587198.75
    1530963 |  8587164.59
    1950998 |  8587041.50
    3513672 |  8587005.96
    3749542 |  8586867.03
    2598966 |  8586819.27
    4110718 |  8586806.76
    3716538 |  8586803.02
    5584887 |  8586700.68
    2379433 |  8586685.12
    1353507 |  8586653.62
    6187580 |  8586637.48
    4421357 |  8586633.01
    6158845 |  8586561.70
    2063732 |  8586470.59
    2336423 |  8586463.68
    1072104 |  8586431.23
    1343678 |  8586408.96
     837649 |  8586368.70
    6084701 |  8586320.16
    1138976 |  8586303.75
    3312715 |  8586301.33
    3102262 |  8586236.16
    3064853 |  8586225.25
    6105655 |  8586210.96
    1666051 |  8586176.64
    3871880 |  8586106.65
    1848919 |  8586097.02
    3721217 |  8586053.16
    2246691 |  8586025.80
    5537878 |  8586022.90
    4283651 |  8585989.61
    6176401 |  8585870.68
    2193647 |  8585848.48
    5778533 |  8585785.92
    4343669 |  8585700.60
    5965393 |  8585651.49
     116419 |  8585483.76
    4025163 |  8585399.25
     567777 |  8585369.61
    1255493 |  8585358.50
    2515015 |  8585287.20
    2397447 |  8585255.35
    4427568 |  8585127.36
     255692 |  8585094.40
    4564120 |  8584973.78
    1508631 |  8584927.55
    2638193 |  8584762.92
     651645 |  8584632.90
    5273137 |  8584583.84
    4582543 |  8584440.28
    2245401 |  8584420.53
    6064642 |  8584269.25
     407257 |  8584248.25
    3188447 |  8584221.69
      68749 |  8584092.45
    5970714 |  8584004.00
    2450237 |  8583923.36
    2164209 |  8583801.56
    3146963 |  8583753.87
    2273295 |  8583655.64
    3477521 |  8583636.34
    2080698 |  8583566.16
    2226520 |  8583507.42
    6033199 |  8583476.16
    4480085 |  8583416.82
     655307 |  8583389.17
    4758019 |  8583339.18
    1825853 |  8583260.73
    2519404 |  8583255.20
    4361245 |  8582953.30
    3977285 |  8582889.00
     957716 |  8582846.11
    5749950 |  8582843.51
     375305 |  8582711.28
    2868522 |  8582643.90
    1660919 |  8582517.06
     934183 |  8582493.92
    1105792 |  8582491.49
    3162380 |  8582450.76
     645817 |  8582442.61
    1227874 |  8582382.90
    2633548 |  8582165.23
    1173187 |  8582161.92
    1324060 |  8582097.08
    1166488 |  8582045.78
    3327699 |  8582043.96
    4126436 |  8582019.90
    2537991 |  8582017.27
      83862 |  8582016.30
    1440461 |  8581999.50
    3275504 |  8581983.78
    6112482 |  8581982.60
    5868686 |  8581979.45
    2727004 |  8581968.00
    5355668 |  8581961.78
    4418148 |  8581898.88
      10196 |  8581878.14
    5451645 |  8581855.95
    3560633 |  8581788.36
    5927859 |  8581782.22
    5604585 |  8581732.87
    4523739 |  8581675.98
    6016655 |  8581634.70
    3216282 |  8581621.62
    2676245 |  8581479.48
    2687548 |  8581448.56
    4337967 |  8581441.20
    4274331 |  8581236.30
    3856357 |  8581231.92
    3192217 |  8581198.04
    6009973 |  8581109.35
    5060572 |  8581030.92
    2936318 |  8581002.85
    2193419 |  8580927.30
    3215432 |  8580901.18
    2141796 |  8580744.00
    3396095 |  8580621.04
    4655123 |  8580582.80
    6339649 |  8580567.88
    1569524 |  8580367.19
    2776757 |  8580310.50
    5883283 |  8580299.97
    4005338 |  8580258.72
    6316119 |  8580249.48
    1526991 |  8580233.12
    1596861 |  8580177.00
    4970775 |  8580016.40
    1191487 |  8580011.44
    3122215 |  8580001.25
    4104445 |  8579989.52
     614779 |  8579876.43
    1900173 |  8579868.36
    4857621 |  8579710.89
    6357205 |  8579686.50
    4334244 |  8579608.56
     200684 |  8579561.90
    6103344 |  8579470.99
    2578577 |  8579470.08
    1847793 |  8579349.68
     898829 |  8579340.81
    1273202 |  8579313.42
    4770042 |  8579099.34
    6379749 |  8579061.21
    5278347 |  8579048.40
    5330524 |  8579043.54
    1456026 |  8578839.36
    3357624 |  8578675.07
    1506360 |  8578670.58
    2728323 |  8578643.40
    4769702 |  8578608.75
    1726926 |  8578556.60
     584072 |  8578518.55
     920277 |  8578483.32
    4169567 |  8578468.86
    3194396 |  8578433.52
    5648049 |  8578417.45
    2934011 |  8578397.94
    3822293 |  8578371.36
     444814 |  8578365.40
    2115146 |  8578287.20
    5959386 |  8578220.50
    4246236 |  8578046.88
    6265092 |  8578046.75
    4487289 |  8578041.97
     597653 |  8578005.81
    3457558 |  8577988.30
    5563128 |  8577955.17
    5528205 |  8577734.23
      88857 |  8577533.25
    5309835 |  8577525.97
    4002247 |  8577452.46
    4265713 |  8577360.00
    6292845 |  8577321.55
     689887 |  8577312.27
    5180188 |  8577248.31
    6014241 |  8577223.60
    3529544 |  8577126.56
    4228242 |  8577031.68
     819860 |  8577028.12
    1912939 |  8576987.40
    5143312 |  8576961.12
    2205425 |  8576895.42
     211577 |  8576836.80
    5592525 |  8576746.97
     997822 |  8576706.06
    2163205 |  8576580.22
     535694 |  8576580.06
    1596570 |  8576568.60
     260928 |  8576513.70
    4823898 |  8576478.00
    4259374 |  8576451.40
    4643254 |  8576395.36
    2928280 |  8576272.25
    3326533 |  8576220.88
    3611004 |  8576202.68
    2247618 |  8576159.40
    6091960 |  8576157.60
    2776452 |  8576136.99
    1266332 |  8576129.14
    6324809 |  8576040.96
    3041426 |  8576010.66
    4512361 |  8575951.00
      55557 |  8575930.28
    6068795 |  8575879.40
    3617648 |  8575718.11
     908244 |  8575698.48
    2075888 |  8575610.41
    6339407 |  8575531.55
    3041433 |  8575394.91
    1626944 |  8575325.46
    5038574 |  8575216.16
     561941 |  8575190.88
    1232505 |  8575134.50
    3766756 |  8575118.50
    5623997 |  8575111.36
    5935307 |  8575084.59
    1441857 |  8575056.12
    4204404 |  8575026.03
    4231158 |  8575015.80
    4496035 |  8574984.00
    6080754 |  8574808.76
    2216768 |  8574507.90
    3882854 |  8574464.08
    5097714 |  8574372.18
    2089129 |  8574334.80
    2497258 |  8574331.04
    2179117 |  8574317.85
    1494418 |  8574294.40
    5306593 |  8574213.50
    3062665 |  8574161.76
     859193 |  8574062.73
    5455854 |  8574057.45
      24654 |  8573938.56
     139058 |  8573916.00
    2355317 |  8573886.98
    1980804 |  8573866.18
    1032510 |  8573772.90
    1429279 |  8573739.36
    2898759 |  8573687.40
    5692533 |  8573606.21
     640658 |  8573594.20
    3835360 |  8573521.54
    3310999 |  8573503.98
    5037223 |  8573482.49
    4539593 |  8573481.89
    1455765 |  8573407.68
    5474321 |  8573301.21
    2333878 |  8573285.35
    2204789 |  8573249.52
    2574104 |  8573135.48
    2521972 |  8573011.26
    3210331 |  8572938.10
    1419777 |  8572919.60
    2400962 |  8572864.40
    4657183 |  8572662.12
     124194 |  8572584.05
    3250973 |  8572482.72
    3778529 |  8572380.57
    1082420 |  8572376.80
    1788657 |  8572225.20
    2746630 |  8572198.21
    5213870 |  8572094.52
    1932522 |  8572091.80
     189101 |  8572084.04
    5609144 |  8572020.05
    1467809 |  8571968.86
    4010988 |  8571753.24
    3501637 |  8571727.37
    5066618 |  8571702.23
    2321333 |  8571657.78
    1970880 |  8571648.15
    3891726 |  8571582.88
    5912582 |  8571562.87
    4222947 |  8571523.03
     795268 |  8571382.24
    4625660 |  8571311.72
    4942670 |  8571311.06
    2358307 |  8571246.94
    5110691 |  8571116.16
    4459237 |  8570917.74
    6393776 |  8570863.82
    2686161 |  8570858.87
    5124648 |  8570794.00
    3504448 |  8570756.15
    4351870 |  8570693.56
    1959698 |  8570536.50
    1184820 |  8570526.25
    2586754 |  8570455.20
    4417411 |  8570429.64
    5037118 |  8570425.63
    3432125 |  8570310.18
    4385046 |  8570132.82
    3195698 |  8570113.92
    5105344 |  8570093.42
    5970816 |  8570009.56
    5731711 |  8569988.70
    3866722 |  8569868.63
    5257148 |  8569858.85
    2398689 |  8569791.60
    1114614 |  8569783.04
    2408819 |  8569720.86
    3321567 |  8569604.78
    3490116 |  8569490.22
    4253906 |  8569485.00
    1813727 |  8569346.36
    2148118 |  8569301.46
    3624741 |  8569178.10
    1082453 |  8569137.30
    1045344 |  8569110.79
    4792556 |  8569102.26
    1660484 |  8569020.49
    3321316 |  8568974.25
    5721273 |  8568964.08
     813969 |  8568945.81
     879318 |  8568828.24
     563770 |  8568804.30
    3239755 |  8568783.76
    1042400 |  8568680.82
    5545079 |  8568422.87
    2909269 |  8568323.10
    1398921 |  8568305.25
    2271139 |  8568281.88
     568206 |  8568271.83
    2102221 |  8568165.00
    5719473 |  8568128.40
    5906544 |  8568075.98
    1935074 |  8568040.08
     334317 |  8567989.68
     495528 |  8567944.04
    5728857 |  8567839.80
    6216279 |  8567818.60
     697353 |  8567814.72
    1034966 |  8567646.02
     897827 |  8567638.40
    1195415 |  8567633.04
    4821845 |  8567547.00
    4093800 |  8567490.28
    4235698 |  8567460.23
    4382229 |  8567457.92
    3591580 |  8567431.30
    5820422 |  8567408.20
    4057102 |  8567231.04
    5383881 |  8567210.70
    2582808 |  8567189.44
    3096895 |  8567186.40
    6264664 |  8567155.74
     547887 |  8566931.66
    5919541 |  8566929.60
    1444252 |  8566870.50
    4613649 |  8566867.50
     499310 |  8566829.10
    5569129 |  8566689.69
    2172072 |  8566636.15
     780144 |  8566568.64
    3412258 |  8566530.42
    2037218 |  8566529.52
    3918730 |  8566445.82
    4302758 |  8566217.25
    2707225 |  8566116.40
    1336105 |  8566095.96
    4825561 |  8566057.50
    1513087 |  8565975.18
    4824335 |  8565957.36
    4144444 |  8565941.77
    4892446 |  8565930.52
    1629803 |  8565798.72
    1489409 |  8565741.31
    1467414 |  8565704.60
    4763794 |  8565668.80
    4831457 |  8565637.08
    3025213 |  8565630.45
    1597686 |  8565458.07
    1399472 |  8565456.12
    5988134 |  8565358.00
     682947 |  8565337.12
    2959346 |  8565330.81
    3582181 |  8565319.84
    2182724 |  8565156.47
    3782423 |  8565140.54
    2472879 |  8564998.14
    1695185 |  8564878.31
    5857714 |  8564834.16
     435540 |  8564729.28
    2689882 |  8564694.60
    2893301 |  8564670.70
     860774 |  8564626.08
    1016799 |  8564610.48
    5505507 |  8564578.76
    5239446 |  8564568.60
    4236138 |  8564544.24
    5396544 |  8564519.34
    3099049 |  8564380.61
    3385028 |  8564333.84
    5672600 |  8564297.22
    1167980 |  8564286.50
    1465500 |  8564243.49
    5562539 |  8564101.94
    3913572 |  8563996.52
    4577559 |  8563995.68
     376491 |  8563926.64
    6139480 |  8563905.90
    5585259 |  8563820.97
    3064210 |  8563797.09
     981782 |  8563723.63
    1962585 |  8563658.88
    5918624 |  8563611.85
    3241653 |  8563611.28
    4446399 |  8563608.00
    3506278 |  8563526.01
    3850761 |  8563457.80
    4581718 |  8563399.47
    5796290 |  8563242.81
    2492900 |  8563161.80
    1091627 |  8563147.05
    3791755 |  8563125.35
    3399695 |  8563107.38
    4525124 |  8563063.53
    2750587 |  8563038.74
    3741131 |  8563019.50
    4573820 |  8562929.48
    6319939 |  8562913.58
    3032060 |  8562870.30
    2010899 |  8562841.76
    5046155 |  8562817.66
    1272031 |  8562742.50
    1315916 |  8562645.38
    5352543 |  8562570.40
    2264140 |  8562532.62
    3391826 |  8562500.32
    3960535 |  8562444.16
    6034783 |  8562434.88
    4687877 |  8562376.56
    6086383 |  8562361.02
    2166686 |  8562350.86
    4095447 |  8562311.36
    1100230 |  8562277.77
     715249 |  8562273.72
    1034504 |  8562261.47
    2734409 |  8561985.39
     112633 |  8561881.77
     749302 |  8561831.44
    1421114 |  8561768.50
    2445613 |  8561729.78
    6119737 |  8561694.65
    3205564 |  8561645.20
    5074417 |  8561451.50
    4900585 |  8561348.95
    4618952 |  8561323.46
    5304745 |  8561323.01
    4182229 |  8561283.64
     738452 |  8561248.50
    1270929 |  8561239.80
    3589462 |  8561186.96
    5326650 |  8561180.79
    4476281 |  8561141.42
    4585764 |  8561053.93
     526301 |  8560975.50
    2517889 |  8560873.08
    5083383 |  8560813.08
    1269775 |  8560805.92
    2571517 |  8560691.48
     892482 |  8560564.23
    3147535 |  8560560.08
    4150229 |  8560539.58
    5435255 |  8560474.65
    5845261 |  8560338.04
    5215998 |  8560302.51
    1263634 |  8560211.85
    2935050 |  8560196.21
    5691557 |  8560135.74
    4653530 |  8560104.03
    1905950 |  8560089.56
    5841991 |  8560044.28
    4571264 |  8560042.40
    4941604 |  8559960.94
    1308218 |  8559901.55
    1042834 |  8559871.20
    1560465 |  8559745.92
    2282230 |  8559570.78
     973228 |  8559555.16
    2979618 |  8559547.72
    5573603 |  8559442.08
    3343019 |  8559441.75
    3698116 |  8559422.43
    3029985 |  8559316.25
    6162781 |  8559240.30
    1961107 |  8559213.66
    5639888 |  8559153.90
    1961906 |  8559122.88
    6192398 |  8558890.01
    4511683 |  8558734.47
    3742477 |  8558717.20
    3520035 |  8558642.17
    3304963 |  8558591.36
    2508648 |  8558559.72
    3582827 |  8558504.34
    1525993 |  8558448.80
    2029205 |  8558414.96
    6054954 |  8558235.00
    3654056 |  8558210.18
    2737266 |  8558136.96
    1495592 |  8558124.19
    4567480 |  8558093.43
     451946 |  8557853.53
    3203074 |  8557847.78
    4830546 |  8557706.30
    2278777 |  8557687.60
    3977594 |  8557619.78
    6306095 |  8557557.06
    5840417 |  8557509.94
     696412 |  8557479.55
    4229292 |  8557452.36
    2332732 |  8557340.16
    2291943 |  8557328.75
    2635402 |  8557267.52
    3359075 |  8557163.66
    6169414 |  8557123.88
    5344238 |  8557050.59
    6215080 |  8557042.38
    1725015 |  8556945.30
    4098003 |  8556903.85
    5776792 |  8556846.21
    3045755 |  8556805.84
    1535314 |  8556799.51
    3421541 |  8556780.44
    4294314 |  8556676.45
    3802962 |  8556610.65
    6367706 |  8556592.00
    2097835 |  8556580.95
    2966974 |  8556556.14
    4640459 |  8556519.13
    2554147 |  8556501.53
    5924323 |  8556430.44
     819307 |  8556412.94
    2832596 |  8556153.90
    4943590 |  8556081.30
    3502984 |  8556035.34
    1608380 |  8556033.60
    4497197 |  8556017.52
    3713831 |  8555872.03
     195427 |  8555772.32
    5338233 |  8555685.60
    4512857 |  8555645.25
    3021359 |  8555636.32
    3854784 |  8555528.80
    1130420 |  8555478.61
    1972915 |  8555447.04
    1609682 |  8555405.60
    5497342 |  8555395.46
    6253554 |  8555315.23
    1997146 |  8555307.46
    4383493 |  8555281.59
     535851 |  8555276.52
     199254 |  8555231.22
     856283 |  8555208.42
    3732735 |  8555198.45
    1424761 |  8555189.10
    2767072 |  8555145.86
    3733463 |  8555101.28
    4081324 |  8555052.20
    1762478 |  8554894.02
     896861 |  8554840.84
    1568288 |  8554816.08
    3979530 |  8554753.95
    2255693 |  8554743.68
    2052644 |  8554736.70
    5473969 |  8554706.56
    2574376 |  8554651.92
    4499473 |  8554647.32
    4776245 |  8554426.89
    5755414 |  8554363.74
    5113230 |  8554356.00
    4945985 |  8554297.83
    5018124 |  8554264.60
    1861672 |  8554105.35
    2927116 |  8554056.27
    4179629 |  8554047.00
    1473711 |  8553917.45
    1910250 |  8553900.62
    3651276 |  8553863.76
      63365 |  8553844.00
    1941522 |  8553813.40
    4535536 |  8553771.56
     341076 |  8553760.53
      96078 |  8553692.16
     804313 |  8553681.08
    2763848 |  8553661.50
    1381945 |  8553637.90
    5256279 |  8553605.70
     382958 |  8553529.92
     959043 |  8553495.86
    4526178 |  8553453.75
    4820823 |  8553421.24
    5701668 |  8553395.25
    5203506 |  8553378.24
    3280217 |  8553306.60
    4136969 |  8553215.90
    5573270 |  8553160.33
     496968 |  8553142.00
    5136212 |  8553137.52
    6133248 |  8553100.43
    1654635 |  8553028.44
     198432 |  8553000.95
     526863 |  8552992.50
     753484 |  8552967.36
    1088834 |  8552819.61
    2079451 |  8552807.80
    1491357 |  8552672.30
    1956672 |  8552545.50
    2372483 |  8552509.02
    1574263 |  8552454.00
    5398927 |  8552310.48
    5198248 |  8552229.84
    4372978 |  8552210.12
    1350798 |  8552127.24
    4233280 |  8552065.30
     343946 |  8552061.35
    5678279 |  8552059.38
    2803068 |  8551996.50
     801002 |  8551995.56
    3095114 |  8551931.70
    4332917 |  8551905.45
    3859203 |  8551840.10
    2874626 |  8551726.54
    4591547 |  8551620.22
    2185240 |  8551618.39
    1215144 |  8551597.60
    6074021 |  8551527.50
    4924995 |  8551526.31
     424299 |  8551515.96
    3100391 |  8551445.00
    3114595 |  8551443.57
    5952572 |  8551386.06
    4808810 |  8551267.48
    6235060 |  8551257.51
    3373577 |  8551222.62
     509861 |  8551222.40
    1525539 |  8551188.00
    3805710 |  8551154.70
    1192884 |  8551101.60
    3242604 |  8551014.22
    3967862 |  8550993.45
    1128165 |  8550919.79
    4143279 |  8550903.48
     861114 |  8550874.20
    5546471 |  8550814.67
    1446191 |  8550732.10
    5100199 |  8550475.85
    4727246 |  8550469.12
    2532999 |  8550354.60
    1309974 |  8550348.57
     453027 |  8550199.55
    4255976 |  8550159.13
    1974350 |  8550025.20
    3136086 |  8549747.86
    6398901 |  8549661.12
    1926398 |  8549643.90
    3379246 |  8549636.19
    5615982 |  8549613.12
    2095050 |  8549597.43
    4967206 |  8549589.30
    1506467 |  8549494.59
    6134951 |  8549490.74
    5079154 |  8549424.03
    6158973 |  8549384.27
    3332043 |  8549342.63
    4163385 |  8549253.57
    5813911 |  8549247.50
    1961889 |  8549206.37
    2785828 |  8549121.10
    1931617 |  8549120.58
    2755613 |  8549114.56
     825916 |  8549044.92
    3949732 |  8549028.28
    1263309 |  8549005.43
     644335 |  8548863.80
     951822 |  8548857.52
    6392971 |  8548837.68
    2802247 |  8548824.76
    5444282 |  8548822.62
    4162233 |  8548795.00
    3427201 |  8548782.66
    5695407 |  8548696.70
    4725700 |  8548687.50
    6113529 |  8548633.60
    2863095 |  8548568.58
    3147117 |  8548547.79
    3956620 |  8548481.76
    4263349 |  8548480.00
    4018399 |  8548431.43
    1666252 |  8548424.19
     209198 |  8548385.78
      70828 |  8548340.98
    5920463 |  8548307.42
    3669907 |  8548278.24
    5743231 |  8548269.10
    5439292 |  8548266.48
    2981652 |  8548193.50
    4347658 |  8548104.54
    3442535 |  8548054.01
     508090 |  8548029.58
     976967 |  8548022.36
    1727044 |  8547916.00
    3325940 |  8547790.17
    5777752 |  8547695.50
    4252914 |  8547641.39
    1664418 |  8547624.08
     320860 |  8547305.49
    4208394 |  8547280.93
    3054561 |  8547267.54
    5773316 |  8547228.00
     777424 |  8547218.52
    1014084 |  8547151.23
    4975392 |  8547052.96
    3345762 |  8547027.98
     579767 |  8547008.55
    1746060 |  8546992.30
    3865863 |  8546943.30
    2114748 |  8546712.20
    1167716 |  8546711.22
     669155 |  8546708.00
    3015942 |  8546653.27
    1646362 |  8546594.25
      69509 |  8546583.80
    5332911 |  8546429.38
    5013932 |  8546397.19
     928612 |  8546377.60
    3054852 |  8546346.82
    2340493 |  8546346.82
    1197571 |  8546317.00
    1084004 |  8546307.38
    5213252 |  8546223.00
    5567435 |  8546076.93
    5235813 |  8546065.03
    2485641 |  8546060.68
     574293 |  8545843.20
    1655588 |  8545842.30
    4735450 |  8545811.86
    5660267 |  8545763.97
    2823851 |  8545756.07
    6320822 |  8545730.56
    4654563 |  8545707.90
    4517395 |  8545504.00
    5524074 |  8545479.93
    3150307 |  8545474.40
    1510945 |  8545350.18
    3289160 |  8545237.25
    1242762 |  8545215.15
    1957418 |  8544814.41
     236799 |  8544713.10
    2982129 |  8544701.60
    4736434 |  8544634.56
    3915263 |  8544621.41
      68504 |  8544558.83
    2212335 |  8544499.17
    1047443 |  8544494.40
    3951665 |  8544487.76
    3761955 |  8544424.00
    1772041 |  8544380.02
     849800 |  8544319.17
    4384084 |  8544301.74
    2939247 |  8544248.72
    3461003 |  8544246.00
    4717005 |  8544214.80
    4581360 |  8544118.60
    1659287 |  8544111.12
    1180023 |  8543985.45
    4817616 |  8543984.24
    3199141 |  8543942.84
    4331690 |  8543838.08
    1029981 |  8543599.84
     192478 |  8543471.42
    2772774 |  8543454.13
    1815006 |  8543433.55
      88441 |  8543415.27
    5058575 |  8543377.36
    1204270 |  8543334.51
    2970017 |  8543324.16
    6256166 |  8543258.40
    6133133 |  8543102.40
    4133862 |  8542943.50
    2289563 |  8542515.60
    2733282 |  8542510.72
    4686727 |  8542176.00
    5630389 |  8542123.11
    6369458 |  8542105.60
    1993281 |  8542095.92
    5372286 |  8542088.38
    5526073 |  8542050.00
    5286248 |  8541893.23
    6259160 |  8541867.54
     341730 |  8541861.29
    4313989 |  8541858.06
    3319485 |  8541823.03
    1941156 |  8541808.28
     523288 |  8541760.08
    1426080 |  8541744.72
    2130127 |  8541675.83
     702774 |  8541656.40
     426454 |  8541645.20
    5769757 |  8541637.08
    1478656 |  8541576.75
     855502 |  8541548.47
    1517446 |  8541444.08
     318395 |  8541396.11
    1678234 |  8541319.92
    4498716 |  8541313.98
    3762096 |  8541250.04
    5303415 |  8541199.80
    3334615 |  8541164.38
    1062845 |  8541138.22
    6121156 |  8541049.43
    5783425 |  8541038.94
    5792439 |  8540966.25
     443385 |  8540837.70
    3409035 |  8540835.32
    4111485 |  8540735.52
    1783298 |  8540689.20
    1303948 |  8540650.07
    1917384 |  8540370.16
     690743 |  8540323.68
     183708 |  8540195.28
    2763873 |  8540167.07
    1114783 |  8540152.40
    1674351 |  8540150.43
    4899356 |  8539932.18
    6060921 |  8539873.70
    4576301 |  8539791.10
    2933840 |  8539771.10
    4671704 |  8539749.28
    5612803 |  8539745.76
     917379 |  8539738.80
    2950750 |  8539484.10
     619439 |  8539479.48
    6336374 |  8539448.75
    5663071 |  8539435.45
     918259 |  8539383.94
    6073457 |  8539340.81
    2111573 |  8539331.08
     137998 |  8539330.21
    3407568 |  8539327.20
    2984409 |  8539314.63
    1848826 |  8539221.58
       5541 |  8539206.84
    3496985 |  8539074.45
     538299 |  8539073.04
    1606741 |  8539005.31
    4221441 |  8538996.17
    6332694 |  8538982.10
    5718965 |  8538914.37
    4613509 |  8538899.03
    4292752 |  8538855.44
     325407 |  8538783.53
    3440996 |  8538757.25
    1572499 |  8538731.20
    2499397 |  8538697.83
    5090762 |  8538689.11
    2759288 |  8538614.28
    6238097 |  8538564.16
    2036974 |  8538477.64
    4360825 |  8538398.98
    1422959 |  8538292.80
    5887271 |  8538270.06
    4391074 |  8538186.51
    1969744 |  8538179.28
    3170794 |  8538166.38
    5370544 |  8538120.25
    2062024 |  8538098.40
     642924 |  8538085.48
    6268629 |  8538035.61
    4005976 |  8537991.75
    1979059 |  8537879.22
    6068008 |  8537789.40
    5221197 |  8537742.40
     654239 |  8537688.72
    2333069 |  8537678.88
    2572109 |  8537659.00
    1622859 |  8537636.25
    5267607 |  8537579.70
    5634272 |  8537545.12
     323547 |  8537524.44
     680310 |  8537486.98
    1915550 |  8537465.70
     446335 |  8537439.28
    3627446 |  8537353.65
    2100915 |  8537166.80
    2485834 |  8537151.84
    4113671 |  8537141.20
    3332725 |  8537043.04
    1145653 |  8537040.64
    2723270 |  8536974.16
    2975124 |  8536833.90
    6295375 |  8536818.24
    1037116 |  8536817.52
    2791555 |  8536815.52
    6082506 |  8536804.32
     932185 |  8536704.99
    1274087 |  8536672.44
    3828022 |  8536659.55
    3740855 |  8536630.02
    3799041 |  8536620.48
    3320524 |  8536601.82
    3513108 |  8536598.79
    4661595 |  8536581.00
    5998528 |  8536508.89
    5261751 |  8536488.30
    2017288 |  8536484.32
    5916260 |  8536438.89
    3022015 |  8536269.12
    3933704 |  8536250.80
    1293130 |  8536211.20
    4670957 |  8536181.36
    5735287 |  8536131.15
    1872665 |  8536104.30
     929415 |  8536090.42
    1182590 |  8536070.72
    5376361 |  8536059.00
    4328886 |  8535997.02
    4612896 |  8535959.99
    5783930 |  8535888.55
    5070410 |  8535854.18
    5363990 |  8535755.70
    4686439 |  8535726.96
    6253275 |  8535687.98
    1125576 |  8535599.41
    3562363 |  8535444.36
    2820859 |  8535430.37
      51194 |  8535353.45
    3393644 |  8535270.72
    6169115 |  8535222.30
     525261 |  8535221.20
    1498245 |  8535173.27
    3240603 |  8535170.08
    4414982 |  8535093.00
    4384678 |  8535029.79
    5767997 |  8534931.42
    3640037 |  8534844.60
    5172256 |  8534803.20
    2949054 |  8534580.60
    6258606 |  8534563.20
    6332894 |  8534460.00
    3643228 |  8534431.77
    2632754 |  8534374.40
    1378733 |  8534324.19
    5685612 |  8534318.28
     603878 |  8534278.61
    3797776 |  8534272.74
    2200272 |  8534264.70
    4366931 |  8534237.14
    1287126 |  8534047.50
    5051078 |  8534018.35
     358259 |  8534018.11
    1104741 |  8534012.76
    4731681 |  8533982.70
    6348648 |  8533860.89
    1930375 |  8533753.94
    4738218 |  8533651.62
    2959867 |  8533593.53
    5922682 |  8533583.58
     927394 |  8533530.95
    3405796 |  8533530.72
    3600443 |  8533516.40
     723644 |  8533478.00
    5001557 |  8533446.93
    5382720 |  8533424.12
      94951 |  8533323.26
    4735642 |  8533257.06
    4524176 |  8533249.15
    3775088 |  8533185.04
    1940200 |  8533103.25
    1397131 |  8533093.50
    5487729 |  8532892.56
    4740542 |  8532723.06
    4398204 |  8532690.32
     668467 |  8532519.16
    4840504 |  8532455.04
    5237658 |  8532444.20
    2730829 |  8532409.60
    5015858 |  8532399.02
    2016541 |  8532369.51
    2482293 |  8532358.56
    5923050 |  8532275.84
    3133693 |  8532271.52
    3667242 |  8532247.66
    6191418 |  8532230.92
    4957117 |  8532224.75
     387251 |  8532216.15
    3202567 |  8532139.86
    5536007 |  8532042.66
    2354651 |  8532013.50
    4836797 |  8532005.76
    5258569 |  8532005.04
    4804538 |  8531950.35
    1269909 |  8531920.83
    1082370 |  8531904.64
    3677104 |  8531795.93
    2208457 |  8531774.10
    2708924 |  8531676.30
    4995190 |  8531623.92
    2897333 |  8531560.80
    5952454 |  8531541.90
    1128411 |  8531458.13
    3274043 |  8531400.00
    6054937 |  8531355.61
    5838330 |  8531267.85
    1569688 |  8531176.32
     925946 |  8531166.00
    6004292 |  8530996.94
    1527136 |  8530994.96
    4797239 |  8530974.46
      56245 |  8530963.86
    4977570 |  8530815.84
    3080952 |  8530810.79
    1178393 |  8530782.00
    3191930 |  8530744.77
    2760917 |  8530732.50
    2752555 |  8530719.43
    3248605 |  8530534.56
    5028383 |  8530512.24
    5054418 |  8530503.66
    4828666 |  8530449.60
    5827306 |  8530412.60
    1013898 |  8530376.13
     378387 |  8530184.70
    4518934 |  8530184.24
    3170057 |  8530033.07
    1642882 |  8530017.84
    3761378 |  8530013.45
    2142754 |  8529811.49
    4946046 |  8529761.20
    5149993 |  8529655.53
    2615719 |  8529652.50
    1372542 |  8529541.94
    4031939 |  8529495.82
    5817261 |  8529468.14
     520550 |  8529444.00
     850821 |  8529362.52
    3107716 |  8529328.38
    3939138 |  8529094.74
    2707865 |  8529055.18
     791830 |  8529000.00
    4306246 |  8528984.64
    4224509 |  8528976.60
    4418411 |  8528949.00
     618107 |  8528827.41
    2723023 |  8528800.70
     387668 |  8528785.74
    5963863 |  8528686.35
    2919309 |  8528666.80
    1499866 |  8528639.04
    3205177 |  8528585.96
    4015886 |  8528490.81
    3333712 |  8528477.58
    2935200 |  8528402.54
     916188 |  8528372.48
      30062 |  8528366.40
    5108648 |  8528234.63
    1044662 |  8528232.30
    4399360 |  8528231.22
    3844641 |  8528215.41
     836651 |  8528215.25
    2709466 |  8528204.03
    5299266 |  8528162.72
    1919878 |  8528150.98
     326680 |  8528068.56
    4576783 |  8528053.14
    5716230 |  8528019.96
    3045747 |  8527949.75
     707692 |  8527872.06
    2869141 |  8527869.16
    2618355 |  8527862.70
    3030481 |  8527825.20
     252635 |  8527823.00
    6337878 |  8527725.90
    1150169 |  8527668.24
    1958664 |  8527648.54
    1771098 |  8527593.59
    2326237 |  8527532.31
    5021724 |  8527498.56
    3321868 |  8527468.77
    2175234 |  8527341.13
    4517791 |  8527334.10
    3232369 |  8527321.59
    2706446 |  8527302.49
     164504 |  8527254.95
    1192861 |  8527229.49
    2130322 |  8527138.68
    1100814 |  8527133.92
    2305254 |  8527042.56
    5024632 |  8527034.64
    5650523 |  8526975.78
    5373502 |  8526940.00
    2289186 |  8526898.38
    4192897 |  8526826.77
    1608707 |  8526815.04
     238241 |  8526790.68
    4007417 |  8526715.36
    4241904 |  8526710.10
    5902608 |  8526478.96
    4741752 |  8526403.87
    4036345 |  8526170.80
    4181096 |  8526106.19
    4990266 |  8526017.92
    5516694 |  8525922.82
    5290208 |  8525845.38
    1982923 |  8525750.97
    3872976 |  8525734.56
    2909224 |  8525712.48
    2195846 |  8525598.51
    4261249 |  8525530.30
     178793 |  8525494.08
    1777276 |  8525437.50
    3749251 |  8525375.04
    3736681 |  8525352.48
    2666513 |  8525286.83
    3155194 |  8525281.59
    5137817 |  8525276.37
    4284168 |  8525231.52
    6202502 |  8525191.50
    6234913 |  8525175.20
    5956282 |  8525104.29
     732435 |  8525101.48
    2266650 |  8525094.60
    4286241 |  8525037.20
     846698 |  8524936.72
     399700 |  8524897.04
    2500055 |  8524845.92
     280155 |  8524775.76
     569723 |  8524772.37
    3537132 |  8524748.43
    4832870 |  8524732.79
     986167 |  8524724.00
     304759 |  8524675.25
    4949293 |  8524668.02
    2528842 |  8524649.25
    1468978 |  8524644.07
     640459 |  8524502.30
    5709371 |  8524500.45
    1845230 |  8524409.78
    1353799 |  8524363.90
    3919922 |  8524304.80
    2174936 |  8524223.20
     936329 |  8524115.50
      19205 |  8524089.57
    5166810 |  8523973.86
     766840 |  8523970.76
    3300182 |  8523885.54
    2948019 |  8523880.94
    5805657 |  8523783.80
    4516376 |  8523743.35
    1320851 |  8523582.98
    4631225 |  8523542.58
      20633 |  8523521.58
    1113923 |  8523481.88
      37431 |  8523479.61
    5112112 |  8523382.75
    5368896 |  8523361.00
    3963832 |  8523360.80
    6229901 |  8523183.51
    4251307 |  8523120.20
    4286517 |  8523080.28
    2095413 |  8523056.36
    2357771 |  8522984.86
    3170899 |  8522977.63
    2574266 |  8522945.20
    5426159 |  8522942.82
    5411533 |  8522866.80
     813458 |  8522779.84
    5652512 |  8522756.77
    6202059 |  8522750.86
    5799371 |  8522682.76
    2442235 |  8522642.54
    2401488 |  8522581.98
    2310589 |  8522572.80
     507072 |  8522572.70
    1405288 |  8522567.43
    5947735 |  8522522.69
     139447 |  8522521.92
    1018249 |  8522495.94
    4500890 |  8522493.96
    3297854 |  8522446.92
    5522173 |  8522398.34
    4942690 |  8522268.62
    6062233 |  8522209.73
    5717740 |  8522190.30
    5718781 |  8522187.76
    4968089 |  8522171.91
    5438332 |  8522146.45
    2333582 |  8522032.86
    1766670 |  8522012.79
     660399 |  8521948.19
    5126342 |  8521905.28
    3988708 |  8521881.48
    4566838 |  8521776.22
    3857994 |  8521762.28
    3892171 |  8521750.80
    3044774 |  8521688.34
     201945 |  8521622.64
    2447512 |  8521594.08
    5152482 |  8521588.56
    1967654 |  8521578.00
     660990 |  8521457.21
     444348 |  8521427.46
    6216917 |  8521318.16
    2662684 |  8521293.17
     608017 |  8521281.96
    2430787 |  8521261.20
    3708923 |  8521230.69
    5375714 |  8521228.66
     128644 |  8521095.82
    1430493 |  8520979.98
    1808821 |  8520901.56
     401892 |  8520857.64
    1732595 |  8520843.60
    2003648 |  8520813.84
    5762881 |  8520694.78
    6166146 |  8520687.63
    2209338 |  8520669.66
    3808831 |  8520549.84
    5295697 |  8520543.99
     959991 |  8520513.28
    4421488 |  8520407.04
    6005530 |  8520301.02
    3477279 |  8520285.88
    1012855 |  8520254.48
    4685946 |  8520253.44
      47842 |  8520248.10
    2985927 |  8520193.50
    2966294 |  8520019.20
    3404522 |  8520002.04
    3722698 |  8519982.00
    1131856 |  8519947.02
    1591920 |  8519836.52
    2884370 |  8519822.88
    1194923 |  8519782.80
    3736844 |  8519752.94
    5782520 |  8519738.48
    4780870 |  8519737.65
     777553 |  8519730.61
    4245598 |  8519717.34
    5177796 |  8519708.05
     148958 |  8519650.74
    3570626 |  8519535.90
    5424783 |  8519513.64
    5246982 |  8519405.18
     669245 |  8519374.68
    2130162 |  8519290.16
    1214696 |  8519285.28
    3241213 |  8519130.96
    2313979 |  8519116.80
    5819021 |  8519116.65
    1323091 |  8519099.17
    5592036 |  8518939.20
    6027928 |  8518861.45
    1348118 |  8518817.74
    1190991 |  8518805.98
    4886605 |  8518770.68
     824122 |  8518665.00
    3906964 |  8518656.00
    5799737 |  8518572.40
    1066616 |  8518567.50
    3504624 |  8518537.72
    5318350 |  8518521.60
     541351 |  8518457.19
    5446911 |  8518389.60
     431274 |  8518386.82
    1529076 |  8518301.00
     367327 |  8518264.32
    5583376 |  8518248.88
    1426651 |  8518238.47
    4136277 |  8518162.84
    4486761 |  8518083.41
    2705867 |  8518083.00
    2950416 |  8518076.58
    4864746 |  8517976.32
    2534305 |  8517957.60
    4504090 |  8517858.84
    3360687 |  8517807.76
    1071811 |  8517806.63
    5439495 |  8517782.79
    5340214 |  8517635.97
    5733472 |  8517594.80
    1259790 |  8517588.32
    3415255 |  8517362.36
    1477319 |  8517343.20
    4912398 |  8517257.48
     621029 |  8517243.24
    1462547 |  8517235.57
    1553118 |  8517163.20
    3466734 |  8517162.34
    3742857 |  8517098.16
    1510141 |  8516981.36
     624033 |  8516840.64
    3908499 |  8516784.02
    4654280 |  8516744.55
    1250139 |  8516484.69
    3622166 |  8516460.15
    3782916 |  8516364.06
    2679212 |  8516297.10
    3195932 |  8516276.34
    1075150 |  8516163.20
    2570369 |  8516120.04
     435787 |  8516105.37
    2870857 |  8516087.30
    4114834 |  8516084.20
    1785413 |  8516077.77
    4964809 |  8516032.80
    2829766 |  8515945.62
     861687 |  8515925.00
    5478066 |  8515910.52
    1666441 |  8515880.94
    3783344 |  8515852.20
    4928213 |  8515802.25
    2228646 |  8515780.00
    1206279 |  8515777.92
    5380912 |  8515736.24
    5399131 |  8515731.00
    3366189 |  8515612.16
    5733197 |  8515607.40
    4730198 |  8515534.26
    6033566 |  8515329.90
    3679713 |  8515239.20
    3696476 |  8515211.94
      24027 |  8515195.40
    5334156 |  8515169.52
    2269323 |  8515160.24
    3237500 |  8515113.34
    3192148 |  8515097.19
     400161 |  8515092.50
    5501009 |  8515059.76
    3838790 |  8515002.76
    2535699 |  8515002.50
    5430316 |  8514772.18
    1782759 |  8514729.62
    3402423 |  8514662.00
     611679 |  8514661.40
    2273489 |  8514638.86
    1147521 |  8514623.88
    4014743 |  8514610.74
    4872846 |  8514393.56
    2570189 |  8514381.94
    1745631 |  8514370.59
    3374679 |  8514275.00
    6102255 |  8514245.74
    1748365 |  8514138.36
    1125129 |  8514091.37
    4951624 |  8514079.32
    2876549 |  8513959.17
    5369297 |  8513952.98
    1697522 |  8513943.48
    6165367 |  8513762.01
     361555 |  8513743.14
    5860114 |  8513643.95
    3619770 |  8513403.08
    3594623 |  8513375.94
    1048891 |  8513343.75
    4588217 |  8513339.52
    2516210 |  8513318.66
       7289 |  8513280.60
    5517686 |  8513266.96
    6068876 |  8513231.31
    3474649 |  8513213.00
     998259 |  8513065.50
    4370289 |  8513055.85
    5111825 |  8513026.34
     635354 |  8513001.30
    2272095 |  8512953.20
     374109 |  8512702.61
    6321218 |  8512649.80
    2376778 |  8512555.70
     629879 |  8512457.20
    4560407 |  8512328.17
    4727482 |  8512287.72
    5029155 |  8512221.83
     746744 |  8512080.75
    5672362 |  8511939.57
    6386163 |  8511870.33
    4309424 |  8511763.37
     638050 |  8511666.24
    3704225 |  8511625.50
    2762101 |  8511614.92
    4885964 |  8511605.76
    1504429 |  8511577.16
    5373827 |  8511471.60
    2173080 |  8511281.94
    2890169 |  8511143.03
    5837386 |  8511029.18
    1568582 |  8511017.01
    6245742 |  8510952.33
    1832028 |  8510914.86
    4472987 |  8510914.49
    3320288 |  8510826.80
    1920500 |  8510690.52
     490590 |  8510670.00
    6153144 |  8510656.77
    1226666 |  8510494.20
     408824 |  8510491.50
    4792237 |  8510444.28
    1618779 |  8510437.44
    5625868 |  8510361.30
    3782365 |  8510336.34
    2321380 |  8510064.06
    4819350 |  8509942.88
    3685097 |  8509830.00
    1949194 |  8509809.00
    3512066 |  8509808.46
     474956 |  8509725.70
    4149880 |  8509578.74
    5741467 |  8509564.36
    2104287 |  8509533.12
    5423248 |  8509396.24
     578739 |  8509369.67
    5462661 |  8509255.62
    4443935 |  8509194.45
    5487684 |  8509177.04
    2527973 |  8509177.04
    3749224 |  8509136.70
    6337930 |  8509130.28
    4690821 |  8509125.52
    5767761 |  8509004.45
    5797427 |  8508937.56
    5888844 |  8508913.07
     657934 |  8508846.94
    1207706 |  8508845.88
    4272435 |  8508743.50
     208577 |  8508697.01
    2477415 |  8508680.95
    2152441 |  8508557.02
    4706173 |  8508452.87
    2981442 |  8508446.07
     157679 |  8508421.20
    3769201 |  8508326.75
    3488465 |  8508278.96
    2494259 |  8508247.65
    5410524 |  8508209.64
    3477614 |  8508185.63
    4829358 |  8508109.80
    5365578 |  8508039.12
    5881355 |  8507883.78
    2265421 |  8507868.93
    4405221 |  8507803.59
    5794280 |  8507791.44
     816652 |  8507757.30
    2747621 |  8507721.75
    2838455 |  8507568.24
    1104872 |  8507520.36
    4782626 |  8507276.85
    3102623 |  8507276.26
    4615177 |  8507274.56
    1713816 |  8507193.27
    5738961 |  8507163.87
    1612269 |  8507007.81
    3779912 |  8506950.56
     468030 |  8506948.77
    5718364 |  8506913.09
    1508286 |  8506892.76
    6224065 |  8506839.45
    1262198 |  8506803.68
    2619114 |  8506753.57
    5132945 |  8506741.56
    4179688 |  8506676.90
    5114045 |  8506647.64
    4389541 |  8506630.00
     414451 |  8506502.46
    4270154 |  8506476.65
     413743 |  8506456.23
    5093312 |  8506425.36
    1659319 |  8506152.88
     151577 |  8506110.67
    5675860 |  8506096.21
    3122054 |  8506015.92
    4207505 |  8505960.42
    4183313 |  8505870.84
    1655267 |  8505793.55
    3332538 |  8505743.79
    3633448 |  8505724.20
    4756293 |  8505642.24
    1192126 |  8505601.72
    1535629 |  8505483.60
    5420178 |  8505474.48
    5810165 |  8505408.29
    3200495 |  8505387.75
    2911613 |  8505374.26
    1976232 |  8505353.60
    3867996 |  8505288.96
    1867800 |  8505245.58
    3239388 |  8505190.74
    3633516 |  8505094.92
    4997379 |  8505022.12
    1061448 |  8504958.63
    6086899 |  8504928.00
    5600674 |  8504804.56
    2641150 |  8504787.12
     843284 |  8504784.75
    1430835 |  8504742.12
    2224382 |  8504712.06
    3575754 |  8504708.84
    1569618 |  8504668.80
     686951 |  8504569.80
    2064079 |  8504505.36
    4452457 |  8504443.22
     888739 |  8504351.00
    4204346 |  8504345.20
    5158213 |  8504319.38
    2203500 |  8504283.34
    6282940 |  8504278.64
    4758769 |  8504236.20
    3113866 |  8504118.80
    2153302 |  8504096.94
    2363237 |  8504011.44
     357431 |  8503932.04
    2164978 |  8503639.20
    3794309 |  8503518.24
    1597259 |  8503473.20
    3623149 |  8503404.80
    1562320 |  8503358.88
    5202151 |  8503279.20
     105365 |  8503264.68
    5768109 |  8503227.45
    3536222 |  8503218.17
     204161 |  8503142.42
    1860366 |  8503120.94
    4266370 |  8503042.34
    2350270 |  8502968.11
    5305667 |  8502964.50
     798431 |  8502919.76
     763554 |  8502873.82
    3440068 |  8502873.52
    2714924 |  8502812.64
    5838719 |  8502810.42
    5309460 |  8502695.60
    6036365 |  8502641.62
    1919966 |  8502517.01
     744903 |  8502491.20
    5638294 |  8502385.20
    1254207 |  8502291.02
    3082168 |  8502148.14
    1692129 |  8501936.25
    5798819 |  8501926.32
     243644 |  8501827.36
     523393 |  8501793.93
     890435 |  8501769.23
    2632451 |  8501739.40
    2881924 |  8501729.10
    4849396 |  8501684.58
    4479254 |  8501647.28
    2589001 |  8501543.44
    1461098 |  8501498.72
    2748862 |  8501457.68
    1477781 |  8501323.23
    4021743 |  8501314.50
    1774182 |  8501275.86
    2717666 |  8501196.96
    3295662 |  8501083.50
    4895831 |  8501019.20
    5184637 |  8500948.78
     594744 |  8500877.00
    1244514 |  8500728.00
    6047198 |  8500710.46
    1572228 |  8500553.62
    2701860 |  8500437.66
     755650 |  8500424.64
    1301158 |  8500384.92
    3641546 |  8500360.88
    5545083 |  8500325.95
     264016 |  8500307.04
    2824805 |  8500279.06
     216013 |  8500180.50
    2650609 |  8500134.24
     778443 |  8500100.88
    5347116 |  8500006.50
    3908439 |  8499978.76
    2068621 |  8499904.64
    2097694 |  8499812.80
    5144715 |  8499809.94
    5317717 |  8499775.32
    5383294 |  8499732.34
    1517319 |  8499694.08
     605025 |  8499648.57
    3855496 |  8499593.20
    1957451 |  8499557.86
    5865009 |  8499552.00
    1547356 |  8499550.12
    2188510 |  8499474.44
    1989305 |  8499360.90
    2802918 |  8499229.53
    6111495 |  8499153.69
    4737368 |  8499134.87
    4520492 |  8499084.75
    6219775 |  8499068.21
    5111974 |  8498857.92
    3505349 |  8498821.13
    1206836 |  8498751.10
    3914661 |  8498739.52
    5950375 |  8498640.58
     121787 |  8498487.96
      27638 |  8498453.98
    3088893 |  8498385.45
    1901873 |  8498309.37
     392829 |  8498280.70
    2013299 |  8498262.08
    1356500 |  8498255.58
    5003768 |  8498185.36
     991135 |  8498083.44
    6041617 |  8498074.96
    3586158 |  8498027.48
    3600413 |  8498014.70
    5543316 |  8497959.87
    5711789 |  8497958.72
    3293579 |  8497845.19
    4552425 |  8497836.04
     214212 |  8497759.04
     127327 |  8497573.92
    4351294 |  8497565.60
    1892046 |  8497485.07
     199641 |  8497362.59
    5184784 |  8497266.40
     748948 |  8497262.62
    2213653 |  8497198.65
    2132235 |  8497190.70
    1402082 |  8497138.96
    2536241 |  8497057.84
    6002052 |  8496972.00
    5679051 |  8496970.11
    4439466 |  8496961.55
     752895 |  8496904.76
    6098305 |  8496845.67
     856143 |  8496793.14
    6262885 |  8496786.20
    3889529 |  8496645.92
     366482 |  8496566.19
    4770633 |  8496426.78
    2540377 |  8496354.55
    2835301 |  8496308.70
    1652484 |  8496274.32
    4210795 |  8496188.71
    2159668 |  8496154.80
    5818318 |  8496138.42
    3952634 |  8496082.40
    4741334 |  8496027.36
    2534174 |  8495995.53
    1006538 |  8495990.66
    6376056 |  8495898.76
     763497 |  8495871.03
    5354636 |  8495780.26
    2806103 |  8495775.50
      77620 |  8495569.32
    5333027 |  8495560.20
    4542850 |  8495475.12
    4180381 |  8495462.16
    1564640 |  8495416.44
    3492667 |  8495416.16
    3902747 |  8495409.04
    3109809 |  8495402.83
    6001741 |  8495381.81
    2052169 |  8495362.08
    2082309 |  8495254.07
    4568311 |  8495177.71
    3573115 |  8495107.50
    2165571 |  8494986.24
    4472748 |  8494969.61
    3093863 |  8494817.66
     111490 |  8494629.50
    3392353 |  8494542.16
     865188 |  8494541.40
    5733468 |  8494491.83
    6160277 |  8494471.12
    3584387 |  8494427.07
      59925 |  8494396.89
    4138473 |  8494314.40
    1207658 |  8494269.12
    3820398 |  8494249.76
    4092857 |  8494196.55
    4335221 |  8494098.03
     931964 |  8494082.16
    5200185 |  8494023.09
    3562710 |  8493978.50
    1125374 |  8493964.20
     308982 |  8493801.36
    1747943 |  8493729.42
    5673303 |  8493645.05
     714517 |  8493636.05
    2832608 |  8493628.17
    4788681 |  8493609.68
    6072013 |  8493600.99
     485274 |  8493506.00
    2192681 |  8493324.84
    1296238 |  8493311.75
    5108624 |  8493289.40
    3862138 |  8493210.88
     731216 |  8493207.38
    4260058 |  8493161.10
    1306826 |  8493115.56
    2846552 |  8493009.60
    5744485 |  8492928.54
     946461 |  8492853.24
    2223801 |  8492818.35
    4293437 |  8492643.02
     310949 |  8492620.69
    1533671 |  8492495.06
    5419034 |  8492446.94
    5916999 |  8492408.15
    5684521 |  8492060.36
     484717 |  8492031.00
    1413690 |  8492007.12
    5276584 |  8491969.20
    4690221 |  8491919.52
    4135785 |  8491870.64
    2465831 |  8491865.26
    1970534 |  8491825.78
    4666382 |  8491825.65
    5061544 |  8491799.70
     223223 |  8491744.13
    5991772 |  8491709.12
    3811120 |  8491653.18
    6181382 |  8491598.10
    5049754 |  8491548.84
    3065301 |  8491354.06
    2419837 |  8491230.96
    1468840 |  8491131.36
    6239579 |  8491065.75
    1841414 |  8491004.82
    3265426 |  8490999.72
    1720911 |  8490990.11
     462137 |  8490915.54
     498236 |  8490816.10
    6058201 |  8490657.10
     592475 |  8490578.60
    5052930 |  8490552.25
     888446 |  8490550.44
    2075533 |  8490528.00
    5227721 |  8490524.52
    3470117 |  8490486.78
      39737 |  8490484.97
    4526064 |  8490469.39
    3558887 |  8490342.40
    4521216 |  8490315.90
      79500 |  8490229.72
    2299376 |  8490207.84
    4188092 |  8490196.97
     610829 |  8490193.32
    2481855 |  8490106.30
     966036 |  8490102.94
    1074182 |  8490043.17
    1065519 |  8489948.50
    3722876 |  8489908.13
    5144609 |  8489900.78
     804910 |  8489782.18
    3279839 |  8489759.40
    4474682 |  8489750.64
    2548795 |  8489660.01
     584635 |  8489655.21
      63121 |  8489609.89
    5773257 |  8489503.64
    4480692 |  8489437.44
     937574 |  8489372.19
    1398748 |  8489314.47
    2730609 |  8489247.29
    3867270 |  8489227.45
    5866443 |  8489217.70
    6131747 |  8489190.71
    1729250 |  8489078.40
     252152 |  8489031.74
    3645909 |  8489004.12
    1325527 |  8488976.00
    1227258 |  8488921.50
    5168290 |  8488868.22
    2250838 |  8488850.13
    2208853 |  8488810.44
      37649 |  8488773.57
    6369179 |  8488731.60
    1278354 |  8488699.30
    4983479 |  8488622.92
    3717560 |  8488606.17
    6313531 |  8488603.63
    3307706 |  8488569.88
    5505590 |  8488545.40
     746344 |  8488483.29
     655633 |  8488434.50
    1739900 |  8488428.08
    6256425 |  8488351.30
    3489532 |  8488280.84
    3647881 |  8488270.48
    2872199 |  8488236.90
    3221528 |  8488155.63
    6119599 |  8488151.40
    1485459 |  8488023.89
     277791 |  8487952.98
    2340093 |  8487935.30
    2484637 |  8487886.36
    5940532 |  8487831.68
    3418479 |  8487811.44
    3335185 |  8487802.55
    1218257 |  8487773.70
    4644588 |  8487679.24
    2011004 |  8487646.20
    3044499 |  8487559.88
    1927194 |  8487543.60
     383912 |  8487507.39
    4584475 |  8487491.82
    5418043 |  8487479.40
    1332120 |  8487454.15
    6371454 |  8487409.99
    4471620 |  8487397.99
    1194652 |  8487226.02
    2080250 |  8487217.31
     282308 |  8487181.50
     103879 |  8487135.90
    4445468 |  8487135.36
    4436059 |  8487131.04
     723441 |  8487131.00
    3670097 |  8487087.75
    4519875 |  8487077.28
    5027663 |  8487015.60
    4496476 |  8486992.89
    3373683 |  8486980.70
    3152606 |  8486974.44
    2476418 |  8486932.36
    3417738 |  8486748.24
    3444638 |  8486678.07
    4402576 |  8486674.95
    1389140 |  8486670.64
    5247634 |  8486665.35
     300866 |  8486649.28
    3802424 |  8486613.80
    3104353 |  8486607.12
    5779777 |  8486600.40
     979398 |  8486598.83
    6326608 |  8486598.15
    6104557 |  8486583.84
     719398 |  8486572.56
    1052713 |  8486546.55
    5368553 |  8486542.20
    1345294 |  8486513.80
    1574840 |  8486459.27
    5402408 |  8486434.95
    1815575 |  8486406.30
    5141151 |  8486303.76
    1679847 |  8486210.40
    5160480 |  8486129.96
    5722918 |  8486051.85
     219244 |  8486040.75
     590288 |  8485790.61
    5662505 |  8485772.40
    4961789 |  8485766.75
    1025556 |  8485674.54
    1020826 |  8485645.44
    1085453 |  8485419.38
    5176289 |  8485246.26
     285355 |  8485176.69
    1611903 |  8485142.36
    3185857 |  8485114.02
    1180722 |  8485070.72
     721588 |  8484971.95
    2653429 |  8484940.40
    4243356 |  8484940.11
    3642067 |  8484879.34
    4470050 |  8484767.10
    1530705 |  8484714.19
    2768768 |  8484575.24
    4216981 |  8484530.79
    3726472 |  8484474.90
    3421611 |  8484464.56
    4694242 |  8484463.98
    5850152 |  8484393.45
    2013764 |  8484349.35
     804158 |  8484253.03
    1345331 |  8484183.54
    2260013 |  8484164.88
    2531551 |  8484097.16
    2877419 |  8484054.15
     188510 |  8483849.92
     302864 |  8483840.96
    4139213 |  8483752.08
    1762271 |  8483690.54
    5175341 |  8483645.52
    5513733 |  8483488.92
    6073704 |  8483434.20
     698538 |  8483369.04
    4442852 |  8483367.60
    5597603 |  8483349.60
    6063293 |  8483323.42
    1773023 |  8483173.64
    4969962 |  8483095.24
     944085 |  8482998.81
     269770 |  8482982.76
    5112760 |  8482824.10
    2231621 |  8482780.93
    5709945 |  8482777.83
    4277482 |  8482696.11
    6196510 |  8482692.58
    3637770 |  8482661.00
    2085555 |  8482627.80
    2972871 |  8482603.36
    2917758 |  8482531.05
    1340899 |  8482514.49
    3398644 |  8482402.96
    5891465 |  8482335.51
    4901057 |  8482323.00
     370636 |  8482312.59
    4493198 |  8482301.10
    5177671 |  8482196.36
    2178152 |  8482185.92
     365831 |  8482052.78
    2820048 |  8482049.36
    3022203 |  8481946.00
    2638063 |  8481910.56
    5731552 |  8481906.40
    4547668 |  8481873.68
    2214893 |  8481857.67
    2517717 |  8481726.36
    4173183 |  8481682.66
    5268930 |  8481681.84
    4620586 |  8481655.71
    2031761 |  8481633.48
    6101655 |  8481608.97
    4031506 |  8481602.17
    5447390 |  8481595.20
    1938584 |  8481582.20
    5046597 |  8481522.40
    4278674 |  8481461.14
    3037298 |  8481442.53
    2489076 |  8481405.24
    5712925 |  8481390.12
    5784932 |  8481375.18
    5419676 |  8481326.44
    5446681 |  8481308.86
    2277467 |  8481306.15
    1023300 |  8481300.99
    6198342 |  8481160.08
    5424194 |  8481009.11
    5886088 |  8480971.24
    3119076 |  8480932.68
    1992127 |  8480830.48
    2274019 |  8480763.10
     534084 |  8480690.40
    2578988 |  8480484.88
    5080932 |  8480384.55
    4169336 |  8480331.82
    4930224 |  8480259.68
    5486031 |  8480245.20
    2360719 |  8480188.80
    4835391 |  8480155.32
    1728100 |  8480149.83
    3034088 |  8480124.18
     929427 |  8480112.70
     342947 |  8479979.95
    5939921 |  8479940.20
    6223121 |  8479928.44
    4037117 |  8479908.64
    2259112 |  8479893.96
    5455411 |  8479854.44
    4868153 |  8479813.18
    1230335 |  8479553.27
    5287863 |  8479526.20
    5985507 |  8479502.56
     722789 |  8479479.01
    4473620 |  8479444.26
    4261488 |  8479426.41
    4813806 |  8479413.59
    2248951 |  8479402.80
    1416825 |  8479350.38
    2564009 |  8479347.70
    3964646 |  8479323.19
    1861074 |  8479310.40
    4984788 |  8479217.50
    4156092 |  8479175.30
    3392076 |  8479131.52
    1840691 |  8478970.40
    1734643 |  8478931.24
    5770348 |  8478916.48
    1038758 |  8478874.62
     704287 |  8478861.68
    2492319 |  8478750.59
    4275763 |  8478710.90
    5466204 |  8478663.90
    5264837 |  8478543.20
     499837 |  8478488.76
    1402726 |  8478411.75
    5177209 |  8478336.16
    5065714 |  8478317.76
    2115402 |  8478292.90
    1311849 |  8478176.00
    3140862 |  8478165.08
    4869309 |  8478153.26
     978576 |  8478141.62
    4948894 |  8478098.30
    1131710 |  8478024.36
    4480302 |  8477987.34
    5910548 |  8477977.84
    5031050 |  8477931.80
    2299829 |  8477809.12
    1598997 |  8477805.48
    4194008 |  8477774.40
    5325915 |  8477633.96
    3388821 |  8477558.82
    2090728 |  8477460.32
    5301138 |  8477370.98
    6208518 |  8477081.28
    5333640 |  8477076.52
    3546805 |  8476894.20
    2473791 |  8476878.86
    4768305 |  8476797.50
    2306916 |  8476772.12
    3042907 |  8476730.59
    2498434 |  8476654.50
    6143011 |  8476649.49
    5673053 |  8476592.52
    4008828 |  8476584.06
    6393848 |  8476571.18
    6100026 |  8476564.14
    4994274 |  8476538.40
     485048 |  8476514.96
    1740722 |  8476486.42
    5066136 |  8476483.42
    4519691 |  8476282.92
    4368443 |  8476264.75
     140995 |  8476261.24
    6393911 |  8476221.13
    2110481 |  8476212.76
    1429315 |  8476212.57
    1712786 |  8476204.77
    4621849 |  8476145.30
     879381 |  8476095.06
     621120 |  8476046.04
    3796485 |  8476039.04
    6235911 |  8475984.56
    3964310 |  8475954.17
    5676841 |  8475930.38
    1939782 |  8475850.75
    2024354 |  8475822.99
    5172782 |  8475816.00
    5525594 |  8475808.20
    1613398 |  8475776.33
    5015190 |  8475757.83
     125453 |  8475511.44
    5900117 |  8475495.30
    6285419 |  8475402.24
     282864 |  8475198.60
    2572026 |  8475163.00
    4374858 |  8475071.92
     867117 |  8475002.46
    1470796 |  8474945.40
    2843774 |  8474922.95
    4748643 |  8474913.60
    5190593 |  8474772.42
    5828990 |  8474627.45
     456893 |  8474598.94
     365431 |  8474598.36
    1197259 |  8474596.17
    3289261 |  8474473.68
    3078746 |  8474437.26
     967488 |  8474414.85
    4808701 |  8474403.20
     963074 |  8474382.54
    1565626 |  8474350.08
     278083 |  8474290.59
    1563000 |  8474264.95
    5715338 |  8474256.76
    3162073 |  8474231.55
    5407210 |  8474201.13
    2309255 |  8474165.99
    2737718 |  8474159.12
    4480444 |  8474095.59
      50240 |  8474094.53
    4349931 |  8474077.45
    4151589 |  8474049.24
    5092923 |  8473875.00
    5591002 |  8473770.86
    3343866 |  8473750.22
     839828 |  8473719.23
    2936469 |  8473709.20
    3762289 |  8473703.25
     416401 |  8473701.60
    5751712 |  8473621.53
    4548436 |  8473567.71
    3513786 |  8473470.82
    1126252 |  8473445.22
    1757441 |  8473411.43
    2813311 |  8473342.50
     274462 |  8473278.19
    5099869 |  8473124.31
    2105003 |  8473092.48
    1807176 |  8473074.96
    1355622 |  8473026.30
    1277683 |  8473004.62
    1752728 |  8472757.28
    4006410 |  8472730.32
    3439124 |  8472616.23
    1949038 |  8472592.48
    4002989 |  8472530.48
    1224249 |  8472507.59
    5993391 |  8472501.48
     641201 |  8472472.98
    2914519 |  8472353.22
    3146020 |  8472259.12
    4688964 |  8472175.83
    5225133 |  8472131.88
    5858532 |  8472065.77
    2215700 |  8472016.37
    1710429 |  8471858.71
    4649134 |  8471817.90
    6165852 |  8471797.92
     787518 |  8471785.61
    3889029 |  8471762.35
    1407096 |  8471746.80
    1221016 |  8471734.29
    6284857 |  8471650.56
    6096374 |  8471586.88
    1694663 |  8471554.14
    6275390 |  8471552.76
    4780612 |  8471502.76
    5672109 |  8471448.96
     683720 |  8471407.86
    4735589 |  8471331.54
    2205025 |  8471331.26
    1432963 |  8471319.47
    5077253 |  8471304.68
    2989755 |  8471270.75
    2113902 |  8471260.11
    4470531 |  8471106.20
    5985586 |  8471072.14
    4961695 |  8471010.09
    5495307 |  8470982.52
    4785776 |  8470960.00
    4485346 |  8470948.57
    4613660 |  8470911.24
    5596523 |  8470852.24
    4582483 |  8470806.85
    3362489 |  8470802.28
    2757539 |  8470788.60
    4939669 |  8470677.75
    3589592 |  8470651.88
    3635317 |  8470561.28
     158495 |  8470537.29
    1513526 |  8470489.16
    3307289 |  8470483.20
     925183 |  8470453.14
    3025625 |  8470435.30
    4732354 |  8470323.06
    2019404 |  8470152.84
    5968884 |  8470147.26
    5072096 |  8470101.00
    5604467 |  8470100.06
    3380180 |  8469981.00
     554524 |  8469976.41
    4456145 |  8469931.35
    5613510 |  8469903.47
    2624818 |  8469838.60
    2618904 |  8469793.47
     760331 |  8469761.60
    2936189 |  8469760.64
    1235079 |  8469755.40
    2554274 |  8469714.03
     453198 |  8469668.24
    5202547 |  8469580.95
    5661422 |  8469543.33
    5087061 |  8469513.00
    4891728 |  8469478.04
    2369106 |  8469415.24
    5693158 |  8469341.70
    3747712 |  8469264.95
    4667326 |  8469243.90
     838164 |  8469081.60
    6086623 |  8469068.27
    5446980 |  8468953.92
    5344648 |  8468913.42
    4590246 |  8468911.92
    5750042 |  8468910.90
    3171912 |  8468839.26
    4466576 |  8468828.16
    6099295 |  8468794.36
     562481 |  8468778.78
    6291911 |  8468748.36
    2386056 |  8468646.53
    5918724 |  8468643.60
    4622367 |  8468454.87
    2283605 |  8468445.30
     925745 |  8468365.20
     253839 |  8468342.65
    5512023 |  8468326.55
    2362449 |  8468243.88
    1707977 |  8468241.53
    4425067 |  8468213.17
    3450071 |  8468195.66
    4711940 |  8468149.32
    6010298 |  8468071.79
    1426861 |  8468030.84
    3697533 |  8468022.88
    5765706 |  8467941.93
     436176 |  8467837.02
    3203249 |  8467828.32
    4786854 |  8467741.75
    1608285 |  8467430.49
    4310083 |  8467414.50
     339149 |  8467401.60
     802316 |  8467391.28
    4264436 |  8467381.08
     122356 |  8467274.88
    5676193 |  8467235.10
     983561 |  8467201.36
    5770206 |  8467054.44
    3068897 |  8467025.13
    3156205 |  8467003.96
    3793488 |  8466990.95
    3104596 |  8466934.83
    1454760 |  8466922.80
    3967676 |  8466841.10
    2172440 |  8466810.60
    1563191 |  8466792.30
      11178 |  8466774.80
    1111312 |  8466705.33
    1877837 |  8466693.34
    4390839 |  8466558.73
    4600394 |  8466466.47
     856175 |  8466391.50
    2261281 |  8466391.08
    4523468 |  8466372.64
    5320323 |  8466323.82
    4891828 |  8466304.98
    1726599 |  8466275.58
    1576362 |  8466234.48
    1804880 |  8466177.20
    4634579 |  8466146.73
    4682531 |  8466146.58
    6180875 |  8466104.41
    2924594 |  8466088.40
     536127 |  8466045.64
    6173562 |  8466026.71
     782238 |  8465990.87
     400173 |  8465935.66
    6342094 |  8465840.04
    4648822 |  8465798.32
    2795227 |  8465758.28
    6143451 |  8465649.75
    1374948 |  8465632.07
     619831 |  8465572.61
     508445 |  8465426.20
    3437614 |  8465355.36
    5090458 |  8465333.40
    1052943 |  8465327.40
    5182715 |  8465316.43
    3076149 |  8465221.76
    1303320 |  8465200.69
    3665150 |  8465135.22
     162683 |  8465084.47
    4063772 |  8465063.00
    4578827 |  8465039.04
    5947139 |  8465029.00
     545639 |  8464951.72
    4515158 |  8464867.84
    4837749 |  8464855.57
    3458969 |  8464833.70
    3179241 |  8464811.02
    4292421 |  8464777.29
    4891351 |  8464764.14
    4242120 |  8464724.46
     837487 |  8464650.64
    5025339 |  8464636.02
    3162734 |  8464430.00
    3931416 |  8464308.70
    4658903 |  8464284.50
    2587368 |  8464237.68
    3210780 |  8464169.22
     901210 |  8464112.02
     959987 |  8464070.67
    2990470 |  8464056.84
    4926481 |  8463747.60
    2103571 |  8463634.90
    1527805 |  8463553.80
     520189 |  8463533.88
    6317959 |  8463529.50
    1069697 |  8463496.80
    3447898 |  8463388.30
    4804872 |  8463297.40
    3634239 |  8463195.14
    2376323 |  8463100.11
    4522812 |  8462952.94
    6039404 |  8462873.96
    1871179 |  8462823.60
    2090532 |  8462741.06
    2408723 |  8462670.56
    2620175 |  8462616.17
    1070138 |  8462560.00
    4302071 |  8462504.75
    3357704 |  8462501.13
    5147259 |  8462311.32
    5492094 |  8462229.06
    3909227 |  8462123.44
    2824964 |  8462032.15
    5306391 |  8461997.18
    1235529 |  8461973.52
    5606931 |  8461750.50
    2531886 |  8461683.84
    5186360 |  8461660.68
    3768686 |  8461649.46
    5072906 |  8461642.56
    5665588 |  8461516.17
    3997952 |  8461334.74
     337042 |  8461332.00
    4066780 |  8461248.90
    1379977 |  8461170.48
    4722697 |  8461152.10
    2649254 |  8461128.83
    4030441 |  8461103.40
    4481121 |  8461090.88
    4248362 |  8460982.86
    2067599 |  8460963.68
    3151452 |  8460839.90
     741734 |  8460798.88
    6077585 |  8460715.48
    6242515 |  8460695.25
    4098493 |  8460609.43
    2734179 |  8460515.44
    3947706 |  8460480.10
     135923 |  8460369.40
    6182213 |  8460319.96
    4984925 |  8460313.48
     978979 |  8460244.10
    6328877 |  8460229.14
     848094 |  8460222.09
    2236444 |  8460094.02
    1470476 |  8460078.05
     861250 |  8459993.55
    3596719 |  8459827.62
    6072561 |  8459820.09
    2236397 |  8459799.50
     461805 |  8459795.85
    2826284 |  8459771.76
    4104427 |  8459746.11
    3862800 |  8459717.42
    4272203 |  8459648.00
    3965220 |  8459437.00
    2799479 |  8459400.96
    5517079 |  8459343.09
    1402387 |  8459340.84
     846808 |  8459186.40
    1643543 |  8459173.94
    5065878 |  8459160.35
    5818435 |  8459068.64
    5718398 |  8459036.30
    6257804 |  8459036.04
    2077011 |  8458998.21
    4436335 |  8458990.20
    1322363 |  8458969.55
    2413710 |  8458962.72
    1192553 |  8458911.60
    5781634 |  8458842.26
     887530 |  8458792.12
    2953135 |  8458706.32
    3465038 |  8458663.32
    1217578 |  8458645.52
    2030483 |  8458551.50
    5789927 |  8458501.93
    2590996 |  8458491.44
    5608275 |  8458487.82
    4050371 |  8458457.35
    5713511 |  8458447.16
    1480469 |  8458426.35
    3409883 |  8458416.48
    3415303 |  8458370.80
    3105352 |  8458318.75
    1988118 |  8458316.70
     935769 |  8458294.28
    2719871 |  8458269.05
    4652871 |  8458006.43
    4901949 |  8457985.20
    4059647 |  8457802.00
     449478 |  8457655.80
    1122524 |  8457606.01
    3406462 |  8457592.00
    2787007 |  8457544.62
     242133 |  8457495.08
     900767 |  8457391.25
    5012543 |  8457361.77
    2752245 |  8457356.00
    3694561 |  8457203.36
    2794639 |  8457187.50
    5636893 |  8457155.85
    4353587 |  8457136.87
    4906876 |  8456784.91
    2262511 |  8456778.35
    5638199 |  8456738.50
    4532883 |  8456727.37
    1642863 |  8456717.34
    1514971 |  8456712.81
     793089 |  8456701.40
    2459755 |  8456675.72
    5954080 |  8456651.56
    1966482 |  8456574.00
    3930961 |  8456574.00
    4632504 |  8456517.84
    5978372 |  8456516.80
    5577355 |  8456476.54
     101908 |  8456360.82
    2852218 |  8456297.76
    3309553 |  8456240.79
    1338210 |  8456203.12
    2327290 |  8456175.63
    4247835 |  8456145.60
    2110570 |  8456130.40
       8348 |  8456071.32
    4962895 |  8456014.56
    1697832 |  8455953.50
    2784085 |  8455938.13
    4479749 |  8455931.35
     968497 |  8455842.40
    5525975 |  8455829.92
      52458 |  8455807.50
    4480238 |  8455774.36
    5734480 |  8455732.47
    2035396 |  8455676.46
    3340024 |  8455669.56
    2959150 |  8455569.18
    5814197 |  8455566.58
      38471 |  8455517.91
    2144098 |  8455494.32
    2509736 |  8455438.26
    2712803 |  8455289.22
     863503 |  8455253.36
    5747066 |  8455151.63
       7417 |  8455150.20
    3145225 |  8455095.93
     976055 |  8454977.23
    2262402 |  8454959.34
    1463532 |  8454940.32
    5139772 |  8454891.70
    3933942 |  8454727.82
    1641277 |  8454693.69
    4405411 |  8454508.00
    3263172 |  8454341.08
    1476088 |  8454301.68
    2740949 |  8454278.60
    4819112 |  8454158.10
    6228099 |  8454082.32
    2896465 |  8454074.82
    2472519 |  8454031.68
    4100226 |  8454031.00
    5114404 |  8454001.27
    5004171 |  8453991.84
    4814532 |  8453941.97
    4158368 |  8453909.69
    1336777 |  8453865.73
    1124419 |  8453855.63
    4177304 |  8453843.65
    4794955 |  8453695.23
    2778983 |  8453627.46
    2214168 |  8453626.30
    3879445 |  8453596.80
     407255 |  8453489.01
    4678928 |  8453421.13
    5986972 |  8453413.32
     516997 |  8453391.48
    5079770 |  8453334.24
    4731859 |  8453329.03
    3488171 |  8453248.42
    1579589 |  8453237.76
    1740854 |  8453226.07
    4925453 |  8453129.00
     800278 |  8453088.72
    1582502 |  8453077.92
    2437132 |  8453076.98
    5955196 |  8452938.00
    6096466 |  8452925.28
    4198942 |  8452867.28
    4912086 |  8452865.52
    1859200 |  8452786.92
     508464 |  8452769.92
    1293042 |  8452695.88
     549507 |  8452621.16
    4828421 |  8452419.80
    4788432 |  8452333.20
    1296379 |  8452321.25
    1208979 |  8452266.06
     835165 |  8452164.88
    1475102 |  8452156.23
    3354804 |  8452131.86
    1763005 |  8452032.96
    2924625 |  8451955.05
    2237379 |  8451918.45
    5766898 |  8451913.40
    2112055 |  8451826.12
    4293652 |  8451745.38
    5056801 |  8451716.35
    1325148 |  8451707.25
    3817199 |  8451674.56
    6396706 |  8451607.50
    6011497 |  8451585.10
    2155637 |  8451574.88
    4265299 |  8451509.15
     658865 |  8451407.79
    2041281 |  8451403.56
     794578 |  8451397.92
    3827772 |  8451367.92
    5013282 |  8451243.90
     659643 |  8451233.60
    5029474 |  8451134.20
     847889 |  8451125.55
    4311039 |  8451043.77
    5248756 |  8450932.68
    3840955 |  8450912.70
    3034583 |  8450911.08
    1424929 |  8450888.16
    4762314 |  8450810.88
    1734958 |  8450752.66
     610269 |  8450734.53
    2672073 |  8450511.42
    5308105 |  8450428.08
    5303938 |  8450324.55
    3127622 |  8450307.68
     937043 |  8450266.50
    2769512 |  8450211.70
    3116124 |  8450177.47
    4974225 |  8450061.54
    2259771 |  8450059.77
     856584 |  8450034.54
    4467566 |  8449955.80
    1472103 |  8449666.04
    5758217 |  8449640.58
    5421790 |  8449638.07
    3851361 |  8449618.94
    1677704 |  8449578.95
    1040061 |  8449525.11
    5569030 |  8449512.96
    5541596 |  8449499.45
    1241174 |  8449416.88
    6285460 |  8449317.94
    6020310 |  8449279.02
    1067234 |  8449149.40
    5042665 |  8449110.10
    2210315 |  8449095.56
    2447867 |  8449071.16
    6086416 |  8449067.77
    4849114 |  8448978.09
     138783 |  8448870.32
    4350482 |  8448798.90
    4566017 |  8448699.45
    6114662 |  8448677.45
    4717111 |  8448570.44
    4994613 |  8448493.45
    3239836 |  8448401.96
    2879317 |  8448368.11
    6341731 |  8448350.16
       8384 |  8448346.97
    3814052 |  8448329.32
    3486129 |  8448282.92
    1642393 |  8448274.44
    2552831 |  8448265.98
    6277282 |  8448250.96
    4531417 |  8448224.40
    2638532 |  8448203.20
     230261 |  8448161.26
    3734054 |  8448153.12
     995858 |  8448148.92
    3175603 |  8448071.58
    1660317 |  8448030.18
    3760945 |  8447997.10
    2264477 |  8447855.90
    2613765 |  8447740.95
    5083571 |  8447696.44
      14764 |  8447670.94
    1613826 |  8447614.88
     223722 |  8447612.16
    1167939 |  8447599.88
    3372751 |  8447577.60
     808728 |  8447531.80
    5770693 |  8447465.60
    2829471 |  8447461.60
    3600452 |  8447449.00
    5364763 |  8447391.56
    5642314 |  8447363.21
    3837557 |  8447356.72
    1308572 |  8447346.88
    6386627 |  8447326.86
    2235400 |  8447293.55
    5806415 |  8447228.64
    5190261 |  8447165.10
    3296970 |  8447163.75
    1735047 |  8447139.36
     878209 |  8447091.06
    6114050 |  8447039.23
    4153034 |  8446966.80
    5205767 |  8446783.98
    4533903 |  8446770.00
    5781794 |  8446709.76
    5131025 |  8446691.20
    4734427 |  8446683.70
      98759 |  8446634.95
    3660145 |  8446517.58
    5013390 |  8446514.58
    1518244 |  8446444.56
    2120878 |  8446423.23
    2265624 |  8446384.87
    4495662 |  8446274.80
    1020815 |  8446256.10
    1638208 |  8446148.32
    2600525 |  8446089.60
     633985 |  8446030.94
    2598067 |  8446018.74
    5785623 |  8445996.00
    3880434 |  8445788.80
    5078838 |  8445773.10
    3740275 |  8445747.83
     913635 |  8445739.46
     996681 |  8445672.17
     646700 |  8445663.27
      70994 |  8445598.30
     563943 |  8445571.68
    4039979 |  8445536.58
    3387070 |  8445526.67
     608107 |  8445439.76
    5369526 |  8445412.04
    5935047 |  8445406.32
    3029175 |  8445376.50
    2774858 |  8445337.20
    4490300 |  8445281.22
    2074077 |  8445152.22
     628558 |  8445151.80
     185285 |  8445147.20
    4204565 |  8445056.10
       2740 |  8445044.48
    2296759 |  8445040.80
    2911920 |  8445014.58
    2781612 |  8444974.50
    2231814 |  8444843.55
    6281314 |  8444818.85
    5034862 |  8444764.06
    6194458 |  8444670.00
    3927275 |  8444598.27
    3598943 |  8444558.07
    3999324 |  8444425.50
    5627796 |  8444323.15
     223805 |  8444305.76
    4253435 |  8444279.06
    2231351 |  8444249.52
    4664626 |  8444120.40
    5639269 |  8444070.68
    1590972 |  8443945.05
     116755 |  8443864.00
    1748735 |  8443818.36
    1338626 |  8443799.88
    5382907 |  8443749.60
    5118331 |  8443650.26
    3323889 |  8443584.61
    1064007 |  8443553.03
     143109 |  8443547.19
    5853452 |  8443546.02
    1034417 |  8443515.96
    4901788 |  8443457.03
     264090 |  8443388.16
    1900896 |  8443360.98
    3814632 |  8443324.89
    1929193 |  8443032.36
     719121 |  8443021.98
     376797 |  8442922.59
     269838 |  8442882.04
    2082833 |  8442875.74
    2137387 |  8442686.52
     229818 |  8442652.34
    3201286 |  8442621.79
    2702029 |  8442596.30
    3949919 |  8442525.94
    2753659 |  8442510.12
    4166369 |  8442356.20
     658790 |  8442300.48
    4322494 |  8442246.16
    1695170 |  8442159.48
     104177 |  8442116.48
    5190528 |  8442104.58
    5044795 |  8442092.16
    4838801 |  8442033.96
    3338641 |  8442011.76
     730883 |  8441896.53
    1234419 |  8441886.18
    1352225 |  8441768.40
    5185307 |  8441734.28
     539662 |  8441696.16
    5210876 |  8441631.93
     644444 |  8441617.92
    2511316 |  8441496.07
    2300728 |  8441484.42
    5150024 |  8441445.96
    1982817 |  8441428.66
    3399114 |  8441410.16
    4757497 |  8441381.76
    2872425 |  8441376.10
    4231531 |  8441322.72
     894187 |  8441228.79
    3756958 |  8441211.80
    3102876 |  8441078.60
    5975942 |  8441070.75
    2295662 |  8441008.23
    5126595 |  8440994.97
    2670174 |  8440946.08
    3031414 |  8440894.00
    2859982 |  8440837.63
    1178401 |  8440825.26
     526451 |  8440822.50
    1975990 |  8440792.92
    4220827 |  8440761.22
    1428379 |  8440674.43
     715028 |  8440665.20
    2683990 |  8440529.24
    3231130 |  8440479.34
    4302546 |  8440350.80
     981807 |  8440336.30
    5215749 |  8440202.43
    1348016 |  8440001.72
    4312421 |  8439969.30
    3242599 |  8439895.00
    2373639 |  8439875.37
     511159 |  8439837.12
    1871667 |  8439828.24
    2743689 |  8439816.06
    2419109 |  8439676.98
    3672418 |  8439644.49
    3874837 |  8439605.44
    2158980 |  8439524.35
    6245351 |  8439400.21
    2792805 |  8439390.00
    3714537 |  8439347.80
     686628 |  8439320.49
    3560159 |  8439296.19
    3051324 |  8439292.32
    3281156 |  8439279.42
    1314579 |  8439229.84
     910166 |  8439196.23
    5015091 |  8439038.10
     653821 |  8439036.62
    5361423 |  8439004.05
    5589775 |  8438916.66
    2689539 |  8438905.29
    5936862 |  8438875.08
    2985704 |  8438794.90
    3772719 |  8438788.63
    5869215 |  8438779.75
    3817981 |  8438733.44
    5063907 |  8438699.76
    4712409 |  8438557.97
     705880 |  8438541.44
     556866 |  8438455.20
    5439811 |  8438298.05
    5154838 |  8438267.32
    1449160 |  8438240.56
    2694992 |  8438232.64
    4519399 |  8438220.00
    3034493 |  8438210.20
     295548 |  8438089.40
    1322383 |  8438058.83
    2768269 |  8438047.68
    2513913 |  8438031.80
    5830828 |  8437862.64
    2769654 |  8437829.15
    2563106 |  8437750.10
    1500037 |  8437616.55
    5682880 |  8437610.24
    2128300 |  8437602.80
    5111387 |  8437597.56
    4393031 |  8437588.94
    3049896 |  8437541.64
    2797634 |  8437369.20
    4976367 |  8437356.00
    5573659 |  8437221.10
    2236840 |  8437055.37
    1428746 |  8437050.02
      16033 |  8437028.57
    1625242 |  8437027.83
    6106933 |  8437021.77
    3433075 |  8437020.88
    3590523 |  8437000.95
    4445467 |  8436966.95
    1725908 |  8436932.22
    3517652 |  8436865.19
     575968 |  8436682.00
    5702366 |  8436543.48
    5897357 |  8436514.86
    3936040 |  8436424.16
    4820565 |  8436386.62
     942280 |  8436370.80
    4311302 |  8436368.53
    3299542 |  8436314.26
     172511 |  8436287.34
    6196180 |  8436237.75
    1009871 |  8436237.03
    2305933 |  8436211.42
    4379657 |  8436149.94
    2640132 |  8436129.66
    2155821 |  8436069.29
     487378 |  8435968.00
     613151 |  8435939.49
    5852497 |  8435915.04
    3403655 |  8435884.98
    4860790 |  8435867.76
    3926347 |  8435707.36
    3523961 |  8435682.45
    4115788 |  8435647.32
    6075900 |  8435637.86
    4990395 |  8435620.88
    3305121 |  8435491.10
    2266375 |  8435471.52
    4207137 |  8435128.79
    5071198 |  8435101.41
    3474968 |  8435018.20
    2493511 |  8434903.68
    5210570 |  8434779.95
    3237211 |  8434567.32
    4762866 |  8434441.20
    6288125 |  8434278.22
     688063 |  8434186.42
    1943008 |  8434060.57
    3184593 |  8434002.53
    1783368 |  8433994.98
    2882974 |  8433954.76
    3546180 |  8433879.94
    3951759 |  8433706.62
    4645149 |  8433686.90
    4367368 |  8433587.20
    4151931 |  8433468.22
    2542938 |  8433434.90
     724135 |  8433428.85
     408729 |  8433420.97
    2641050 |  8433378.18
    2378364 |  8433265.90
    1483836 |  8433253.92
     557389 |  8433207.00
    4719388 |  8433187.36
    5602864 |  8433126.95
     590325 |  8433124.11
    5901909 |  8433074.44
    4509391 |  8433031.99
    3475299 |  8432990.25
    6220701 |  8432771.55
    1677375 |  8432750.32
    4536329 |  8432640.84
    6273126 |  8432554.26
    2432436 |  8432545.80
    5282407 |  8432544.15
    1734660 |  8432484.74
    3323490 |  8432366.53
    1077499 |  8432340.43
    5800833 |  8432055.80
    4319601 |  8432055.59
    2328985 |  8432048.81
    6180778 |  8432048.10
    4003122 |  8432028.30
    1208721 |  8431886.94
    3896331 |  8431843.68
    1547549 |  8431597.32
    6271724 |  8431589.02
    5023147 |  8431550.38
     740455 |  8431528.00
     187140 |  8431515.84
    5624178 |  8431361.19
    5709051 |  8431357.08
    5444265 |  8431317.58
    1954174 |  8431253.47
    2527451 |  8431206.93
    5107701 |  8431170.72
    5281185 |  8431121.94
    5700445 |  8431115.00
    3798219 |  8431077.70
    2300700 |  8430992.92
    5533277 |  8430850.47
    3346257 |  8430826.30
    3070077 |  8430797.80
    1068339 |  8430718.35
    3546828 |  8430716.44
    1200842 |  8430706.16
    1637694 |  8430698.43
    1051500 |  8430589.74
    6255215 |  8430575.72
    2300446 |  8430559.36
    2511805 |  8430556.25
    3951494 |  8430543.66
    4083276 |  8430528.12
    5927999 |  8430486.01
    3018609 |  8430407.86
    3893615 |  8430397.39
    5297148 |  8430364.44
     595951 |  8430312.96
    1300850 |  8430188.48
    3916372 |  8430113.24
    5737361 |  8430054.84
     795738 |  8430048.00
     738168 |  8430005.04
    4937052 |  8429956.08
    4961707 |  8429924.23
    4054667 |  8429870.88
     714641 |  8429696.84
    1658510 |  8429681.67
    1221323 |  8429656.28
    2854828 |  8429571.99
    2023338 |  8429561.99
    1024847 |  8429561.12
    1934837 |  8429514.82
     764836 |  8429510.39
    4348416 |  8429494.88
    1335960 |  8429468.67
    6288882 |  8429398.25
     333650 |  8429384.11
    1958169 |  8429362.88
    2844783 |  8429342.22
    2838305 |  8429336.95
    2572502 |  8429291.28
    5096612 |  8429287.79
     832720 |  8429251.20
    5109837 |  8429183.40
    3915751 |  8429172.84
    4101965 |  8429163.32
    3809533 |  8429157.00
    4808174 |  8429140.72
    5340675 |  8429088.78
    5247640 |  8429022.24
    1861634 |  8428968.90
    2797431 |  8428928.30
    5907355 |  8428809.30
    4521341 |  8428746.12
    4065116 |  8428723.42
    3973187 |  8428666.84
    2398261 |  8428625.70
    1809373 |  8428541.55
     174394 |  8428486.24
    2752900 |  8428335.16
     665939 |  8428267.68
    1108994 |  8428242.52
    5590882 |  8428240.00
    5625991 |  8428105.71
    2984348 |  8428009.46
    4603836 |  8427954.40
    1084079 |  8427850.44
    4719554 |  8427790.52
     381514 |  8427730.78
    1567672 |  8427729.34
     412549 |  8427685.23
    3443249 |  8427669.08
    3494534 |  8427648.24
    4599129 |  8427613.09
    6282139 |  8427590.71
     217687 |  8427519.36
    5884947 |  8427436.40
    4010264 |  8427278.36
    2454787 |  8427275.80
    2122556 |  8427159.34
     917918 |  8427135.72
     339361 |  8427012.15
    3793223 |  8427011.67
    1861107 |  8426924.39
    2361353 |  8426853.76
    5984911 |  8426843.91
    2810293 |  8426814.20
    4853738 |  8426784.07
    3391823 |  8426693.61
    6379023 |  8426679.57
     670426 |  8426666.85
    4748352 |  8426658.60
    3429575 |  8426557.44
    3861054 |  8426548.11
    1318966 |  8426484.53
     604215 |  8426343.72
    2519803 |  8426270.56
    4901042 |  8426230.44
    4057073 |  8426103.24
    2716118 |  8425955.58
    3242306 |  8425947.00
    1764292 |  8425936.35
    4591058 |  8425923.52
    4225630 |  8425868.04
    1621413 |  8425811.16
    1817885 |  8425723.30
    2908918 |  8425710.56
    1165259 |  8425578.77
     219996 |  8425533.75
    2636072 |  8425475.84
    3559343 |  8425398.80
    2921039 |  8425289.40
     934076 |  8425264.64
      81650 |  8425249.49
    3169064 |  8425248.48
    5143297 |  8425208.36
    1882734 |  8425123.20
    5461766 |  8425106.72
    5613367 |  8425098.00
    1815717 |  8425070.80
    2981121 |  8425036.00
    1008947 |  8425024.01
     220999 |  8425014.12
    3513681 |  8425000.74
    2999805 |  8424938.66
     692198 |  8424883.85
    2982455 |  8424872.24
    6058390 |  8424813.99
    3715700 |  8424614.32
    3391286 |  8424556.11
    3945907 |  8424480.24
    3173265 |  8424380.16
    1551110 |  8424333.43
    1871306 |  8424210.48
     784886 |  8424056.08
    4453520 |  8424052.02
    5037385 |  8424044.00
    3718523 |  8424042.25
     765651 |  8423921.28
    6399653 |  8423910.72
    2506649 |  8423902.97
     737620 |  8423826.58
    2712049 |  8423802.67
    3807654 |  8423799.30
    2956298 |  8423778.04
    4277627 |  8423767.50
    1014011 |  8423636.11
    1224707 |  8423593.11
    3068149 |  8423552.83
    5394633 |  8423501.66
    5841560 |  8423464.66
    4430865 |  8423373.63
    2642913 |  8423323.30
    5004186 |  8423306.88
     195686 |  8423089.80
    4635917 |  8422994.95
    5512829 |  8422942.70
    5602672 |  8422756.32
     326995 |  8422718.24
    4024686 |  8422682.00
    2724502 |  8422637.07
    2943517 |  8422633.96
    2329675 |  8422609.65
     855592 |  8422599.36
    4443015 |  8422551.27
    2533956 |  8422462.08
    1887564 |  8422409.28
    5924121 |  8422403.60
    5074163 |  8422352.28
    5393425 |  8422351.54
    2217892 |  8422318.08
    3002398 |  8422154.88
    3146921 |  8422151.37
    3810834 |  8422086.50
    6062794 |  8422082.56
     837852 |  8421959.85
     847159 |  8421855.20
    5281461 |  8421792.75
    3461724 |  8421784.74
    1823060 |  8421778.80
    4537819 |  8421777.83
    1292862 |  8421764.41
     718479 |  8421734.37
    3342126 |  8421671.75
    2831727 |  8421651.32
    3144599 |  8421631.68
    6216404 |  8421306.72
    1275371 |  8421301.54
     354025 |  8421284.10
    4165338 |  8421272.10
    2519635 |  8421191.73
    4711232 |  8421156.64
    1042804 |  8421154.40
    2153581 |  8420983.20
    2083376 |  8420882.27
    1376247 |  8420812.20
    3768535 |  8420809.60
     705559 |  8420643.60
    1187191 |  8420632.46
    4408024 |  8420511.60
    2020532 |  8420505.96
    2428271 |  8420470.80
    2124125 |  8420390.91
    3130237 |  8420378.56
    2772068 |  8420373.60
    6066756 |  8420342.10
    2788052 |  8420313.11
    5783278 |  8420282.88
      65747 |  8420196.55
    5197099 |  8420192.57
     682013 |  8420142.90
    6213400 |  8419977.13
    6177760 |  8419966.40
    1112892 |  8419960.92
    5929014 |  8419954.70
    5059596 |  8419709.40
    2674115 |  8419700.18
    2689400 |  8419575.58
    1656828 |  8419531.75
    5898633 |  8419501.58
    3529336 |  8419438.18
     395412 |  8419418.61
    5182925 |  8419360.40
    1993731 |  8419312.86
    4142162 |  8419301.68
    3124584 |  8419276.80
     142829 |  8419260.43
    2231800 |  8419243.30
      12570 |  8419068.97
    2988586 |  8419048.89
     857571 |  8419042.50
    4393858 |  8418976.70
    3943948 |  8418964.67
    5061401 |  8418917.62
    6094518 |  8418912.56
    5559888 |  8418808.16
     376780 |  8418807.32
    1139143 |  8418748.80
    2468289 |  8418631.56
    3025439 |  8418606.60
     226038 |  8418563.12
    5595666 |  8418489.87
    5274622 |  8418452.68
    1782895 |  8418439.78
    5063535 |  8418401.35
     425919 |  8418306.10
    5209605 |  8418276.92
    4859197 |  8418244.59
    1766898 |  8418187.31
    2906301 |  8418174.64
    2335110 |  8418160.94
    4509684 |  8418032.27
    3805221 |  8417853.72
    5248569 |  8417836.95
    4093407 |  8417819.70
    2546517 |  8417709.20
    5138451 |  8417699.16
    5448116 |  8417694.84
    5455575 |  8417669.38
    6259966 |  8417665.20
    4688567 |  8417659.14
    6254288 |  8417637.92
    5297536 |  8417621.48
    1803915 |  8417417.80
    2512192 |  8417414.04
    1236321 |  8417385.45
    2437777 |  8417304.80
    1599313 |  8417270.10
     624239 |  8417246.62
    6133180 |  8417179.65
    5621884 |  8417122.00
    5462894 |  8417109.60
     886698 |  8417099.52
    3304989 |  8417062.94
     729510 |  8417020.90
    3097570 |  8417003.97
    3388943 |  8416883.46
    1929860 |  8416868.56
    2136747 |  8416705.50
     234578 |  8416651.32
    6087001 |  8416578.06
    5287458 |  8416516.46
    1560522 |  8416493.99
    4182374 |  8416406.25
    3966818 |  8416393.98
    4831422 |  8416381.12
     369575 |  8416340.64
    5451654 |  8416292.50
    3462766 |  8416218.75
    3076954 |  8416204.31
    3537796 |  8416164.43
    2007042 |  8416147.84
     768047 |  8416100.43
     731291 |  8415995.10
    1915710 |  8415965.04
    3912982 |  8415778.70
    1209526 |  8415610.56
     911000 |  8415596.66
     201346 |  8415522.45
    4954177 |  8415506.12
     366822 |  8415476.66
    4082965 |  8415275.18
    1246923 |  8415269.03
    3951127 |  8415226.80
    1166645 |  8415223.88
    3379387 |  8415214.08
    6233726 |  8415195.64
    4681057 |  8415043.82
    6290496 |  8415037.62
    1669239 |  8415026.96
    4261027 |  8414946.33
    5424456 |  8414910.93
    4449783 |  8414895.52
    3769330 |  8414860.58
    1996777 |  8414849.04
    3690424 |  8414775.24
     103618 |  8414750.78
    3222959 |  8414569.36
    2317703 |  8414498.49
     939032 |  8414352.06
    1433587 |  8414224.55
    2497000 |  8414216.50
    2390555 |  8414140.50
    2973734 |  8414130.92
    4652037 |  8414124.06
    5224214 |  8414106.40
    3838334 |  8414100.90
    1119466 |  8414072.80
    4323356 |  8414055.04
     890067 |  8413977.60
    1176271 |  8413939.66
    1027997 |  8413866.92
    6142537 |  8413733.39
    5581251 |  8413663.20
    5228830 |  8413433.70
    5296312 |  8413425.45
    3518507 |  8413323.00
    5999074 |  8413319.01
     503634 |  8413309.40
    4928582 |  8413235.83
    1119011 |  8413176.66
    3103146 |  8413173.50
    1781160 |  8413172.33
    3970937 |  8413171.83
    5303751 |  8413158.39
    4843604 |  8413077.24
     797845 |  8412970.55
    1307246 |  8412943.35
    2721427 |  8412886.08
    2376109 |  8412847.44
    6063855 |  8412771.26
    3156281 |  8412716.73
    5062357 |  8412668.73
    2292026 |  8412657.24
    3063286 |  8412566.19
    3679288 |  8412534.90
    5470292 |  8412424.11
    2549450 |  8412395.16
    1338548 |  8412376.83
    4293540 |  8412282.43
    3999063 |  8412207.80
    5009656 |  8412174.68
    6007827 |  8412153.75
    2898542 |  8412118.40
    3750777 |  8412110.00
    4021346 |  8412072.34
     452959 |  8412033.45
    2917519 |  8411977.86
     571680 |  8411965.50
    5715566 |  8411931.11
    5937912 |  8411869.84
     912616 |  8411818.76
    5827569 |  8411779.32
    4069165 |  8411692.52
    5261070 |  8411678.80
    4084696 |  8411663.20
    2267203 |  8411583.84
    1291319 |  8411568.54
    1735635 |  8411477.14
    1059620 |  8411457.58
     194056 |  8411293.66
     647011 |  8411274.62
    2516162 |  8411273.81
    4703796 |  8411216.64
     683677 |  8411079.60
    4169325 |  8411028.29
    3916993 |  8410966.65
    6145351 |  8410966.41
    3560512 |  8410933.65
    4652177 |  8410932.00
    3219343 |  8410926.24
    5417407 |  8410883.36
    1530536 |  8410808.74
    1374860 |  8410772.59
    5934841 |  8410741.66
    3704662 |  8410652.95
    1118992 |  8410649.81
    1797812 |  8410593.69
    2554237 |  8410491.92
    3471761 |  8410480.16
    2511265 |  8410369.88
    1044526 |  8410305.66
    4130901 |  8410286.94
    2918423 |  8410283.87
    4142564 |  8410276.60
    1525612 |  8410191.75
    5442646 |  8410175.01
    1699269 |  8410137.23
    3627915 |  8410113.81
    6195661 |  8410109.26
    5935785 |  8410076.22
    5948397 |  8410044.85
    1785124 |  8409995.44
    1979275 |  8409926.04
     356867 |  8409912.36
    4542357 |  8409794.98
    1178860 |  8409722.16
    2386347 |  8409692.89
    3053647 |  8409547.80
     574757 |  8409466.54
    3047808 |  8409317.89
    4141242 |  8409285.81
    6131045 |  8409264.72
    1407443 |  8409184.00
     467607 |  8409166.72
    2994997 |  8409149.28
    3051525 |  8409147.89
    2983672 |  8409068.78
    5786805 |  8409049.60
    2820035 |  8409031.05
    4502858 |  8409001.90
    1955460 |  8408988.00
    4660310 |  8408970.78
    1883939 |  8408948.76
    5895892 |  8408891.56
    2139364 |  8408832.66
    4213699 |  8408811.96
    3421886 |  8408769.12
    2100169 |  8408700.56
      94307 |  8408682.90
    5760298 |  8408655.12
    3124948 |  8408647.48
    6375901 |  8408579.58
    5449272 |  8408499.50
    4460934 |  8408465.10
    3032594 |  8408463.26
    3722916 |  8408436.12
    1713787 |  8408392.59
    5789066 |  8408361.50
     425943 |  8408121.64
    5221599 |  8408056.56
    3420848 |  8407948.54
    1304840 |  8407849.53
    4723504 |  8407804.89
    1247210 |  8407773.00
    5508018 |  8407711.08
     576610 |  8407639.20
    1214053 |  8407620.60
    3109697 |  8407364.04
     243945 |  8407303.56
    4936851 |  8407294.89
    4495171 |  8407234.50
    5212295 |  8407227.40
    4204739 |  8407196.20
     248389 |  8407139.84
     506497 |  8407019.82
    6114826 |  8406986.10
    5733999 |  8406907.62
      45780 |  8406823.68
    2957696 |  8406819.40
    5766129 |  8406809.30
    1573463 |  8406795.54
    1111499 |  8406785.17
    2658416 |  8406703.20
    3483250 |  8406675.72
     742309 |  8406615.26
    4439473 |  8406599.70
    2887770 |  8406457.20
    4388069 |  8406419.76
    2906635 |  8406389.64
    4382265 |  8406344.70
    2047757 |  8406327.04
     881787 |  8406228.18
    3953431 |  8406189.00
    3818028 |  8406161.46
      28364 |  8406084.06
     652867 |  8406068.51
    4587037 |  8405953.20
     411465 |  8405931.25
    1008744 |  8405839.40
    3815019 |  8405796.93
    2613116 |  8405767.30
    1955271 |  8405738.64
    3170652 |  8405523.68
    5118384 |  8405472.90
    3050113 |  8405386.44
    4099013 |  8405325.80
    4719200 |  8405296.29
    3950654 |  8405166.98
    5144841 |  8405033.10
      96292 |  8404897.20
    4223406 |  8404829.74
     269435 |  8404769.52
    2216611 |  8404745.19
    2257105 |  8404710.60
     923617 |  8404708.20
    1985066 |  8404587.32
    4917450 |  8404557.30
    1567160 |  8404548.14
    2281856 |  8404527.78
    5575894 |  8404443.52
    1570321 |  8404427.12
    1895528 |  8404386.90
    3531215 |  8404228.23
    3295573 |  8404218.02
    4725628 |  8404191.95
    2444337 |  8404090.30
    1448822 |  8404087.55
    5525254 |  8404007.04
    5867499 |  8403981.96
    4242216 |  8403978.48
    1627717 |  8403921.46
    1609647 |  8403909.16
    4161924 |  8403872.61
    2465636 |  8403839.17
    1265378 |  8403836.53
    5544390 |  8403817.36
    3152283 |  8403798.93
    5664897 |  8403761.79
    3826905 |  8403756.40
    2440286 |  8403689.78
    4881704 |  8403689.25
     679033 |  8403646.12
    2425712 |  8403576.00
    2615113 |  8403557.68
    3402752 |  8403417.54
    4544389 |  8403412.00
    3373459 |  8403410.12
    2255662 |  8403351.01
    4630251 |  8403308.40
    2365737 |  8403289.98
    1589254 |  8403196.12
    5944725 |  8403154.06
     349408 |  8403112.80
    2498323 |  8403093.24
    3046859 |  8403039.05
    5241022 |  8403020.24
    4599705 |  8402998.56
    3690900 |  8402940.00
    2390254 |  8402811.30
    3734524 |  8402766.80
    4874573 |  8402740.96
    2063197 |  8402647.00
    4850281 |  8402576.04
    6234783 |  8402554.85
    1841052 |  8402527.21
    5947450 |  8402473.86
    6378414 |  8402422.76
    1499848 |  8402373.14
    5417590 |  8402212.26
    5986774 |  8402196.20
     109838 |  8402141.01
    2437210 |  8401998.00
      80316 |  8401994.82
     359544 |  8401993.22
    5012302 |  8401949.64
    4626570 |  8401927.38
    1062522 |  8401814.80
     741357 |  8401805.79
    5543879 |  8401755.81
    4142195 |  8401720.00
    6106985 |  8401673.82
    3274617 |  8401651.94
    2707300 |  8401553.62
    5925491 |  8401453.66
    1016696 |  8401436.60
    3870529 |  8401373.75
    5354405 |  8401288.32
    1458917 |  8401280.16
    5157498 |  8401223.66
    1701329 |  8401221.01
    5613875 |  8401186.55
    3292520 |  8401170.96
    4452829 |  8401092.16
    5888598 |  8401055.36
    5413326 |  8400894.12
    4835174 |  8400860.92
     716759 |  8400848.64
    6363630 |  8400797.24
    4191538 |  8400730.03
    1903365 |  8400674.40
    1579271 |  8400668.20
     714815 |  8400655.12
    5000198 |  8400644.24
    1620090 |  8400577.44
    4940712 |  8400539.22
    6106920 |  8400520.92
    3344424 |  8400495.44
    2102695 |  8400459.00
    2666646 |  8400440.65
    5205840 |  8400429.18
      20027 |  8400355.24
    5600916 |  8400340.66
     975141 |  8400291.81
    4055730 |  8400273.68
    6155645 |  8400269.77
    2894174 |  8400131.55
     297835 |  8400127.80
    3678753 |  8400032.76
    6194319 |  8399976.59
    1441141 |  8399856.24
    5714835 |  8399809.60
    1244116 |  8399801.06
     311527 |  8399726.60
    1030140 |  8399676.25
    4686986 |  8399591.00
     952213 |  8399536.74
     296617 |  8399520.16
    5088826 |  8399485.50
    2988949 |  8399462.96
    6081901 |  8399431.25
    5057443 |  8399346.22
     104335 |  8399265.91
    1951591 |  8399203.00
     448909 |  8399175.04
    1429665 |  8399147.28
    1624666 |  8399095.46
    2627654 |  8399039.04
    1183780 |  8398999.14
    2315399 |  8398985.12
    3297386 |  8398834.16
    5972151 |  8398826.28
    2962786 |  8398649.64
    5111491 |  8398496.31
    6225219 |  8398493.81
    1092373 |  8398476.80
    2667919 |  8398430.68
    6026667 |  8398297.60
     891680 |  8398276.25
    5282813 |  8398244.28
    4848730 |  8398215.72
    4814441 |  8398074.62
    2172746 |  8398039.44
    1547551 |  8398026.27
    4314067 |  8397997.65
     761515 |  8397947.37
    6397661 |  8397924.39
    4766094 |  8397900.72
     239452 |  8397894.33
    1145522 |  8397839.16
    6206589 |  8397785.19
    4714389 |  8397777.31
    1367649 |  8397733.12
    4738254 |  8397584.14
    2916183 |  8397490.32
    4966183 |  8397461.94
    4599874 |  8397455.10
    4900267 |  8397454.40
    3179605 |  8397406.04
    5016204 |  8397177.96
    6193739 |  8397121.44
    2081915 |  8396921.06
     328762 |  8396880.00
    3303334 |  8396863.20
    4879766 |  8396778.72
    3352447 |  8396427.48
    2626842 |  8396353.36
    5015293 |  8396311.92
    5880314 |  8396278.08
    2414960 |  8396185.80
    6200857 |  8396155.48
    3232836 |  8396124.24
    4014565 |  8396105.81
    5323407 |  8396003.76
     609501 |  8395963.38
    3594259 |  8395961.10
    1253439 |  8395789.18
     360273 |  8395780.29
    4891365 |  8395729.80
    1470102 |  8395682.70
     484024 |  8395567.14
     873353 |  8395509.21
    3153494 |  8395267.98
    5253895 |  8395254.25
    3015434 |  8395244.12
    1213921 |  8395183.60
    6020737 |  8395115.82
    1077387 |  8395056.45
    5871104 |  8395045.92
    3050510 |  8395022.25
    2615699 |  8394922.80
    3112824 |  8394820.51
    2541981 |  8394775.47
    1354635 |  8394749.48
     199899 |  8394570.49
    5202016 |  8394521.03
    2984484 |  8394484.80
    3096360 |  8394407.28
    5349026 |  8394399.63
    4930068 |  8394375.11
    2322347 |  8394369.85
    6064992 |  8394306.18
     284837 |  8394300.00
    5387493 |  8394282.82
    2862885 |  8394241.92
     378192 |  8394236.40
    5234677 |  8394230.25
     403020 |  8394147.51
    5871857 |  8394094.80
    3949038 |  8394070.00
    5993683 |  8394024.24
    5695183 |  8393995.40
    4485318 |  8393968.44
    5491406 |  8393814.10
    4309747 |  8393767.58
    1952109 |  8393501.55
    5145187 |  8393461.20
    1419294 |  8393385.84
    5934444 |  8393368.24
    5269848 |  8393265.36
    5929619 |  8393207.13
     908113 |  8393184.90
    1263164 |  8393159.25
    5241128 |  8393130.30
    4111604 |  8393058.52
    1743868 |  8393049.60
    1714801 |  8392968.26
    1207224 |  8392959.74
    4579356 |  8392917.37
    4173313 |  8392896.44
    1768411 |  8392891.30
    6230415 |  8392878.96
     622034 |  8392849.10
    4291512 |  8392762.04
    6355333 |  8392689.44
    4286961 |  8392671.00
    4095976 |  8392643.52
    3740847 |  8392585.60
    4252459 |  8392472.10
    2825156 |  8392384.64
    3367665 |  8392372.26
    1255392 |  8392342.86
    5234445 |  8392315.50
    5109140 |  8392309.71
    6214615 |  8392303.08
    2363889 |  8392296.77
    5957460 |  8392295.66
    2622735 |  8392244.53
    2569056 |  8392231.90
    4915474 |  8392146.50
    1448904 |  8392127.58
    4123760 |  8392113.18
     466446 |  8391879.12
    4943476 |  8391875.27
    5286387 |  8391829.70
    6341563 |  8391808.39
     804736 |  8391779.20
    2468166 |  8391673.08
    2630030 |  8391566.10
    2740747 |  8391544.05
     696117 |  8391518.96
    2646382 |  8391475.86
    6049534 |  8391247.90
    5713361 |  8391141.86
    5619262 |  8391073.32
    3490578 |  8390828.00
    6242354 |  8390799.36
    1762766 |  8390638.74
    6179852 |  8390526.50
    1886745 |  8390479.68
      92172 |  8390448.00
    1168578 |  8390361.46
    6008206 |  8390345.14
    3370720 |  8390333.49
    3806312 |  8390221.18
    5634856 |  8390139.78
    4045433 |  8390102.26
    5237727 |  8390091.35
     988016 |  8390089.50
     929885 |  8390083.14
    3862191 |  8390062.94
    6233903 |  8390001.44
    6007352 |  8389930.85
     799883 |  8389905.75
    3331316 |  8389856.30
     917778 |  8389725.66
    5734245 |  8389603.53
        792 |  8389583.76
    5307154 |  8389582.08
    2398627 |  8389580.07
    2850699 |  8389482.73
    4681928 |  8389476.12
     375889 |  8389421.80
    3623130 |  8389410.60
    3901728 |  8389348.44
    1456476 |  8389314.08
    4274942 |  8389265.40
    5477276 |  8389174.95
    2897794 |  8389134.90
    2384761 |  8389104.39
    6073495 |  8389063.32
     317400 |  8389036.92
    5070804 |  8389024.05
    5284346 |  8388915.12
    4500174 |  8388845.84
     507180 |  8388763.51
    5035866 |  8388654.12
    3289403 |  8388308.72
    4574601 |  8388215.00
    4689904 |  8388208.20
    3727034 |  8388203.38
    5783860 |  8388133.20
    2230488 |  8388062.55
    2162253 |  8388058.12
    3806112 |  8388022.50
     554052 |  8387929.26
    2487291 |  8387920.83
     612051 |  8387893.44
    3377440 |  8387841.28
    4098823 |  8387752.35
    2821269 |  8387633.91
    3353335 |  8387627.33
    2361770 |  8387579.84
     350603 |  8387527.14
    3595051 |  8387481.54
    1747364 |  8387456.79
     921487 |  8387287.80
    3073436 |  8387254.45
    6227373 |  8387229.12
    4834326 |  8387174.25
    5406417 |  8387174.04
    2071092 |  8387154.30
    2747983 |  8387117.90
    4531269 |  8387072.88
    6240735 |  8387058.77
     913150 |  8386946.78
    1979053 |  8386930.52
    1358806 |  8386924.02
    5326604 |  8386888.40
     498864 |  8386844.80
     312924 |  8386769.76
    1694219 |  8386669.59
    5467086 |  8386629.73
    5328038 |  8386620.67
     495022 |  8386537.08
    2989235 |  8386398.00
     145960 |  8386392.46
    5204955 |  8386391.88
    6389273 |  8386385.46
    6066119 |  8386365.16
    6153268 |  8386330.68
    5382259 |  8386324.98
    2507082 |  8386229.28
    5176331 |  8386119.69
     708410 |  8386091.35
    2592931 |  8386064.30
    3748198 |  8386039.62
    5531618 |  8385936.00
     450393 |  8385778.52
    3541063 |  8385720.00
    5466845 |  8385710.64
    4021599 |  8385707.01
     217577 |  8385682.30
    5405876 |  8385669.00
    3803665 |  8385548.56
     714451 |  8385464.40
     897308 |  8385446.70
    4278439 |  8385427.00
    2085029 |  8385423.44
    5699507 |  8385417.72
    3458772 |  8385406.70
    4808122 |  8385361.80
    2165108 |  8385344.37
     618774 |  8385265.35
    4600711 |  8385262.82
    1396510 |  8385221.68
    5492424 |  8385214.22
      13757 |  8385173.46
    3311198 |  8385137.74
    1966319 |  8385005.86
    3685671 |  8384926.55
      18847 |  8384856.18
    5341087 |  8384823.54
    2291437 |  8384616.52
    1073490 |  8384611.13
    4562639 |  8384584.69
    4045627 |  8384563.50
    4168964 |  8384543.36
    1730266 |  8384504.86
    5028332 |  8384345.64
    5791975 |  8384238.45
    1234849 |  8384105.78
    1756735 |  8383982.89
    4741915 |  8383958.70
    1336503 |  8383921.00
     651039 |  8383884.48
    1936009 |  8383871.34
    1441511 |  8383717.67
    3803389 |  8383701.48
    3544578 |  8383696.00
    1402573 |  8383552.90
     426285 |  8383427.24
    3766354 |  8383317.18
    3201293 |  8383305.60
    1168640 |  8383226.02
    2688566 |  8383036.80
    3385266 |  8383003.30
    5651151 |  8382893.86
    4776033 |  8382867.60
    4539291 |  8382861.06
    3722531 |  8382856.86
    4155489 |  8382815.20
    2110242 |  8382774.50
    6245367 |  8382767.83
    4326479 |  8382620.40
     932436 |  8382467.61
    4826698 |  8382349.38
    3143357 |  8382299.80
     682962 |  8382243.72
    3685613 |  8382124.32
    2175666 |  8382107.10
    3499015 |  8382075.52
    6154508 |  8382062.72
    2568912 |  8382061.47
    1297768 |  8381957.04
    2078457 |  8381798.60
    1649556 |  8381769.36
    6255306 |  8381749.23
    5272522 |  8381721.87
    5733732 |  8381644.38
    3869838 |  8381580.96
    3551657 |  8381575.56
    5317600 |  8381549.98
    5842053 |  8381542.00
    1639881 |  8381520.12
    5175262 |  8381503.80
     792552 |  8381491.50
    4905246 |  8381480.64
    5142922 |  8381464.21
    3239282 |  8381462.88
     828904 |  8381449.74
    6215623 |  8381388.50
    3611718 |  8381348.78
     242354 |  8381297.28
    4383893 |  8381293.14
    3451343 |  8381265.00
    1737566 |  8381231.52
    4575185 |  8381072.96
    2708954 |  8381049.93
    2402581 |  8381009.74
    4431518 |  8380963.34
    4113659 |  8380962.51
     213068 |  8380916.10
    4014856 |  8380874.31
     702258 |  8380760.14
    1915023 |  8380740.26
    4740034 |  8380698.52
    5249130 |  8380672.00
     474510 |  8380619.52
    3244086 |  8380377.69
    3062032 |  8380305.38
    4421232 |  8380245.38
    3064230 |  8380152.30
    4663879 |  8380135.62
     419296 |  8380109.78
    4214733 |  8380088.01
    5953039 |  8380080.00
    2047838 |  8379953.44
    1540957 |  8379939.93
     471451 |  8379932.84
    2119263 |  8379921.69
    2250596 |  8379794.14
    5039011 |  8379756.05
    1800717 |  8379734.72
    6358123 |  8379686.25
      54536 |  8379600.06
    1162894 |  8379596.80
    1899559 |  8379542.70
      79430 |  8379524.02
    4466662 |  8379504.23
     336904 |  8379411.60
     901975 |  8379403.67
    2499105 |  8379381.00
    1434056 |  8379376.17
    3243439 |  8379269.55
    5303612 |  8379129.33
    1671367 |  8379052.65
    3950386 |  8378953.20
    2531931 |  8378939.28
    1896876 |  8378932.05
    1747870 |  8378830.71
    1989806 |  8378792.72
    1688416 |  8378628.48
    3874321 |  8378546.08
    1149017 |  8378459.88
    6101325 |  8378429.78
     287087 |  8378391.84
    3856198 |  8378372.50
    1063686 |  8378368.97
     146822 |  8378317.36
    2846983 |  8378261.08
     252745 |  8378236.80
    1069000 |  8378121.00
    5322474 |  8378081.10
    5443100 |  8378009.64
    5751893 |  8377990.88
     718899 |  8377857.34
    4796723 |  8377788.45
    4120231 |  8377776.00
    3583094 |  8377750.93
    1116117 |  8377697.76
    4869741 |  8377648.94
    2243995 |  8377617.08
    1316820 |  8377453.76
    2309887 |  8377444.50
    1330503 |  8377379.49
    5048167 |  8377367.76
    4006275 |  8377343.28
    3646856 |  8377236.80
    2188654 |  8377217.95
    1221089 |  8377188.61
     948714 |  8377101.76
    2603781 |  8377099.38
     479623 |  8376923.80
    1493271 |  8376842.82
    5818089 |  8376812.88
    2489464 |  8376783.60
    2630715 |  8376729.29
    5541113 |  8376691.14
    1621389 |  8376678.72
     276639 |  8376614.40
    5627049 |  8376599.55
    1406772 |  8376550.77
    3816606 |  8376315.48
    4877146 |  8376269.41
    2335408 |  8376224.42
    1668761 |  8376192.52
    3082882 |  8376007.08
    6345488 |  8375990.58
    6156747 |  8375832.36
    1641375 |  8375826.90
    3922002 |  8375756.70
    1154154 |  8375725.38
    5365597 |  8375715.72
    5790685 |  8375704.40
    3562519 |  8375670.03
    5064920 |  8375642.05
    2635152 |  8375641.07
     961434 |  8375624.84
    2712399 |  8375529.08
    2730188 |  8375478.08
     541732 |  8375444.88
    1684248 |  8375440.92
    6008800 |  8375387.72
    4616003 |  8375386.76
    2320944 |  8375278.57
    5101911 |  8375247.17
    5370617 |  8375185.70
    4304264 |  8375169.94
    5417253 |  8375099.16
     659359 |  8375078.60
    3659382 |  8375030.07
    5107667 |  8374963.70
    2536265 |  8374924.39
    3214771 |  8374903.05
    4653196 |  8374805.60
    4167853 |  8374581.25
     539587 |  8374523.06
    5355380 |  8374495.50
     995900 |  8374463.68
    2634548 |  8374419.50
    6040462 |  8374409.28
    5583269 |  8374397.76
    5009927 |  8374354.18
    3061044 |  8374262.94
    1837421 |  8374148.89
    1551002 |  8374148.68
    4764113 |  8374126.32
     999166 |  8374055.40
    5519929 |  8374038.84
     659069 |  8373959.95
    2005535 |  8373900.51
    6352101 |  8373875.04
    6050907 |  8373810.63
    5541867 |  8373709.36
    2802242 |  8373589.25
    1289157 |  8373467.64
    3250201 |  8373438.60
    2609090 |  8373391.20
    5304667 |  8373359.55
    1516429 |  8373318.03
    1114633 |  8373280.56
    4669421 |  8373276.24
    3409296 |  8373150.90
    1543480 |  8373141.98
    3327838 |  8373123.72
    1236618 |  8373108.78
    3163570 |  8373069.27
    1158540 |  8373050.93
    5649463 |  8373047.88
      71363 |  8372956.32
    2477413 |  8372812.38
    2107919 |  8372642.04
    1671025 |  8372640.83
    5919549 |  8372616.00
    2501089 |  8372572.86
     729068 |  8372501.64
    4402408 |  8372444.67
     264209 |  8372419.20
    4511006 |  8372389.19
    5381634 |  8372350.48
    2953371 |  8372248.74
    5786626 |  8372234.57
    2036747 |  8372222.88
     893389 |  8372182.98
    2327533 |  8372056.42
    2798240 |  8372056.41
    1711614 |  8372014.42
     422304 |  8372009.90
      77098 |  8371963.18
    5854132 |  8371872.30
    2954966 |  8371738.98
     392641 |  8371639.08
    4683902 |  8371631.97
    4709593 |  8371625.90
    2111722 |  8371596.60
    2791094 |  8371440.63
    5264632 |  8371437.90
      37481 |  8371417.08
    4876854 |  8371397.58
    2152350 |  8371198.66
    3887636 |  8371081.50
    1465650 |  8371021.14
    5295871 |  8370991.89
    4672943 |  8370879.60
    1482612 |  8370824.58
    5739226 |  8370578.44
    1230102 |  8370572.88
    5664101 |  8370546.50
    2505525 |  8370486.80
    1823238 |  8370476.70
    3114466 |  8370424.86
    4861870 |  8370396.30
    2680387 |  8370310.14
     554816 |  8370289.72
     805584 |  8370238.36
    1096239 |  8370165.23
     542842 |  8370164.88
    4232659 |  8370086.40
    1655630 |  8370052.56
    5919085 |  8369931.08
    1996311 |  8369921.70
    1524959 |  8369829.38
     823021 |  8369739.30
    1194532 |  8369738.10
    5775796 |  8369733.12
    4503024 |  8369505.76
    3392667 |  8369430.30
    2243457 |  8369292.10
    4632874 |  8369260.00
    3908669 |  8369239.80
    1781423 |  8369175.04
    5447461 |  8369155.08
    2988640 |  8369078.24
    1264623 |  8369076.56
    5630854 |  8369047.20
      54031 |  8369024.26
    5981640 |  8368952.32
    5030914 |  8368919.72
    1275740 |  8368845.56
     769657 |  8368835.84
    5972439 |  8368760.00
    3643751 |  8368696.46
    1725500 |  8368687.74
    5687197 |  8368618.40
    1373661 |  8368572.83
    3542819 |  8368512.24
    4546672 |  8368414.00
    5564456 |  8368393.66
    2924719 |  8368391.46
    4247592 |  8368300.98
    2749602 |  8368262.58
    1431344 |  8368217.74
    5343255 |  8368117.37
    5085928 |  8368106.42
    3564794 |  8368103.90
    5170518 |  8368073.84
    5255999 |  8368067.65
    3262996 |  8367907.41
    3956269 |  8367884.59
    3414211 |  8367849.90
    3954794 |  8367806.98
    4210587 |  8367780.48
    2540051 |  8367689.49
    5451801 |  8367638.75
      38022 |  8367621.99
    3445799 |  8367485.68
     538549 |  8367480.70
    3428180 |  8367479.55
    3609118 |  8367435.94
    1145910 |  8367429.56
    2686866 |  8367423.75
    2065924 |  8367390.72
    3207020 |  8367371.36
    3969180 |  8367361.59
    6227324 |  8367313.81
    3706562 |  8367305.18
    1929117 |  8367279.47
    5460700 |  8367219.00
    5674368 |  8367183.80
    6075680 |  8367181.74
    4369473 |  8367122.94
    4490025 |  8367119.52
    5069086 |  8367004.42
    2255508 |  8366975.52
    3663954 |  8366922.44
    4663999 |  8366858.12
     774740 |  8366838.48
    3655918 |  8366802.51
    4008602 |  8366736.93
     778740 |  8366690.50
     947997 |  8366652.58
     146446 |  8366633.94
    3902032 |  8366476.79
     475195 |  8366445.85
    2536922 |  8366429.22
    2038174 |  8366415.99
    1594943 |  8366302.56
    3905787 |  8366254.65
    2508901 |  8366219.75
    6016031 |  8366195.52
    5762539 |  8366116.87
    1121690 |  8366112.15
    4605440 |  8366084.97
    2649251 |  8366060.25
    2567524 |  8366033.73
     258557 |  8366019.84
    3967062 |  8366002.28
    6295458 |  8365955.22
    5389914 |  8365731.47
    4248411 |  8365654.43
    6008330 |  8365646.52
    3189891 |  8365587.75
    3286573 |  8365491.20
     830014 |  8365482.62
    6113985 |  8365462.30
     706212 |  8365430.58
    3483901 |  8365405.20
    1599811 |  8365381.64
    2287147 |  8365333.68
    4600023 |  8365319.40
      71848 |  8365258.44
    4516625 |  8365213.60
    4821585 |  8365209.30
    2697243 |  8365139.52
    4652901 |  8365121.36
    1350576 |  8365115.88
    2860199 |  8365105.60
    2944018 |  8365085.82
    4211639 |  8364933.10
    4510144 |  8364873.59
    1952857 |  8364797.53
    2332775 |  8364763.50
    2566463 |  8364732.04
     727803 |  8364703.60
    5700901 |  8364703.11
    2532425 |  8364544.72
    2858983 |  8364470.40
    2479855 |  8364418.93
    4555017 |  8364400.59
    2806212 |  8364343.12
    3838673 |  8364261.95
    2883646 |  8364220.56
    5279926 |  8364115.76
    4810369 |  8364105.26
    4062230 |  8363955.52
    2949702 |  8363947.48
     224648 |  8363945.64
    4109901 |  8363941.52
    4099401 |  8363846.55
    2230662 |  8363836.58
    6002689 |  8363662.35
    5390600 |  8363649.42
     289891 |  8363617.72
     809185 |  8363596.92
    4041810 |  8363589.36
    2468231 |  8363505.70
    3474369 |  8363480.97
    3014519 |  8363460.96
    2863586 |  8363445.07
    4748602 |  8363302.50
     480434 |  8363245.56
    4848998 |  8363136.70
    1928366 |  8363072.96
    3880272 |  8363059.20
    4166666 |  8362975.77
    6224148 |  8362972.80
    3657960 |  8362931.01
    5786728 |  8362930.32
    2740916 |  8362888.27
    5510178 |  8362682.61
     250892 |  8362651.32
    3459768 |  8362517.28
    5050704 |  8362504.22
     879102 |  8362466.07
    6140153 |  8362458.13
    5059473 |  8362453.68
    3080314 |  8362430.85
    3047512 |  8362408.54
    2442727 |  8362332.92
    2755402 |  8362200.44
    4811816 |  8362156.86
    1286496 |  8362099.48
     530538 |  8362078.47
    2293622 |  8362060.28
    3660417 |  8362028.68
    3511998 |  8361971.12
     432814 |  8361970.34
    1472951 |  8361856.80
    1874229 |  8361833.40
    1785950 |  8361821.72
    5240013 |  8361816.80
    3626465 |  8361510.28
    4600387 |  8361363.01
    5309851 |  8361345.58
     891073 |  8361312.48
     433486 |  8361259.32
    5354212 |  8361254.20
    4190514 |  8361229.35
    4648369 |  8361195.22
    1725187 |  8361163.72
    5548418 |  8361072.00
    4033589 |  8360981.36
    4515392 |  8360978.86
    3804111 |  8360970.53
    3729469 |  8360917.00
    3192657 |  8360911.04
    1025588 |  8360904.00
    5135279 |  8360866.14
    4637096 |  8360802.28
    1263945 |  8360717.85
    6055308 |  8360702.16
     872235 |  8360666.34
    4767934 |  8360628.32
    6252159 |  8360625.60
    5163541 |  8360617.30
     558791 |  8360585.93
    1479507 |  8360439.34
    4260457 |  8360408.43
     406865 |  8360301.42
    5704071 |  8360252.08
    2581017 |  8360144.86
    2749085 |  8360090.38
     339404 |  8360056.67
    1829620 |  8360049.62
    2028972 |  8359998.40
    4394634 |  8359992.70
    1764595 |  8359846.54
    1160595 |  8359838.56
    6221885 |  8359836.12
     863131 |  8359828.83
    1694394 |  8359732.80
    5666645 |  8359644.99
    2869929 |  8359509.12
     535644 |  8359433.00
    5221032 |  8359425.36
    4139235 |  8359409.00
    3023237 |  8359404.90
    1298259 |  8359353.05
      98131 |  8359351.33
    5326116 |  8359341.50
    6386921 |  8359281.00
    4810783 |  8359188.32
    5272051 |  8359187.90
    1859587 |  8359120.52
    5030715 |  8359118.31
     372096 |  8358916.20
    2684481 |  8358861.88
    1478794 |  8358849.08
    4803868 |  8358842.44
    3534365 |  8358832.23
    4933241 |  8358823.63
    1802940 |  8358781.72
    3566855 |  8358709.37
    1259043 |  8358624.69
    4077331 |  8358570.76
    3070291 |  8358533.70
    3730568 |  8358493.40
    4968987 |  8358492.36
    3156490 |  8358467.76
     903877 |  8358451.18
     823307 |  8358443.88
    3197723 |  8358436.80
    1125583 |  8358229.43
    1928389 |  8358187.00
    5719941 |  8358142.52
    5803023 |  8358051.70
     171534 |  8357946.78
    3904371 |  8357799.39
     148693 |  8357797.56
     134327 |  8357712.06
    1730053 |  8357685.00
    4217045 |  8357542.62
    5133280 |  8357468.55
    1918042 |  8357434.80
    1287914 |  8357379.68
    6389412 |  8357323.66
    4580027 |  8357307.56
     763347 |  8357288.06
    3355053 |  8357271.93
    2030808 |  8357270.58
    5522678 |  8357262.76
    2236899 |  8357225.30
    2315172 |  8357219.04
    2431754 |  8357159.46
    3799656 |  8357083.80
    2158645 |  8356890.50
    3226896 |  8356864.80
    6346994 |  8356838.20
    4031010 |  8356806.76
     308095 |  8356712.70
    1518351 |  8356673.08
      91680 |  8356580.14
    3984539 |  8356565.25
    1439710 |  8356553.58
    3432156 |  8356544.70
      44377 |  8356355.35
    4889352 |  8356312.82
    2395658 |  8356248.92
    4573008 |  8356233.13
    1741135 |  8356194.14
     866955 |  8356140.15
    2657625 |  8356104.86
    2076534 |  8356037.10
    5723505 |  8356008.22
    2585271 |  8356001.66
     905915 |  8356000.41
    4183870 |  8355972.96
    3981337 |  8355965.40
    2057683 |  8355890.00
    2617700 |  8355832.38
    4097776 |  8355823.32
    5215507 |  8355727.50
    4448582 |  8355700.94
    6320929 |  8355606.48
    2164015 |  8355573.72
    4839832 |  8355546.24
    2658202 |  8355534.00
    4498649 |  8355491.60
     677783 |  8355469.41
     777478 |  8355358.57
    4022836 |  8355353.67
    5369120 |  8355309.27
    2295916 |  8355302.28
    2218525 |  8355296.76
    5836279 |  8355270.33
    3737445 |  8355127.04
    5790447 |  8355066.93
    1689627 |  8355060.19
    3447425 |  8354833.88
    5067259 |  8354820.50
    6137123 |  8354803.60
    1165626 |  8354780.28
    1162189 |  8354650.76
    3876869 |  8354641.14
    2318292 |  8354634.54
    1044432 |  8354624.79
    1490886 |  8354591.30
    5371865 |  8354518.60
    2912547 |  8354518.27
     624823 |  8354482.22
    4938456 |  8354463.15
    4700743 |  8354461.50
    3856269 |  8354449.36
    4353189 |  8354423.08
    6131281 |  8354368.44
      71405 |  8354300.29
    5565126 |  8354286.46
    5329536 |  8354228.34
    4715620 |  8354186.25
    2511404 |  8354119.50
    1712518 |  8354048.54
    3599419 |  8354048.45
    2371585 |  8353976.32
    1833781 |  8353836.15
    4902291 |  8353787.85
     905525 |  8353753.80
    5569536 |  8353659.65
    1147874 |  8353615.43
    3984887 |  8353608.96
    3735474 |  8353603.90
    6076373 |  8353549.02
    4562246 |  8353533.72
    5472784 |  8353501.10
    4739916 |  8353345.00
    5379985 |  8353335.75
    2709428 |  8353140.30
    4225940 |  8353089.16
    2871023 |  8353061.43
    4392038 |  8353052.08
    2196304 |  8353007.46
    1400126 |  8352946.58
      29804 |  8352824.22
    5482583 |  8352735.70
    5665222 |  8352713.51
    4076889 |  8352694.90
    1539832 |  8352683.72
    5092362 |  8352652.00
    6116774 |  8352591.96
    1192888 |  8352505.80
    4262246 |  8352464.12
    1628512 |  8352367.37
    1341759 |  8352321.91
    2713635 |  8352172.29
    3937172 |  8352107.40
    2765312 |  8351977.44
    1879847 |  8351968.70
    3883845 |  8351932.19
    5785355 |  8351913.70
    6381871 |  8351901.89
    2244830 |  8351885.43
    5902257 |  8351857.64
    1082350 |  8351819.02
    1951927 |  8351732.82
    2374995 |  8351720.24
    3754444 |  8351687.70
    1679618 |  8351640.16
    4714765 |  8351634.84
    3324899 |  8351618.94
    4295013 |  8351551.32
    3699766 |  8351358.12
    3618263 |  8351286.54
    5120824 |  8351223.31
    4315314 |  8351154.56
    5094585 |  8351131.63
    3607495 |  8351120.07
     688214 |  8351119.92
    2266766 |  8351081.60
    5679475 |  8351061.62
     230848 |  8351056.40
    5703430 |  8351051.52
     862970 |  8351019.57
    1766587 |  8350986.59
    2834507 |  8350950.72
    5167757 |  8350936.26
    2209943 |  8350877.36
    2654339 |  8350834.29
    2963497 |  8350834.26
     269996 |  8350738.30
     784292 |  8350636.14
    4094475 |  8350515.12
    6129161 |  8350430.06
    5367477 |  8350424.12
    2827961 |  8350303.25
    2244938 |  8350276.00
    3668455 |  8350224.96
    4698871 |  8350209.63
    3837074 |  8350196.04
    1864434 |  8350185.12
    2411604 |  8350183.67
     105477 |  8350113.10
     160888 |  8350072.64
    5024910 |  8350019.55
    5332474 |  8349982.73
    6164620 |  8349923.99
    1808999 |  8349889.64
    1695926 |  8349881.46
    3030687 |  8349845.36
    3710108 |  8349766.40
    3751119 |  8349697.50
     930071 |  8349695.52
    5015566 |  8349461.33
    3611313 |  8349425.88
     805149 |  8349319.48
    6297304 |  8349317.92
    1943307 |  8349251.54
    3220141 |  8349249.35
    1962831 |  8349226.60
    3519781 |  8349209.40
    2523149 |  8349209.04
    3714741 |  8349053.73
    1020850 |  8349043.50
    3564300 |  8348880.54
    3864707 |  8348849.32
    2515732 |  8348714.89
     580055 |  8348661.77
    3682575 |  8348660.40
    3889685 |  8348659.44
    2894488 |  8348656.68
    5551668 |  8348582.20
    6356795 |  8348540.52
    6133775 |  8348508.00
    2239073 |  8348471.18
    3892796 |  8348353.38
    1999155 |  8348340.84
     166998 |  8348326.56
    3862367 |  8348326.14
     379779 |  8348202.64
    1802574 |  8348151.60
     595889 |  8348134.65
     382035 |  8348031.90
    5390182 |  8347956.30
     866364 |  8347929.24
     848757 |  8347860.42
    4389251 |  8347855.10
    5174270 |  8347771.80
    5484540 |  8347770.36
    2194260 |  8347743.90
    2886519 |  8347663.08
    1142508 |  8347662.54
    4295011 |  8347640.73
    5973549 |  8347577.78
    1581116 |  8347572.28
    2383508 |  8347535.36
    5442882 |  8347487.36
    1394925 |  8347445.60
    6187216 |  8347159.74
    2006960 |  8347142.16
    1655722 |  8346996.24
    3304877 |  8346980.60
    3306595 |  8346963.48
    3077530 |  8346963.24
    1244453 |  8346955.86
    5587471 |  8346942.98
    3772633 |  8346912.76
    5446966 |  8346857.59
    3956221 |  8346796.81
    1976192 |  8346780.05
      42739 |  8346700.80
    4935324 |  8346692.15
    2903948 |  8346677.35
    2377573 |  8346611.88
    1966823 |  8346574.05
     225716 |  8346550.05
    2392856 |  8346400.92
    2051708 |  8346399.60
    5837209 |  8346297.63
    2821763 |  8346281.86
     577332 |  8346211.72
    4689185 |  8346162.24
    1652670 |  8346160.71
    2412647 |  8346102.84
    2443155 |  8346071.37
    3585597 |  8346027.10
    4673657 |  8346017.08
     789374 |  8345933.84
    2416913 |  8345879.85
     552434 |  8345802.50
    4189825 |  8345747.22
    2777324 |  8345724.94
    5168230 |  8345719.95
    6182782 |  8345715.98
     654207 |  8345702.28
    4211594 |  8345635.42
    1552690 |  8345584.52
    4081380 |  8345525.76
    5129216 |  8345486.52
      89483 |  8345425.20
    6271569 |  8345394.97
    6254356 |  8345274.24
    4313056 |  8345274.09
    6397298 |  8345248.56
    2199228 |  8345108.40
    3373612 |  8345095.52
    1451098 |  8345007.09
    1784798 |  8344995.18
    1167780 |  8344984.20
    4426725 |  8344937.25
    6381306 |  8344929.23
    6359149 |  8344899.72
    1741811 |  8344734.31
    1593843 |  8344699.25
    6394483 |  8344683.62
    5920229 |  8344683.59
     149597 |  8344555.20
    5920061 |  8344451.92
    5366038 |  8344370.60
    3964061 |  8344350.82
    4102606 |  8344216.65
    2163797 |  8344190.40
    2765931 |  8344172.55
    3599675 |  8344079.52
    4444910 |  8343977.72
    5486848 |  8343954.72
    5733081 |  8343798.40
    5428715 |  8343790.00
    2612089 |  8343779.34
     831465 |  8343750.20
    1939792 |  8343699.70
    3618321 |  8343531.89
    2319068 |  8343526.24
    5398781 |  8343417.00
    1568767 |  8343402.48
     699005 |  8343253.22
     242186 |  8343117.42
    5396179 |  8343050.65
    5967453 |  8343041.08
     989914 |  8342940.60
     263214 |  8342907.23
    3477318 |  8342871.03
    3087262 |  8342816.72
    5391458 |  8342787.26
    3170584 |  8342761.90
    2406532 |  8342756.76
    3918034 |  8342691.33
    1519104 |  8342639.91
    2981157 |  8342573.22
    2841105 |  8342518.60
    6145426 |  8342497.86
    1706890 |  8342471.84
     372184 |  8342413.05
    3580895 |  8342379.27
    1330057 |  8342376.90
    2472712 |  8342282.52
    4262858 |  8342258.58
    2815378 |  8342238.84
    4646224 |  8342030.40
    4549586 |  8341968.46
    1376952 |  8341927.50
    4000089 |  8341891.35
    1206007 |  8341781.58
    4639837 |  8341750.56
    2821626 |  8341723.20
    1268888 |  8341701.00
    3228436 |  8341642.72
    1864100 |  8341622.64
    5751803 |  8341448.31
    5256703 |  8341390.32
    2665442 |  8341279.29
    5881606 |  8341279.20
     105635 |  8341276.02
    3535083 |  8341232.17
    4017513 |  8341149.60
    2798433 |  8341119.36
    2924706 |  8341076.62
    3662103 |  8341067.31
    2098947 |  8341062.30
    5679660 |  8341027.11
    3709518 |  8341009.55
     650212 |  8340990.84
    5160186 |  8340957.83
    1706066 |  8340928.94
     474917 |  8340878.00
    3989239 |  8340859.84
    1636502 |  8340844.20
     474431 |  8340802.97
    2562891 |  8340802.80
    2300251 |  8340686.16
     218992 |  8340231.42
    6239944 |  8340192.00
    3750486 |  8340164.82
    4000644 |  8340122.98
    5352755 |  8340105.82
    5861940 |  8340022.86
    3336714 |  8339929.80
    6048086 |  8339892.00
    1646651 |  8339856.69
     329579 |  8339795.98
    1179627 |  8339626.80
    6083617 |  8339570.02
    2901433 |  8339537.00
    2971185 |  8339492.41
    6071800 |  8339376.70
    4974775 |  8339375.74
      22372 |  8339214.53
    4294468 |  8339126.40
    3808314 |  8339124.30
    3378018 |  8339086.77
    5050409 |  8339064.92
    5410741 |  8338999.02
    3733896 |  8338947.12
    3512110 |  8338803.60
    3175580 |  8338778.80
     169765 |  8338733.72
    3361768 |  8338696.30
    4302345 |  8338666.14
    3812332 |  8338629.81
    1771102 |  8338522.80
    1547046 |  8338522.20
    4572377 |  8338515.97
    6098260 |  8338498.08
    6168076 |  8338479.33
    1471897 |  8338423.04
    4494841 |  8338408.70
    1001337 |  8338372.76
    2675772 |  8338343.03
    2464232 |  8338299.84
    2951059 |  8338181.76
    4831591 |  8338120.48
    4537821 |  8338119.28
    5992345 |  8338081.29
     454884 |  8338005.68
    4953819 |  8337982.00
    2848807 |  8337933.10
    5193659 |  8337868.80
     241355 |  8337774.48
     377695 |  8337768.30
    5255532 |  8337762.72
    4034889 |  8337659.28
    4682758 |  8337585.75
    3352381 |  8337560.36
    6245904 |  8337542.98
    4631435 |  8337516.70
     447244 |  8337438.08
    4902563 |  8337416.76
    5278627 |  8337312.64
     819782 |  8337288.94
     234805 |  8337267.84
    4448546 |  8337152.61
    1123287 |  8337097.35
    1308637 |  8336988.90
    1529643 |  8336986.32
    3071443 |  8336978.16
    4109532 |  8336948.95
    3396491 |  8336898.81
    4704182 |  8336878.68
     475548 |  8336873.67
    4002483 |  8336871.40
    4687969 |  8336865.96
    1098252 |  8336773.62
    3113260 |  8336765.80
    1943969 |  8336510.90
    5375150 |  8336472.60
     788807 |  8336423.02
    2549456 |  8336386.05
    1722500 |  8336367.48
    2067532 |  8336305.68
    4942705 |  8335984.80
    1842790 |  8335909.48
     744801 |  8335900.48
     124143 |  8335841.76
    5681124 |  8335796.12
    3837416 |  8335726.44
    2718540 |  8335622.40
    2166788 |  8335562.07
    1861403 |  8335543.04
    1073065 |  8335531.80
    4684654 |  8335466.29
    3478966 |  8335387.80
    5828610 |  8335355.22
    4959056 |  8335266.32
     589474 |  8335248.30
    1992569 |  8335230.20
      80824 |  8335148.96
    1347299 |  8335141.06
     881117 |  8335077.40
    4661185 |  8335041.76
    2820920 |  8334999.87
    1463953 |  8334970.38
    6270489 |  8334958.10
    5054736 |  8334889.05
    6306177 |  8334847.69
    4776745 |  8334840.78
    5144453 |  8334829.57
    2195504 |  8334800.76
     988593 |  8334800.20
    1813123 |  8334773.92
    4932488 |  8334608.36
    1066743 |  8334599.28
    5829826 |  8334591.20
    4192180 |  8334551.94
    3526375 |  8334449.82
    4417834 |  8334412.90
    5824206 |  8334347.28
    3837191 |  8334296.28
    5026910 |  8334148.26
      51738 |  8334081.94
    1175249 |  8333997.04
    2485423 |  8333862.60
    6120422 |  8333782.20
    1782796 |  8333771.55
    1434063 |  8333737.92
    5455277 |  8333706.16
    1528400 |  8333678.54
    2683679 |  8333654.76
    4125166 |  8333613.94
    4003452 |  8333613.00
     611371 |  8333589.42
     101418 |  8333586.38
    4527408 |  8333551.27
    4278428 |  8333529.54
    2372411 |  8333523.08
    2856238 |  8333445.20
    3103260 |  8333437.68
    4977517 |  8333126.74
    4073629 |  8333105.25
     596421 |  8333067.53
     825397 |  8333058.90
    5724758 |  8333038.51
    1516763 |  8333034.93
    3457920 |  8332984.80
    5916506 |  8332747.89
    5570316 |  8332716.42
    4435634 |  8332689.55
     928473 |  8332685.10
    6284018 |  8332669.44
    3195502 |  8332646.70
    4703830 |  8332640.55
    5078787 |  8332632.02
    4952787 |  8332627.46
    4320758 |  8332513.14
    4140782 |  8332510.59
    3085041 |  8332494.52
    1155917 |  8332442.28
    4459230 |  8332391.10
    1072656 |  8332312.00
     231493 |  8332063.20
    1034260 |  8332056.21
    1760339 |  8331970.59
    3888723 |  8331918.54
    1636656 |  8331875.16
     114823 |  8331866.25
    2137446 |  8331856.65
     968339 |  8331849.28
    5260231 |  8331824.48
     353168 |  8331816.96
    1082136 |  8331741.82
    2913250 |  8331732.64
    5008068 |  8331717.36
    5683249 |  8331703.27
    3560694 |  8331696.04
    4216354 |  8331688.56
    5307372 |  8331586.90
    4398808 |  8331526.14
    1444175 |  8331503.01
    5128644 |  8331393.52
    1029212 |  8331292.60
    6297633 |  8331258.12
    2082288 |  8331193.00
    3245725 |  8331169.66
    3461131 |  8331151.56
    4691619 |  8331087.12
    3657401 |  8330987.84
    1743777 |  8330863.36
    5084720 |  8330826.64
     867974 |  8330804.19
    1312512 |  8330736.45
    1182587 |  8330696.37
    5346460 |  8330630.00
    4948952 |  8330617.09
    1572270 |  8330507.90
    4084771 |  8330493.82
    5305827 |  8330463.25
    6245622 |  8330395.92
    6170481 |  8330349.80
    1620164 |  8330241.11
    2308676 |  8330189.16
    2732153 |  8330133.00
    6031932 |  8330126.56
    1570845 |  8330101.77
    6225614 |  8329957.71
    1018580 |  8329919.28
     101447 |  8329828.90
    1378978 |  8329803.30
    2663542 |  8329755.66
     974891 |  8329636.08
    1487586 |  8329615.54
    1926377 |  8329577.64
    5662782 |  8329544.52
    1626647 |  8329541.38
     200950 |  8329482.96
     882469 |  8329469.94
    2165778 |  8329460.73
    2691898 |  8329320.18
    2676168 |  8329179.34
    2060428 |  8329125.45
    4753089 |  8329047.31
    3779352 |  8328989.98
    1073167 |  8328905.50
    1735690 |  8328876.48
     109616 |  8328855.92
    2616879 |  8328844.44
    3179260 |  8328821.08
    3790341 |  8328797.75
    2632159 |  8328760.66
    5872640 |  8328718.60
    4795684 |  8328676.06
    2957857 |  8328651.36
    6115974 |  8328647.04
    6081627 |  8328580.96
    4713245 |  8328518.20
     927267 |  8328458.67
    3150410 |  8328424.88
     879856 |  8328405.66
    2965885 |  8328349.98
     976770 |  8328299.31
    4876737 |  8328290.37
    1208698 |  8328231.68
    5998579 |  8328195.92
    2181235 |  8328178.56
    2365471 |  8328093.00
    5019048 |  8328067.02
    1047025 |  8328054.51
    4883188 |  8328037.20
    3717748 |  8328003.66
    6343635 |  8328000.54
    1214348 |  8327848.16
       6560 |  8327845.08
     655708 |  8327818.60
     394295 |  8327796.24
    2381359 |  8327725.00
    3003889 |  8327537.53
    1112294 |  8327516.67
    3439223 |  8327507.06
    3894441 |  8327473.45
    3026305 |  8327435.38
    3432734 |  8327420.64
    4059290 |  8327408.79
    4850725 |  8327383.68
     465388 |  8327377.18
     962871 |  8327374.18
    1898508 |  8327363.13
    1016740 |  8327333.91
    1898502 |  8327283.44
    4700380 |  8327206.44
    6285416 |  8327185.30
     117519 |  8327176.45
    3545898 |  8327070.40
    5735627 |  8327068.75
    1950848 |  8326994.50
    1445366 |  8326981.34
    1241945 |  8326895.95
    2930696 |  8326836.00
     792863 |  8326787.28
    1730431 |  8326722.32
    2572048 |  8326667.16
    1179235 |  8326622.74
    3035902 |  8326508.75
    1058165 |  8326475.42
    4841672 |  8326458.80
      38213 |  8326336.83
    2625014 |  8326277.04
    1212963 |  8326194.57
    3977030 |  8326181.75
    1185567 |  8326171.26
    5029994 |  8326159.58
    1458564 |  8326105.56
    4746906 |  8326090.45
    4927106 |  8325983.25
    2053695 |  8325947.08
    5366892 |  8325923.58
    3128986 |  8325904.12
    4614497 |  8325830.70
    1976543 |  8325783.90
     385851 |  8325778.65
    1085482 |  8325750.95
    3000026 |  8325746.80
    1014802 |  8325550.89
    3157512 |  8325452.16
    3059766 |  8325386.16
     161710 |  8325292.89
    4670988 |  8325290.00
    5305144 |  8325134.65
     259363 |  8325067.57
    4161517 |  8324986.80
    6066323 |  8324944.50
    4180014 |  8324909.74
    3253143 |  8324901.17
    6094572 |  8324817.90
    4552607 |  8324739.13
    6299804 |  8324662.96
    2838864 |  8324644.20
    2358478 |  8324510.08
    4701337 |  8324502.06
    4424794 |  8324498.04
    3302864 |  8324395.54
    4284526 |  8324376.06
    4071414 |  8324323.04
    4943473 |  8324269.40
    2122078 |  8324253.81
    3180251 |  8324218.64
    3173650 |  8324215.90
    4982598 |  8324146.56
     161872 |  8323783.20
    4456575 |  8323776.66
    4307235 |  8323744.00
    3786044 |  8323712.82
    2932899 |  8323577.01
    4375572 |  8323520.64
    1581727 |  8323454.40
    4882940 |  8323448.76
    5518395 |  8323438.77
    4983220 |  8323438.68
    3012487 |  8323302.82
    4072918 |  8323295.75
    1917772 |  8323234.48
    2726892 |  8323223.70
    2022684 |  8323215.47
    5161271 |  8323173.25
    5024044 |  8323052.65
    4223094 |  8323000.28
    2843599 |  8322991.04
    6018965 |  8322917.76
    5412654 |  8322903.35
    2900089 |  8322830.27
    2680457 |  8322799.32
    5698742 |  8322770.80
    4633290 |  8322769.92
    1787609 |  8322618.14
    4867361 |  8322596.00
    3913884 |  8322365.10
    2392538 |  8322364.16
    3494020 |  8322185.60
    5342622 |  8322137.28
     791373 |  8322130.44
    1491849 |  8322128.64
    1912502 |  8322106.48
    1676285 |  8322092.46
    2477580 |  8322087.64
    6096083 |  8321999.40
    6314797 |  8321891.48
    1053324 |  8321882.56
    4428080 |  8321868.80
    5612240 |  8321861.72
    2312112 |  8321848.54
    2886587 |  8321736.72
    6060967 |  8321705.52
    1035630 |  8321681.24
    2656728 |  8321591.20
    1989404 |  8321569.86
    5166519 |  8321448.24
    4706014 |  8321400.40
      53314 |  8321343.60
    6245539 |  8321313.52
    3075780 |  8321304.55
     137904 |  8321253.75
     882537 |  8321205.76
    4845639 |  8321021.10
    1473552 |  8320998.78
    2093002 |  8320985.58
    6234276 |  8320897.44
     296623 |  8320878.12
    6148868 |  8320854.75
    2336115 |  8320850.29
      56393 |  8320846.23
     787324 |  8320842.96
    6278929 |  8320840.40
    3759564 |  8320820.54
    1294391 |  8320802.05
     986314 |  8320760.70
    5644453 |  8320742.82
    5582036 |  8320598.40
    1022497 |  8320555.27
    2729176 |  8320421.28
    6135040 |  8320343.00
    6133021 |  8320176.48
     343933 |  8320160.53
    2169675 |  8320112.92
    3276715 |  8320100.00
    4751669 |  8320099.25
    2092727 |  8320039.78
    5307241 |  8319993.78
    2431647 |  8319897.00
    4950863 |  8319881.92
    1486928 |  8319847.12
    6345321 |  8319739.32
    5971482 |  8319707.88
    6040248 |  8319702.56
    2456895 |  8319671.23
    1463711 |  8319575.44
    3611526 |  8319573.74
    4321134 |  8319563.70
    5347177 |  8319514.59
    1989498 |  8319407.60
    3654585 |  8319317.79
    4099327 |  8319257.76
    1925132 |  8319203.64
    3245724 |  8319186.92
    3281730 |  8319081.96
    4904765 |  8318958.96
    2166811 |  8318920.80
    3112290 |  8318845.00
    5133336 |  8318737.97
    3114822 |  8318686.48
     184229 |  8318630.67
     340922 |  8318561.38
    4060147 |  8318519.15
    1073030 |  8318501.04
     966393 |  8318498.38
    3221492 |  8318474.34
    4300784 |  8318305.80
    5106128 |  8318183.90
    1771530 |  8318182.38
    3678744 |  8318002.68
     101964 |  8317984.88
    4739135 |  8317803.91
    6373317 |  8317803.78
    1519883 |  8317798.20
    5138960 |  8317769.03
    1132751 |  8317688.20
    1408033 |  8317655.70
    3317183 |  8317637.90
    3467201 |  8317598.75
    4520738 |  8317588.00
     420100 |  8317414.08
     891670 |  8317377.65
     776703 |  8317362.00
    4811665 |  8317321.74
    3458344 |  8317265.00
    4561045 |  8317201.50
    1941791 |  8316999.53
    4473782 |  8316985.38
     715411 |  8316953.01
     159160 |  8316949.84
    4957973 |  8316930.24
    4071334 |  8316858.96
    1193803 |  8316842.04
    2228928 |  8316801.06
    1128520 |  8316785.90
    2216392 |  8316761.18
    3162854 |  8316748.44
    3801529 |  8316725.36
    2169944 |  8316663.96
    5292698 |  8316463.98
    1750246 |  8316436.23
    2019470 |  8316397.32
    1396270 |  8316384.04
    5477563 |  8316305.42
     591823 |  8316282.46
    3321986 |  8316275.52
    5250317 |  8316129.60
    4006939 |  8316108.90
    1309871 |  8316007.26
    5764567 |  8315905.50
    4638912 |  8315885.24
    4075086 |  8315779.38
    2859760 |  8315613.00
    4613183 |  8315589.21
    4566865 |  8315383.35
    4097965 |  8315366.40
     988092 |  8315266.44
    4073551 |  8315260.80
     395173 |  8315186.54
    5416350 |  8315087.34
    1446126 |  8315079.66
    4142245 |  8315048.80
    2291560 |  8315003.00
    4749783 |  8314994.44
    2141886 |  8314756.28
    2956980 |  8314724.25
    2734756 |  8314713.26
    2283549 |  8314659.08
     991820 |  8314529.83
     296279 |  8314518.58
    2578827 |  8314497.20
    1771504 |  8314489.81
    3881754 |  8314295.04
     622968 |  8314180.24
    5566953 |  8314137.90
     832923 |  8314136.28
    2349946 |  8314075.00
    3000221 |  8314013.88
    5676542 |  8313971.94
    6249828 |  8313950.70
    2379575 |  8313946.62
    4325271 |  8313932.41
    1981084 |  8313908.40
    5513544 |  8313871.59
     849048 |  8313870.46
     415519 |  8313752.40
    6342824 |  8313734.80
    3935954 |  8313693.04
     783880 |  8313675.68
    6334394 |  8313643.24
    3075311 |  8313640.90
    6047984 |  8313637.72
    5400598 |  8313617.20
    5162899 |  8313599.97
    3910933 |  8313582.00
    5814029 |  8313580.00
    1572023 |  8313491.04
    1324484 |  8313460.43
    5292286 |  8313453.00
    1820881 |  8313390.70
    5786140 |  8313335.07
    2758921 |  8313309.70
    5630108 |  8313271.41
    6254499 |  8313221.75
    1705905 |  8313094.42
    1758590 |  8313076.48
      29101 |  8313075.54
     458037 |  8313056.10
    3958855 |  8312994.00
    2678926 |  8312974.80
     944220 |  8312962.48
    1068719 |  8312936.88
    6079697 |  8312863.07
    3504334 |  8312861.52
    2202150 |  8312838.68
    5597773 |  8312820.84
    5031059 |  8312701.70
    3266824 |  8312641.68
    5376173 |  8312626.00
    5610592 |  8312594.29
    3564565 |  8312588.83
     593131 |  8312556.00
    1631522 |  8312491.90
       5773 |  8312460.42
    5381000 |  8312417.82
    1948107 |  8312371.94
    3913611 |  8312298.32
    2736882 |  8312298.25
    6082165 |  8312264.94
    3945140 |  8312259.76
    1443211 |  8312184.68
    1454031 |  8312138.45
    4760476 |  8311993.60
    1939261 |  8311843.00
    6048174 |  8311663.59
    2948073 |  8311647.24
    5527147 |  8311644.21
    4683863 |  8311628.16
    2963954 |  8311621.05
    1282916 |  8311565.01
    3024926 |  8311532.82
    3984811 |  8311431.18
    3062592 |  8311383.48
    3141773 |  8311370.76
    2535315 |  8311227.72
    2084615 |  8311214.25
    3459994 |  8311175.20
    3619149 |  8311080.58
    3308745 |  8311071.93
    3993384 |  8311050.00
    2835212 |  8311038.54
    1425037 |  8311020.08
    2409628 |  8310995.12
    2641547 |  8310970.00
    2991819 |  8310866.70
    3542796 |  8310855.39
    1874455 |  8310809.52
    4218290 |  8310776.50
    1886547 |  8310696.45
    5166145 |  8310473.32
    6092004 |  8310469.36
    5483111 |  8310430.83
    2359867 |  8310398.60
    6295975 |  8310206.18
    2081220 |  8310175.20
    5817347 |  8310161.70
    1545383 |  8310151.30
    5049550 |  8310144.00
     587258 |  8310122.19
     366462 |  8309978.79
    6231415 |  8309975.76
     201213 |  8309896.92
    3600294 |  8309878.12
    5662150 |  8309786.85
    3707689 |  8309756.00
    4733851 |  8309745.06
    1378508 |  8309735.60
    5690144 |  8309708.02
    6106643 |  8309670.24
    3870122 |  8309660.17
    1268694 |  8309637.36
    1224296 |  8309527.60
     301892 |  8309523.12
    4246338 |  8309510.22
     313507 |  8309467.95
    5457816 |  8309438.50
    3196345 |  8309433.60
    2421166 |  8309429.02
    3100083 |  8309375.24
    1891852 |  8309368.40
    4245258 |  8309285.02
    2498823 |  8309276.10
    6390038 |  8309200.12
     293245 |  8309192.32
    4072476 |  8309160.14
    2632110 |  8309078.40
    1779067 |  8309008.40
    5575080 |  8309004.60
    5423853 |  8308978.04
    1319758 |  8308971.23
    1877307 |  8308937.11
     236925 |  8308889.77
    1027548 |  8308820.40
    6305754 |  8308792.39
    3614500 |  8308711.86
    4861247 |  8308660.14
    4603525 |  8308578.30
    3644896 |  8308575.42
     692583 |  8308571.70
    2690230 |  8308562.14
    2176211 |  8308503.84
    2552795 |  8308479.99
     319585 |  8308456.65
     614593 |  8308317.84
    5358708 |  8308314.75
    6341853 |  8308307.47
    1555072 |  8308219.61
    4348647 |  8308205.59
    4050787 |  8308158.72
    3674799 |  8308125.76
    1438761 |  8308118.00
       2380 |  8308078.89
    1552937 |  8308075.32
    5438673 |  8308072.41
      35540 |  8308058.43
    2174526 |  8307967.80
    3276697 |  8307912.96
    4432646 |  8307817.20
    1132844 |  8307768.04
    2003433 |  8307758.31
     481004 |  8307743.94
    6210264 |  8307734.45
    4592101 |  8307621.22
     990603 |  8307580.40
    5462762 |  8307472.88
    4120818 |  8307441.76
    3771806 |  8307355.86
    3260661 |  8307284.88
    5736414 |  8307197.04
    2499179 |  8307197.00
      50440 |  8307183.04
    6398136 |  8307122.05
    3415375 |  8307117.00
    1995700 |  8307075.40
    3339496 |  8307046.40
    4196206 |  8306977.32
    2773893 |  8306901.43
    5911624 |  8306886.51
    3261968 |  8306849.01
    2624373 |  8306807.51
    4733377 |  8306793.53
    3268478 |  8306777.40
    1355242 |  8306688.25
    3303561 |  8306610.00
    4213000 |  8306561.55
    3442346 |  8306530.47
    2088656 |  8306493.36
    2221029 |  8306481.24
    1990722 |  8306456.85
     978137 |  8306447.66
    5832321 |  8306422.14
    2286668 |  8306419.88
     315331 |  8306361.08
    3005674 |  8306325.19
    5094654 |  8306284.80
    5698340 |  8306236.56
    1360272 |  8306169.30
    1853587 |  8306131.77
    2964378 |  8306104.77
    2725508 |  8306095.50
    3548918 |  8306034.00
    1658325 |  8305998.61
    1037482 |  8305933.75
    2836013 |  8305905.60
    2219197 |  8305795.26
    2030105 |  8305681.80
    4622401 |  8305448.21
    5564408 |  8305427.88
    4739616 |  8305236.10
    3253713 |  8305184.68
    2431660 |  8305182.99
    4433267 |  8305182.72
    1924273 |  8305148.18
     858446 |  8304988.57
    6122559 |  8304984.54
    4585615 |  8304969.22
     519179 |  8304873.50
    5400964 |  8304860.52
    4517025 |  8304751.02
     805608 |  8304702.53
    4988641 |  8304674.40
    3453018 |  8304660.65
    1883892 |  8304549.60
    4138010 |  8304534.03
    1146833 |  8304477.86
     160444 |  8304352.42
    3108700 |  8304332.86
    3627243 |  8304312.15
    2249276 |  8304207.60
    1318211 |  8304113.69
    4595147 |  8304093.27
    4397365 |  8304056.82
    3587285 |  8304044.68
    5317204 |  8304038.96
    4963847 |  8303923.56
     463907 |  8303905.62
    5951622 |  8303889.69
    3956174 |  8303843.73
    1537400 |  8303825.88
    5694874 |  8303694.82
    4344122 |  8303616.11
    3362576 |  8303531.18
    1697371 |  8303417.10
    6165770 |  8303379.70
    1260092 |  8303355.84
     395723 |  8303353.20
    3483657 |  8303320.28
    1680175 |  8303267.32
     162602 |  8303265.60
     792569 |  8303243.00
    4961387 |  8303159.04
    2693882 |  8303148.92
    2984872 |  8303075.55
    4111412 |  8302994.70
    3188911 |  8302810.00
    2020408 |  8302798.98
     466172 |  8302760.98
    4076713 |  8302753.41
    4892870 |  8302675.50
     369477 |  8302665.92
     734509 |  8302617.50
    3402265 |  8302589.99
    2443020 |  8302547.44
     317634 |  8302477.68
    1113349 |  8302441.68
     315215 |  8302424.13
    2447927 |  8302329.36
    2872834 |  8302302.03
    2221873 |  8302281.30
    5543604 |  8302272.00
    1044358 |  8302202.03
    4720200 |  8302105.35
    2294184 |  8301971.25
    2985878 |  8301943.00
    1235935 |  8301815.50
    3711436 |  8301810.60
    1868456 |  8301795.15
    2763913 |  8301770.17
    5741663 |  8301769.74
    2092722 |  8301768.54
    1978700 |  8301712.42
    5674598 |  8301703.45
    4136660 |  8301670.65
    1991836 |  8301584.00
    3208135 |  8301581.46
    2785339 |  8301577.79
    2881617 |  8301463.44
    1190957 |  8301456.90
    5651396 |  8301430.06
    2886231 |  8301384.60
    3253619 |  8301345.16
    3013454 |  8301198.57
    5223934 |  8301180.00
    1509136 |  8301141.08
    1864592 |  8301117.44
     428951 |  8301035.15
    4906042 |  8301019.60
    1563774 |  8301002.05
     850178 |  8300989.97
    3842654 |  8300989.00
    4929877 |  8300960.57
    5104551 |  8300947.02
    6225960 |  8300931.87
    5318782 |  8300882.08
    3191310 |  8300823.93
    2257880 |  8300815.00
    6261907 |  8300782.27
    3017851 |  8300706.70
     207096 |  8300565.77
    1749199 |  8300563.25
    5587745 |  8300513.70
     228255 |  8300427.84
    1908173 |  8300427.42
    2401240 |  8300403.60
    4729684 |  8300400.31
    5304892 |  8300385.28
    1191449 |  8300367.60
    5009891 |  8300360.88
    2501358 |  8300271.51
    3721197 |  8300257.92
    3871762 |  8300251.54
    1785614 |  8300226.60
    1355482 |  8300225.44
     565350 |  8300206.58
    3688528 |  8300167.04
    6356399 |  8300160.00
    4364129 |  8300156.60
    1037933 |  8300096.02
    5004061 |  8299976.30
    4411902 |  8299972.17
     793010 |  8299946.10
    4150445 |  8299837.54
     158463 |  8299827.04
    1925177 |  8299777.29
    5192278 |  8299758.60
    3941027 |  8299732.23
    5175912 |  8299707.78
    5673850 |  8299625.64
     207770 |  8299485.60
    4089108 |  8299428.67
    5794623 |  8299350.54
     669847 |  8299306.73
    3398355 |  8299305.98
    2827859 |  8299298.30
    3342838 |  8299263.00
    4826692 |  8299204.92
    3752541 |  8299145.80
    5409325 |  8298981.63
    2446669 |  8298968.40
    5207582 |  8298966.40
    3757816 |  8298843.66
    2722970 |  8298838.52
    1113549 |  8298800.78
    4090910 |  8298720.45
    2870307 |  8298693.25
    1308013 |  8298674.56
    3541528 |  8298656.10
    6370665 |  8298653.94
    6186939 |  8298637.00
    3719439 |  8298514.26
    3180321 |  8298381.84
     391557 |  8298307.50
    5629470 |  8298301.32
    1710180 |  8298286.35
    1717847 |  8298272.64
    3857788 |  8298107.44
    6208136 |  8298064.60
    1710670 |  8298061.45
    5801823 |  8298045.28
    4104009 |  8298042.03
    4716099 |  8297996.20
    3944719 |  8297918.64
    3127974 |  8297829.12
    3196509 |  8297827.00
    2924377 |  8297730.24
    2558474 |  8297661.30
    1922828 |  8297610.17
    3132107 |  8297573.20
    6368928 |  8297562.96
    4596250 |  8297548.14
    3528978 |  8297508.75
    5124702 |  8297502.29
    1362554 |  8297441.53
    4779443 |  8297337.62
    3697260 |  8297317.26
    4324587 |  8297188.98
     534699 |  8297177.61
    4190537 |  8297125.20
    3937715 |  8297095.44
    1933170 |  8297068.52
     190762 |  8297020.82
    4583965 |  8297015.28
     544489 |  8296992.07
    5779467 |  8296989.96
     854263 |  8296971.15
    4212775 |  8296952.50
    2069134 |  8296913.46
    3392091 |  8296888.66
     941469 |  8296787.76
    1950099 |  8296725.15
    3216856 |  8296676.70
    3985430 |  8296637.88
    6335059 |  8296605.36
    1143372 |  8296599.30
    4240967 |  8296584.04
    2034284 |  8296546.50
    4629635 |  8296488.51
    4955710 |  8296471.96
    4605229 |  8296269.92
    4126029 |  8296255.61
    5316559 |  8296255.08
    3808611 |  8296184.00
    2980016 |  8296156.59
     777973 |  8296123.68
    4627670 |  8296073.82
    3908255 |  8296047.08
    1475003 |  8296016.55
     120742 |  8295979.77
    6020475 |  8295947.55
    4525657 |  8295904.04
    4311071 |  8295893.96
    4247193 |  8295885.87
    3340006 |  8295881.22
    2991472 |  8295780.14
    3043351 |  8295764.04
    5294885 |  8295736.80
    5082857 |  8295718.20
    2699063 |  8295678.60
     161777 |  8295645.04
    6302144 |  8295601.08
    4786418 |  8295458.49
    5222227 |  8295455.98
    2857791 |  8295358.50
    4519760 |  8295348.18
    5802325 |  8295315.84
    2372470 |  8295286.50
    2572235 |  8295267.30
    2715682 |  8295237.35
    2909443 |  8295235.24
    2409290 |  8295150.27
    5326130 |  8295051.13
    2176459 |  8294998.32
    3966174 |  8294859.19
    3679041 |  8294851.60
    1942678 |  8294828.32
    4717641 |  8294794.60
    5969032 |  8294788.76
    1468639 |  8294753.64
    5834200 |  8294603.33
    2614708 |  8294484.96
    3965635 |  8294462.98
    1800160 |  8294429.15
    1320003 |  8294364.73
     302358 |  8294356.71
    5984399 |  8294328.83
    3248229 |  8294290.40
    3889157 |  8294221.68
    1191456 |  8294220.35
    3358516 |  8294193.05
    2309573 |  8294152.31
    4251806 |  8294140.44
    4406348 |  8294091.02
    4170799 |  8293959.00
    4491811 |  8293933.36
    4593241 |  8293906.62
    1294917 |  8293805.70
    3463600 |  8293680.78
     789163 |  8293654.71
     918942 |  8293650.17
    2962586 |  8293605.60
    2160381 |  8293454.24
    4537127 |  8293272.46
    4070042 |  8293213.46
    1073573 |  8293200.52
    2921995 |  8293199.31
    1211267 |  8293088.80
     906681 |  8292952.15
     609462 |  8292925.40
    3163134 |  8292912.39
    5283839 |  8292912.30
    2518850 |  8292884.74
    1062175 |  8292878.23
    4062894 |  8292751.21
    1907922 |  8292685.40
    2922583 |  8292671.70
    2432771 |  8292588.20
    4790219 |  8292553.68
    4379006 |  8292549.00
    4025039 |  8292544.92
    1827171 |  8292417.76
    4352833 |  8292355.64
      40880 |  8292337.20
    3489568 |  8292297.88
    2743950 |  8292259.52
    1869822 |  8292256.25
    4554249 |  8292112.92
     571600 |  8292074.97
    4536977 |  8291997.60
    1527307 |  8291890.89
    1234375 |  8291889.06
    2542579 |  8291878.57
    2647713 |  8291830.56
     264745 |  8291826.16
    1958094 |  8291766.60
    2590991 |  8291711.74
     887199 |  8291623.45
    1569549 |  8291612.34
    3620062 |  8291545.60
    4250996 |  8291539.41
    4130689 |  8291528.63
    3460252 |  8291461.36
    2180448 |  8291455.30
    2610123 |  8291405.41
    5038869 |  8291375.50
    2808672 |  8291354.24
    2112718 |  8291264.73
    4029837 |  8291177.40
     673560 |  8291176.40
    4172208 |  8291158.68
    1822128 |  8291134.95
    1692746 |  8290975.07
    2227527 |  8290863.36
     383775 |  8290858.64
    1789494 |  8290743.20
     548625 |  8290601.79
     612834 |  8290560.00
    2261691 |  8290542.24
    3314182 |  8290523.88
    1824216 |  8290480.78
     838474 |  8290467.76
    2413968 |  8290443.44
      51025 |  8290441.54
    1279394 |  8290434.99
    2612206 |  8290427.04
    3336388 |  8290395.57
    2446465 |  8290380.80
    4194973 |  8290355.40
    3084856 |  8290288.38
    6119723 |  8290224.60
     373565 |  8290204.45
    1169411 |  8290197.44
    3163716 |  8290177.60
    1274502 |  8290119.93
    5001030 |  8290106.49
    2205768 |  8290092.57
    1613909 |  8290027.48
    5274757 |  8289942.08
    1367215 |  8289927.03
    4483247 |  8289919.56
    3245566 |  8289913.33
    3901598 |  8289874.60
    5043973 |  8289834.41
    2126970 |  8289805.20
    2567370 |  8289749.44
    3358811 |  8289724.20
    4473919 |  8289532.01
    1659759 |  8289505.73
    1290776 |  8289344.00
    6259049 |  8289304.94
     582457 |  8289279.72
    5950520 |  8289256.81
    4924570 |  8289237.60
    5453800 |  8289209.28
    1050450 |  8289168.03
    4400098 |  8289160.20
    5750393 |  8289091.30
    6067153 |  8289006.92
    5570754 |  8288884.00
    2996085 |  8288835.25
     832763 |  8288758.17
    5993473 |  8288709.24
    1462209 |  8288682.75
    6317296 |  8288670.24
    1516285 |  8288506.52
    4623183 |  8288506.44
    3695566 |  8288463.68
    3539777 |  8288461.61
    1342197 |  8288403.20
    4054296 |  8288224.64
    4202873 |  8288224.56
    5359975 |  8288224.14
     616870 |  8288135.10
     967859 |  8288022.05
    4481145 |  8287936.76
     826904 |  8287889.28
    5737051 |  8287854.90
    2641936 |  8287593.28
    2475805 |  8287517.93
    3966287 |  8287476.30
    3896633 |  8287390.30
    5424277 |  8287320.28
    2518704 |  8287236.72
    4564145 |  8287229.65
    1952294 |  8287200.74
    5575511 |  8287130.88
    2464825 |  8287084.46
    3145640 |  8287074.00
     173268 |  8287073.75
    1832882 |  8287066.84
    4447133 |  8287009.83
    4181089 |  8287004.72
    5456874 |  8286807.34
    4364749 |  8286799.56
    5686568 |  8286798.75
    5601621 |  8286739.20
     691628 |  8286723.18
    2237133 |  8286674.16
    2535939 |  8286597.90
     605890 |  8286578.16
    5988864 |  8286487.55
    6151376 |  8286468.70
    3887477 |  8286413.52
    5190464 |  8286363.48
     127176 |  8286359.53
     831017 |  8286298.56
     444943 |  8286292.09
    2602899 |  8286274.47
    1318071 |  8286254.37
    5381050 |  8286213.13
    3363016 |  8286189.30
    2717695 |  8286181.82
    1815486 |  8286074.32
    1321168 |  8286064.28
    4304678 |  8285971.19
    4263931 |  8285949.20
    5304887 |  8285859.76
     457713 |  8285737.60
    5680617 |  8285651.79
    3477094 |  8285584.17
    2728077 |  8285575.20
    1371599 |  8285542.56
    4179524 |  8285492.04
    5663873 |  8285468.80
     670152 |  8285306.30
    2610973 |  8285266.90
    5000917 |  8285150.47
    3632228 |  8285043.84
    2659313 |  8285038.52
    2849897 |  8285030.42
    3880081 |  8284998.48
    5942815 |  8284984.64
    6103103 |  8284942.98
    1294699 |  8284920.96
    1474371 |  8284866.10
    2634567 |  8284865.16
    1523725 |  8284808.28
    3052493 |  8284784.76
    3306332 |  8284719.52
    1879656 |  8284624.06
    1633656 |  8284587.40
    1829236 |  8284584.16
    2913528 |  8284505.24
    1260536 |  8284492.36
    3640231 |  8284449.68
    3408038 |  8284397.52
    5576765 |  8284356.00
    5165387 |  8284330.64
     241937 |  8284247.40
    2648050 |  8284201.80
    5479840 |  8284197.79
    4668528 |  8284152.48
     345665 |  8284129.92
    6165011 |  8284112.28
    4914828 |  8284099.07
     418976 |  8284070.96
    2689431 |  8284013.68
    1007486 |  8284002.06
    3838834 |  8283956.67
     167881 |  8283940.00
    6068709 |  8283911.04
    2811622 |  8283906.54
     281951 |  8283903.70
    2484696 |  8283901.06
    1722265 |  8283833.97
    6318177 |  8283761.28
    3648749 |  8283727.44
    1531121 |  8283672.50
     393145 |  8283664.84
    4096309 |  8283646.95
    4748995 |  8283641.04
    5336419 |  8283584.40
    1713542 |  8283473.88
    3264988 |  8283421.92
    5291845 |  8283372.28
    4382860 |  8283363.30
    3658158 |  8283288.20
     419672 |  8283274.83
    1731624 |  8283221.94
    3766438 |  8283193.20
     633463 |  8283072.00
    3514918 |  8283062.72
    2514663 |  8283022.20
    1524658 |  8282893.36
    4830821 |  8282776.00
    3514843 |  8282771.84
     333899 |  8282701.57
    3159079 |  8282594.82
    3238513 |  8282515.80
     168807 |  8282364.16
    4464661 |  8282364.00
     436616 |  8282343.09
    3714714 |  8282337.92
     117755 |  8282232.60
    2986818 |  8282229.60
     722862 |  8282210.04
    4351151 |  8282183.14
     483643 |  8282165.12
    1004441 |  8282153.88
    4021146 |  8282074.32
    4859102 |  8281973.70
    5120498 |  8281954.00
    1292710 |  8281896.80
    3396039 |  8281845.20
     105378 |  8281825.79
    1992113 |  8281802.52
    2973366 |  8281791.00
    1265307 |  8281731.92
    5942575 |  8281663.78
    5850148 |  8281661.20
    4049671 |  8281628.00
    2846660 |  8281452.78
    2760323 |  8281449.00
    2079645 |  8281380.10
    2692793 |  8281373.62
     326016 |  8281361.64
     446676 |  8281348.95
    3479822 |  8281330.08
    2073298 |  8281246.56
    5842485 |  8281201.37
    4695543 |  8281172.40
    5797702 |  8281150.91
    2533238 |  8281076.75
     135975 |  8281006.20
    4198160 |  8280996.70
    5422393 |  8280839.36
    4302606 |  8280816.43
    2488388 |  8280750.30
    3034127 |  8280655.38
    6036402 |  8280563.80
    6271010 |  8280505.64
    4329444 |  8280425.05
    2392917 |  8280389.88
    4490069 |  8280348.52
    5588252 |  8280098.86
    2487872 |  8280092.75
     970426 |  8280027.23
    4360113 |  8279981.93
    3394943 |  8279956.95
    3089055 |  8279918.08
    6229741 |  8279869.23
    2304228 |  8279773.45
    5336381 |  8279769.08
    4803988 |  8279724.96
    2843322 |  8279639.70
    1450128 |  8279607.60
    4955342 |  8279593.02
    3204592 |  8279570.43
     695755 |  8279377.19
    1816527 |  8279368.01
    3842268 |  8279342.82
    4747823 |  8279233.84
    2392911 |  8279176.32
    3302074 |  8279168.37
    5112795 |  8279100.82
    3506602 |  8279097.75
    3346940 |  8279067.76
    5877155 |  8279031.39
    1097552 |  8279021.24
    4384605 |  8279013.26
    2590006 |  8278952.54
    6131249 |  8278951.66
    6160820 |  8278884.25
       4258 |  8278858.04
    2838839 |  8278850.16
    1601786 |  8278828.74
    1572529 |  8278809.71
    2585375 |  8278809.20
      74556 |  8278657.08
     153985 |  8278559.08
    5133328 |  8278467.65
     989572 |  8278463.37
    4659920 |  8278458.54
    2826934 |  8278456.14
    5536223 |  8278320.00
    3244510 |  8278284.62
     522142 |  8278201.00
    2949194 |  8278067.63
    2752760 |  8278004.00
    1872520 |  8277925.44
    6042812 |  8277916.50
    5594915 |  8277862.17
    4316407 |  8277815.68
    6362596 |  8277805.53
      33693 |  8277724.26
    5917683 |  8277703.04
     643334 |  8277693.49
    3023269 |  8277662.70
    3315787 |  8277555.83
    3104676 |  8277486.08
     269513 |  8277477.07
    1070988 |  8277467.05
    5757647 |  8277462.70
    3666459 |  8277382.29
    4247807 |  8277261.12
    6307331 |  8277238.29
    1929553 |  8277233.58
    1251809 |  8276845.31
    6228465 |  8276843.76
    4755311 |  8276777.19
    1656300 |  8276761.90
    2552573 |  8276725.72
    1256864 |  8276689.52
    5624433 |  8276664.26
      58995 |  8276522.96
    5394627 |  8276501.61
    5254973 |  8276450.76
    5364604 |  8276426.46
    5770946 |  8276425.92
    3540058 |  8276398.34
    5824685 |  8276355.65
    4261323 |  8276316.51
    4830261 |  8276253.30
    3037095 |  8276242.89
     722792 |  8276198.00
    4094268 |  8276183.73
     622625 |  8276182.13
    3318159 |  8276168.56
    4232389 |  8276119.37
    6069237 |  8276087.30
    3286469 |  8276082.94
    3366577 |  8275968.78
    3602577 |  8275966.49
    4900778 |  8275948.56
    2768934 |  8275948.22
    4672302 |  8275931.12
    2109444 |  8275875.30
     975402 |  8275853.44
    4920902 |  8275751.32
    3627370 |  8275678.32
    2047730 |  8275662.72
    4468207 |  8275563.24
    5611312 |  8275558.24
    2368956 |  8275522.71
    4259863 |  8275387.05
    6076856 |  8275309.21
    6282412 |  8275271.40
    6027190 |  8275256.22
    6202337 |  8275206.96
    5362525 |  8275195.35
    5423412 |  8275191.60
    3558553 |  8275106.84
    2254655 |  8275000.50
    6076170 |  8274999.04
    1758098 |  8274945.12
    4514333 |  8274902.00
     331695 |  8274717.19
     164924 |  8274695.65
    5584059 |  8274693.90
    3549099 |  8274688.78
    2508237 |  8274670.74
    4009464 |  8274652.24
    4695453 |  8274577.01
    6012687 |  8274523.72
    6011271 |  8274505.36
    5442829 |  8274476.91
     707992 |  8274420.96
    3259564 |  8274321.28
     955653 |  8274314.43
    5118173 |  8274310.32
    5983482 |  8274291.19
    2831535 |  8274280.77
    5651511 |  8274172.17
    4616777 |  8274121.56
    5791718 |  8274115.68
    2109355 |  8274110.10
    4163804 |  8274033.11
    1634737 |  8273983.58
    2159381 |  8273852.56
    2757131 |  8273850.70
    4529644 |  8273849.84
    1452936 |  8273803.56
     833914 |  8273786.70
     175555 |  8273764.34
    2469697 |  8273757.60
    1292357 |  8273730.51
    1543750 |  8273709.60
    2861059 |  8273639.65
    6133514 |  8273627.34
    2005418 |  8273542.81
    4257916 |  8273516.46
    5639469 |  8273449.60
    2171404 |  8273439.78
      66770 |  8273407.80
     546473 |  8273384.10
    4747802 |  8273382.74
    5343502 |  8273376.00
    1742978 |  8273342.72
    5032727 |  8273293.37
    5956631 |  8273282.16
    4220632 |  8273278.65
    1613374 |  8273173.65
    3571917 |  8273130.69
    4043950 |  8273081.96
    1374339 |  8273039.09
    1478169 |  8273013.21
    4952997 |  8272884.00
    5533229 |  8272882.29
    3247585 |  8272879.11
    5481657 |  8272826.56
    3920435 |  8272721.60
     734876 |  8272714.87
     618993 |  8272647.58
    4889659 |  8272512.60
    4354354 |  8272460.12
     134973 |  8272420.50
    1129176 |  8272351.56
    3174153 |  8272227.60
    1645317 |  8272142.84
    1939735 |  8272116.58
    4169912 |  8272024.20
     119411 |  8272022.01
     701560 |  8271966.23
    3339470 |  8271905.72
     991860 |  8271833.00
    3648808 |  8271708.61
    3493733 |  8271635.20
    4788928 |  8271606.78
    3712946 |  8271601.86
    4453735 |  8271579.50
      68755 |  8271578.05
     676418 |  8271518.26
    2219269 |  8271512.85
    3160543 |  8271452.70
    1466975 |  8271439.00
    4903868 |  8271311.02
    5311026 |  8271305.25
     772937 |  8271260.43
    5011782 |  8271207.03
    1269156 |  8271200.54
    1204630 |  8271165.98
    1741693 |  8271002.20
    1667543 |  8270943.20
    1802949 |  8270933.40
     772200 |  8270887.00
    5909109 |  8270812.48
    1194084 |  8270735.21
    5012801 |  8270570.04
    3386272 |  8270528.74
    5617016 |  8270439.59
    5723015 |  8270418.48
    2847707 |  8270372.39
    3512419 |  8270301.80
     756405 |  8270196.48
    2742384 |  8270156.00
    5088602 |  8270116.52
    4562052 |  8270114.37
     996418 |  8270097.44
    5113077 |  8270052.98
    2237328 |  8270022.80
    5302078 |  8269946.52
     821396 |  8269895.34
      95259 |  8269876.44
    2430344 |  8269874.75
    5266422 |  8269810.44
    6053898 |  8269796.17
    2710074 |  8269783.87
     354231 |  8269745.96
    1526465 |  8269712.10
     527074 |  8269570.12
    4425487 |  8269544.50
    3842422 |  8269447.20
    5332537 |  8269423.26
    2341344 |  8269307.75
     299823 |  8269305.92
    1834765 |  8269279.92
    4957709 |  8269186.90
     107142 |  8269160.00
    5532234 |  8269119.24
    2442858 |  8269103.37
    2557672 |  8269085.50
    2271093 |  8269009.25
     646683 |  8269000.54
    3986933 |  8268927.86
    4794291 |  8268911.52
    5326642 |  8268873.07
    2353119 |  8268857.80
    3953245 |  8268849.48
    3831971 |  8268800.72
    1266617 |  8268787.08
    1716544 |  8268765.12
     746465 |  8268724.60
    1814082 |  8268691.20
     210600 |  8268655.12
    5258390 |  8268607.06
    1108212 |  8268576.24
     654592 |  8268493.60
    4401007 |  8268448.96
    2288199 |  8268399.42
    1502114 |  8268321.77
    6198212 |  8268229.74
    1204016 |  8268215.52
    2234170 |  8268198.30
    2817598 |  8268189.44
    1969922 |  8268157.23
    1048321 |  8268113.10
    2638210 |  8268043.70
    2539530 |  8268042.72
     729083 |  8267889.14
    3069521 |  8267835.26
    2535366 |  8267829.14
    5326794 |  8267771.49
    5769243 |  8267750.16
    4125468 |  8267734.45
    4335293 |  8267629.32
    5580853 |  8267587.68
    4999550 |  8267472.40
      70337 |  8267467.20
    1407588 |  8267465.44
    1054127 |  8267453.76
    1156189 |  8267425.72
    4880792 |  8267417.93
     670997 |  8267378.24
    3023296 |  8267273.04
    2513661 |  8267263.29
    4117539 |  8267171.84
    5903800 |  8267149.44
     493379 |  8267104.92
     404861 |  8267006.25
    3723299 |  8266920.93
    6010213 |  8266886.16
    3255552 |  8266869.10
    2003549 |  8266830.30
       8782 |  8266812.47
    6271616 |  8266719.72
    3933287 |  8266704.76
    2391214 |  8266692.73
     439651 |  8266610.52
    4942764 |  8266546.87
    1059485 |  8266500.36
     368599 |  8266455.67
     615283 |  8266444.80
     603551 |  8266394.88
     435066 |  8266261.96
    1694158 |  8266203.40
    4802351 |  8266181.00
     425969 |  8266074.64
     779585 |  8265920.82
     729780 |  8265892.95
      11164 |  8265874.54
    2466653 |  8265869.64
     460643 |  8265713.06
     423549 |  8265690.00
    3814193 |  8265651.83
    1533933 |  8265650.03
    3716652 |  8265582.80
    2614616 |  8265579.62
    2372347 |  8265562.59
    3389425 |  8265560.19
    2486676 |  8265529.84
    2987100 |  8265518.75
    1996186 |  8265486.40
    1572753 |  8265426.66
    3831543 |  8265247.84
    3166911 |  8265203.40
    2720520 |  8265201.60
    5721096 |  8265096.00
    4873896 |  8265014.90
    6273894 |  8264980.31
    5007396 |  8264960.16
    3963262 |  8264910.40
    1718744 |  8264870.88
    2897049 |  8264803.00
    6268256 |  8264775.59
    1950094 |  8264543.76
    5644651 |  8264431.24
    5491683 |  8264424.09
    3582344 |  8264345.64
    5613191 |  8264251.53
      67101 |  8264244.00
    4813440 |  8264240.40
    3255763 |  8264218.80
    1590958 |  8264064.81
     255603 |  8264028.96
    5487451 |  8264016.20
    3208029 |  8263917.43
    3572156 |  8263884.11
     518626 |  8263870.10
     381521 |  8263851.43
    3314809 |  8263757.80
    5510567 |  8263707.90
     693642 |  8263678.49
    5690617 |  8263624.26
    6226250 |  8263600.04
    1103085 |  8263534.46
    1001502 |  8263500.14
    2090249 |  8263477.08
    4367062 |  8263449.44
     427054 |  8263432.65
    5087129 |  8263405.46
    1563374 |  8263373.60
    1537483 |  8263359.30
    6072189 |  8263269.00
    2247217 |  8263060.68
    1853167 |  8262991.71
    5495154 |  8262743.06
    2577151 |  8262730.56
    5020615 |  8262729.93
    2336590 |  8262680.84
    4823490 |  8262678.90
    1685597 |  8262659.82
    3062084 |  8262539.50
    3198787 |  8262446.40
    4726327 |  8262335.68
    4998700 |  8262295.98
     136544 |  8262283.99
    5187187 |  8262271.12
    1635329 |  8262238.08
     932602 |  8262232.40
    5245471 |  8262211.35
    5334077 |  8262190.68
     933776 |  8262119.25
    4824046 |  8261915.50
    4433533 |  8261908.32
    5149423 |  8261810.81
     553102 |  8261792.88
    3192706 |  8261701.80
    2661937 |  8261689.44
    3501934 |  8261657.33
    4846693 |  8261649.00
    3209719 |  8261619.00
     850000 |  8261412.12
    2184981 |  8261378.72
    3679914 |  8261374.59
    1720540 |  8261314.56
    3374744 |  8261275.68
    4436922 |  8261270.16
    3719345 |  8261241.18
     649358 |  8261201.39
    6056977 |  8261133.72
    5858884 |  8261119.26
    6371762 |  8261118.98
    4654173 |  8261005.54
     215511 |  8260970.56
    2324644 |  8260925.44
    2500967 |  8260895.83
    2596390 |  8260858.88
    4631370 |  8260852.32
    5898158 |  8260836.03
    3901380 |  8260806.36
    1480659 |  8260631.22
      63502 |  8260595.55
    3986976 |  8260588.98
    1987379 |  8260560.22
    5265750 |  8260512.82
    1020657 |  8260399.95
    1514509 |  8260371.90
    4794779 |  8260308.86
    4462576 |  8260288.95
    6321622 |  8260203.12
    2941553 |  8260153.41
    3527404 |  8259977.00
    3625296 |  8259973.98
    1058390 |  8259923.45
    3510386 |  8259888.60
     790784 |  8259694.74
     954856 |  8259644.80
    2445815 |  8259521.10
    1211904 |  8259477.85
    3395445 |  8259399.75
    1146319 |  8259395.04
    4109606 |  8259287.36
     176150 |  8259260.50
    5769353 |  8259252.96
    3269795 |  8259249.49
    6292312 |  8259187.96
    6098083 |  8259163.18
    2983975 |  8259137.37
      54210 |  8259100.28
    5252345 |  8259097.60
     799777 |  8259023.30
    3822534 |  8258964.12
    5102972 |  8258858.47
    3273955 |  8258801.25
    3715277 |  8258626.80
    3767617 |  8258592.95
    2403122 |  8258540.76
    5968383 |  8258518.45
    3943708 |  8258457.87
    3245940 |  8258454.00
    4327493 |  8258452.68
    4188604 |  8258448.32
    5554801 |  8258445.68
    5619440 |  8258410.29
    6071387 |  8258333.62
     401866 |  8258280.90
    5341269 |  8258275.50
    3686665 |  8258271.97
    4450699 |  8258238.12
    2148474 |  8258184.27
    5084131 |  8258136.93
    2262827 |  8258125.50
    5827285 |  8258098.56
    2506855 |  8258031.34
     371644 |  8257945.46
    5444585 |  8257920.72
     975990 |  8257915.60
    2333345 |  8257868.10
    4985231 |  8257847.32
    6364417 |  8257794.82
    4956189 |  8257772.40
    6065306 |  8257674.15
    1650568 |  8257603.41
    5336142 |  8257548.39
     831884 |  8257427.42
     831098 |  8257378.25
    6181231 |  8257374.90
    3593962 |  8257259.44
    2614316 |  8257177.74
    3701067 |  8257127.75
    1314672 |  8257124.88
    2214176 |  8256942.50
    5806684 |  8256902.39
    1767536 |  8256894.20
    5258454 |  8256875.69
    2361201 |  8256851.46
    6282981 |  8256836.47
    1713428 |  8256826.77
    1412262 |  8256771.70
    3432259 |  8256682.98
    4316605 |  8256670.19
    2555900 |  8256660.72
    6363242 |  8256654.00
    3461518 |  8256600.94
    3211940 |  8256599.00
    1746585 |  8256558.42
    5196386 |  8256511.44
    2516518 |  8256464.04
     917191 |  8256454.44
    5575617 |  8256443.04
    3629978 |  8256411.00
    2017404 |  8256352.78
    5997166 |  8256347.88
    3422227 |  8256319.50
    3485612 |  8256293.88
    2630676 |  8256141.18
    3455452 |  8256044.72
    1042334 |  8255944.84
    5888244 |  8255927.00
     137981 |  8255907.40
    3400641 |  8255860.20
    4094156 |  8255851.12
     485541 |  8255843.84
     820410 |  8255744.00
    1971319 |  8255721.18
    2605539 |  8255686.20
    1869411 |  8255577.28
    1941211 |  8255574.00
    3239247 |  8255512.65
    5950386 |  8255471.32
    4884153 |  8255404.12
    4852573 |  8255295.04
    2838985 |  8255236.50
    1405620 |  8255190.16
    1746701 |  8255176.30
     651853 |  8255172.06
    3633677 |  8255071.84
    1563125 |  8254907.11
     795909 |  8254880.63
    5786064 |  8254873.18
    3859440 |  8254844.12
    4466974 |  8254819.14
    1814206 |  8254773.32
    6198106 |  8254674.80
    4633138 |  8254617.96
    3966828 |  8254362.93
    3674896 |  8254338.74
    2193463 |  8254329.60
     327496 |  8254154.28
    3327496 |  8253862.23
    1705919 |  8253855.60
    4128046 |  8253851.79
    4824483 |  8253820.02
    1946077 |  8253806.60
    4215900 |  8253682.38
    3151700 |  8253642.84
    4380181 |  8253622.08
    1008419 |  8253583.47
    5807950 |  8253538.08
    4670288 |  8253484.02
    1766674 |  8253480.48
    3589490 |  8253238.84
    2101719 |  8253172.14
    2473854 |  8253119.00
     208193 |  8253070.48
    2985149 |  8253045.90
    3975877 |  8252951.85
    5563921 |  8252951.63
    1870460 |  8252898.71
     506710 |  8252897.82
    3297457 |  8252826.12
    2915414 |  8252781.78
    2439056 |  8252656.72
    1434579 |  8252626.20
    4939310 |  8252620.00
    1957805 |  8252594.52
    6294829 |  8252526.35
     881592 |  8252513.28
      40717 |  8252479.51
     700719 |  8252441.12
    1679042 |  8252421.60
    4151503 |  8252416.08
     353391 |  8252223.02
    3159650 |  8252207.60
    5905398 |  8252011.36
    2807871 |  8251920.56
    4172146 |  8251912.70
    6115066 |  8251905.50
    4511546 |  8251846.54
    4579157 |  8251821.00
    5894055 |  8251783.10
    3324819 |  8251633.66
    1372583 |  8251614.39
    1329875 |  8251594.42
    4549559 |  8251580.70
    3135721 |  8251553.50
    5941598 |  8251537.09
    2203426 |  8251382.45
    2948255 |  8251364.37
    5195627 |  8251277.76
     135704 |  8251201.25
    1392658 |  8251195.96
    3865920 |  8251159.24
     295341 |  8251020.07
    3122677 |  8251000.00
    3539810 |  8250925.12
    2449062 |  8250867.90
    3569168 |  8250821.50
    3051671 |  8250819.92
    2188434 |  8250753.91
    1798039 |  8250731.77
    2082043 |  8250721.76
    3966497 |  8250697.32
    3390570 |  8250697.26
     612457 |  8250665.97
    3170312 |  8250621.76
    4029276 |  8250611.75
    5176471 |  8250608.64
    2473181 |  8250606.00
    4613230 |  8250596.86
    4822897 |  8250588.16
    2044386 |  8250587.00
    4785061 |  8250522.28
    1075211 |  8250487.15
    1448367 |  8250480.94
     521027 |  8250443.15
     350322 |  8250414.14
    2325876 |  8250398.78
     566578 |  8250364.31
    5643256 |  8250346.50
    5713124 |  8250197.76
    3815478 |  8250140.36
    2991220 |  8250100.00
    5245305 |  8249910.36
    3878662 |  8249894.10
    5054743 |  8249892.92
    2312748 |  8249850.00
    5033275 |  8249829.90
    1444190 |  8249774.16
    5637757 |  8249763.33
    2726697 |  8249722.06
     267875 |  8249702.34
    5815536 |  8249511.68
      95729 |  8249467.52
    2387634 |  8249428.11
    6345230 |  8249301.76
     764619 |  8249270.26
    2807362 |  8249258.34
    1322760 |  8249153.45
    1275554 |  8249138.70
    5696367 |  8249124.52
    3513555 |  8249109.30
    6120198 |  8249076.55
    4362578 |  8249052.16
    3162954 |  8249004.61
    3815192 |  8248794.00
    3970460 |  8248790.08
    4387343 |  8248769.22
    3155620 |  8248763.60
    3837408 |  8248742.27
    2095765 |  8248638.58
    3723386 |  8248626.80
    1749575 |  8248620.24
     187504 |  8248591.65
    1965031 |  8248588.92
    5286543 |  8248556.69
    2243645 |  8248466.40
    5088107 |  8248462.58
    4868720 |  8248328.18
    2411675 |  8248294.63
    3788962 |  8248280.08
    3397725 |  8248275.09
    1631452 |  8248194.50
    5532866 |  8248163.30
     745379 |  8248086.77
     803367 |  8248076.84
    4044893 |  8248071.28
    2186056 |  8247949.68
    5540044 |  8247792.02
    1971823 |  8247687.84
    1132286 |  8247680.64
    3188265 |  8247661.12
    5862778 |  8247561.74
    2663278 |  8247546.06
    4829823 |  8247516.24
    3311561 |  8247514.74
    3234938 |  8247507.44
    4928914 |  8247488.58
    1062184 |  8247483.70
    1283545 |  8247397.16
    5311974 |  8247388.62
    3805886 |  8247307.76
    3858905 |  8247265.00
    4970748 |  8247263.28
     547647 |  8247200.76
    5509094 |  8247151.44
     882930 |  8246915.33
    4474015 |  8246865.72
    5303284 |  8246753.28
    4904215 |  8246713.36
    1657387 |  8246690.20
    5964270 |  8246660.90
    2744714 |  8246654.36
     864106 |  8246500.89
    2287598 |  8246481.94
    2931301 |  8246469.16
    3039123 |  8246454.68
    3820739 |  8246314.16
    2966425 |  8246271.29
    5356999 |  8246262.50
     129462 |  8246189.35
    2052200 |  8246041.68
    5770407 |  8246005.89
    1354972 |  8246004.06
     972597 |  8245961.54
    1853138 |  8245937.26
    1038970 |  8245926.42
    6334203 |  8245922.62
     311920 |  8245900.32
    2798787 |  8245780.84
    1638014 |  8245775.05
     134210 |  8245733.81
    1900176 |  8245730.92
    4248245 |  8245705.95
    3091638 |  8245398.60
     929686 |  8245394.60
    3163505 |  8245361.52
    4582366 |  8245359.43
    5542140 |  8245358.05
    1246463 |  8245215.60
    2426682 |  8245185.50
    3601319 |  8245184.40
    4374273 |  8245166.60
    5026647 |  8245101.77
    5533494 |  8244984.60
    1428462 |  8244906.56
    1275695 |  8244806.04
    1581211 |  8244799.74
    4167705 |  8244769.28
    2539498 |  8244648.18
    3106520 |  8244578.76
    1238903 |  8244565.20
    3906679 |  8244535.86
    2981297 |  8244411.31
    5815163 |  8244405.57
    2369520 |  8244396.16
    4372174 |  8244387.48
     197678 |  8244360.36
    2506382 |  8244348.42
    4445914 |  8244348.00
    2790265 |  8244052.51
     697137 |  8244050.08
    6321132 |  8243987.20
    3206141 |  8243980.99
    3917146 |  8243947.80
     220728 |  8243915.28
     699750 |  8243900.45
    5303844 |  8243839.80
     576491 |  8243829.72
     345389 |  8243784.36
     140246 |  8243761.50
    5646075 |  8243748.00
    1779126 |  8243743.20
    5930175 |  8243729.50
    4968238 |  8243703.30
     714081 |  8243696.10
    5143504 |  8243695.70
    4505323 |  8243680.18
    5529275 |  8243616.21
    5465319 |  8243540.20
    4934245 |  8243487.72
    5561920 |  8243460.82
    6245305 |  8243439.12
     662022 |  8243361.36
    4891983 |  8243313.80
    3909699 |  8243293.65
    4751355 |  8243280.64
    2652045 |  8243262.60
    4425673 |  8243254.24
      25525 |  8243056.90
    1440458 |  8243010.02
    4261949 |  8242993.36
      85773 |  8242969.43
    2149966 |  8242933.32
    1582042 |  8242927.28
    6003685 |  8242926.72
    6053616 |  8242879.04
    4013131 |  8242782.70
    1450936 |  8242753.79
    1609556 |  8242740.08
     175508 |  8242735.22
    4816324 |  8242581.76
    5045581 |  8242573.55
    3404692 |  8242551.27
     841708 |  8242498.04
    1119846 |  8242497.54
     105638 |  8242467.72
       1804 |  8242435.90
    3599035 |  8242396.35
    3503164 |  8242394.42
    6055901 |  8242394.22
     833824 |  8242310.28
    1304098 |  8242290.00
    2777372 |  8242202.28
     831665 |  8242171.50
    4691979 |  8242160.78
    2735482 |  8242155.00
    1777718 |  8241898.32
    2369877 |  8241876.90
    3694304 |  8241848.02
     588904 |  8241753.00
     740362 |  8241660.38
    4781885 |  8241643.69
    5370002 |  8241519.80
    4433488 |  8241447.93
    2587778 |  8241404.62
    4504209 |  8241382.08
    2963485 |  8241368.66
    5103126 |  8241341.58
    2616981 |  8241333.10
    2342133 |  8241319.92
     841557 |  8241287.44
    5046784 |  8241107.43
    6368627 |  8241039.38
    3680866 |  8241011.88
    1992893 |  8240986.56
    2907273 |  8240918.00
    3833672 |  8240876.28
    4317408 |  8240858.08
    1489420 |  8240794.55
    4402976 |  8240758.56
     972878 |  8240728.05
    5182266 |  8240710.91
     230691 |  8240647.80
    3765710 |  8240536.08
     624691 |  8240475.50
    6205701 |  8240449.92
    1521274 |  8240427.36
    1064423 |  8240378.64
    3281949 |  8240333.92
    1240943 |  8240320.15
    1700359 |  8240299.22
    4336384 |  8240168.52
    6354085 |  8240157.12
    6356113 |  8240140.20
    2714733 |  8240122.77
    3328882 |  8240040.76
    2839570 |  8240010.84
    2124392 |  8239895.01
     969642 |  8239883.16
    1469864 |  8239865.65
    3260798 |  8239824.08
    2364117 |  8239771.38
     856575 |  8239715.92
    3847708 |  8239674.56
     544480 |  8239655.85
    1697582 |  8239609.95
    3487221 |  8239578.20
    5981017 |  8239578.15
     600841 |  8239577.28
    2480881 |  8239568.28
    3896289 |  8239550.80
    4300960 |  8239522.15
     298622 |  8239509.85
    5918455 |  8239506.70
    1522149 |  8239318.08
    2728159 |  8239290.44
    6031794 |  8239252.80
    2690731 |  8239117.25
    2773862 |  8238956.56
    3381693 |  8238945.26
    6109450 |  8238925.20
     200797 |  8238909.37
    4347727 |  8238847.52
    4453199 |  8238833.53
    1421304 |  8238802.25
    3823653 |  8238691.75
    1417393 |  8238648.85
    6187574 |  8238575.19
    4047156 |  8238492.08
    3348739 |  8238484.72
    5029760 |  8238411.55
    4800420 |  8238380.49
    6219466 |  8238259.14
    4704361 |  8238240.24
     562682 |  8238184.92
    5120444 |  8238149.46
    4233429 |  8238127.92
    5012446 |  8238046.00
    5967151 |  8238044.78
    4088656 |  8238044.16
    5752361 |  8237981.88
    3642955 |  8237919.36
    1987668 |  8237909.49
    1362397 |  8237906.52
    3838958 |  8237875.50
    5950480 |  8237595.00
    3989610 |  8237493.20
     526146 |  8237438.26
     536242 |  8237392.50
    3068755 |  8237391.75
    2932000 |  8237363.76
    4779840 |  8237300.52
    2011252 |  8237275.20
    4186140 |  8237238.80
    5944506 |  8237205.90
    2412931 |  8237166.30
    2205269 |  8236960.46
    2369093 |  8236892.30
    4004684 |  8236844.44
     128213 |  8236764.80
     346874 |  8236758.36
    5263834 |  8236738.81
    2851970 |  8236723.70
    5940107 |  8236680.48
    1559320 |  8236652.89
    3875633 |  8236567.44
    5797686 |  8236554.48
    3839623 |  8236519.16
    2457201 |  8236515.40
    4619561 |  8236510.60
     293450 |  8236498.27
    2561346 |  8236459.15
    2009168 |  8236403.04
    4296407 |  8236293.12
    1591758 |  8236209.89
    3545561 |  8236155.72
     166404 |  8236132.20
    4744737 |  8236116.90
    5189559 |  8236078.46
    1675257 |  8236014.00
    1954437 |  8235987.62
    2223822 |  8235960.85
    2527387 |  8235837.90
    3843644 |  8235750.08
    1138972 |  8235704.10
     310828 |  8235671.06
    5745171 |  8235600.75
    3756318 |  8235561.47
    3624960 |  8235555.58
    1657392 |  8235553.57
    5976127 |  8235376.05
    3555842 |  8235342.88
    5886709 |  8235234.80
     442860 |  8235213.02
    1145318 |  8235148.74
    4394034 |  8235052.41
    2657895 |  8235052.00
    4522537 |  8235039.04
    5472806 |  8234973.40
    2814901 |  8234966.61
     736149 |  8234890.94
    3995551 |  8234859.47
    4741974 |  8234847.09
    2832365 |  8234831.48
     809377 |  8234822.64
    5752950 |  8234813.46
    6074762 |  8234682.52
    6254717 |  8234578.66
    3022404 |  8234573.26
    1241054 |  8234438.94
    1426589 |  8234434.00
    2692768 |  8234424.77
    3940572 |  8234392.10
    4412332 |  8234312.20
    2689953 |  8234271.30
      98064 |  8234267.12
    1818984 |  8234203.94
    1209505 |  8234198.72
    3769805 |  8234177.12
     712055 |  8234142.40
    1591250 |  8234141.28
    3830054 |  8233988.06
    4915182 |  8233952.62
     361177 |  8233950.14
    5205170 |  8233916.64
    4473265 |  8233734.60
    2612367 |  8233728.45
    4375554 |  8233718.70
    4046663 |  8233715.55
    6071883 |  8233691.03
    1294843 |  8233516.42
    4736910 |  8233435.44
    6259397 |  8233341.50
    3814670 |  8233268.96
    2050039 |  8233213.90
    5999658 |  8233101.09
    4286309 |  8233058.74
    3673662 |  8233057.91
    3720655 |  8232939.68
    6102289 |  8232756.78
    6337564 |  8232651.00
     251925 |  8232600.53
      72849 |  8232588.92
    2347661 |  8232532.28
    4968461 |  8232501.20
     484515 |  8232490.46
    6107777 |  8232298.90
    4036103 |  8232212.82
    2661158 |  8232207.14
    3311033 |  8232203.41
    2682019 |  8232201.00
     818599 |  8232149.64
    4125447 |  8232041.32
     820059 |  8231953.92
    5208859 |  8231760.54
    5660375 |  8231710.98
    4805934 |  8231639.47
     140181 |  8231622.50
     907340 |  8231397.12
    3662592 |  8231343.16
    5599143 |  8231115.36
    5795734 |  8231074.53
    2855458 |  8231034.42
    4322330 |  8230992.12
    3226521 |  8230963.78
    6341261 |  8230957.63
    5238241 |  8230735.41
    5117423 |  8230708.92
    1140836 |  8230677.04
    3701039 |  8230673.06
    3355901 |  8230656.66
    2068782 |  8230627.96
    4571516 |  8230623.52
    2325099 |  8230609.01
    2981321 |  8230593.02
    5414800 |  8230588.97
     396509 |  8230580.60
    1537989 |  8230557.60
    4179377 |  8230536.15
    3821895 |  8230474.78
     648345 |  8230436.97
    1173185 |  8230369.29
    2644989 |  8230358.67
    3081952 |  8230320.33
    2047041 |  8230189.50
    1388984 |  8230179.36
     352623 |  8230089.43
    4994175 |  8230060.30
     357491 |  8230022.20
    1358698 |  8230012.70
     557715 |  8230009.50
    6136396 |  8230000.80
     480668 |  8229979.84
     172168 |  8229962.16
      11611 |  8229951.00
    2903751 |  8229907.84
    5650094 |  8229848.52
    3357223 |  8229845.43
    1299524 |  8229829.20
    2448044 |  8229791.10
    6094455 |  8229784.16
     419626 |  8229649.69
    3439555 |  8229489.64
    1186539 |  8229479.37
      83478 |  8229466.88
      41007 |  8229431.79
    5509858 |  8229383.40
    1932511 |  8229374.40
    2940951 |  8229361.80
    2382746 |  8229301.08
    2154512 |  8229280.20
    5391183 |  8229164.06
    4793159 |  8229111.58
    4634206 |  8229107.72
    2964013 |  8229098.22
    1227928 |  8229089.59
    6393845 |  8229052.38
    5909515 |  8229020.00
     717697 |  8228995.20
    3793563 |  8228952.00
    5917274 |  8228912.61
     912919 |  8228833.47
    3777233 |  8228826.54
     703628 |  8228793.34
    5504235 |  8228664.36
    3032432 |  8228647.70
    4297575 |  8228635.66
    5169223 |  8228529.92
     926180 |  8228529.45
    4523674 |  8228504.37
    3390242 |  8228487.22
    5858825 |  8228436.48
    1613123 |  8228430.64
    1052219 |  8228363.20
     347098 |  8228331.82
    1074425 |  8228200.18
    5890653 |  8228195.97
     668382 |  8227974.60
    2150484 |  8227947.72
    1358635 |  8227910.34
    3952726 |  8227899.23
    4994608 |  8227886.94
    4122234 |  8227872.06
    2056857 |  8227792.32
    4943836 |  8227718.80
    4387246 |  8227671.00
    5410029 |  8227666.06
     283553 |  8227572.12
    4059991 |  8227552.91
    2598071 |  8227489.28
    5729080 |  8227485.86
    3430878 |  8227382.67
    5008799 |  8227380.99
    5836493 |  8227377.42
    5130697 |  8227327.42
    1631964 |  8227315.68
    1396842 |  8227293.62
     864289 |  8227234.96
    2680593 |  8227114.28
    4678957 |  8227052.82
    4162409 |  8226998.34
     557295 |  8226780.80
    3845958 |  8226776.07
    1358648 |  8226738.56
     142705 |  8226632.64
    4620690 |  8226575.11
      52782 |  8226316.00
    4319154 |  8226294.05
    4157705 |  8226241.13
    4316853 |  8226145.73
     374747 |  8225965.10
    5011089 |  8225888.97
     977235 |  8225791.88
     299196 |  8225710.68
    2082904 |  8225656.11
    4815490 |  8225648.88
    3720144 |  8225617.80
    1636067 |  8225535.76
    2469943 |  8225429.10
    1056423 |  8225211.19
    5701891 |  8225154.60
     993242 |  8225109.36
    3990557 |  8225084.62
    3842704 |  8224907.25
    5012607 |  8224825.90
    4880068 |  8224755.62
     843673 |  8224702.72
    3168235 |  8224632.00
    5966114 |  8224579.66
    3574986 |  8224501.90
    6138674 |  8224362.00
    2948237 |  8224350.81
    1593619 |  8224211.37
    2393056 |  8224147.36
    5987304 |  8224083.52
     581075 |  8224065.00
     773087 |  8224044.75
     400669 |  8224033.44
     732057 |  8223882.00
    4698876 |  8223873.84
    4864453 |  8223714.45
     903227 |  8223679.36
     367890 |  8223580.80
    5195907 |  8223514.56
    2174901 |  8223500.24
    2662258 |  8223463.44
     887208 |  8223416.88
    2074279 |  8223364.86
     306635 |  8223357.84
    5281511 |  8223297.17
     901532 |  8223215.00
    2040553 |  8223098.26
    6235545 |  8223076.47
    2455186 |  8222994.36
    1064138 |  8222919.35
    2873167 |  8222848.88
    2145046 |  8222833.30
    3330495 |  8222754.54
    5022599 |  8222707.40
    4161069 |  8222698.40
    2721792 |  8222677.86
    2726264 |  8222585.47
    3603411 |  8222466.94
    1179454 |  8222437.44
    1597435 |  8222415.30
    2431169 |  8222400.45
    1169190 |  8222395.00
    1313655 |  8222364.84
    6058720 |  8222351.73
    3762561 |  8222306.88
    4688298 |  8222303.20
    4350767 |  8222300.28
    5701360 |  8222261.29
     909214 |  8222252.22
    1875242 |  8222189.40
    4124199 |  8222124.96
    4112600 |  8222012.52
    4847347 |  8222000.46
    6388014 |  8221990.34
    6123068 |  8221958.16
    4810411 |  8221923.53
    1243445 |  8221908.24
    3028373 |  8221828.39
     311565 |  8221809.44
      17478 |  8221768.38
     317485 |  8221768.06
    3686091 |  8221689.77
    6358903 |  8221623.23
    3061620 |  8221522.26
    1370728 |  8221477.13
    4219240 |  8221461.16
    3223302 |  8221451.70
     419498 |  8221377.32
    3814049 |  8221337.80
    2553702 |  8221323.60
    1613877 |  8221319.40
     594216 |  8221287.74
    2988651 |  8221210.18
    5286090 |  8221201.63
     304416 |  8221134.72
    4502806 |  8221120.74
    5292191 |  8221115.00
    5206689 |  8221109.60
    2046370 |  8221096.08
    5034888 |  8221077.12
    5560464 |  8221041.08
    6092873 |  8220946.47
    5308463 |  8220936.24
      73287 |  8220932.78
    2550181 |  8220888.64
     649883 |  8220835.49
    5080432 |  8220739.12
    5453766 |  8220700.62
    6328734 |  8220696.16
    2270436 |  8220684.46
     620651 |  8220618.18
    2254424 |  8220564.73
    6201440 |  8220555.20
    3882238 |  8220438.00
    4437171 |  8220427.39
    6025543 |  8220413.60
    1175645 |  8220370.07
    3871038 |  8220363.00
    6206434 |  8220256.12
     780735 |  8220242.72
    4655413 |  8220141.94
    5823945 |  8220115.40
     764006 |  8220108.94
    2040824 |  8220048.20
    2551613 |  8220001.60
    4053777 |  8219910.53
    5703999 |  8219896.24
    2071814 |  8219640.78
    2457662 |  8219620.11
    4978006 |  8219595.01
    2136447 |  8219583.90
    2691949 |  8219534.40
     794511 |  8219481.50
    5349960 |  8219408.00
    2152769 |  8219400.60
       8915 |  8219374.42
     414280 |  8219255.11
    1117708 |  8219226.96
    3593671 |  8219179.44
     433314 |  8219178.34
    4854780 |  8219096.15
    2710933 |  8219087.58
    2836319 |  8219003.20
    5924714 |  8218993.60
    2978963 |  8218896.84
    4398548 |  8218889.00
    5378630 |  8218855.04
    6360826 |  8218801.80
    5679732 |  8218800.00
    1216406 |  8218782.99
    4329694 |  8218756.20
    5933015 |  8218753.15
    6078477 |  8218529.67
    5887862 |  8218427.28
    3200251 |  8218415.46
      43745 |  8218383.37
    4296769 |  8218342.64
    2407604 |  8218282.80
    5552846 |  8218154.28
    1151725 |  8218001.92
    1365545 |  8217990.66
    1563317 |  8217971.16
    5325587 |  8217954.56
    5160431 |  8217949.45
    4994243 |  8217888.60
    3948784 |  8217839.88
    3888832 |  8217834.33
    5638196 |  8217766.38
    3002644 |  8217765.43
    5195645 |  8217653.65
     403319 |  8217633.48
    3215995 |  8217503.55
    4310826 |  8217352.00
     981775 |  8217329.88
     416076 |  8217324.00
      92766 |  8217170.20
    4613153 |  8217008.64
     430642 |  8217008.34
    2009697 |  8216942.93
    1147140 |  8216795.76
    5041937 |  8216784.18
    5476090 |  8216766.07
    2168267 |  8216414.04
    4659833 |  8216247.57
    2480016 |  8216241.24
    1458346 |  8216227.50
    3796421 |  8216178.00
    5365724 |  8216173.65
    3339292 |  8216159.77
    2159703 |  8216065.71
    2154086 |  8216060.94
     551562 |  8216012.41
    4752773 |  8216003.21
    4357182 |  8215993.76
    2231350 |  8215944.17
    5465678 |  8215926.87
    2055955 |  8215908.26
    3784490 |  8215861.50
    2280874 |  8215857.58
    2343134 |  8215856.24
    2066304 |  8215821.50
    2673110 |  8215777.12
    4785476 |  8215768.68
    4384910 |  8215751.04
     643032 |  8215702.98
    2690495 |  8215676.28
    3157399 |  8215657.08
    4626479 |  8215620.60
    5460636 |  8215615.04
    3878213 |  8215547.34
     555742 |  8215530.19
    2260970 |  8215513.79
    1230192 |  8215507.53
    6222404 |  8215475.25
    3513450 |  8215448.08
     735624 |  8215374.70
    5079488 |  8215347.84
    2704807 |  8215278.50
    2592572 |  8215155.00
    3839547 |  8215128.28
    6052972 |  8215119.50
    2243547 |  8215104.56
     452991 |  8215089.75
    5996726 |  8215065.04
    5638135 |  8215041.80
    3337279 |  8214947.87
    4261865 |  8214885.69
    1282522 |  8214878.37
    5615323 |  8214844.12
    5389932 |  8214790.70
    2306038 |  8214782.40
     604539 |  8214744.08
    3253077 |  8214464.60
    1335513 |  8214427.20
    4342141 |  8214401.78
    1317179 |  8214381.63
    6104899 |  8214347.54
    3727243 |  8214335.50
    1200165 |  8214301.44
    4257019 |  8214110.64
    2998073 |  8214047.22
     539060 |  8214045.84
    3311698 |  8214011.99
     504230 |  8213958.22
    2044719 |  8213945.12
    4537806 |  8213941.00
    5636557 |  8213907.16
    3505316 |  8213873.85
    2571810 |  8213696.88
    6194297 |  8213652.50
    4566624 |  8213642.32
     386624 |  8213602.92
    5257086 |  8213588.46
    3951903 |  8213538.90
     299630 |  8213470.24
    4429868 |  8213463.72
    2419122 |  8213434.07
    1940115 |  8213427.36
    5980314 |  8213410.74
    2557006 |  8213335.35
    1292863 |  8213258.62
    2594790 |  8213253.30
    5897068 |  8213184.00
     596293 |  8213157.72
    2239677 |  8213079.27
     908161 |  8212759.32
    4542179 |  8212683.68
     187553 |  8212671.00
    5659961 |  8212669.96
    2321296 |  8212620.75
    2522507 |  8212605.66
    4210159 |  8212603.26
    2917473 |  8212582.53
    4661559 |  8212484.70
     366309 |  8212446.00
    4601878 |  8212392.50
    1717468 |  8212381.80
    3570807 |  8212311.16
    3414950 |  8212257.43
    4839421 |  8212252.73
    5050338 |  8212216.32
    5794301 |  8212210.24
    2845934 |  8212129.65
    5946497 |  8211989.08
    6397445 |  8211954.24
    5176607 |  8211932.78
    1837374 |  8211913.32
     908056 |  8211911.50
    4829931 |  8211784.55
    5039504 |  8211671.60
     193489 |  8211596.40
    4177568 |  8211541.50
    5067027 |  8211517.60
     214897 |  8211462.84
     614778 |  8211394.84
    4870564 |  8211384.00
    4854554 |  8211379.20
    2840628 |  8211368.56
    3902123 |  8211348.80
     175185 |  8211298.85
    5328614 |  8211224.30
    2721137 |  8211193.92
    3325467 |  8211157.14
    1362922 |  8211141.90
    1174967 |  8211127.16
    5429366 |  8211121.74
    1045639 |  8211112.20
     125431 |  8211108.62
    1910713 |  8211051.57
    1998786 |  8211014.07
    3685296 |  8210880.20
      98835 |  8210871.78
    3983048 |  8210803.48
     635369 |  8210777.12
    4544730 |  8210766.40
    1346212 |  8210753.15
    3562938 |  8210676.73
    3806571 |  8210617.74
    3930184 |  8210579.40
    2878526 |  8210541.82
     363114 |  8210481.44
    2522170 |  8210376.35
    6079991 |  8210353.02
    5390158 |  8210347.72
    5194058 |  8210329.21
    5966856 |  8210262.50
    6396221 |  8210250.15
    3268235 |  8210234.10
    5363169 |  8210225.10
    4885252 |  8210209.92
    1058104 |  8210127.48
    5849337 |  8210114.70
    5513932 |  8210038.13
    3118519 |  8209872.26
     900113 |  8209751.94
    1096109 |  8209744.60
    1975460 |  8209596.96
    2159125 |  8209563.84
    2283158 |  8209475.61
    2413373 |  8209467.98
    4577033 |  8209443.00
     625030 |  8209385.00
    1708077 |  8209361.16
    3735050 |  8209314.12
    4855966 |  8209286.75
    4872167 |  8209250.84
    1362781 |  8209120.73
    2543510 |  8209093.62
    2227733 |  8209070.67
    3153385 |  8208746.46
    2710948 |  8208741.76
    6386653 |  8208695.04
    6059897 |  8208634.00
    1036852 |  8208600.90
     719776 |  8208522.19
    3841424 |  8208498.15
    5183375 |  8208473.68
    1169736 |  8208467.75
    2387677 |  8208462.75
    3314109 |  8208345.60
    5804975 |  8208327.60
    5287315 |  8208311.71
    4237540 |  8208282.72
    5551396 |  8208246.72
     808391 |  8208214.11
      55057 |  8208197.22
    3854220 |  8208190.41
    1190488 |  8208107.46
    4306633 |  8208031.32
     289568 |  8207995.45
    1504371 |  8207980.23
    5405631 |  8207954.00
    1362114 |  8207864.00
    4030686 |  8207839.08
    2345641 |  8207763.85
    5700953 |  8207716.00
       8528 |  8207699.37
    5684173 |  8207650.44
    4420048 |  8207481.00
    4922503 |  8207448.06
    3322893 |  8207312.96
    2802675 |  8207287.20
      19649 |  8207269.52
    6149544 |  8207236.40
    4832655 |  8207224.46
    5126560 |  8207162.40
     536536 |  8207078.04
    3607424 |  8207067.45
    2648209 |  8207034.66
    3140505 |  8207008.05
    3487142 |  8206978.20
    2986027 |  8206966.50
    1937907 |  8206926.80
    2848828 |  8206896.74
    1267414 |  8206848.42
     739024 |  8206832.80
    3646919 |  8206797.17
    3939356 |  8206769.18
    2453969 |  8206741.20
    3360761 |  8206701.36
      12533 |  8206649.79
    3002997 |  8206615.60
    2428303 |  8206614.50
    4358203 |  8206578.99
    3196799 |  8206573.94
     257159 |  8206565.45
    4341262 |  8206549.34
    4510278 |  8206541.92
    5440708 |  8206529.14
     568616 |  8206519.46
    4443771 |  8206411.20
    4297690 |  8206253.72
    4482200 |  8206218.77
    4696369 |  8206216.29
    2826328 |  8206126.80
     726404 |  8206052.02
    4880399 |  8206028.88
    4746005 |  8206003.40
      78958 |  8205926.30
    2915747 |  8205825.60
    5792218 |  8205758.08
    5608515 |  8205697.50
     848983 |  8205661.52
    1474752 |  8205591.83
    2734442 |  8205287.64
    2432108 |  8205221.76
    4596203 |  8205208.80
    1172496 |  8205189.11
    4561497 |  8205151.71
    3736372 |  8205077.88
    2258848 |  8204979.51
    5773765 |  8204927.55
     954530 |  8204855.80
    6149180 |  8204843.84
    4423420 |  8204773.38
    2929121 |  8204721.36
     485443 |  8204698.50
    5206358 |  8204567.58
    6175410 |  8204509.50
    4352003 |  8204480.64
    2135008 |  8204475.24
    5179270 |  8204428.44
    2392186 |  8204411.92
    1767266 |  8204328.89
    3200605 |  8204316.12
    1286300 |  8204144.08
     879711 |  8204086.79
    5658988 |  8204024.10
    5103890 |  8203997.88
    5545217 |  8203957.92
    5894663 |  8203910.13
      35238 |  8203844.96
    3185930 |  8203775.00
    5688651 |  8203683.78
    1226942 |  8203666.43
    5424586 |  8203443.03
     839499 |  8203417.05
    1205994 |  8203362.36
    4831466 |  8203357.36
    5281740 |  8203329.33
    4680110 |  8203321.06
    4240516 |  8203189.80
    5338323 |  8203028.56
    3949865 |  8203022.52
    1665005 |  8202953.78
    2788961 |  8202814.16
    5300532 |  8202771.72
    4334934 |  8202748.89
    3047861 |  8202732.36
     780318 |  8202727.23
     403868 |  8202697.00
     775500 |  8202599.20
    3873950 |  8202557.44
    3447370 |  8202499.20
    2532965 |  8202493.04
    6179705 |  8202302.46
    1279228 |  8202301.40
    3985442 |  8202124.80
    1207238 |  8202083.75
    2654148 |  8202047.38
    2445759 |  8202013.04
    4572605 |  8201930.12
    4505525 |  8201823.48
    1248338 |  8201788.98
    6253829 |  8201702.52
    6253433 |  8201584.24
    1885427 |  8201568.21
    4058058 |  8201473.77
    5846650 |  8201453.52
     739981 |  8201431.70
    3762452 |  8201429.26
     558910 |  8201382.24
    2231429 |  8201376.00
    3774365 |  8201374.72
    3147747 |  8201298.21
    5649484 |  8201262.84
    6174008 |  8201200.47
    6063440 |  8201181.45
    4612145 |  8201174.16
    3217873 |  8201168.94
    5291579 |  8201158.68
    3297477 |  8201111.44
    1322905 |  8201111.10
    5624122 |  8201046.00
     547206 |  8201016.72
    4520700 |  8200887.24
    6383300 |  8200854.60
    5842173 |  8200764.76
     674317 |  8200758.15
    3519094 |  8200752.69
    4171270 |  8200652.95
    3888748 |  8200528.52
    2001582 |  8200512.70
    3429312 |  8200510.20
     973320 |  8200483.20
    2132871 |  8200413.30
    1519351 |  8200387.95
    2647852 |  8200349.02
    5934399 |  8200278.44
    4878913 |  8200272.66
     989633 |  8200198.62
    4343579 |  8200192.95
    2886966 |  8200183.54
    1837714 |  8200049.64
    6212060 |  8200014.68
    6069654 |  8199998.96
    1391521 |  8199983.76
    2674950 |  8199957.34
    3631004 |  8199935.59
    5673761 |  8199913.96
    5179119 |  8199888.40
     876566 |  8199658.59
    5963975 |  8199643.20
    6352616 |  8199612.17
      99112 |  8199576.00
    6123979 |  8199569.04
    1518969 |  8199537.72
    3255754 |  8199508.00
    3226380 |  8199396.38
    2155047 |  8199391.50
    5271009 |  8199356.43
    3385391 |  8199320.80
    1961769 |  8199317.12
    5637373 |  8199273.30
    5801904 |  8199246.08
    4071685 |  8199211.02
    3692851 |  8199201.40
    1250262 |  8199198.35
     770385 |  8199159.57
    1639737 |  8199145.25
    1065237 |  8199124.48
    3925961 |  8199124.08
    4097443 |  8199047.72
    5005970 |  8198996.47
    5810149 |  8198963.08
     143722 |  8198940.90
    4630259 |  8198868.60
    3102230 |  8198864.32
    4383610 |  8198864.04
     905458 |  8198856.22
    1840421 |  8198840.75
    4047688 |  8198782.80
    3139914 |  8198762.71
    1892869 |  8198687.46
    1576414 |  8198683.85
     757702 |  8198679.24
    5055407 |  8198550.07
    2705504 |  8198544.90
    3789351 |  8198544.50
    4531459 |  8198519.03
    2899438 |  8198502.29
    1760659 |  8198469.02
    2518134 |  8198427.99
    3064505 |  8198423.70
    1899540 |  8198369.80
    4728099 |  8198362.00
    6127725 |  8198310.00
    2635339 |  8198159.55
    6269768 |  8198146.76
    1725745 |  8198137.02
    4668206 |  8198075.20
    2866374 |  8198057.52
    4009894 |  8197950.20
    5657439 |  8197797.24
     604115 |  8197544.77
    5902209 |  8197470.81
    1008296 |  8197335.27
    2967313 |  8197292.28
    2143267 |  8197284.16
     327787 |  8197201.35
     335128 |  8197153.80
    6019451 |  8197140.88
    2353286 |  8197088.12
    3852869 |  8197059.42
    4939793 |  8197031.40
    2956372 |  8197027.28
    4623274 |  8197019.14
    6153729 |  8196970.80
    3407037 |  8196958.25
    5256470 |  8196919.15
     371459 |  8196834.27
    1693660 |  8196730.30
    3260800 |  8196666.24
     294700 |  8196645.60
    5140123 |  8196636.80
    5007478 |  8196622.12
    4435741 |  8196570.30
    5033769 |  8196459.60
    1526427 |  8196438.64
     914577 |  8196419.07
    4598126 |  8196416.34
    5204785 |  8196351.15
     647398 |  8196339.06
    1456800 |  8196319.82
    3306881 |  8196265.91
    2215273 |  8196237.96
    1485592 |  8196149.88
    5562237 |  8196118.40
    1383766 |  8196076.91
    1954852 |  8196009.04
    5549556 |  8195990.88
    1080308 |  8195989.05
    6140482 |  8195947.44
    2085649 |  8195879.34
    3870288 |  8195873.36
    3641764 |  8195824.08
    3953503 |  8195814.44
    1424590 |  8195632.16
     341550 |  8195539.68
    5913036 |  8195518.50
     375648 |  8195426.57
    2252327 |  8195408.32
    4965269 |  8195324.92
    5540877 |  8195266.62
    5119103 |  8195263.10
    4224878 |  8195227.50
    3365197 |  8195225.60
    5196994 |  8195115.05
    2963141 |  8195048.00
     320528 |  8195008.78
     941922 |  8194944.18
    5969805 |  8194941.67
    5521700 |  8194919.44
    1251246 |  8194825.24
    2027526 |  8194805.79
    6163005 |  8194791.81
    1952859 |  8194761.56
     181442 |  8194758.23
    4055644 |  8194733.12
    5809888 |  8194681.04
    3520413 |  8194594.66
    4351451 |  8194588.96
    1288722 |  8194544.82
    5242549 |  8194419.42
    2676277 |  8194376.52
     837137 |  8194351.44
    4976346 |  8194280.40
    5612763 |  8194175.04
    3126390 |  8194151.02
    6170461 |  8193902.76
    3253178 |  8193843.84
    3472616 |  8193781.25
     325770 |  8193731.84
    2250913 |  8193688.44
    2883376 |  8193662.40
    5658213 |  8193631.25
    6365797 |  8193603.48
     690741 |  8193602.64
    4114442 |  8193576.16
    2835345 |  8193564.75
    5464841 |  8193481.62
    4602933 |  8193466.92
    5964398 |  8193459.21
    5909798 |  8193444.00
    2253599 |  8193394.86
    4300735 |  8193336.80
    5711868 |  8193314.52
     561804 |  8193304.86
     723468 |  8193261.09
    3971336 |  8193255.80
    3106539 |  8193178.72
    1779353 |  8193058.47
    2412313 |  8192910.25
    1617993 |  8192841.40
     696653 |  8192826.84
    2325785 |  8192769.50
    4159838 |  8192762.82
    1299363 |  8192711.68
     566836 |  8192680.95
    5240341 |  8192648.38
    3039166 |  8192632.75
    5788307 |  8192518.80
    2451819 |  8192468.84
    3496516 |  8192351.34
     441260 |  8192264.16
    1760714 |  8192255.70
    2892701 |  8192246.76
    4013347 |  8192231.52
    4662578 |  8192194.32
    5810269 |  8192147.07
    4849007 |  8192064.97
    4398429 |  8192052.70
    3202668 |  8192036.10
    3136920 |  8191990.16
     943155 |  8191958.94
    4130257 |  8191940.50
    1519198 |  8191915.41
    5978289 |  8191867.95
    4369744 |  8191851.52
    2772377 |  8191742.19
    3647726 |  8191695.76
    3592780 |  8191680.64
    2763454 |  8191654.20
    2662824 |  8191598.48
     977847 |  8191578.08
    4548073 |  8191563.60
    5402038 |  8191540.61
    1693380 |  8191480.26
    5721616 |  8191372.37
    3884733 |  8191355.31
    4262703 |  8191180.80
    2329782 |  8191158.16
    4862541 |  8191094.49
    3174588 |  8191068.39
    1028018 |  8191017.99
    6314182 |  8190956.89
    4400771 |  8190920.79
    1552802 |  8190849.39
    4469779 |  8190814.68
    5467070 |  8190789.17
    4594844 |  8190688.59
    2302377 |  8190606.34
     239905 |  8190596.88
    1396976 |  8190571.86
      79913 |  8190538.40
    2322412 |  8190536.08
    5257440 |  8190516.84
    6277698 |  8190425.05
    1032406 |  8190416.64
    5108901 |  8190361.20
    5833095 |  8190343.84
    1626990 |  8190333.69
    2606157 |  8190282.24
    3506036 |  8190256.15
    1229118 |  8190251.52
    5920984 |  8190208.63
    4076956 |  8190149.43
    2559146 |  8190140.04
     135124 |  8189990.99
    3910790 |  8189984.25
    6280389 |  8189976.03
    2326473 |  8189950.08
    5985105 |  8189924.96
    2592206 |  8189909.63
    5663840 |  8189897.76
    5239747 |  8189809.11
    1025549 |  8189782.80
    1038590 |  8189781.96
    5534041 |  8189762.00
    5996135 |  8189708.70
    3162730 |  8189615.61
     767875 |  8189604.75
    3690240 |  8189468.82
    1385662 |  8189359.97
    4322229 |  8189317.64
    5415298 |  8189284.80
     372441 |  8189196.96
    4063987 |  8189180.03
    1927974 |  8189143.06
    1165678 |  8189134.03
    5406437 |  8189133.15
    1648109 |  8189127.12
     361627 |  8189113.39
    5439644 |  8189105.50
    3721754 |  8188922.85
     259288 |  8188906.32
    4351523 |  8188906.22
    2786282 |  8188693.38
    3043976 |  8188633.31
    5276845 |  8188579.00
    4848855 |  8188492.20
     226266 |  8188456.86
    5205609 |  8188393.02
     320495 |  8188365.71
    5218410 |  8188349.70
      76789 |  8188199.88
    2028248 |  8188062.92
    1218986 |  8188042.56
    3607482 |  8188033.70
    5294685 |  8188025.30
    3930495 |  8188014.30
    5488350 |  8187917.13
     261528 |  8187882.02
    4888207 |  8187879.16
    1631064 |  8187844.86
    3170964 |  8187823.04
     168953 |  8187819.54
    2353518 |  8187805.24
    3148687 |  8187768.76
    1549393 |  8187766.23
    2787533 |  8187757.44
    5518586 |  8187706.20
     145452 |  8187702.93
    5601408 |  8187618.00
    1550812 |  8187600.53
    4418387 |  8187583.89
    4478487 |  8187568.80
     533450 |  8187546.02
    2890536 |  8187221.50
    1311455 |  8187165.12
     685185 |  8187082.42
    3478187 |  8187078.90
    4981980 |  8187072.10
    5754148 |  8187047.70
    1997386 |  8186971.44
     283105 |  8186812.92
    6243394 |  8186749.12
     213347 |  8186724.00
    3888346 |  8186630.40
    4556526 |  8186628.72
    2740532 |  8186546.44
    4670480 |  8186445.78
     518813 |  8186347.80
    1809190 |  8186298.06
    2817700 |  8186223.52
    4656359 |  8186185.92
    2719955 |  8186169.96
    1750580 |  8186106.69
    5566690 |  8186106.50
    1019090 |  8186032.12
    1083553 |  8185954.74
    5262751 |  8185932.89
     617775 |  8185886.28
    2714082 |  8185860.76
    3812667 |  8185717.84
    4276299 |  8185672.74
    5535195 |  8185609.64
    5386653 |  8185601.12
    5313056 |  8185573.91
    3286138 |  8185546.80
    5897040 |  8185527.35
    3697519 |  8185313.68
    6291106 |  8185237.24
     562517 |  8185167.78
    3094858 |  8185154.88
    5334637 |  8185110.72
     754256 |  8185052.28
    3620611 |  8184964.06
    1578638 |  8184905.85
     712439 |  8184877.08
    6198571 |  8184837.18
     178835 |  8184830.68
     141900 |  8184747.00
    5165921 |  8184741.18
    2232900 |  8184648.78
    4956144 |  8184621.08
     816183 |  8184620.73
    4468226 |  8184618.96
    4104515 |  8184617.52
    3978467 |  8184611.96
     903010 |  8184609.42
    4038653 |  8184600.03
    2527531 |  8184508.11
    2790854 |  8184405.96
    3927528 |  8184405.28
    3556702 |  8184347.50
    4669413 |  8184326.08
    2134852 |  8184280.23
    4128816 |  8184267.00
    2136497 |  8184229.80
    3646841 |  8184191.40
    2736199 |  8184110.92
    3638702 |  8183963.57
    1030595 |  8183915.92
    5938582 |  8183901.60
     102466 |  8183832.28
    2592071 |  8183816.43
    4337572 |  8183668.30
    5716508 |  8183563.70
    5562582 |  8183519.55
    4175090 |  8183498.10
    1950838 |  8183476.13
     318330 |  8183439.36
    1104665 |  8183343.32
    4702231 |  8183218.19
    4354051 |  8183178.32
    5817525 |  8183122.92
    4213833 |  8183082.60
     455217 |  8183057.75
    4470607 |  8183029.06
    4631400 |  8182924.93
     283274 |  8182922.10
    4160148 |  8182797.04
    1063758 |  8182784.20
     575327 |  8182780.00
    3598679 |  8182728.82
    4120146 |  8182708.88
    3962523 |  8182688.72
    4292503 |  8182655.44
    4545311 |  8182609.50
    2295754 |  8182536.85
    3646603 |  8182459.04
    1318567 |  8182457.01
    4448959 |  8182451.25
    1625708 |  8182443.22
    2287549 |  8182437.60
    3603968 |  8182405.76
    4274282 |  8182364.85
    4749500 |  8182318.77
    3847510 |  8182315.20
    5592225 |  8182230.22
     841951 |  8182206.64
     403671 |  8182176.76
    2951167 |  8182158.00
    3343781 |  8182138.83
    5732379 |  8182037.76
    4236994 |  8182034.74
    6266807 |  8181998.00
    3855472 |  8181894.88
    3932619 |  8181632.72
    5303916 |  8181588.73
     612581 |  8181588.48
    5935015 |  8181548.73
    2138235 |  8181548.04
    6147655 |  8181520.58
    4010237 |  8181520.08
     666044 |  8181503.88
      10409 |  8181406.62
    3517015 |  8181325.08
    5828682 |  8181312.78
    5814844 |  8181301.16
    2063305 |  8181279.52
    4686206 |  8181222.40
     381762 |  8181194.56
    5466007 |  8181188.40
    3906185 |  8181136.80
    3096857 |  8181121.20
    3337598 |  8181111.63
    2575588 |  8181071.36
    6114546 |  8181053.76
    2589195 |  8181017.67
    4304418 |  8180949.78
     880885 |  8180840.22
    2083821 |  8180771.04
     177965 |  8180763.12
     862686 |  8180736.44
    2285901 |  8180735.40
    3091279 |  8180724.44
    4291434 |  8180642.08
      42035 |  8180629.65
     383890 |  8180591.44
    1119047 |  8180535.21
    4210214 |  8180526.60
    4277056 |  8180514.51
    1677757 |  8180427.88
     794787 |  8180368.91
    1246521 |  8180361.13
    5002996 |  8180188.37
    2390891 |  8180080.40
    3343185 |  8180046.08
     508256 |  8179992.45
     895545 |  8179950.22
     391825 |  8179944.24
    5132020 |  8179939.95
    5619370 |  8179935.05
    3145360 |  8179904.34
    2645527 |  8179879.91
    5029643 |  8179790.70
    6382632 |  8179755.24
    2278819 |  8179731.35
    4533421 |  8179718.00
     692895 |  8179693.57
    3174203 |  8179639.59
    2552842 |  8179624.92
    2889088 |  8179614.51
    5269892 |  8179596.88
    5763086 |  8179544.20
     698144 |  8179537.24
    1649881 |  8179534.44
    4267336 |  8179503.36
    2431253 |  8179369.20
    6167752 |  8179309.56
    3455499 |  8179300.91
    1166006 |  8179038.47
    4825618 |  8179021.11
    4517325 |  8179001.64
    4439379 |  8178956.46
    5557195 |  8178785.99
    3595317 |  8178784.14
    1425194 |  8178750.12
    4635715 |  8178679.18
    2033381 |  8178587.20
    2843057 |  8178574.16
    6153195 |  8178555.86
     660436 |  8178476.16
     337970 |  8178415.29
    5143488 |  8178344.04
     232579 |  8178314.88
     969697 |  8178301.78
    3444954 |  8178262.80
    1705000 |  8178236.40
    4805722 |  8178191.34
    6240968 |  8178112.80
    2902442 |  8178054.17
    6274970 |  8177965.60
    3793368 |  8177913.84
    5914263 |  8177908.77
    5376421 |  8177890.81
     676385 |  8177884.44
    1424140 |  8177860.35
    2850350 |  8177824.00
     490378 |  8177752.54
    2425711 |  8177733.76
    2729066 |  8177722.14
    5077139 |  8177721.30
    3274616 |  8177653.82
    1807312 |  8177286.60
    6326684 |  8177256.87
     152467 |  8177241.60
    5844602 |  8177225.70
    2454665 |  8177165.24
    5936523 |  8177121.48
    1040104 |  8176991.89
    4684717 |  8176967.56
     793531 |  8176950.58
     573470 |  8176940.80
    2564955 |  8176848.80
    3603340 |  8176844.80
    2759633 |  8176809.60
    5710181 |  8176797.48
    5246515 |  8176785.02
    5795569 |  8176718.83
     490011 |  8176675.32
    2247484 |  8176635.18
    4344555 |  8176613.18
    1784588 |  8176592.24
    4013268 |  8176561.64
    5816476 |  8176525.87
    1042695 |  8176431.68
     516090 |  8176430.40
    1573982 |  8176359.24
    2071975 |  8176350.60
    2072492 |  8176314.99
      70861 |  8176269.92
    3165419 |  8176242.20
    2747078 |  8176180.82
    6368921 |  8176133.46
    1718114 |  8176111.84
    4846482 |  8176099.40
    6383875 |  8176072.58
    3524641 |  8176071.75
    6374086 |  8175965.48
    6018847 |  8175932.79
    2400129 |  8175909.65
    1578359 |  8175893.64
    1799598 |  8175752.58
     889231 |  8175731.13
    4220060 |  8175693.25
    2626794 |  8175693.24
    4771865 |  8175647.04
    6077700 |  8175611.01
     716352 |  8175561.90
    4294136 |  8175538.32
    1670114 |  8175537.76
     651657 |  8175518.82
     153438 |  8175466.80
     895249 |  8175386.50
    1071678 |  8175278.76
    6289402 |  8175221.54
    3101897 |  8175169.90
     274858 |  8175127.07
    1262886 |  8175090.80
    4754455 |  8175065.40
    2069958 |  8175057.80
    5783710 |  8175006.08
    1799652 |  8174943.36
    2724639 |  8174928.25
    4662815 |  8174907.16
    1369878 |  8174862.83
    5304000 |  8174833.21
     149111 |  8174671.96
    5393562 |  8174578.04
    1583866 |  8174555.02
    1802259 |  8174543.38
    5777240 |  8174520.61
    1551322 |  8174485.33
    6019415 |  8174389.68
    4278645 |  8174329.30
    3183267 |  8174303.07
    1516120 |  8174250.28
    4140835 |  8174189.33
     656249 |  8174183.66
    5796051 |  8174170.28
    1752474 |  8174121.12
    3005254 |  8174101.00
    5627119 |  8174034.96
    1013668 |  8173996.26
    1544144 |  8173985.10
    4510483 |  8173925.48
    6131897 |  8173864.80
    3230726 |  8173819.85
    1913903 |  8173806.68
    4616217 |  8173774.88
    2645239 |  8173761.65
     438075 |  8173705.52
    2812148 |  8173606.83
    4296414 |  8173475.20
    6348886 |  8173473.66
    3932930 |  8173371.60
    4985605 |  8173328.73
    6362395 |  8173325.16
    1989324 |  8173288.90
    3093668 |  8173285.05
    6249178 |  8173211.89
    2583488 |  8173136.90
    2766667 |  8173102.07
    2888717 |  8173069.65
    5722395 |  8172930.52
    2210942 |  8172897.12
     479554 |  8172823.00
    1858860 |  8172673.74
    3755944 |  8172624.78
    4996985 |  8172554.88
    4169519 |  8172510.72
    2307657 |  8172477.48
    4687601 |  8172391.98
    1251964 |  8172362.72
     646311 |  8172316.97
     700290 |  8172286.65
    1016831 |  8172285.74
    4209170 |  8172089.80
    3250758 |  8172051.10
    4773915 |  8172038.00
    3165515 |  8171969.38
    1264922 |  8171908.50
     458470 |  8171824.35
    4942404 |  8171715.20
    2400439 |  8171712.27
    1456021 |  8171709.29
    5428884 |  8171670.24
    3734676 |  8171662.60
    3856371 |  8171619.30
    5584727 |  8171595.11
    5737873 |  8171534.80
    2270837 |  8171440.29
    3119199 |  8171424.10
    4192138 |  8171423.72
    4939787 |  8171345.62
    5382094 |  8171293.44
    5882387 |  8171286.48
    2829907 |  8171248.45
    4376250 |  8171222.50
    3842653 |  8171192.70
    1648750 |  8171153.32
    1043444 |  8171112.97
    1268291 |  8170908.20
    3487343 |  8170900.10
    3247779 |  8170874.25
    3573537 |  8170864.04
    1489071 |  8170781.58
    4598970 |  8170675.17
    1881406 |  8170568.56
    3552741 |  8170467.84
     955494 |  8170448.16
     829250 |  8170426.01
    3035339 |  8170398.80
    4295161 |  8170394.31
    3413087 |  8170392.16
     820296 |  8170369.13
    2497339 |  8170361.08
    1872442 |  8170346.34
     546036 |  8170287.66
    1244226 |  8170194.26
    5731829 |  8170171.44
      11945 |  8170128.24
    1304741 |  8170123.50
    1532591 |  8170097.00
    3905398 |  8170023.96
      96744 |  8169988.68
    5095057 |  8169981.04
    4213801 |  8169946.60
    5462682 |  8169867.10
    4914724 |  8169843.67
    5153121 |  8169836.10
    5785528 |  8169782.40
    1277879 |  8169770.00
    6305207 |  8169764.52
     376116 |  8169726.66
    5233625 |  8169671.84
    3863899 |  8169669.00
    2393538 |  8169600.83
    1850193 |  8169504.97
    6297599 |  8169487.83
    3338088 |  8169411.08
    5439112 |  8169361.77
    6086666 |  8169342.18
     962530 |  8169245.28
    4811263 |  8169169.32
     367600 |  8169151.56
    5699125 |  8169143.92
     523569 |  8169000.72
    1071012 |  8168998.95
    4888134 |  8168855.98
    3187370 |  8168753.30
    5961426 |  8168710.56
    3030006 |  8168698.88
    2274265 |  8168666.44
    2605599 |  8168636.20
    3693530 |  8168626.31
    1854577 |  8168619.76
    3351901 |  8168581.12
    6008383 |  8168567.24
    2693885 |  8168521.97
    3144584 |  8168455.80
    3551461 |  8168271.58
    2394288 |  8168263.80
    2555109 |  8168253.30
    2603337 |  8168229.00
    4806512 |  8168151.75
    2273753 |  8168130.30
    4034018 |  8168092.80
     296299 |  8168067.60
    2256616 |  8167926.08
    6168469 |  8167827.20
    3757555 |  8167804.52
    5065931 |  8167769.10
     407519 |  8167762.40
    2656832 |  8167758.12
    4099252 |  8167681.30
    4329306 |  8167623.26
    5095195 |  8167574.40
    1819194 |  8167549.00
    3990074 |  8167530.73
    1489226 |  8167518.70
     164499 |  8167512.08
    3829122 |  8167491.10
    4980532 |  8167479.48
     763210 |  8167465.27
    1843870 |  8167455.96
    1694870 |  8167434.97
      75565 |  8167418.26
    5798686 |  8167363.90
    1094756 |  8167346.65
    2038949 |  8167343.00
    5052426 |  8167298.93
    2688290 |  8167125.30
     512777 |  8167059.12
    6173342 |  8167011.30
    2456151 |  8166976.14
    2301600 |  8166974.27
    5738263 |  8166949.12
     294019 |  8166887.68
    4685306 |  8166589.16
    4414528 |  8166555.64
    2745970 |  8166531.36
    6234483 |  8166440.79
    1978356 |  8166434.64
     242419 |  8166430.35
    4476120 |  8166402.16
    6017066 |  8166390.58
    2859745 |  8166362.10
    2230989 |  8166350.48
     738144 |  8166322.55
    5009214 |  8166244.02
    1321088 |  8166243.93
    5626454 |  8166169.48
    3011729 |  8166148.08
    2031871 |  8166141.99
    5887546 |  8166113.30
    3586662 |  8166109.68
    6160161 |  8166101.64
    6019498 |  8166061.85
    1339406 |  8165965.08
    3834266 |  8165952.54
    5703522 |  8165885.26
    4147239 |  8165871.93
    1097769 |  8165816.96
     261078 |  8165748.38
     211493 |  8165691.82
    1880341 |  8165635.20
    5918363 |  8165600.88
    6144900 |  8165530.12
    5350772 |  8165522.64
     910995 |  8165498.90
    1385684 |  8165439.00
     822991 |  8165421.46
    2493845 |  8165296.26
    4903760 |  8165272.50
    4346363 |  8165232.71
    3119173 |  8165183.11
    2703880 |  8165172.08
    3065356 |  8165152.00
    6367300 |  8165118.24
    5936437 |  8165083.40
    2914262 |  8165011.61
    4137376 |  8164961.20
    3871812 |  8164930.80
     519325 |  8164886.40
    4258575 |  8164779.36
    4072757 |  8164760.28
    6359664 |  8164756.44
    1062684 |  8164753.38
    4760059 |  8164742.40
    4234114 |  8164697.13
    3253818 |  8164583.54
    5520617 |  8164539.30
     671413 |  8164532.95
    1540763 |  8164512.48
    2160179 |  8164447.20
    3968881 |  8164322.32
    3142464 |  8164273.53
    1182950 |  8164215.04
    3752548 |  8164182.82
      29196 |  8164143.86
    4912654 |  8164135.00
    6143494 |  8164079.42
    1121388 |  8164079.36
    5306531 |  8164072.18
    2528980 |  8164069.76
    2609921 |  8164063.45
    1604472 |  8164036.70
    5379813 |  8164004.64
    6288363 |  8163991.26
    3032986 |  8163925.00
     880706 |  8163920.16
    4958468 |  8163914.79
    3993992 |  8163865.80
     272685 |  8163865.53
    6295380 |  8163856.74
    5535670 |  8163830.40
    4206639 |  8163739.80
     265535 |  8163619.05
    2782772 |  8163600.06
     407806 |  8163562.75
    5523260 |  8163562.52
    3314130 |  8163542.80
    5459149 |  8163519.66
    2647528 |  8163512.90
    6329036 |  8163444.48
    2388377 |  8163349.64
    5995415 |  8163324.68
    3772284 |  8163323.50
    4381846 |  8163285.96
     235700 |  8163282.36
    3343198 |  8163236.40
    4995749 |  8163144.00
    4240453 |  8163123.95
    3610741 |  8162946.48
    2512368 |  8162915.46
    6363858 |  8162823.06
    3792430 |  8162814.91
    3226017 |  8162802.90
    1240848 |  8162771.52
    1273061 |  8162733.60
    6127428 |  8162618.80
    5148297 |  8162553.27
    5403321 |  8162547.12
    2268431 |  8162544.59
    2358891 |  8162473.59
    2730405 |  8162446.50
    2722973 |  8162444.56
    5595692 |  8162426.70
    2185596 |  8162398.08
    5445235 |  8162284.24
    5975178 |  8162151.48
    5676917 |  8162089.00
     358879 |  8162084.05
     855468 |  8162055.84
    2107982 |  8162008.92
    4273157 |  8162003.25
    1977835 |  8161959.39
    1359556 |  8161827.04
    5159411 |  8161808.50
    3173784 |  8161779.04
    4439989 |  8161768.95
    4470389 |  8161765.96
    2862638 |  8161686.72
     615051 |  8161666.60
    2544854 |  8161538.10
     666988 |  8161431.60
    1102602 |  8161393.73
    1752883 |  8161387.80
    2814455 |  8161324.32
    1219774 |  8161302.78
    4422167 |  8161247.47
    2889500 |  8161217.98
    6231787 |  8161085.96
    2575424 |  8161020.54
    5097844 |  8160923.89
    3466917 |  8160771.54
     516210 |  8160616.48
     717296 |  8160609.66
    3346708 |  8160607.86
    5056309 |  8160570.28
     539848 |  8160527.36
    5438495 |  8160477.95
    5848935 |  8160422.55
    2057980 |  8160339.75
    2204268 |  8160202.16
    5046847 |  8160051.90
    5295032 |  8160041.28
    4951615 |  8159969.48
    4047980 |  8159964.40
    5885443 |  8159952.02
    4961520 |  8159929.05
      72990 |  8159859.81
    5790008 |  8159844.52
     652913 |  8159806.15
    3965610 |  8159767.30
    4135919 |  8159720.45
    1999602 |  8159702.46
    1803147 |  8159547.20
    4889478 |  8159500.32
    1414914 |  8159387.18
     707318 |  8159372.97
    2886811 |  8159188.73
    5809370 |  8159135.04
    4393993 |  8159067.90
    5413239 |  8159031.42
    5094147 |  8158991.70
    1096538 |  8158946.88
    4417514 |  8158920.00
    6073145 |  8158841.72
    1854549 |  8158754.73
     559116 |  8158718.88
    5850302 |  8158701.72
    3391358 |  8158684.05
    6083211 |  8158585.09
     436441 |  8158572.28
    1592853 |  8158474.92
    6283673 |  8158398.60
    5510687 |  8158321.68
    2006908 |  8158254.79
    2990395 |  8158249.26
    3919632 |  8158225.36
    2407210 |  8158219.10
    1651391 |  8158176.80
    4240792 |  8158141.95
    6395198 |  8158140.36
     539098 |  8157983.74
    4306914 |  8157912.00
    3809191 |  8157791.00
    2159138 |  8157735.70
    1309008 |  8157734.35
    3652847 |  8157715.46
    5687790 |  8157689.88
    3439098 |  8157675.94
    6394366 |  8157666.72
    4658296 |  8157581.64
    3880510 |  8157580.92
    1867240 |  8157572.88
      32174 |  8157477.04
    3019932 |  8157449.14
    1258618 |  8157443.04
    4969176 |  8157437.40
    5801204 |  8157433.92
    3561891 |  8157394.58
    3657988 |  8157384.18
     961451 |  8157229.92
    2239661 |  8157222.12
    2935373 |  8157205.02
    1280492 |  8157196.55
    4901625 |  8157164.75
    2960989 |  8157132.88
    1818471 |  8157132.72
      43851 |  8157101.40
    3247475 |  8157065.88
    3980590 |  8157065.68
    1696499 |  8156996.80
    3341131 |  8156972.72
     184548 |  8156933.25
    3432618 |  8156900.85
     664439 |  8156841.80
    5278524 |  8156808.28
    4484924 |  8156694.40
    4663478 |  8156631.90
    5134784 |  8156584.00
     533026 |  8156435.16
    5145198 |  8156433.12
    3707303 |  8156389.12
    4476129 |  8156348.20
    5699283 |  8156333.50
    5038268 |  8156323.24
    4357135 |  8156285.60
    5120820 |  8156283.48
    1934535 |  8156260.14
    4910655 |  8156151.40
    2011684 |  8156143.59
    5362008 |  8156133.95
    4482561 |  8156071.50
    3278284 |  8156046.00
    1146746 |  8155987.02
    2834176 |  8155983.00
    5923379 |  8155956.69
    3757666 |  8155955.38
    1706746 |  8155942.26
    6061391 |  8155917.00
    4741716 |  8155890.03
    6308635 |  8155888.65
    4664575 |  8155849.12
    2300626 |  8155649.70
    6399081 |  8155649.15
    3584370 |  8155627.62
    2618939 |  8155624.48
    2558113 |  8155588.50
    5775105 |  8155541.38
    5489672 |  8155446.32
    2828221 |  8155424.42
    4825714 |  8155401.10
    5893147 |  8155313.28
     411803 |  8155256.80
    2934606 |  8155234.73
    2400296 |  8155146.18
    5984960 |  8155113.24
    2074697 |  8155075.50
    5875321 |  8155074.55
    5077670 |  8155050.96
    3705929 |  8155009.62
     377811 |  8154921.62
    1853562 |  8154852.08
    2929230 |  8154709.74
    6292754 |  8154673.80
    1310970 |  8154628.16
    4542375 |  8154590.31
    2021057 |  8154544.48
     647777 |  8154539.51
     794403 |  8154433.80
    5225271 |  8154419.92
    4372934 |  8154410.40
     392863 |  8154358.28
    1006242 |  8154348.24
    2282444 |  8154291.60
    2925235 |  8154283.50
    1626708 |  8154231.90
    4760736 |  8154164.48
    5071416 |  8154137.07
     544230 |  8154126.96
    1075768 |  8154076.73
    5070903 |  8154022.50
    3548416 |  8153981.10
    1485060 |  8153959.11
    5410584 |  8153902.53
    3889877 |  8153864.80
    2887347 |  8153821.20
    2769605 |  8153760.64
     744831 |  8153720.80
    1363645 |  8153700.88
    1806618 |  8153685.15
    4306117 |  8153672.80
     737402 |  8153621.84
    4524256 |  8153611.28
    1331978 |  8153452.89
     712200 |  8153354.64
     628322 |  8153287.80
    3128729 |  8153270.72
    2637120 |  8153246.48
    5299658 |  8152988.48
    2468983 |  8152984.56
    3068145 |  8152951.00
    3691086 |  8152947.44
    5394753 |  8152911.08
     864353 |  8152876.98
    3670495 |  8152838.80
    4204456 |  8152828.86
    3251978 |  8152825.92
    2008792 |  8152760.68
    5293577 |  8152566.12
    4936683 |  8152513.92
     931681 |  8152505.34
    4755923 |  8152467.61
    5280081 |  8152456.26
    2356030 |  8152444.44
    2956102 |  8152431.15
    3256128 |  8152414.41
    5306729 |  8152402.76
    2230369 |  8152360.80
    4695243 |  8152345.04
    5335385 |  8152284.00
    4239400 |  8152214.58
    2429291 |  8152095.56
    5112549 |  8152058.12
    4820551 |  8151917.26
    3926763 |  8151898.92
    4430141 |  8151886.50
    5532318 |  8151812.72
     848275 |  8151778.95
    1235009 |  8151573.04
    1475918 |  8151536.35
    5496697 |  8151351.58
    3145977 |  8151296.27
     799399 |  8151220.82
    3799206 |  8151172.90
    3434382 |  8151069.85
    5977694 |  8151040.32
    4052056 |  8151035.40
    4722210 |  8151022.40
    3369921 |  8150866.90
    1756339 |  8150861.72
    6260660 |  8150860.35
    1364464 |  8150791.75
    1637770 |  8150778.90
    4652763 |  8150622.65
    5928216 |  8150584.32
    2583666 |  8150539.63
    5317295 |  8150491.20
    3320842 |  8150298.10
    5900200 |  8150243.75
    1925623 |  8150149.50
    3296387 |  8150145.33
    1489010 |  8150103.36
    1439833 |  8150100.84
    4973380 |  8150089.56
    2872971 |  8149984.74
    6028934 |  8149957.48
     768213 |  8149900.28
    5005710 |  8149827.21
    5441384 |  8149746.87
    3423342 |  8149713.00
    1170191 |  8149549.70
    2691161 |  8149414.10
    2107794 |  8149376.91
    6369087 |  8149358.97
    4599804 |  8149351.63
    6398585 |  8149340.55
    3183875 |  8149228.04
    2359188 |  8149193.15
    4800522 |  8149150.40
    5837845 |  8149142.00
    4113095 |  8149029.00
    5187778 |  8148999.70
    1398193 |  8148936.64
    2903123 |  8148774.60
    5961561 |  8148740.92
    4514288 |  8148740.16
    3840033 |  8148737.41
    1076571 |  8148729.22
    1434283 |  8148694.53
     782999 |  8148640.08
    4138983 |  8148611.75
    3103258 |  8148473.34
     121868 |  8148454.80
    3391789 |  8148436.80
    2559153 |  8148312.75
    4899353 |  8148291.42
    1838528 |  8148285.18
     350004 |  8148279.40
      17631 |  8148073.20
     777426 |  8147981.63
    4359574 |  8147931.36
    4240420 |  8147910.09
    3296778 |  8147903.92
    3207516 |  8147892.68
    3351064 |  8147872.60
    5242609 |  8147856.78
    1389465 |  8147813.70
     705300 |  8147769.50
    3526516 |  8147748.05
    4805627 |  8147693.24
    5645395 |  8147665.00
    5334880 |  8147616.40
    6101534 |  8147519.88
    1656330 |  8147466.34
    6372987 |  8147465.56
    4913995 |  8147445.12
    1821629 |  8147436.57
    2748939 |  8147430.72
    5352802 |  8147389.19
    5237133 |  8147367.12
    3875801 |  8147359.18
    1591468 |  8147358.90
    2496572 |  8147288.16
    1033777 |  8147262.63
    1174596 |  8147198.63
    3191352 |  8147183.52
    1496873 |  8147182.86
    4475231 |  8147145.44
    5339660 |  8147097.70
    3671541 |  8147082.84
    2441643 |  8147065.99
    2509932 |  8147062.95
    5661993 |  8147018.55
    2282585 |  8147013.91
     382827 |  8146969.95
    3865634 |  8146964.04
    4525682 |  8146908.40
     449940 |  8146903.99
    6232243 |  8146852.52
    1091135 |  8146818.00
    1243136 |  8146807.38
    3650557 |  8146789.98
    3079770 |  8146742.85
    3110049 |  8146657.36
    1729195 |  8146573.82
    4768049 |  8146551.14
    2969160 |  8146533.00
    2293405 |  8146465.70
    3161000 |  8146447.68
    5623982 |  8146442.85
     316159 |  8146435.22
    3597186 |  8146417.76
    2701239 |  8146414.96
    1784748 |  8146392.03
    2430161 |  8146321.70
    4315524 |  8146307.32
    3806471 |  8146300.00
    2868973 |  8146298.76
    4066501 |  8146258.55
    1963270 |  8146252.75
    1288943 |  8146109.44
    1520884 |  8146109.24
     533199 |  8146079.34
     339918 |  8146013.18
    5787203 |  8145983.60
     429505 |  8145910.08
    2370427 |  8145887.96
    2686627 |  8145887.05
    2770739 |  8145848.97
    2805350 |  8145831.53
    5098158 |  8145800.88
    3263216 |  8145756.15
    3715195 |  8145734.52
    2712595 |  8145728.15
    6276333 |  8145667.53
    2829972 |  8145620.34
    3703881 |  8145549.00
    1812523 |  8145464.22
    3087201 |  8145296.64
    4897344 |  8145261.24
    3718365 |  8145225.20
     822678 |  8145189.62
    5654260 |  8145085.28
    6224381 |  8145027.84
    5460189 |  8144938.11
    4370394 |  8144918.10
    1571880 |  8144906.28
    3906940 |  8144899.63
     507347 |  8144879.60
    3347947 |  8144817.40
    3303136 |  8144756.92
    5452318 |  8144716.18
    5905028 |  8144613.00
    6229589 |  8144523.24
    1996292 |  8144460.00
    2285162 |  8144421.48
    4069690 |  8144351.16
     563491 |  8144351.01
    1241781 |  8144310.55
    1401953 |  8144309.33
    2733408 |  8144287.58
    2217131 |  8144104.92
    5055714 |  8144098.48
    2744626 |  8144035.96
    5876616 |  8144035.20
    2229880 |  8143922.50
     277607 |  8143875.95
    1348436 |  8143840.95
    1527273 |  8143818.80
    1845172 |  8143787.60
    1162668 |  8143784.09
    4782404 |  8143708.30
    3823247 |  8143702.91
    4089040 |  8143633.44
     733326 |  8143574.88
    6348936 |  8143567.28
    5651560 |  8143541.19
     522896 |  8143531.11
    4602744 |  8143471.16
    2599640 |  8143301.75
    5982128 |  8143259.19
     793521 |  8143238.64
    2552427 |  8143175.04
    1713352 |  8143168.67
    6189310 |  8143121.29
    1372458 |  8143032.24
    4024141 |  8143027.20
    4619530 |  8143023.45
    4000049 |  8142951.28
     748443 |  8142947.76
    3704461 |  8142920.50
    4376925 |  8142913.88
    2882845 |  8142863.06
    5236323 |  8142754.66
    4085844 |  8142746.46
    4000590 |  8142689.60
    4967602 |  8142670.89
      39729 |  8142642.20
    5722616 |  8142610.77
    3678324 |  8142415.09
    2904452 |  8142402.96
     844216 |  8142387.96
     491334 |  8142304.60
    3412676 |  8142300.00
    5645720 |  8142214.08
    3882233 |  8142211.20
     178493 |  8142171.84
    1263218 |  8142109.20
    3797497 |  8142096.31
    4525821 |  8142090.88
    5238816 |  8142090.30
     997731 |  8142026.97
    2776507 |  8141994.24
    2292432 |  8141985.73
    1190934 |  8141938.35
    3558055 |  8141802.20
    1247486 |  8141780.70
    2074384 |  8141771.94
    1195950 |  8141769.01
    4049562 |  8141763.41
    2946701 |  8141644.70
    4862200 |  8141630.96
     642437 |  8141615.64
    1033713 |  8141555.92
    4307699 |  8141463.42
    2861055 |  8141416.92
    3026280 |  8141404.30
    2045345 |  8141352.60
     911555 |  8141257.20
     444909 |  8141188.64
    5380536 |  8141165.40
    6378525 |  8141133.57
    2859607 |  8141110.06
    5982984 |  8141059.80
    4485447 |  8140929.90
     851259 |  8140913.10
    3187541 |  8140840.40
    4336160 |  8140693.86
    2206564 |  8140660.47
    6387847 |  8140649.36
    2177603 |  8140588.26
    3612135 |  8140570.34
    1622096 |  8140544.46
    2518976 |  8140533.25
     193828 |  8140466.70
    3404113 |  8140432.86
    5825672 |  8140306.88
    2099852 |  8140302.48
    3235075 |  8140285.40
    5705878 |  8140229.00
    4124089 |  8140225.72
     507068 |  8140215.58
     950481 |  8140215.05
    1617568 |  8140197.95
    5182936 |  8140123.52
    5490784 |  8140121.20
     303205 |  8140062.30
    2057023 |  8140044.36
    1785350 |  8139932.28
    2203818 |  8139854.28
    3264686 |  8139853.92
    6389628 |  8139828.44
     615505 |  8139795.38
    6388733 |  8139756.50
    2006515 |  8139653.12
    5138505 |  8139556.89
    3422939 |  8139449.61
    5011607 |  8139324.88
    5517387 |  8139308.46
    1190032 |  8139308.25
    3274607 |  8139266.55
    4590652 |  8139206.84
    1033319 |  8139135.12
     420106 |  8139121.04
    1073093 |  8139070.65
    5278792 |  8139024.43
    5499809 |  8138979.14
    3204179 |  8138897.57
    4803749 |  8138886.60
    5148373 |  8138872.47
    5801471 |  8138847.36
    6064809 |  8138834.46
    3851645 |  8138834.24
    1512244 |  8138829.42
    4219664 |  8138810.04
     887519 |  8138738.30
    4535840 |  8138697.67
    2335323 |  8138671.52
    3050400 |  8138657.67
     256810 |  8138634.14
    5972563 |  8138633.72
    6248715 |  8138610.48
    4147209 |  8138608.59
      61102 |  8138596.50
    4826484 |  8138510.10
    1802889 |  8138427.00
    5069657 |  8138409.07
    5099235 |  8138376.77
    2467730 |  8138323.28
    3540183 |  8138316.50
    3164076 |  8138314.80
    5605715 |  8138224.74
    2909038 |  8138206.05
    5015960 |  8138204.94
     825666 |  8138131.50
    2967861 |  8138120.82
    5986220 |  8137976.16
    5109349 |  8137943.70
    3048158 |  8137844.10
    4016163 |  8137832.61
    5564950 |  8137669.28
    3072685 |  8137640.70
    2681616 |  8137589.52
    1932944 |  8137580.64
     131149 |  8137569.00
    3414362 |  8137567.95
    3282909 |  8137528.92
    2561724 |  8137515.33
    1078676 |  8137486.00
    5890663 |  8137464.48
    1152613 |  8137448.84
     531710 |  8137419.00
    2735612 |  8137406.44
     728485 |  8137368.84
    1783887 |  8137351.30
    2208696 |  8137338.00
    3108697 |  8137189.48
    3077385 |  8137183.18
     100932 |  8137093.14
    2780434 |  8137092.72
    5940694 |  8137012.95
    2943042 |  8136996.42
    1902720 |  8136979.14
    4909799 |  8136895.80
    2659873 |  8136883.46
    2903267 |  8136759.46
    2838936 |  8136660.70
    3445525 |  8136619.20
     633154 |  8136598.51
    5859429 |  8136505.00
    1718010 |  8136492.84
    3361037 |  8136463.44
    5077882 |  8136412.83
    3334788 |  8136368.50
     835388 |  8136366.77
    2646878 |  8136363.20
    2028658 |  8136314.76
     687701 |  8136297.00
    2300632 |  8136271.39
     617694 |  8136172.74
    3671024 |  8136167.04
    5505245 |  8136153.81
    2757441 |  8135947.35
    3974604 |  8135903.94
    3898482 |  8135868.81
     595408 |  8135846.39
    5391018 |  8135750.78
    6342591 |  8135635.50
     588733 |  8135624.20
    2121067 |  8135463.78
    1104629 |  8135420.72
    3837009 |  8135394.76
    4344949 |  8135335.38
    4890513 |  8135332.14
    3663121 |  8135330.72
    2357232 |  8135274.07
    2763423 |  8135120.88
    4039429 |  8135119.80
    6258722 |  8135102.56
    1993120 |  8135062.10
     957036 |  8134895.60
    3068395 |  8134779.66
    5825895 |  8134759.62
    3350660 |  8134735.92
    5046951 |  8134734.51
    2308013 |  8134707.00
    1287068 |  8134675.02
     818979 |  8134597.38
    5826573 |  8134571.16
     881505 |  8134520.55
    1355253 |  8134511.36
    4098239 |  8134499.84
    5103675 |  8134476.00
    3669578 |  8134472.00
    3884211 |  8134352.51
    1024626 |  8134329.80
     936332 |  8134287.62
    1319883 |  8134200.62
     309918 |  8134172.64
     531183 |  8134116.60
    5593024 |  8134078.20
    1243111 |  8134036.64
    3253642 |  8134024.34
    3104059 |  8133986.10
     288049 |  8133958.25
    4420849 |  8133954.27
     858291 |  8133945.30
    6111268 |  8133925.02
    5305593 |  8133845.76
     807217 |  8133817.28
    3309852 |  8133791.04
    3479505 |  8133757.97
    4810438 |  8133600.75
    5834624 |  8133581.36
     506900 |  8133576.65
     310629 |  8133513.60
     216819 |  8133459.78
    5424397 |  8133369.42
    3278994 |  8133365.42
    4803971 |  8133350.61
    1515690 |  8133288.00
     534537 |  8133282.46
     348495 |  8133234.66
    2146574 |  8133195.49
    1774962 |  8133115.97
    2917909 |  8132909.65
     187275 |  8132873.52
    3975611 |  8132824.48
    1818314 |  8132732.88
    1101870 |  8132699.03
    3008657 |  8132690.51
    4796966 |  8132687.90
    4118961 |  8132677.33
    2158594 |  8132568.92
    2362959 |  8132545.34
     972951 |  8132538.83
       1842 |  8132524.26
    6054794 |  8132276.53
    6117224 |  8132161.73
    4220400 |  8132090.08
    4380387 |  8132058.00
    1461753 |  8132049.42
     347510 |  8131966.50
    4557915 |  8131963.84
    5554464 |  8131956.00
    5248699 |  8131895.85
    2186030 |  8131891.68
    5706056 |  8131869.27
      24032 |  8131852.52
    2542121 |  8131801.11
     429995 |  8131776.38
    2583859 |  8131737.60
      29312 |  8131644.96
    1512806 |  8131553.13
    1248947 |  8131546.50
    1911733 |  8131539.28
    1014881 |  8131522.23
    1026809 |  8131462.80
    2436080 |  8131458.94
    2072659 |  8131432.40
    4881324 |  8131411.91
     748460 |  8131322.84
    2933110 |  8131304.72
      49547 |  8131303.24
    1467940 |  8131058.04
    5290286 |  8130932.68
    1871167 |  8130867.03
     557200 |  8130805.20
    2228759 |  8130796.74
    1885435 |  8130756.66
    2849446 |  8130678.40
     712699 |  8130631.08
    1633562 |  8130572.28
    5684761 |  8130553.55
    5431456 |  8130474.30
     620420 |  8130471.36
    5994152 |  8130452.50
    1031360 |  8130418.30
    2815873 |  8130360.42
     525746 |  8130301.39
    1732345 |  8130234.54
    5691393 |  8130087.78
     806955 |  8129972.00
    3523247 |  8129954.39
    1439399 |  8129936.01
    2251597 |  8129896.83
     251789 |  8129861.28
    2464816 |  8129843.12
    3118096 |  8129833.41
    4400747 |  8129790.51
     115585 |  8129747.92
     184523 |  8129704.26
     193613 |  8129701.51
     528616 |  8129682.66
    3707926 |  8129652.19
    5105604 |  8129637.70
    5534878 |  8129630.47
    1164984 |  8129601.12
     812150 |  8129549.55
     410263 |  8129527.21
    6056453 |  8129518.28
    3194172 |  8129493.28
    4775482 |  8129482.35
    2205430 |  8129416.19
     250009 |  8129378.46
    2784071 |  8129344.58
    4807112 |  8129329.25
     498081 |  8129297.99
    5058762 |  8129257.00
    2358185 |  8129247.00
    3215847 |  8129221.44
    5627580 |  8129173.65
    2969261 |  8128922.60
    3880488 |  8128768.13
    1607402 |  8128712.02
    4530898 |  8128696.35
    3588939 |  8128682.31
    4838574 |  8128673.84
    4082940 |  8128620.50
    4156127 |  8128475.54
    2512560 |  8128473.45
    2712405 |  8128467.76
    4234648 |  8128455.60
    5862514 |  8128455.14
    5045567 |  8128421.05
    5165271 |  8128363.74
    3162872 |  8128362.18
    4685608 |  8128302.86
    6045411 |  8128270.98
    2840609 |  8128199.10
     624485 |  8128183.31
    2506242 |  8128135.21
    2459045 |  8128090.71
    3743081 |  8128044.83
    1842351 |  8128035.75
    2100223 |  8128021.25
    1149542 |  8127993.36
    1616656 |  8127921.00
     477134 |  8127889.35
    5776437 |  8127844.22
    3513601 |  8127813.37
    1649037 |  8127760.00
    5542989 |  8127712.08
    4299860 |  8127707.20
     270742 |  8127695.48
    2306730 |  8127655.72
    2557815 |  8127639.80
    2633319 |  8127626.94
    6269144 |  8127614.44
    1219287 |  8127545.94
    4180832 |  8127475.56
    1056541 |  8127453.34
    5401830 |  8127303.28
    2565060 |  8127271.36
    5831279 |  8127250.56
    4539999 |  8127173.47
    5400285 |  8127162.96
    2441747 |  8127151.60
    5956634 |  8127112.63
    2837470 |  8127107.20
    3742771 |  8127071.82
    3148708 |  8127071.30
    1302171 |  8127060.68
    4617689 |  8127002.96
    3134074 |  8126904.00
    2187831 |  8126788.41
    6206287 |  8126774.09
    2686929 |  8126730.00
    2523557 |  8126702.84
    2776385 |  8126546.21
    2785529 |  8126526.60
    1884620 |  8126511.15
    4824598 |  8126484.63
    1675715 |  8126440.02
     373729 |  8126398.80
    2028945 |  8126373.24
    3128401 |  8126356.12
    5878075 |  8126279.26
    3828471 |  8126233.86
    3563702 |  8126208.43
    3882736 |  8126160.44
    4007554 |  8126144.00
      63913 |  8126130.39
    2918735 |  8126039.84
    4626193 |  8126030.45
    3221814 |  8125984.44
     162981 |  8125898.90
    1279606 |  8125883.03
    3564257 |  8125790.88
    5898548 |  8125664.00
    1973180 |  8125593.12
    2367579 |  8125586.28
    6090315 |  8125424.34
    2521217 |  8125415.88
    5086837 |  8125379.50
    1494537 |  8125283.98
    1735400 |  8125258.23
    1643276 |  8125203.84
    2815652 |  8125199.76
    4643391 |  8125195.50
     901514 |  8125150.77
     242989 |  8125056.38
    2488463 |  8125002.64
     607357 |  8124960.42
    4323708 |  8124920.03
     527713 |  8124888.30
    2072385 |  8124882.28
    5549401 |  8124740.58
    3573214 |  8124670.85
    3547117 |  8124666.24
    4375590 |  8124646.74
    3372345 |  8124625.60
    4572912 |  8124557.20
    3032803 |  8124534.00
    5329902 |  8124323.70
     257374 |  8124229.23
    2523812 |  8124144.30
    3452962 |  8124106.93
     441268 |  8124068.65
     672300 |  8123983.80
     744997 |  8123965.12
    1451965 |  8123942.97
    6029251 |  8123869.28
     119032 |  8123770.24
    3370131 |  8123748.80
    4992174 |  8123717.07
    4094470 |  8123716.08
    4453869 |  8123664.40
    2286142 |  8123606.54
    3479565 |  8123603.36
    1966529 |  8123599.39
    2537114 |  8123473.68
    2982861 |  8123320.74
    4678498 |  8123301.72
    1023497 |  8123270.54
    6126844 |  8123246.32
    3334021 |  8123228.40
     625785 |  8123217.76
    6070949 |  8123174.28
    1717325 |  8123166.90
     574129 |  8123150.70
    2457426 |  8123146.44
    5931945 |  8123132.52
    4740181 |  8123076.65
    4191146 |  8123039.34
    2648362 |  8123030.84
     685482 |  8122811.76
    4191905 |  8122762.35
    5178815 |  8122760.80
    3421478 |  8122759.44
    5796383 |  8122756.07
    1450792 |  8122718.52
    4419985 |  8122707.37
     785010 |  8122704.04
    3094714 |  8122598.40
    3995920 |  8122590.96
     979333 |  8122536.70
     834284 |  8122536.51
     272512 |  8122530.15
    1218089 |  8122433.11
    3668996 |  8122400.00
     231328 |  8122256.76
    4382470 |  8122133.52
      26024 |  8122103.47
     384674 |  8121998.25
    1646162 |  8121886.50
    2717267 |  8121817.90
    5414311 |  8121768.72
    1225956 |  8121646.20
    3119372 |  8121611.98
    5548844 |  8121424.22
    3956130 |  8121386.20
    1013713 |  8121371.31
    5245780 |  8121363.03
    6091677 |  8121349.58
    2797671 |  8121338.94
    5098049 |  8121187.10
    2923439 |  8121152.00
    1656113 |  8121142.26
    5760331 |  8121126.87
    1708750 |  8121093.40
    1282004 |  8121025.50
    2252464 |  8121010.59
    6082823 |  8120993.55
     604126 |  8120874.84
     395376 |  8120865.78
    6195993 |  8120789.46
    3334552 |  8120717.28
    3586516 |  8120687.96
    6136925 |  8120676.96
     142692 |  8120541.87
    3848267 |  8120529.12
    4869298 |  8120499.52
    5025555 |  8120435.40
    1436742 |  8120430.33
    2317719 |  8120390.68
    3420410 |  8120269.22
    3537600 |  8120230.54
     969720 |  8120192.42
    6099993 |  8120154.57
    2950836 |  8120131.38
     445433 |  8119996.02
    3827588 |  8119975.28
    3105132 |  8119944.48
    6031358 |  8119925.84
    3421664 |  8119912.40
    2515151 |  8119897.74
    5814224 |  8119894.20
     296491 |  8119890.10
    3763089 |  8119800.33
    3225214 |  8119799.79
    6034751 |  8119753.84
    2296837 |  8119717.60
    1500130 |  8119635.36
    6256091 |  8119604.43
    1730692 |  8119598.40
    5077807 |  8119528.38
    5519798 |  8119515.20
    3471310 |  8119513.53
    3034527 |  8119416.80
    1257004 |  8119413.50
    4561873 |  8119397.07
    2679048 |  8119223.68
    4309192 |  8119219.00
    2202676 |  8119206.00
     804021 |  8119157.78
    4187802 |  8119133.88
    4682532 |  8119061.28
    6285578 |  8119009.44
    1445855 |  8118967.60
     144586 |  8118849.66
    6194832 |  8118841.40
    4420997 |  8118793.17
    1518550 |  8118744.00
    5743218 |  8118731.68
    1171965 |  8118721.28
    5080972 |  8118711.35
    1525794 |  8118571.80
    5808738 |  8118447.75
    2474663 |  8118290.73
    5309494 |  8118276.74
    2392630 |  8118251.01
    2415628 |  8118250.20
    2524789 |  8118222.84
    1223969 |  8118124.00
    5823790 |  8118115.11
    3883247 |  8118080.64
    1056000 |  8117978.96
     894361 |  8117876.80
    2619877 |  8117850.00
    4803373 |  8117811.33
    1596921 |  8117807.22
    2776467 |  8117794.08
    4688921 |  8117747.76
     567515 |  8117712.24
     599949 |  8117681.35
    4602129 |  8117674.59
    2592442 |  8117593.65
    2332916 |  8117569.32
    5918509 |  8117525.12
     449195 |  8117484.28
    4134952 |  8117461.56
    1561968 |  8117439.75
    1062553 |  8117410.56
    4872279 |  8117359.11
    2704622 |  8117238.08
    2606364 |  8117209.89
    3777976 |  8117173.80
     121271 |  8117139.12
    1445107 |  8117083.62
    4742717 |  8117082.15
    2923616 |  8117064.82
     926850 |  8117041.50
    4173744 |  8116973.28
    3192810 |  8116889.82
    1689517 |  8116839.60
    6081160 |  8116832.18
    1808508 |  8116716.36
     123386 |  8116706.77
    5026896 |  8116614.66
    2268464 |  8116536.97
     154170 |  8116513.35
    2113841 |  8116505.04
    5334238 |  8116468.92
    3872139 |  8116387.44
    2862146 |  8116343.68
    3968808 |  8116308.64
    5078644 |  8116282.20
    3037652 |  8116241.84
    2165594 |  8116234.50
    4739191 |  8116231.26
    5601402 |  8116224.40
     190127 |  8116145.73
     287078 |  8116043.52
    5227624 |  8116019.34
     756121 |  8115994.59
    4619790 |  8115958.68
    2971441 |  8115927.04
    5936894 |  8115923.20
    2797437 |  8115889.12
    4943780 |  8115859.00
    1999700 |  8115789.32
    2013402 |  8115746.88
     785743 |  8115701.04
    5269491 |  8115621.53
    1637531 |  8115560.50
     714043 |  8115555.21
     477104 |  8115507.00
     820402 |  8115489.92
     438799 |  8115476.40
    3534583 |  8115473.13
    6181865 |  8115406.63
    1394567 |  8115397.57
    5611152 |  8115372.72
    5006682 |  8115360.96
    1591610 |  8115355.85
    2902854 |  8115352.65
    4564377 |  8115284.16
    2609046 |  8115277.28
    1167302 |  8115275.61
     370188 |  8115240.35
    1864872 |  8115225.02
    1760637 |  8115166.34
     433575 |  8115105.60
    2719046 |  8115089.84
    5873383 |  8115067.68
    2312628 |  8115036.70
     543259 |  8115031.42
    2553880 |  8114998.32
    1056525 |  8114961.60
    5631974 |  8114901.28
    5149909 |  8114886.85
      59454 |  8114834.80
    3540775 |  8114816.16
    5199518 |  8114796.66
     719689 |  8114752.97
    3427745 |  8114675.24
    1283413 |  8114553.00
    4854602 |  8114403.72
    1776455 |  8114343.90
    6204817 |  8114326.78
    3929081 |  8114319.36
    2542506 |  8114313.59
     908442 |  8114277.60
    5677346 |  8114220.84
    3456239 |  8114080.65
    1406460 |  8114060.76
     490911 |  8114032.08
    3092794 |  8114016.58
    5807653 |  8113713.96
    1803327 |  8113674.96
     499783 |  8113623.80
    3956297 |  8113545.30
    2367756 |  8113520.53
    5735295 |  8113486.58
    5098485 |  8113451.58
    2365501 |  8113411.90
    2467493 |  8113392.94
    6101700 |  8113270.38
     666516 |  8113148.33
    1005829 |  8113133.08
     296659 |  8113056.14
    3381657 |  8113045.75
    5315680 |  8113022.60
    4213781 |  8112922.82
    1526408 |  8112920.20
    4606460 |  8112910.25
    3345623 |  8112864.00
      44993 |  8112857.60
    4460788 |  8112831.30
     141808 |  8112820.65
     865593 |  8112768.80
    3843601 |  8112721.58
    5092415 |  8112665.08
    5122545 |  8112654.40
    5831292 |  8112640.80
    3592430 |  8112600.60
    5668000 |  8112593.35
    3476462 |  8112527.04
    3673521 |  8112468.00
    1898351 |  8112434.75
    2755295 |  8112382.32
     612882 |  8112378.56
    2984036 |  8112376.58
    1917685 |  8112361.75
    2934544 |  8112349.60
    2230537 |  8112333.25
    1902188 |  8112321.12
    5696562 |  8112310.42
    1834917 |  8112152.10
    5891138 |  8112110.76
    4869554 |  8111973.32
    1567075 |  8111970.25
     605622 |  8111969.25
    5889144 |  8111963.21
    3546633 |  8111921.82
    4537743 |  8111921.52
    3161625 |  8111902.37
      23533 |  8111896.12
    5703441 |  8111892.34
    4526589 |  8111883.84
    4976185 |  8111846.61
    4358144 |  8111770.56
    1743794 |  8111755.12
     611483 |  8111703.93
    5425747 |  8111701.32
    1308955 |  8111660.16
     882646 |  8111543.94
    5083870 |  8111417.22
    5254872 |  8111364.61
    5998759 |  8111131.02
    1337916 |  8111084.28
    2790389 |  8111065.56
    4885597 |  8110986.80
     135656 |  8110937.34
    1137527 |  8110934.00
    5674657 |  8110930.40
    5928366 |  8110928.35
    3951062 |  8110901.76
     124598 |  8110872.45
     866393 |  8110820.96
    3040055 |  8110805.34
    4677405 |  8110794.52
    3357380 |  8110788.45
    6125352 |  8110774.14
    3138462 |  8110767.50
    2151990 |  8110740.96
    1734407 |  8110738.90
    1714046 |  8110723.40
    3052931 |  8110720.91
    5632485 |  8110720.20
       6878 |  8110719.98
    4033074 |  8110642.37
     926477 |  8110617.69
      70845 |  8110532.62
    4214729 |  8110504.50
    5538567 |  8110485.69
    2399645 |  8110463.36
    3413266 |  8110452.48
    3726776 |  8110420.59
    1731125 |  8110367.18
    5682392 |  8110353.30
     755201 |  8110293.19
    1202015 |  8110135.89
    3563590 |  8110128.80
    5188758 |  8110121.54
    3182937 |  8110066.51
    5897554 |  8109871.32
    5904525 |  8109809.61
    1243287 |  8109787.10
    1700580 |  8109785.44
    3495966 |  8109779.50
    1822587 |  8109708.83
    4202604 |  8109704.71
    4156247 |  8109690.05
    6307851 |  8109628.48
     807701 |  8109470.52
    1031608 |  8109407.49
    6375491 |  8109377.64
    3695061 |  8109374.94
     350170 |  8109364.67
    1045987 |  8109304.88
    5319494 |  8109301.48
    6168050 |  8109281.00
    3672892 |  8109271.00
    5470175 |  8109270.60
    5882697 |  8109198.24
    5060925 |  8109165.20
    1820707 |  8109129.42
    5611572 |  8109068.76
    2207193 |  8109004.80
    3924558 |  8108986.52
    5192800 |  8108976.56
    5471817 |  8108922.78
    2631598 |  8108891.40
    4680411 |  8108694.60
    1200919 |  8108686.80
    5649277 |  8108679.72
    3349439 |  8108674.08
    3382908 |  8108659.26
     898075 |  8108654.40
    3868172 |  8108482.50
    4939294 |  8108400.00
     861686 |  8108395.68
    5091765 |  8108364.84
    5384423 |  8108349.12
    5193893 |  8108345.72
    1496590 |  8108280.96
    5007172 |  8108161.65
     568779 |  8108154.22
    4803520 |  8108028.96
    2925028 |  8108014.72
    2085541 |  8107972.98
    1318801 |  8107960.00
    4687970 |  8107932.04
    6101715 |  8107931.04
    1768951 |  8107916.82
    2670339 |  8107848.23
    2266591 |  8107830.15
    4246410 |  8107747.32
    3022488 |  8107743.98
    1664922 |  8107714.26
    3372184 |  8107706.80
    5583811 |  8107608.96
       6704 |  8107575.58
    6099063 |  8107475.08
    3307731 |  8107468.30
    2322840 |  8107436.16
     112921 |  8107306.23
      13900 |  8107171.20
    6130574 |  8107157.50
    1585034 |  8107095.36
    5068836 |  8107086.65
    4670419 |  8107079.47
    2290532 |  8107054.82
    3982853 |  8107015.68
    2058104 |  8106975.52
    2444140 |  8106906.75
    5092659 |  8106900.82
     377139 |  8106724.90
    6194127 |  8106715.68
    2130403 |  8106620.65
    1755243 |  8106620.50
    4248379 |  8106538.13
    4295324 |  8106533.34
    5203941 |  8106498.40
    4962308 |  8106479.64
     250121 |  8106455.18
    2508345 |  8106439.36
    5397876 |  8106424.76
    1573035 |  8106323.61
      93786 |  8106157.30
    5722930 |  8106155.60
    1613328 |  8106138.64
    3712000 |  8106078.40
    1248472 |  8106021.00
       1387 |  8105923.00
    5901648 |  8105854.69
     320435 |  8105815.10
    3774515 |  8105770.40
    4183891 |  8105683.46
     246538 |  8105645.76
    3436740 |  8105622.30
    1260041 |  8105616.90
    5711456 |  8105614.00
     654575 |  8105605.20
    3114440 |  8105582.89
    2940163 |  8105567.60
    5842041 |  8105552.64
    2975354 |  8105528.90
    4044112 |  8105447.25
    3766300 |  8105432.82
    4238662 |  8105429.50
    1413828 |  8105409.36
    2860883 |  8105407.56
    2881427 |  8105380.36
    3915913 |  8105362.44
    4351884 |  8105355.72
    3653379 |  8105236.31
    2044223 |  8105167.80
    1714683 |  8105146.20
    2760051 |  8105051.79
    3596594 |  8104948.74
    2088818 |  8104927.87
    2968428 |  8104915.85
    1080064 |  8104818.51
    1552543 |  8104813.86
    5362635 |  8104776.48
     678116 |  8104737.60
    2516199 |  8104646.16
    3223345 |  8104608.59
     487598 |  8104388.52
    1835905 |  8104314.96
    5504823 |  8104300.11
    4543377 |  8104270.44
    1975700 |  8104215.16
    2409009 |  8104126.90
    2504225 |  8104085.12
    3414454 |  8104064.80
    2579972 |  8104055.30
     982817 |  8103984.11
    1481612 |  8103931.89
    2334431 |  8103926.60
    2935383 |  8103737.50
    4502452 |  8103700.53
    1409373 |  8103696.00
    1652825 |  8103679.16
    3965793 |  8103652.50
    6353103 |  8103650.88
    2333259 |  8103583.04
    2194653 |  8103575.28
    1905324 |  8103565.51
    1104465 |  8103521.66
    3569126 |  8103490.60
    2107130 |  8103471.42
    4949711 |  8103420.68
    4793429 |  8103397.26
    4568920 |  8103394.98
    2097622 |  8103392.38
    1493649 |  8103352.32
    1354814 |  8103319.50
    4654480 |  8103261.44
    2801381 |  8103185.84
    5600064 |  8103078.28
     231343 |  8103044.29
     939490 |  8102985.16
    3005248 |  8102983.95
    4793546 |  8102981.70
     886964 |  8102963.64
     875245 |  8102962.77
    2140130 |  8102961.42
    2132315 |  8102897.04
    5900636 |  8102874.96
    4832180 |  8102849.23
    2460665 |  8102829.40
    5439506 |  8102814.10
    2081650 |  8102733.00
    6371608 |  8102709.92
    4433096 |  8102702.55
    2016243 |  8102693.11
    1485231 |  8102557.88
    3228418 |  8102477.46
    4498453 |  8102407.50
    3027832 |  8102392.32
    1222296 |  8102351.40
    1727605 |  8102336.68
    1397687 |  8102333.10
    3624918 |  8102213.46
    3428496 |  8102151.06
    3207618 |  8102127.93
    5758480 |  8102069.57
    1519430 |  8102024.20
    4766734 |  8102016.72
    2283860 |  8101978.60
    3812593 |  8101943.86
    1862399 |  8101924.04
    5581088 |  8101898.77
    1954387 |  8101885.41
    2171624 |  8101822.10
     469179 |  8101796.42
    2467346 |  8101792.38
    3969982 |  8101742.88
    1679517 |  8101701.64
    3387106 |  8101609.25
    4813626 |  8101545.02
    4257196 |  8101526.36
     645582 |  8101479.84
    4595813 |  8101465.52
    2913363 |  8101457.46
    4185733 |  8101412.33
    2287870 |  8101367.84
    3308499 |  8101341.48
    2704868 |  8101280.46
     972739 |  8101249.83
    2140882 |  8101162.56
    1775542 |  8101113.93
    6352772 |  8100997.08
    2277372 |  8100936.00
    5171900 |  8100933.50
    5074526 |  8100916.50
    3225130 |  8100902.04
    2842575 |  8100901.18
    4092435 |  8100893.30
    1296236 |  8100862.61
     820924 |  8100858.52
    2580185 |  8100634.72
    2780261 |  8100622.53
    5040444 |  8100509.88
     339123 |  8100492.72
    5667899 |  8100423.52
    3023590 |  8100355.16
     804975 |  8100355.07
    5888823 |  8100291.91
     891861 |  8100289.71
    1623720 |  8100237.99
    5270549 |  8100223.20
     814454 |  8100175.26
     455128 |  8100132.50
    2925823 |  8100115.61
    3186461 |  8100085.05
    2820521 |  8100076.20
    2245044 |  8100004.00
    4676676 |  8100003.45
    3109450 |  8099939.88
     911674 |  8099924.95
    4075719 |  8099810.40
    3879734 |  8099793.00
    2219042 |  8099785.70
    3754090 |  8099760.84
    4430158 |  8099713.05
    4517351 |  8099542.68
    3983067 |  8099529.76
    1628548 |  8099528.30
    4663542 |  8099484.48
     396430 |  8099448.16
    1474170 |  8099395.60
    5203014 |  8099036.97
    3891737 |  8099021.35
     720700 |  8098961.60
     424981 |  8098953.54
    1916904 |  8098941.60
    1927311 |  8098928.92
    2063473 |  8098912.00
    1136061 |  8098850.33
    2000316 |  8098830.25
    1126710 |  8098785.72
    5213232 |  8098742.16
    5962260 |  8098699.57
    3191587 |  8098690.88
    4957281 |  8098687.78
    3779510 |  8098642.50
    2996837 |  8098616.24
    6373867 |  8098554.24
    5582370 |  8098472.00
       1798 |  8098462.72
    6285778 |  8098440.17
    1052475 |  8098356.42
    6333819 |  8098344.80
    2808793 |  8098318.44
     170461 |  8098268.82
     623315 |  8098240.12
    4559228 |  8098024.80
    2792259 |  8098008.32
    1672439 |  8097993.60
    4786217 |  8097984.00
    3405255 |  8097978.80
    5683396 |  8097918.30
    3613534 |  8097870.80
    5122815 |  8097866.18
    4090756 |  8097786.96
    1399553 |  8097666.62
    4660041 |  8097607.58
    4552889 |  8097606.99
    3420429 |  8097560.05
    3827887 |  8097533.18
    2267219 |  8097530.28
    2155355 |  8097354.00
    2683561 |  8097325.44
    2946155 |  8097240.04
     887123 |  8097188.64
    5734939 |  8097126.30
    5797312 |  8097124.07
    4804152 |  8097098.94
    5113157 |  8097089.37
    3538948 |  8096966.28
    2329055 |  8096935.86
    2074758 |  8096915.52
    3280283 |  8096885.40
    3918601 |  8096882.40
    5501718 |  8096877.56
    3681592 |  8096777.88
    4607940 |  8096773.50
    2668471 |  8096726.25
    4828909 |  8096723.80
     847127 |  8096570.10
    3116358 |  8096543.40
    5818608 |  8096537.40
     816015 |  8096392.80
    2674491 |  8096386.98
     717402 |  8096256.11
    5650973 |  8096244.84
    1714544 |  8096189.31
    2813819 |  8096109.80
    2713576 |  8096100.74
     967492 |  8096005.20
    2158719 |  8095817.45
    2425938 |  8095797.89
    4124116 |  8095796.10
    3826661 |  8095732.05
    5927737 |  8095697.04
     890489 |  8095562.16
    3372587 |  8095545.68
    2440837 |  8095477.06
     326086 |  8095456.16
    1672885 |  8095456.16
    2255283 |  8095421.60
     542068 |  8095405.77
     690046 |  8095327.36
    6014558 |  8095262.28
    2740282 |  8095254.92
    3222518 |  8095229.10
    5050640 |  8095224.44
    6090067 |  8095206.22
    1698474 |  8095197.18
    3628107 |  8095196.65
    5145033 |  8095186.71
    3295989 |  8095170.78
     741618 |  8095038.00
    4623696 |  8094984.19
     544542 |  8094901.44
    2339797 |  8094899.12
     122671 |  8094880.17
    5049481 |  8094860.43
    2669924 |  8094851.52
     427367 |  8094797.40
    2166983 |  8094786.66
    3757121 |  8094735.00
    4415972 |  8094733.92
    2405989 |  8094685.60
    3942682 |  8094658.30
    1398566 |  8094500.53
     853698 |  8094414.39
    3226760 |  8094297.24
    5441753 |  8094148.08
     364851 |  8094063.70
    5903072 |  8094048.60
    2998644 |  8093854.08
    5594901 |  8093846.95
    2521241 |  8093802.00
    1945965 |  8093756.29
    1787335 |  8093738.44
    3007427 |  8093733.88
    3164783 |  8093733.32
    2665935 |  8093568.45
    1853848 |  8093524.05
    2672271 |  8093498.40
    4043261 |  8093474.64
    5648888 |  8093298.15
    1437047 |  8093268.54
    3139266 |  8093204.20
    2904909 |  8093167.36
    3587120 |  8093129.76
    4919245 |  8093116.20
    1008869 |  8093066.35
     392224 |  8093063.55
    1212610 |  8093028.23
    4312674 |  8092916.39
     815105 |  8092893.93
    1136391 |  8092809.00
    3328120 |  8092760.80
    1506362 |  8092588.35
     776625 |  8092569.84
     371967 |  8092536.40
    2695000 |  8092457.34
    2093845 |  8092440.00
    2512850 |  8092301.28
     318255 |  8092297.91
    3347775 |  8092191.32
    2075548 |  8092136.37
    4385103 |  8092115.70
      82272 |  8092023.08
     420363 |  8092006.89
    5235999 |  8091964.80
    3842479 |  8091964.18
     761029 |  8091951.84
    3023948 |  8091946.20
    2933053 |  8091790.14
     789814 |  8091774.93
    4950514 |  8091765.63
    5636525 |  8091678.84
    3460173 |  8091606.50
    4747754 |  8091486.15
    4343550 |  8091313.20
    6159784 |  8091312.24
    5304368 |  8091261.60
    2237310 |  8091207.96
     580460 |  8091137.36
    3158626 |  8091090.15
    1198752 |  8091060.88
    1984641 |  8091046.24
    3751357 |  8091008.64
    1793068 |  8091001.66
    1131859 |  8091001.60
    4116939 |  8090992.32
    1142144 |  8090965.23
    1725055 |  8090936.40
    5756265 |  8090922.84
    5556576 |  8090914.34
    2600210 |  8090846.54
    4286052 |  8090769.10
    5558064 |  8090751.40
    2853299 |  8090740.33
    5925961 |  8090706.54
     693193 |  8090654.40
    4788795 |  8090530.59
    3989805 |  8090519.38
    3143690 |  8090469.34
    5978112 |  8090401.40
    5386276 |  8090393.40
    6361453 |  8090330.10
    1887945 |  8090255.06
    3671952 |  8090189.64
    4241303 |  8090106.78
    4735256 |  8090091.10
    5429543 |  8090085.22
    3417677 |  8090066.62
    5615068 |  8089981.65
    4360160 |  8089970.46
    2151167 |  8089950.00
     108714 |  8089927.29
    2182187 |  8089866.07
    5202598 |  8089861.40
    1662496 |  8089726.88
    3327468 |  8089686.06
    1617114 |  8089649.99
    3379997 |  8089638.00
    1014044 |  8089367.90
    5439945 |  8089302.64
    2596818 |  8089116.80
    1684068 |  8089081.44
    1447298 |  8089079.60
    3800165 |  8089061.04
    4571506 |  8089038.65
    3589406 |  8089037.41
    4718389 |  8088991.40
    1067622 |  8088827.88
     675911 |  8088818.87
    2800661 |  8088808.50
    2527031 |  8088766.24
    3398361 |  8088766.18
    4319692 |  8088688.35
    4706651 |  8088574.02
    1501639 |  8088374.80
    5869635 |  8088245.25
     292790 |  8088200.64
    3475129 |  8088187.65
    1326106 |  8088172.80
    2864061 |  8088125.31
    1775238 |  8088062.78
    3022857 |  8088029.82
    3940274 |  8087947.56
    4485782 |  8087931.00
    6281259 |  8087857.47
    4603192 |  8087836.14
     438221 |  8087819.59
    3697812 |  8087795.95
    4932362 |  8087767.38
    4379754 |  8087714.85
    1664796 |  8087707.98
    6165870 |  8087609.82
     679797 |  8087600.82
     784023 |  8087525.46
    1177745 |  8087463.72
    2612577 |  8087441.52
     845023 |  8087353.56
    2923954 |  8087333.76
    3185525 |  8087309.50
    5541741 |  8087302.50
    1796732 |  8087205.29
    1618968 |  8087188.80
    1856139 |  8087170.30
    3714074 |  8087110.16
    4681244 |  8087090.46
     515916 |  8087049.48
    5037402 |  8087044.84
    5033286 |  8086967.98
     623755 |  8086953.85
    2875172 |  8086834.26
    5716366 |  8086811.46
    4697494 |  8086809.22
    2364877 |  8086776.32
    4060260 |  8086764.00
    2354742 |  8086761.50
    3116934 |  8086658.31
    1400964 |  8086577.85
     741626 |  8086551.60
    2774957 |  8086544.97
    3568479 |  8086544.14
    3426026 |  8086434.11
    3358538 |  8086394.52
    1495543 |  8086374.72
    4950692 |  8086345.12
    5524358 |  8086279.44
     625895 |  8086273.65
    4097730 |  8086261.40
    4737436 |  8086252.40
    5308862 |  8086211.35
    3080859 |  8086203.88
    3277701 |  8086141.28
      61182 |  8086069.20
    5295287 |  8086063.91
    1958969 |  8085973.14
     622950 |  8085972.21
    5287649 |  8085903.50
     744237 |  8085761.65
    4648003 |  8085760.20
    5930726 |  8085747.80
    4089355 |  8085694.32
     635958 |  8085576.87
    2584919 |  8085498.72
     453242 |  8085480.69
    5406970 |  8085447.68
    5794214 |  8085366.60
    5443361 |  8085254.19
    4296489 |  8085221.18
    1094199 |  8085184.80
    3358672 |  8085032.34
    1824818 |  8085013.65
    4050845 |  8084995.28
    4794479 |  8084849.50
    4939457 |  8084790.36
    2238821 |  8084760.88
    1652902 |  8084615.84
     218266 |  8084608.40
    1426654 |  8084597.66
    4939708 |  8084510.60
    5470957 |  8084312.55
    4743077 |  8084287.20
    5595707 |  8084256.18
    3931142 |  8084190.24
    3358327 |  8084167.38
    2200727 |  8084160.16
    5109954 |  8084139.52
     400388 |  8084128.80
    4919952 |  8083799.55
     518182 |  8083798.58
     698994 |  8083736.64
    4766344 |  8083634.00
     405003 |  8083590.16
    2800928 |  8083552.40
    1752661 |  8083425.24
     632400 |  8083399.68
    6152560 |  8083379.52
    6093020 |  8083326.96
    1759594 |  8083279.68
    4060460 |  8083161.96
    4358916 |  8083140.61
    1490625 |  8083040.98
    3236930 |  8082967.64
    2740704 |  8082934.08
    2440411 |  8082933.24
    1298857 |  8082876.45
     963319 |  8082739.84
    1052760 |  8082588.66
    4291420 |  8082490.98
    1809974 |  8082478.56
    3954115 |  8082434.70
    4058489 |  8082433.71
    2137733 |  8082360.32
    5433784 |  8082354.90
    6166183 |  8082281.19
    4053259 |  8082271.86
    5336895 |  8082207.15
     936066 |  8082204.68
     662054 |  8082192.50
    1852114 |  8082190.00
     524809 |  8082174.14
    3600800 |  8082172.44
    4052717 |  8082146.32
     584235 |  8081972.59
    2812850 |  8081915.49
    5488194 |  8081887.23
     760950 |  8081810.55
    1171643 |  8081782.20
    6318074 |  8081706.84
    5426762 |  8081678.40
    1665689 |  8081631.00
    4532487 |  8081521.68
    3413827 |  8081503.42
    4107232 |  8081486.20
    2486961 |  8081434.56
    6238373 |  8081409.35
    5806482 |  8081349.51
    6319014 |  8081280.66
    3892186 |  8081224.10
    6032765 |  8081138.70
    6368970 |  8081104.23
    6347244 |  8081094.84
    1174812 |  8081088.64
    5043663 |  8081044.27
    2526690 |  8080743.96
     973641 |  8080721.60
    1369187 |  8080693.26
     982315 |  8080693.11
     161832 |  8080681.80
    3705338 |  8080653.76
    5326993 |  8080651.05
    4138528 |  8080626.84
    6100993 |  8080618.50
    3563216 |  8080577.00
    4548356 |  8080504.02
    2227701 |  8080498.20
    5099537 |  8080494.38
     692491 |  8080461.27
    1414825 |  8080277.92
    2635614 |  8080252.98
    5515605 |  8080172.68
    3363903 |  8080104.20
    3023273 |  8080068.15
    5606236 |  8080036.80
    3752408 |  8079943.65
     869988 |  8079892.50
    5562960 |  8079792.56
     232400 |  8079740.25
     532414 |  8079738.92
     193068 |  8079733.34
    6116491 |  8079706.70
    3592451 |  8079624.00
    5821675 |  8079566.32
    1579184 |  8079558.01
    1791752 |  8079535.15
    3514492 |  8079448.05
    5438308 |  8079318.00
    2296229 |  8079276.36
     396791 |  8079273.24
     388995 |  8079224.36
    4745400 |  8079221.28
     459300 |  8079216.96
       7967 |  8079208.20
    4820058 |  8079195.51
    4326967 |  8079135.30
    4263934 |  8079082.96
    2837671 |  8079053.97
    1694379 |  8078935.40
    3485762 |  8078928.88
    6274525 |  8078868.35
      46951 |  8078828.40
    2555616 |  8078824.36
    5678603 |  8078818.50
    6332436 |  8078786.80
    2492255 |  8078780.45
    3440878 |  8078731.37
    3761128 |  8078704.80
    3945187 |  8078661.70
    3604882 |  8078577.12
    1577367 |  8078361.50
    6152313 |  8078341.20
    6388044 |  8078340.60
    5673061 |  8078301.87
    2024036 |  8078295.20
    6358353 |  8078255.42
    3162112 |  8078219.52
    1745066 |  8078183.58
    1653713 |  8078179.90
    2966848 |  8078122.08
    2368100 |  8078119.64
    2238357 |  8078115.85
     587793 |  8078112.40
    1992114 |  8078028.53
    6305011 |  8077991.70
     360356 |  8077945.12
    5432357 |  8077879.17
    4203625 |  8077747.68
    2694657 |  8077640.64
    3051388 |  8077636.86
    2464632 |  8077629.00
    4054579 |  8077564.35
     103034 |  8077513.50
    4393431 |  8077497.07
    4544883 |  8077471.20
    6335282 |  8077441.75
    2222689 |  8077417.26
    2830541 |  8077399.33
     286507 |  8077389.70
     936653 |  8077389.36
     913575 |  8077355.00
    3846651 |  8077264.86
    1655848 |  8077207.80
     853646 |  8077167.03
    2013203 |  8077150.80
    4603673 |  8077145.72
    6395800 |  8077101.62
    1126829 |  8077062.84
     174352 |  8077022.44
    4546837 |  8076986.73
    3832553 |  8076974.24
    4147970 |  8076947.52
     317714 |  8076880.65
    4337790 |  8076821.82
    5099551 |  8076737.73
      84555 |  8076734.00
    1969623 |  8076720.00
    3151875 |  8076641.20
    4619388 |  8076635.10
    3605768 |  8076596.00
    5850838 |  8076551.45
    4407695 |  8076525.60
    2838216 |  8076370.50
     451873 |  8076355.20
     931577 |  8076311.10
    1864649 |  8076273.36
    2817585 |  8076229.20
    2322695 |  8076151.20
    3407004 |  8076148.99
    3295120 |  8076148.36
    6167170 |  8076097.77
    5886497 |  8076080.90
    2772887 |  8076073.17
    5991244 |  8076011.16
     654682 |  8075984.84
     473976 |  8075956.89
    2727805 |  8075948.14
    5794334 |  8075918.70
    1349592 |  8075859.00
    6252125 |  8075844.16
    2414317 |  8075783.49
     245200 |  8075672.45
     443242 |  8075587.44
    1274918 |  8075584.01
    5577555 |  8075542.35
    4871259 |  8075540.34
    2650679 |  8075525.36
    2438195 |  8075478.72
    4807517 |  8075381.68
    3347297 |  8075356.41
    1894046 |  8075351.05
    5935444 |  8075269.40
    1423181 |  8075263.50
    2652321 |  8075152.80
     503332 |  8075149.68
    4541848 |  8075127.90
    2232112 |  8075116.80
    2172387 |  8075101.72
    3937542 |  8075100.16
    3448161 |  8075045.88
    3197197 |  8075031.25
      94224 |  8074927.98
    6370505 |  8074893.44
    4091329 |  8074848.10
     438888 |  8074640.58
    4264177 |  8074600.08
    3753199 |  8074584.30
     713928 |  8074559.88
    5191664 |  8074465.15
     878528 |  8074445.40
    2708324 |  8074391.37
    3317809 |  8074390.88
    5399129 |  8074332.44
    6296896 |  8074270.05
     105793 |  8074231.36
    5159073 |  8074217.60
    3901154 |  8074215.87
    3627389 |  8074003.42
    1311623 |  8073985.60
    4456215 |  8073963.03
    4460396 |  8073961.92
    1035485 |  8073956.72
    1815251 |  8073908.76
    2987838 |  8073904.93
     340913 |  8073823.07
    5104329 |  8073759.02
    2972026 |  8073757.80
     683514 |  8073698.43
    5681666 |  8073537.90
    4037441 |  8073484.68
    3489867 |  8073444.28
    4593792 |  8073429.84
    6040546 |  8073356.07
     656480 |  8073337.31
    4721032 |  8073333.36
    5175838 |  8073321.96
    5678729 |  8073302.38
    6165348 |  8073270.66
    3360069 |  8073138.00
    5742760 |  8073095.76
    1026826 |  8073071.92
    4386310 |  8073061.33
    5343901 |  8073033.20
    5803031 |  8073031.04
    5335184 |  8073030.27
    5485200 |  8072988.97
     449602 |  8072900.07
    1125521 |  8072885.01
    3365272 |  8072875.80
    1467049 |  8072858.05
    2879575 |  8072787.47
    1301517 |  8072780.83
    3717704 |  8072682.60
    5964589 |  8072680.79
    2997424 |  8072586.20
    2007242 |  8072578.70
     105199 |  8072567.25
    3704207 |  8072541.96
    6190969 |  8072486.40
     809560 |  8072463.78
    2942954 |  8072446.26
    4521342 |  8072434.24
    3802839 |  8072399.50
    4278755 |  8072387.68
    2696783 |  8072375.20
    4850046 |  8072371.71
    5308090 |  8072363.00
    4191853 |  8072328.50
    5126797 |  8072324.68
    6303712 |  8072322.60
    3384513 |  8072278.80
     256383 |  8072263.36
    1712492 |  8072229.80
    3230117 |  8072225.91
    2348160 |  8072221.38
    3798577 |  8072210.68
     132443 |  8072142.78
    5872838 |  8072099.10
    5199606 |  8071993.09
    2768418 |  8071929.25
    5448730 |  8071922.16
    2294791 |  8071833.90
     610305 |  8071788.25
     926682 |  8071780.36
    2096750 |  8071754.32
    4080719 |  8071734.43
    6082021 |  8071724.16
    5910650 |  8071687.66
    5810281 |  8071579.88
    3912453 |  8071539.03
    3751031 |  8071510.96
    2968402 |  8071324.14
    3433610 |  8071315.12
    5742702 |  8071294.88
    6370408 |  8071238.42
    2658467 |  8071192.17
    6311666 |  8071103.60
    1908935 |  8071017.46
    4986497 |  8070902.80
    5766616 |  8070884.64
     331544 |  8070711.60
    6278203 |  8070568.44
     158334 |  8070474.62
    1954044 |  8070465.78
    1682079 |  8070257.00
    3183320 |  8070254.75
    3905930 |  8070238.98
    4145782 |  8070228.92
    4887070 |  8070218.90
    2539459 |  8070033.74
    3819019 |  8070023.71
    2287651 |  8069961.20
    4767130 |  8069851.96
    6144682 |  8069812.50
     690851 |  8069810.43
    1193926 |  8069809.03
    3065631 |  8069756.32
    4289450 |  8069632.14
    4381876 |  8069629.76
    4101062 |  8069479.74
     592207 |  8069395.50
    3996108 |  8069378.76
    2469306 |  8069255.13
    4366994 |  8069212.44
    5823852 |  8069178.79
    2834153 |  8069133.20
    4101268 |  8069131.36
    1190727 |  8069128.20
     189896 |  8069104.00
    2781767 |  8069102.40
    1407516 |  8069097.92
    3188965 |  8068955.44
    2656155 |  8068900.48
    2160448 |  8068883.40
    2491073 |  8068747.00
    4199359 |  8068746.72
    5127677 |  8068643.88
     968848 |  8068602.17
    5305914 |  8068517.40
    5674468 |  8068511.88
    5045407 |  8068508.37
    5800953 |  8068476.81
    2912273 |  8068450.65
    2682348 |  8068429.49
    4297749 |  8068425.81
    4635239 |  8068416.44
    1321718 |  8068330.98
     438594 |  8068307.10
    6362540 |  8068261.30
    2164014 |  8068249.84
    5718952 |  8068222.52
    4790104 |  8068170.24
     465865 |  8068143.46
    3007448 |  8068032.00
    2856987 |  8068030.30
    5491450 |  8067868.08
    5843565 |  8067827.82
     804663 |  8067801.56
     928878 |  8067779.76
    1682436 |  8067771.60
     845432 |  8067701.30
    1979247 |  8067675.00
    3331775 |  8067659.95
    4395468 |  8067553.64
     371365 |  8067409.68
    4962989 |  8067395.98
    3023305 |  8067389.44
    2288030 |  8067181.92
    2170238 |  8067114.44
    4759121 |  8067098.47
    2703064 |  8067057.96
    4447941 |  8067006.90
    5086599 |  8066992.96
    4138919 |  8066972.74
    2178815 |  8066967.48
    4439124 |  8066956.86
    2805624 |  8066911.44
    4624251 |  8066910.94
    5489322 |  8066870.11
    3538153 |  8066836.74
    1061968 |  8066822.60
    1262885 |  8066690.79
    6082717 |  8066667.40
    1700164 |  8066664.00
    6236309 |  8066646.40
     386067 |  8066597.67
     424085 |  8066553.32
    4746545 |  8066520.03
    1694443 |  8066494.80
    5228944 |  8066447.40
    3083727 |  8066429.79
    2373192 |  8066383.74
    1790364 |  8066374.36
    2903304 |  8066237.20
     963546 |  8066212.89
    1209346 |  8066168.45
    3196772 |  8066166.15
     424364 |  8066140.92
    4818155 |  8066132.70
    6352875 |  8066092.16
     864888 |  8066090.72
     262702 |  8066055.96
    5306951 |  8065939.12
    5213754 |  8065793.65
    5262105 |  8065792.80
    3366706 |  8065790.88
    1073818 |  8065790.19
    1637001 |  8065705.76
    1163896 |  8065694.34
    1675008 |  8065691.75
    3477076 |  8065665.80
    5151854 |  8065641.12
     456817 |  8065591.96
    1736996 |  8065582.46
    2018467 |  8065518.25
    1603279 |  8065517.72
    4801413 |  8065494.41
    1384008 |  8065405.53
     194999 |  8065372.56
    5577146 |  8065346.06
    6063108 |  8065313.03
     712139 |  8065309.56
    1860159 |  8065307.20
    2152253 |  8065116.71
    6182656 |  8065116.40
    2813463 |  8065085.47
    4237763 |  8065067.94
    2504091 |  8065018.16
    6089542 |  8064978.16
    5409380 |  8064970.85
    1758521 |  8064959.64
    5341692 |  8064925.20
    4740240 |  8064796.77
    3280496 |  8064787.50
    2327491 |  8064777.09
    5140371 |  8064765.30
    2334226 |  8064700.26
    1457370 |  8064695.43
    1554610 |  8064670.46
    3284477 |  8064668.63
    2059007 |  8064586.14
    6140827 |  8064571.92
    6241225 |  8064474.60
     841776 |  8064411.87
    1875410 |  8064389.64
    3721635 |  8064302.47
    2371024 |  8064244.72
    5924697 |  8064215.28
    1192193 |  8064205.68
    3914007 |  8064205.32
    5976783 |  8064197.70
    2508116 |  8064126.64
    5842438 |  8064110.94
    2372919 |  8063962.44
     474861 |  8063931.70
    4692128 |  8063881.44
    1605807 |  8063880.92
    5669645 |  8063869.38
    1832995 |  8063769.27
    2208144 |  8063769.22
    3753849 |  8063715.66
    4992609 |  8063681.57
    3066997 |  8063651.54
    2627883 |  8063636.30
     894555 |  8063608.32
    1987732 |  8063562.73
    4396833 |  8063489.28
    4336652 |  8063472.08
     101451 |  8063465.32
     115363 |  8063408.80
    4181029 |  8063343.44
    1319345 |  8063314.52
    4336941 |  8063274.45
    2167537 |  8063123.51
    2596816 |  8062924.78
    2639828 |  8062874.82
    5957463 |  8062860.50
    1585116 |  8062857.92
    4597005 |  8062855.58
    2828542 |  8062797.47
    4588025 |  8062795.41
    4179167 |  8062782.32
    3112141 |  8062739.31
    4083913 |  8062717.70
    4349886 |  8062659.00
    5443247 |  8062613.69
    6334632 |  8062592.30
    2770030 |  8062569.04
    2431275 |  8062475.20
    5717687 |  8062360.80
    5133628 |  8062312.48
    6266924 |  8062285.50
    3576378 |  8062276.11
     441740 |  8062236.00
     323496 |  8062195.44
    6013040 |  8062166.72
    4936315 |  8062042.09
    2619901 |  8062035.30
    5366735 |  8062024.35
     456787 |  8062002.78
    2834594 |  8061942.42
    3547205 |  8061928.82
    3550162 |  8061855.20
    4311619 |  8061828.78
    5899077 |  8061800.90
    3444269 |  8061734.40
    4428892 |  8061687.00
    2762243 |  8061619.20
    1660955 |  8061600.95
     489154 |  8061575.52
    4798484 |  8061540.12
    1718743 |  8061453.44
    2449253 |  8061445.42
     205931 |  8061414.20
     855220 |  8061407.46
    5744823 |  8061396.00
     492989 |  8061251.94
    1701042 |  8061056.55
    3636411 |  8061052.92
    4462464 |  8061001.26
     452962 |  8060886.72
    1746914 |  8060816.00
    2412432 |  8060775.80
    3768454 |  8060685.66
    4139334 |  8060591.97
     690435 |  8060531.70
     280950 |  8060496.16
    5231118 |  8060488.74
    4317831 |  8060388.57
    1670817 |  8060356.15
    1886678 |  8060321.00
    2745108 |  8060319.60
    6261620 |  8060310.64
    4402803 |  8060291.10
    6202949 |  8060267.48
    6361581 |  8060260.32
     108868 |  8060246.83
    4616693 |  8060168.83
    3835030 |  8060160.26
    3005084 |  8060099.70
    5800824 |  8060054.22
    2823637 |  8060011.26
    5404440 |  8059824.63
    3685776 |  8059808.79
     949654 |  8059773.92
    2824702 |  8059754.63
     461611 |  8059634.04
     838675 |  8059605.72
    3006609 |  8059541.79
     942418 |  8059488.59
    4080344 |  8059324.35
    3203334 |  8059309.02
    1497817 |  8059262.14
    5370524 |  8059260.70
    3046955 |  8059069.13
    5353393 |  8058930.15
    3792434 |  8058928.56
    1769710 |  8058898.45
    3658841 |  8058885.54
    5415393 |  8058852.55
    4873948 |  8058783.94
     360097 |  8058783.11
    2267759 |  8058741.80
    5134932 |  8058738.00
     822716 |  8058689.18
    5743832 |  8058591.20
    4204182 |  8058461.00
    1166681 |  8058454.69
    2414506 |  8058431.46
    1504666 |  8058413.08
    5951204 |  8058385.36
    6070950 |  8058344.91
     677256 |  8058277.27
    5696714 |  8058246.66
    1629323 |  8058244.41
     749616 |  8058130.45
    3467896 |  8058124.52
    1350937 |  8058120.84
    3580721 |  8058106.30
    5571761 |  8057930.40
    3441218 |  8057809.14
    3477909 |  8057795.00
    5957059 |  8057792.40
     362573 |  8057693.48
    2022287 |  8057597.10
     708911 |  8057491.11
    2747794 |  8057484.80
    5541362 |  8057448.45
    2840213 |  8057442.60
    4030727 |  8057410.61
     257609 |  8057407.51
    2783279 |  8057315.61
    2259756 |  8057256.82
    3903273 |  8057187.18
    2079075 |  8057092.75
    3709337 |  8057089.84
     741756 |  8057082.00
    5432649 |  8057061.98
     985932 |  8057033.04
    5264582 |  8056769.50
    5751767 |  8056727.04
    1273190 |  8056716.32
     693726 |  8056579.86
    2225172 |  8056551.52
    4911551 |  8056542.45
    2573462 |  8056530.04
    6050081 |  8056523.93
     693973 |  8056448.00
    5529201 |  8056418.08
    1834410 |  8056316.73
    6313575 |  8056287.54
    6289057 |  8056280.22
     631234 |  8056236.35
    2004993 |  8056210.66
    3457190 |  8056201.68
      81007 |  8056170.08
    1846868 |  8056038.10
    1820848 |  8056036.80
    1958132 |  8056033.86
    2867650 |  8055968.96
    3860384 |  8055936.00
    3101298 |  8055877.48
    4120441 |  8055810.33
    2127749 |  8055773.46
    5287709 |  8055772.66
    4636281 |  8055746.36
    4572290 |  8055712.50
    4979239 |  8055687.36
    3049336 |  8055602.60
    4101350 |  8055591.72
     739572 |  8055553.99
    1523696 |  8055550.20
    2382245 |  8055514.88
    6015368 |  8055486.40
    5271469 |  8055481.36
    4643571 |  8055354.56
    4317711 |  8055351.44
    3178241 |  8055343.00
     133761 |  8055336.48
    1495225 |  8055244.75
    1344720 |  8055213.21
    3633079 |  8055203.23
    5064453 |  8055193.30
     822613 |  8055148.80
    1822389 |  8055061.40
     785640 |  8055027.22
    4417590 |  8054970.30
    5847564 |  8054931.47
     807894 |  8054858.07
    4351008 |  8054835.25
    4234416 |  8054784.00
    5286102 |  8054696.75
    3031461 |  8054661.03
    2967099 |  8054601.03
    2596418 |  8054594.94
    3599010 |  8054542.16
    5916478 |  8054535.60
    6324390 |  8054505.27
    4927441 |  8054454.54
    3822722 |  8054429.84
    1657504 |  8054411.93
    4628460 |  8054175.00
    4740498 |  8054123.67
    3794714 |  8054097.00
    1849996 |  8054075.61
     406735 |  8054073.30
    1047231 |  8054017.29
    2489307 |  8053998.48
     498993 |  8053953.60
    3601477 |  8053944.96
     150406 |  8053944.18
    5184178 |  8053925.04
    5177585 |  8053813.92
     929335 |  8053776.67
    4724621 |  8053762.28
    6184349 |  8053700.11
    2449192 |  8053689.56
    2002623 |  8053635.70
    4582752 |  8053564.48
       6209 |  8053554.33
     833915 |  8053336.05
    2542542 |  8053327.24
    5163354 |  8053299.38
    4755995 |  8053273.28
    3614858 |  8053244.82
    4523543 |  8053234.56
     666342 |  8053196.80
    5819130 |  8053095.19
     763617 |  8052983.59
     578027 |  8052965.07
    3635767 |  8052927.20
     338210 |  8052852.06
     288950 |  8052841.38
    3908355 |  8052777.60
     652086 |  8052776.85
    3386175 |  8052766.50
    4288959 |  8052650.60
    4984271 |  8052478.20
    3832781 |  8052440.00
    6227530 |  8052359.20
    5263154 |  8052322.35
    5945860 |  8052292.58
    4776521 |  8052228.16
    4431752 |  8052157.37
    1062025 |  8052125.13
     201459 |  8052053.20
    6314467 |  8052025.56
     285460 |  8051987.40
    4140934 |  8051936.50
    3503838 |  8051929.56
    6135937 |  8051883.12
    1951046 |  8051857.24
    1884037 |  8051838.03
    5268609 |  8051710.27
    5830332 |  8051709.45
    3919351 |  8051688.18
    2729161 |  8051686.42
    4020059 |  8051668.02
    3121524 |  8051555.28
    5727193 |  8051527.12
     927524 |  8051492.66
    5157815 |  8051463.00
    1136709 |  8051442.40
    3492486 |  8051371.48
    5537379 |  8051364.30
    5082085 |  8051361.36
     341977 |  8051353.14
    2705804 |  8051346.66
    6005994 |  8051299.20
    5061041 |  8051199.17
    5099736 |  8051196.72
    1698508 |  8051188.06
    4318378 |  8051184.16
    4725881 |  8051109.95
    4672710 |  8051041.37
       8579 |  8051028.48
    1299637 |  8051023.95
    4603248 |  8050987.12
     951130 |  8050977.05
    1373376 |  8050938.64
    4636282 |  8050898.76
     641231 |  8050892.96
    4376659 |  8050840.45
     325223 |  8050754.82
    2397256 |  8050719.14
    4169116 |  8050675.05
    4735620 |  8050595.76
    6233390 |  8050591.29
    2086743 |  8050558.59
    3752546 |  8050552.08
    2879151 |  8050526.91
    4989847 |  8050396.41
    5656758 |  8050335.13
    6110744 |  8050275.90
     384270 |  8050258.15
     231472 |  8050213.77
    1373028 |  8050196.01
    1206848 |  8050173.60
    5406547 |  8050168.88
    4891748 |  8050026.88
    4289579 |  8050006.08
    2052064 |  8049910.68
    6139033 |  8049869.10
    1934376 |  8049813.66
    1376464 |  8049803.28
    4442942 |  8049802.20
    2563489 |  8049745.20
    4108893 |  8049744.56
    6066751 |  8049647.42
    5284656 |  8049566.80
    4149392 |  8049556.29
     813387 |  8049545.75
    4647594 |  8049359.00
     849774 |  8049322.70
    2024225 |  8049173.87
    4666674 |  8049169.02
    4436046 |  8049126.45
    4709207 |  8049045.51
    1951571 |  8049022.30
     843955 |  8049016.11
    1349635 |  8049009.80
    5039554 |  8049005.25
    1240932 |  8048895.14
    3320397 |  8048825.82
    2610560 |  8048738.26
    4180236 |  8048694.20
    4167975 |  8048691.84
    2793497 |  8048653.72
     148915 |  8048643.20
    2824366 |  8048607.54
    4943049 |  8048569.59
    2518954 |  8048568.00
     133087 |  8048563.20
    3727238 |  8048476.71
     619791 |  8048474.64
    1442969 |  8048420.56
    4692496 |  8048325.64
    1952881 |  8048289.60
    5086885 |  8048280.08
    3221270 |  8048239.05
    4542319 |  8048177.84
    4458526 |  8047992.61
    1654601 |  8047960.97
    4077277 |  8047944.90
     366065 |  8047862.38
    1683265 |  8047782.57
    6233588 |  8047734.20
    1980266 |  8047690.52
    5668589 |  8047625.11
    5209515 |  8047580.64
    5251253 |  8047548.22
    2089118 |  8047530.48
     269994 |  8047470.42
     118769 |  8047465.14
    6002027 |  8047396.86
    4918160 |  8047391.96
    1342574 |  8047174.68
    5760261 |  8047103.00
    1802556 |  8047088.90
    5878940 |  8047051.30
    2108500 |  8046944.22
    2889189 |  8046860.92
    4493943 |  8046846.50
    2188131 |  8046832.56
    3692849 |  8046805.72
    2105648 |  8046798.00
    2738544 |  8046773.08
    5704753 |  8046768.10
    3477314 |  8046741.36
    4449821 |  8046732.69
    5240221 |  8046693.20
    6336419 |  8046692.44
    3500402 |  8046668.00
    5300370 |  8046660.76
    4799058 |  8046611.91
    1302985 |  8046592.14
      77380 |  8046507.70
    5897183 |  8046458.74
     339258 |  8046456.66
     673682 |  8046437.00
     755334 |  8046430.60
    1340922 |  8046402.45
    3959290 |  8046341.90
    1122088 |  8046178.80
    3560606 |  8046129.28
    1670288 |  8045874.00
    4702514 |  8045833.44
    2076509 |  8045710.02
     586456 |  8045521.85
    2730332 |  8045445.00
    4739426 |  8045442.99
    1912585 |  8045435.93
    1941640 |  8045394.37
    4796749 |  8045315.44
    4382394 |  8045233.46
    1385626 |  8045104.23
    2478488 |  8045049.73
    3749645 |  8045042.88
    2908483 |  8045018.74
    1993617 |  8044883.22
     822768 |  8044799.97
    3618917 |  8044797.00
    5836965 |  8044791.40
    3213383 |  8044709.70
     594199 |  8044649.64
    3469796 |  8044619.96
    5325841 |  8044543.04
    4186850 |  8044449.27
    4823603 |  8044384.38
    6312999 |  8044372.77
    4049248 |  8044190.35
    1979588 |  8044168.37
     847469 |  8044066.77
    4202803 |  8044009.46
    2984813 |  8043997.52
    2166989 |  8043972.45
    3260409 |  8043968.19
    1681003 |  8043921.20
    4576106 |  8043916.45
    2650748 |  8043885.36
    2866365 |  8043850.40
    5862408 |  8043807.00
    1684219 |  8043737.34
    5420874 |  8043690.93
    2541005 |  8043609.60
     854725 |  8043574.50
    2090336 |  8043485.82
       7791 |  8043283.64
    3468658 |  8043280.77
    2370675 |  8043245.25
    2990289 |  8043243.52
    2153197 |  8043179.48
    1488964 |  8043088.75
     560711 |  8043084.59
    5428408 |  8043043.47
    5338486 |  8042860.80
    4858947 |  8042790.18
    5513838 |  8042742.48
     534317 |  8042701.77
    4477635 |  8042577.80
    3872289 |  8042572.84
    5647634 |  8042480.46
     424700 |  8042480.34
    2941171 |  8042434.40
    3941682 |  8042426.10
    4405573 |  8042368.24
    2457564 |  8042345.12
    3811368 |  8042212.12
    6194206 |  8042079.50
    5282389 |  8042071.33
    6020583 |  8042036.79
    1346007 |  8042012.25
    3189599 |  8041804.40
    1857300 |  8041793.13
    2880686 |  8041700.54
    3570249 |  8041680.15
    2344634 |  8041659.08
     464505 |  8041623.66
    5892068 |  8041602.25
     371955 |  8041587.84
     308220 |  8041541.76
    3322344 |  8041528.35
    2962295 |  8041395.15
    4480965 |  8041350.35
    4582754 |  8041296.28
    1222547 |  8041251.75
     539212 |  8041164.20
    4457402 |  8041136.76
      30997 |  8041127.80
    3688815 |  8041097.76
    4094755 |  8041060.02
     162978 |  8041036.50
    1513352 |  8040952.15
    1023159 |  8040931.02
    3796293 |  8040872.32
    5441552 |  8040862.29
    4810161 |  8040846.15
    5968215 |  8040686.80
    6159855 |  8040616.00
    6037452 |  8040605.05
    4379316 |  8040569.22
     497156 |  8040501.97
     307977 |  8040477.04
    5765300 |  8040428.34
    1393067 |  8040423.42
     207547 |  8040390.19
    2679308 |  8040384.28
    4904188 |  8040025.29
    2388000 |  8039965.68
    1335967 |  8039942.74
    2137267 |  8039822.04
     580004 |  8039806.60
    1247435 |  8039763.81
     940721 |  8039684.39
    3023736 |  8039672.82
    6371850 |  8039657.85
    3342036 |  8039650.73
    1967488 |  8039619.00
    2665003 |  8039573.73
    5855305 |  8039548.46
    5988117 |  8039542.50
     293520 |  8039531.64
    6008163 |  8039518.19
    5960776 |  8039514.50
    4065459 |  8039506.54
    5158860 |  8039339.28
    4180194 |  8039334.96
     268304 |  8039314.56
    5069375 |  8039308.41
    3112226 |  8039287.80
    2579832 |  8039068.80
    1796751 |  8039063.51
    5744325 |  8039058.72
    2130100 |  8039004.03
    4308656 |  8038970.55
    1339577 |  8038942.98
    2416842 |  8038928.21
    5828741 |  8038921.95
    1284225 |  8038916.43
     980864 |  8038906.56
     245049 |  8038876.53
    3267323 |  8038867.20
    6085503 |  8038791.48
    2928282 |  8038723.56
    2010326 |  8038716.75
    5888449 |  8038701.06
    1672637 |  8038650.50
    1224297 |  8038586.22
    3168171 |  8038568.20
    4937685 |  8038553.82
    5992127 |  8038501.18
    5875317 |  8038488.96
    5187412 |  8038487.83
     798538 |  8038485.41
    6248262 |  8038460.45
    6118861 |  8038442.28
    6365417 |  8038353.00
    5294493 |  8038317.04
    5937498 |  8038283.44
    5029308 |  8038260.80
     657772 |  8038195.20
    5716017 |  8038131.04
     479450 |  8038104.52
    3600268 |  8038078.82
    3841571 |  8037945.96
     161389 |  8037944.32
     974952 |  8037938.50
    4980657 |  8037932.18
    1036200 |  8037899.44
    5166656 |  8037794.49
    2206003 |  8037784.02
    4391052 |  8037751.03
    3077728 |  8037705.63
    1496398 |  8037546.04
    5387886 |  8037529.80
    4529444 |  8037502.00
    3851823 |  8037467.46
    5494654 |  8037465.75
    4498866 |  8037368.31
     528820 |  8037359.37
    5354862 |  8037333.48
    5286294 |  8037291.02
    2948559 |  8037288.00
    2090867 |  8037242.28
    2279253 |  8037237.99
     910427 |  8037237.08
    2781905 |  8037212.15
     839464 |  8037168.75
     724093 |  8037154.44
    1560359 |  8037151.21
    5119469 |  8037148.14
    3735177 |  8036974.44
     782104 |  8036955.00
     492745 |  8036911.14
    5967784 |  8036905.54
    6369605 |  8036867.00
    3610055 |  8036721.36
    3367247 |  8036688.24
    6277462 |  8036675.36
    3377972 |  8036666.32
    1538601 |  8036638.68
     889064 |  8036617.60
     426419 |  8036467.53
    2624636 |  8036390.28
    3993966 |  8036306.30
    5745689 |  8036293.10
     414126 |  8036291.80
    2091495 |  8036276.54
    5399604 |  8036238.42
    4306706 |  8036229.26
    2522057 |  8036227.89
    4120869 |  8036207.28
    2641314 |  8036200.05
    5802379 |  8036185.50
    4909497 |  8036047.36
    5719350 |  8036036.37
      72391 |  8036022.96
     429790 |  8036005.18
    1624088 |  8035939.01
    1963821 |  8035938.80
     128322 |  8035866.56
    2306306 |  8035864.91
    4241865 |  8035846.35
    2755722 |  8035840.69
    2136698 |  8035834.24
     534970 |  8035784.58
    4090617 |  8035755.96
    5043685 |  8035737.60
    5218169 |  8035692.96
    4454100 |  8035648.29
    4568362 |  8035631.60
    3021620 |  8035596.36
    4158832 |  8035595.88
    3422271 |  8035584.70
      27778 |  8035498.08
    3400776 |  8035425.80
    2456430 |  8035345.50
    2676195 |  8035315.16
    3019382 |  8035219.96
    1006466 |  8035179.55
    2236375 |  8035176.00
     309452 |  8035139.84
    6117463 |  8035071.51
    1813738 |  8034962.18
    1653883 |  8034895.99
    3476604 |  8034882.10
    4118924 |  8034868.29
    1716832 |  8034777.66
    5845350 |  8034726.20
    2924214 |  8034687.57
    2551573 |  8034683.30
    1789938 |  8034628.00
    4762545 |  8034535.52
    3946714 |  8034444.72
    5856691 |  8034367.93
    3527464 |  8034354.45
    2000640 |  8034292.08
    2878492 |  8034248.93
    4196102 |  8034248.53
    2893125 |  8034141.06
    4205316 |  8034130.50
    3924282 |  8034081.20
    2163715 |  8034022.64
    5482662 |  8033952.78
    3410953 |  8033942.88
     946076 |  8033913.36
    2534207 |  8033838.12
     604693 |  8033823.00
    4845431 |  8033817.96
    1780260 |  8033791.68
    2077711 |  8033778.58
    1016837 |  8033751.99
    5012484 |  8033683.77
    3751586 |  8033648.34
    3223428 |  8033558.40
    3523073 |  8033540.74
    1104685 |  8033509.80
    1959834 |  8033474.91
    3142989 |  8033468.04
    2596376 |  8033453.12
     708626 |  8033410.56
    3855144 |  8033382.68
    1865633 |  8033293.17
    5687618 |  8033283.60
    2458878 |  8033281.91
    3591055 |  8033271.86
    3404595 |  8033164.08
    1473210 |  8033127.50
    2878079 |  8033117.40
    6151446 |  8033091.30
    3377687 |  8033067.42
    1581122 |  8032971.01
    3732270 |  8032946.89
     389695 |  8032819.20
    1708973 |  8032816.25
    5858811 |  8032778.30
    5195302 |  8032768.80
    5866479 |  8032723.74
     286926 |  8032566.98
    1554231 |  8032557.04
    5683212 |  8032440.78
    3543345 |  8032337.30
    6229653 |  8032318.80
    5026745 |  8032263.07
    2491085 |  8032236.60
    2677433 |  8032232.52
    1477499 |  8032190.40
    6078712 |  8032168.17
    3074183 |  8032131.41
    5269332 |  8032130.96
    2029602 |  8032084.32
     294260 |  8031977.39
    5790255 |  8031866.75
    6205128 |  8031814.96
     803971 |  8031789.23
     758217 |  8031748.23
    6266105 |  8031644.49
    5116288 |  8031638.85
    3311634 |  8031597.42
     153206 |  8031579.79
    5857057 |  8031548.70
    2729631 |  8031528.72
    1009481 |  8031528.00
     266848 |  8031517.80
    1703083 |  8031468.64
     256990 |  8031439.92
     746547 |  8031404.50
      23655 |  8031360.36
    5103458 |  8031219.74
     863490 |  8031201.87
    5550837 |  8031064.80
     675338 |  8031047.49
    1974118 |  8030989.38
     718575 |  8030935.36
    1746755 |  8030875.05
    2262126 |  8030793.75
    3150329 |  8030787.57
     191789 |  8030771.20
    5846198 |  8030758.20
    2379916 |  8030542.74
     466466 |  8030535.45
    1149050 |  8030340.09
    3843638 |  8030268.48
    3292375 |  8030259.48
    4156671 |  8030246.40
    4767451 |  8030236.24
    5133821 |  8030180.30
    5781658 |  8030164.99
    1557939 |  8030150.10
    4125187 |  8030120.41
    4795146 |  8030112.54
    3441441 |  8030105.64
    5993872 |  8030101.09
    4203237 |  8030020.13
    3441591 |  8030011.00
    3497471 |  8029986.34
    4277911 |  8029963.81
    2631925 |  8029961.94
    2172107 |  8029931.24
    5224092 |  8029836.25
    2786422 |  8029758.24
    2711378 |  8029702.17
    1950912 |  8029692.63
    6117038 |  8029692.00
    2068594 |  8029665.98
    3316390 |  8029500.62
    3147091 |  8029475.81
     417996 |  8029444.74
     679732 |  8029440.76
    3477956 |  8029381.92
    2703528 |  8029358.82
    5193081 |  8029333.50
     569021 |  8029301.76
    1335535 |  8029199.74
    1627265 |  8029160.64
    3113177 |  8029108.80
    3280396 |  8029066.95
    2885932 |  8029021.44
     204585 |  8028995.96
    3280658 |  8028992.25
    2056953 |  8028975.90
    2597771 |  8028830.94
    5004427 |  8028793.78
      39832 |  8028598.55
    1449499 |  8028583.20
    6222085 |  8028564.42
    3614833 |  8028547.28
    2196480 |  8028522.12
    5777999 |  8028487.66
    5862790 |  8028446.34
    2081422 |  8028443.86
    6329637 |  8028437.21
     444988 |  8028351.04
    6062938 |  8028305.60
      49568 |  8028300.94
    4109215 |  8028265.92
    4417724 |  8028249.99
    5227024 |  8028145.56
    3174771 |  8028118.10
    4901047 |  8027950.14
    4278556 |  8027921.61
    5479536 |  8027704.30
    2938085 |  8027683.08
    4625323 |  8027649.88
    3782840 |  8027605.06
    2470723 |  8027589.18
    4352519 |  8027572.20
    1726800 |  8027553.04
    1526819 |  8027547.75
    3085008 |  8027543.37
    2997700 |  8027429.36
    1309369 |  8027404.32
    6289600 |  8027389.23
    1903669 |  8027347.90
    3232237 |  8027300.40
    5521238 |  8027205.78
    1383956 |  8027192.88
    2537905 |  8027187.84
    3370776 |  8027160.27
    2633141 |  8027056.94
    6091604 |  8027039.70
    5656357 |  8026967.96
    1399126 |  8026897.69
    3800874 |  8026881.94
    3471493 |  8026870.50
    4150777 |  8026852.55
    3538869 |  8026816.20
     132031 |  8026814.16
    4834650 |  8026793.60
    5351052 |  8026768.95
    4596299 |  8026760.99
    1874172 |  8026674.56
    1086089 |  8026657.95
    2018835 |  8026625.90
    2412893 |  8026535.48
     119106 |  8026482.51
    2732413 |  8026395.72
    5499355 |  8026360.29
    2696253 |  8026331.94
    3591427 |  8026287.89
    5875650 |  8026247.67
    6283770 |  8026203.68
    2965550 |  8026201.94
    3597085 |  8026148.12
    3482575 |  8025980.82
     543959 |  8025899.14
     525682 |  8025892.38
    3048215 |  8025871.17
    5768451 |  8025853.92
    2920768 |  8025844.11
    4811196 |  8025788.40
     967317 |  8025747.60
    4643959 |  8025642.40
    2961935 |  8025581.80
     656994 |  8025581.01
    3120843 |  8025529.68
     483724 |  8025523.52
    4464811 |  8025482.85
      59843 |  8025472.00
    2637731 |  8025451.04
    1249961 |  8025445.68
     684091 |  8025376.96
    1500513 |  8025356.36
    4641896 |  8025338.88
    1836278 |  8025326.40
    4960384 |  8025321.76
    2343903 |  8025237.60
    3354812 |  8025222.98
    4443911 |  8025186.70
     853755 |  8025136.10
    3906803 |  8025048.72
    4272146 |  8025010.50
    2415091 |  8024934.03
    2269240 |  8024920.80
    6377687 |  8024894.72
    1039321 |  8024789.37
     443019 |  8024761.68
    1359879 |  8024714.72
     724359 |  8024669.00
    5470683 |  8024667.42
    5035560 |  8024662.50
    2475583 |  8024645.04
    2984616 |  8024623.40
    6050117 |  8024615.44
    2574653 |  8024609.43
    4467074 |  8024522.77
    4022236 |  8024467.50
    3205990 |  8024423.84
     520859 |  8024408.40
     884166 |  8024373.28
    3742467 |  8024356.08
    1989638 |  8024336.60
    3926888 |  8024187.33
    3392216 |  8024182.60
    1274801 |  8024148.75
    1712326 |  8024119.18
    1817412 |  8024102.00
    3236387 |  8024088.25
    5246690 |  8024082.90
    1332508 |  8024074.88
     407453 |  8023958.94
    3611902 |  8023957.24
    3872919 |  8023931.53
    2883459 |  8023908.45
    3578149 |  8023904.20
    4601356 |  8023898.07
    5858508 |  8023853.46
     696152 |  8023636.56
    4224417 |  8023599.08
    4517265 |  8023529.52
    2913394 |  8023499.25
    4665610 |  8023444.65
    3400981 |  8023438.01
    5924464 |  8023431.53
     582995 |  8023411.52
      61380 |  8023387.80
     717630 |  8023384.88
    4508233 |  8023359.76
    4950821 |  8023303.85
    1773408 |  8023264.25
    1541143 |  8023261.40
    6141005 |  8023111.11
    3623414 |  8023010.65
     488144 |  8023006.60
      16693 |  8022724.67
    5597699 |  8022703.43
    3317519 |  8022698.95
    2611271 |  8022645.87
    4622881 |  8022641.32
     276826 |  8022620.90
    4881777 |  8022589.17
    2285829 |  8022584.70
    5451679 |  8022558.42
     773547 |  8022436.63
    1293082 |  8022373.44
     953866 |  8022324.16
    3366888 |  8022283.60
    5559292 |  8022178.29
    3837661 |  8022171.46
    2774169 |  8022132.80
    1886555 |  8022111.08
    3942796 |  8021986.94
    3599542 |  8021966.70
    2039059 |  8021930.11
    6054879 |  8021922.60
    3739354 |  8021920.02
    1630382 |  8021878.80
    5334665 |  8021839.64
    5928914 |  8021831.99
    1562127 |  8021823.82
    3522690 |  8021789.39
     935395 |  8021706.56
      78366 |  8021529.06
    3666152 |  8021507.60
    5388938 |  8021501.73
    4236170 |  8021477.20
    3097761 |  8021432.16
    6342021 |  8021402.40
    2448726 |  8021388.84
    5291504 |  8021385.90
    4493845 |  8021370.97
    1131452 |  8021342.26
    5376691 |  8021316.64
     121652 |  8021294.41
    5438331 |  8021274.61
    1676497 |  8021227.09
    1088293 |  8021205.28
     650159 |  8021144.58
    2841605 |  8021103.29
    1344707 |  8021076.28
     214609 |  8021072.30
    2490681 |  8021032.74
    5305476 |  8020947.63
     271985 |  8020940.85
    4642389 |  8020761.60
    2484340 |  8020744.16
    6121721 |  8020593.60
    6224337 |  8020493.75
    3631214 |  8020409.88
    2015110 |  8020363.84
    4597687 |  8020349.98
    2702272 |  8020315.99
    3843582 |  8020265.02
    4564845 |  8020251.99
    4220378 |  8020226.94
    1904425 |  8020214.95
    4564477 |  8020204.36
     702947 |  8020160.47
    2779377 |  8020089.00
    4094044 |  8020076.40
      82356 |  8020015.82
      56703 |  8019915.78
    4217775 |  8019880.34
     421755 |  8019878.89
    4820638 |  8019630.40
    4672445 |  8019615.10
    2517617 |  8019566.40
    3422270 |  8019543.00
     658482 |  8019452.00
    4281251 |  8019441.74
    5536275 |  8019390.00
    2855907 |  8019383.63
     180322 |  8019325.35
      30557 |  8019134.86
    5357348 |  8019108.00
    6283786 |  8019071.48
    3041650 |  8019048.24
    3706540 |  8019024.00
    3684687 |  8018970.30
    1262582 |  8018961.60
    4268359 |  8018949.75
    5154325 |  8018853.44
    4071536 |  8018782.32
    3594927 |  8018726.33
    3879388 |  8018699.92
    2603553 |  8018664.00
    2546837 |  8018603.28
     569124 |  8018574.39
    1722718 |  8018564.68
    2443797 |  8018538.62
    2027322 |  8018509.28
    3005492 |  8018420.08
     800257 |  8018418.54
    1035493 |  8018356.50
     510078 |  8018346.44
    2730863 |  8018275.79
     597738 |  8018268.96
     970452 |  8018262.21
    6133876 |  8018210.63
    2324361 |  8018174.40
    3649855 |  8018095.08
    4895201 |  8018023.45
    1574851 |  8017920.35
    4373676 |  8017882.88
    3617998 |  8017867.08
     552193 |  8017827.00
    4540643 |  8017775.35
    2997296 |  8017735.15
    4326775 |  8017711.88
    5266577 |  8017685.00
    4713978 |  8017604.42
    4481390 |  8017589.60
    3602959 |  8017589.53
    4777901 |  8017476.72
      84663 |  8017426.10
     183332 |  8017265.89
    1662264 |  8017244.75
     731480 |  8017240.36
    4551738 |  8017160.85
    4931453 |  8017110.42
    4196285 |  8017061.39
    1431726 |  8017050.74
    4607258 |  8017038.40
    3372719 |  8017038.07
    4321020 |  8017027.48
    1989643 |  8016951.76
    1480070 |  8016913.28
    4634180 |  8016907.50
     454059 |  8016876.12
    1283441 |  8016869.42
    6078911 |  8016868.08
    3077309 |  8016862.28
    1104928 |  8016859.62
    3317221 |  8016849.75
    3502833 |  8016825.60
    1175700 |  8016804.60
    4948951 |  8016743.92
     283301 |  8016701.03
    4114567 |  8016577.68
     740391 |  8016544.20
    2836006 |  8016414.75
    5026519 |  8016396.40
    5966607 |  8016392.72
    4565451 |  8016388.80
    3346440 |  8016385.19
    5795656 |  8016328.00
    4536351 |  8016284.36
    1975433 |  8016213.66
    5506924 |  8016041.77
    3605282 |  8016024.98
     954608 |  8015979.16
    4445345 |  8015956.28
    2817794 |  8015708.00
     978732 |  8015593.86
     171262 |  8015588.02
    5396274 |  8015585.42
     576712 |  8015497.60
    5943881 |  8015456.91
    1128691 |  8015429.44
    1210876 |  8015341.60
    1239170 |  8015339.80
     892896 |  8015177.88
    2580198 |  8015174.36
    4346628 |  8015087.30
    3768135 |  8015083.50
    4261023 |  8015079.60
    4650087 |  8015012.74
    3328540 |  8014998.95
    1518409 |  8014952.40
    3650356 |  8014906.68
    3963160 |  8014866.96
    4983675 |  8014861.74
     120842 |  8014857.40
    3791090 |  8014822.19
    3103607 |  8014808.04
     721005 |  8014802.93
    1541866 |  8014774.18
    2569723 |  8014773.87
    2541749 |  8014725.00
    3918317 |  8014706.43
    2930385 |  8014680.29
    4060306 |  8014596.92
    2752777 |  8014586.47
    1455384 |  8014585.41
    2515369 |  8014522.72
    6196174 |  8014520.65
     178158 |  8014466.39
    1635807 |  8014454.89
    1316977 |  8014440.54
    5129646 |  8014397.58
    4006086 |  8014302.40
    1782821 |  8014236.62
    4143696 |  8014217.96
    4126788 |  8014205.76
    5574423 |  8014204.44
    4211921 |  8014126.71
     184501 |  8014095.14
    3543465 |  8014092.84
    5818697 |  8014084.40
    1847615 |  8013992.72
    4266135 |  8013953.13
    3908809 |  8013798.80
    1567473 |  8013793.44
    2489571 |  8013774.31
    2977802 |  8013748.32
    5673588 |  8013657.07
    6384015 |  8013431.44
    2889132 |  8013388.35
    5730302 |  8013367.80
     830968 |  8013331.80
     881948 |  8013223.58
    6321514 |  8013194.08
    2263436 |  8013175.30
    1686326 |  8013170.00
    1611486 |  8013161.52
    3953924 |  8013107.54
    1855219 |  8013100.80
    5230972 |  8013095.28
      55706 |  8012964.58
    3408984 |  8012946.50
    2532781 |  8012867.48
    5422719 |  8012790.77
    4973771 |  8012728.26
    2705418 |  8012716.08
    2853106 |  8012711.26
    6369619 |  8012608.37
    5819483 |  8012518.02
    4202739 |  8012509.56
    5981831 |  8012494.30
    1130072 |  8012484.90
    4485690 |  8012460.30
    3530384 |  8012433.96
    5867082 |  8012394.96
    1406961 |  8012306.70
    5135842 |  8012112.38
    5667937 |  8012099.55
    4540683 |  8012062.50
    4752845 |  8011978.46
    3817709 |  8011952.65
    1755891 |  8011952.00
    6350066 |  8011939.55
    2647277 |  8011926.09
    3707557 |  8011911.60
    5558538 |  8011896.90
    1139555 |  8011867.02
     550745 |  8011819.62
    4598362 |  8011816.10
     296883 |  8011674.00
    6349450 |  8011671.36
    6079757 |  8011652.82
    2976928 |  8011604.52
    1681255 |  8011380.78
    3972448 |  8011264.14
    2846131 |  8011252.47
    3083915 |  8011214.18
     917303 |  8011197.30
     738798 |  8011197.04
    2246076 |  8011189.00
     370854 |  8011078.01
    5496079 |  8011031.96
    3430939 |  8010997.68
    1752057 |  8010910.32
    3977383 |  8010886.43
     868939 |  8010874.30
    3088419 |  8010816.46
    2603618 |  8010806.40
    3847299 |  8010690.15
    5320636 |  8010657.32
     490627 |  8010639.36
     816930 |  8010582.12
    4337456 |  8010558.31
     367900 |  8010552.16
    3748111 |  8010519.36
    4285471 |  8010513.39
    5073813 |  8010412.92
    4371114 |  8010360.18
    1440062 |  8010350.51
    4750189 |  8010345.93
    3564982 |  8010307.20
    1354521 |  8010252.00
    4499197 |  8010198.09
    1157207 |  8010175.08
    3852211 |  8010168.45
    5231873 |  8010158.44
    3268952 |  8010121.90
     512899 |  8010121.46
    5643669 |  8010069.76
    5396758 |  8009991.81
    2615511 |  8009907.76
    3982915 |  8009861.54
    2893284 |  8009811.60
    4146644 |  8009744.70
    4779745 |  8009731.75
    5305676 |  8009705.24
    1573678 |  8009596.80
    3984644 |  8009581.83
     551414 |  8009556.13
    3422176 |  8009521.30
    4328691 |  8009498.20
    3616343 |  8009487.44
    1359056 |  8009436.09
    4713199 |  8009419.64
    1915524 |  8009371.80
    5500620 |  8009359.00
    1586048 |  8009282.82
     322057 |  8009257.34
    5482865 |  8009249.49
    4011069 |  8009232.66
    2489255 |  8009178.78
     583300 |  8009135.97
    5754887 |  8009098.29
    4984368 |  8008976.25
     194025 |  8008872.96
     275311 |  8008872.81
    1562713 |  8008839.50
     852160 |  8008823.10
     455051 |  8008816.86
     212018 |  8008793.65
    2699291 |  8008790.53
    6063361 |  8008764.80
    2325094 |  8008745.41
    4713431 |  8008737.40
    4100083 |  8008732.14
    2232886 |  8008705.44
    1415623 |  8008677.70
    4076462 |  8008655.06
    2428018 |  8008622.44
    6065484 |  8008607.36
    5126449 |  8008480.80
    5858640 |  8008422.61
    5830101 |  8008368.50
    5045600 |  8008360.66
    6094576 |  8008268.73
     434556 |  8008243.43
     965642 |  8008234.02
    1817127 |  8008220.50
    2106187 |  8008191.90
    1154537 |  8008121.66
     399399 |  8008071.41
     700254 |  8008048.64
    2840961 |  8008045.14
    4087381 |  8008033.62
     400821 |  8008000.92
      18748 |  8007933.00
    1596542 |  8007875.04
    3573878 |  8007843.48
     450183 |  8007841.46
    5689277 |  8007822.06
    3486147 |  8007735.42
    2310884 |  8007697.71
    6161947 |  8007690.60
    2268690 |  8007665.80
    5192331 |  8007607.32
     254121 |  8007500.88
    3322756 |  8007437.32
     598352 |  8007424.01
    4636749 |  8007404.26
     422767 |  8007392.34
    1139655 |  8007266.40
     687072 |  8007175.05
    5083488 |  8007172.86
      71921 |  8007134.67
    3049872 |  8007109.84
    3813430 |  8007105.25
    1486371 |  8007051.15
    4838092 |  8007045.66
    2577901 |  8007039.20
    3198172 |  8007014.54
    3287456 |  8006902.09
    3253674 |  8006857.17
    3315388 |  8006853.18
    4971500 |  8006839.68
     326864 |  8006777.08
    1498056 |  8006711.70
    5540193 |  8006667.90
    5774859 |  8006593.88
    5574390 |  8006572.14
    5812658 |  8006526.63
    2723241 |  8006489.19
    3490762 |  8006458.88
    3871130 |  8006361.10
    3531685 |  8006348.01
     909863 |  8006336.16
    1641771 |  8006313.26
    5507304 |  8006203.12
    2076701 |  8006126.14
    6099502 |  8006060.16
    4750302 |  8005969.02
    3200073 |  8005926.81
    1985941 |  8005920.00
    3181010 |  8005836.58
    2075067 |  8005782.75
      85739 |  8005765.15
    4861243 |  8005735.54
    4842904 |  8005589.64
    5299228 |  8005502.40
    1073738 |  8005500.79
    2525081 |  8005496.68
     528559 |  8005444.65
     152848 |  8005434.85
    5864918 |  8005431.75
    4352926 |  8005428.90
    3630020 |  8005381.38
    2450292 |  8005374.08
    1464702 |  8005361.28
    1844653 |  8005346.32
     264427 |  8005338.60
     355740 |  8005308.16
    1003835 |  8005290.48
    6063133 |  8005245.49
    1342170 |  8005240.98
    2583453 |  8005228.07
    5554759 |  8005216.15
    4486886 |  8005181.46
    2285026 |  8005101.42
    5440632 |  8005081.95
    4962133 |  8005075.14
    5374398 |  8005017.39
    1900045 |  8005016.25
    2574394 |  8005010.39
    5449647 |  8004979.84
    3918256 |  8004964.36
    3620511 |  8004934.84
    2459578 |  8004847.00
    5002298 |  8004833.75
    3232716 |  8004816.36
    3249177 |  8004713.40
    2875639 |  8004684.48
    2805588 |  8004654.36
    5339020 |  8004648.14
    4504921 |  8004592.82
    2279840 |  8004584.10
     856916 |  8004574.44
    2402901 |  8004482.64
    4461846 |  8004468.54
    5107640 |  8004372.48
    1341341 |  8004363.84
    2567698 |  8004362.50
    1515675 |  8004292.79
    1414715 |  8004282.44
    1250945 |  8004279.24
    3813677 |  8004272.64
       6435 |  8004239.76
    3778847 |  8004205.02
    3915645 |  8004168.12
    5351068 |  8004152.31
    1074281 |  8003971.74
    1294179 |  8003948.26
    4923540 |  8003892.78
    5393416 |  8003872.50
    4573182 |  8003840.73
    6346187 |  8003821.14
    6096658 |  8003749.15
    1870158 |  8003708.65
    4963657 |  8003653.04
    2136787 |  8003565.76
    2141007 |  8003549.70
    3498555 |  8003501.00
     153391 |  8003376.92
    3711523 |  8003281.25
    2070872 |  8003047.40
    4116194 |  8002962.24
    2494934 |  8002948.80
    5593542 |  8002849.28
    1698424 |  8002820.64
    1868580 |  8002779.75
    5037248 |  8002732.52
    6296745 |  8002647.12
    5189403 |  8002644.43
    5949180 |  8002623.12
    1767259 |  8002579.20
    5987171 |  8002553.70
    2255177 |  8002528.80
    6268523 |  8002513.98
    5957620 |  8002484.55
    2462685 |  8002380.00
    3457417 |  8002377.38
    1015466 |  8002327.07
    5241970 |  8002310.48
    6018640 |  8002303.82
    4648189 |  8002299.20
    1918950 |  8002293.80
    2919606 |  8002284.54
     649868 |  8002260.58
    4169413 |  8002161.06
    5236396 |  8002139.28
    5016100 |  8002121.40
    5369016 |  8002105.66
    2985881 |  8002049.75
     735616 |  8001990.61
     504897 |  8001966.69
    6195648 |  8001961.80
    3027994 |  8001925.21
    1341192 |  8001896.00
    4119065 |  8001885.63
    1587356 |  8001743.34
    1376223 |  8001732.16
     888029 |  8001702.92
    3572405 |  8001611.25
    2571408 |  8001468.30
    3739541 |  8001454.14
    3964074 |  8001384.16
    6285603 |  8001360.00
     163369 |  8001336.83
    4132627 |  8001333.36
    3800319 |  8001251.20
    2762046 |  8001239.40
    5474772 |  8001206.94
    1320186 |  8001160.16
     785868 |  8001137.40
    3744910 |  8001122.11
     148625 |  8000931.84
      34389 |  8000928.88
    3310097 |  8000912.70
    2104297 |  8000912.37
    1789527 |  8000896.77
    5308253 |  8000888.58
    5931610 |  8000882.05
    1214310 |  8000854.42
    3290300 |  8000827.11
     453943 |  8000807.10
    4568447 |  8000792.94
    6053403 |  8000774.33
    2187562 |  8000754.00
    4068785 |  8000625.51
    1672872 |  8000562.51
     634714 |  8000548.32
    5058241 |  8000547.16
    5447547 |  8000464.50
    1102623 |  8000430.37
     590550 |  8000400.84
     426745 |  8000364.62
    2944418 |  8000240.95
    4515725 |  8000167.38
    5933703 |  8000138.16
    2373468 |  8000021.19
    5554267 |  7999974.18
    4738850 |  7999884.75
    2492623 |  7999865.32
    3839420 |  7999796.25
    4941567 |  7999773.75
    2948731 |  7999626.03
    2818858 |  7999624.33
    6257186 |  7999597.80
    2048256 |  7999547.66
    2641919 |  7999530.66
    4619046 |  7999454.52
    2733364 |  7999430.36
    3859339 |  7999347.12
    1433973 |  7999281.49
    2614999 |  7999256.59
    1385971 |  7999241.24
    4099332 |  7999217.78
     562351 |  7999197.80
    1177201 |  7999164.78
    2379765 |  7999120.70
    4438976 |  7999104.60
    3072598 |  7998998.76
      88738 |  7998995.42
    4386260 |  7998976.24
    2580684 |  7998961.78
      32183 |  7998946.20
    1883005 |  7998945.50
     162246 |  7998885.00
    2556768 |  7998785.55
    5761788 |  7998773.48
    2368293 |  7998749.22
    2840174 |  7998704.00
    1950464 |  7998688.00
    3243353 |  7998659.02
    1389449 |  7998616.62
    1260406 |  7998603.64
    5397000 |  7998587.10
     609977 |  7998537.81
    4045591 |  7998537.78
    3214207 |  7998525.00
    4062931 |  7998471.88
    1829742 |  7998333.31
    6389108 |  7998300.40
    5319264 |  7998281.91
     543723 |  7998271.54
    1720152 |  7998149.25
     241389 |  7998086.74
     449187 |  7998008.64
    5278373 |  7997936.75
    1400823 |  7997936.28
    2483006 |  7997798.77
    5864950 |  7997761.64
    1697553 |  7997757.05
    2990558 |  7997755.12
    5210948 |  7997671.84
    5967158 |  7997658.90
    3405863 |  7997649.00
    3008960 |  7997607.14
    3360180 |  7997562.38
    5733313 |  7997537.90
    1542894 |  7997527.80
    2173345 |  7997506.42
     743714 |  7997455.28
    5706805 |  7997418.52
     449083 |  7997381.30
    6127475 |  7997312.66
    4768004 |  7997269.28
    2355228 |  7997210.10
    5635277 |  7997189.10
     710048 |  7997172.20
    2923201 |  7997121.12
    1716174 |  7997045.56
    1450534 |  7997011.05
     929056 |  7996992.78
    3668005 |  7996933.16
    3059708 |  7996875.00
    2470022 |  7996803.82
     286666 |  7996762.18
    4156504 |  7996692.96
    2980238 |  7996678.62
     862038 |  7996633.24
    1894679 |  7996625.56
    2381032 |  7996592.16
    3998264 |  7996585.50
    4256437 |  7996578.12
     152579 |  7996543.74
    2108619 |  7996428.55
    2588621 |  7996415.98
    3905080 |  7996338.63
     309769 |  7996246.20
    5528369 |  7996060.08
    3460504 |  7996047.36
    1409226 |  7996005.05
    5385399 |  7995999.00
    4105823 |  7995928.26
    1140775 |  7995912.50
    2861246 |  7995903.95
    4027724 |  7995822.21
    3109280 |  7995746.10
    1493308 |  7995709.18
    5898740 |  7995671.04
    1183060 |  7995527.96
    3381782 |  7995506.33
    2697183 |  7995475.50
    5912655 |  7995459.69
    4550707 |  7995454.94
    3679157 |  7995436.80
     639452 |  7995426.85
    5355145 |  7995347.36
    3942803 |  7995346.02
    4078473 |  7995342.09
    1369681 |  7995310.40
    1389556 |  7995292.26
     272574 |  7995282.12
    2862538 |  7995246.21
    6288082 |  7995227.39
    3948078 |  7995227.18
    1412557 |  7995194.68
    2284876 |  7995159.80
    2310048 |  7995122.96
    1594764 |  7994997.98
    1169447 |  7994840.12
     955067 |  7994835.42
      30763 |  7994819.31
    2483111 |  7994806.06
    2316965 |  7994773.77
    2586481 |  7994770.72
    4640667 |  7994761.20
    1633919 |  7994755.85
    3807110 |  7994747.28
    2357678 |  7994700.87
    3216456 |  7994697.02
    6357194 |  7994684.52
    5944704 |  7994671.80
    2998739 |  7994657.64
    2667604 |  7994632.62
    6081034 |  7994590.00
    4441007 |  7994551.89
     759144 |  7994426.70
     353390 |  7994415.99
    3791356 |  7994376.10
     616390 |  7994350.54
    2302800 |  7994302.40
    1335013 |  7994231.31
    5485430 |  7994116.44
     580938 |  7994077.00
     127017 |  7994018.92
    1250266 |  7993988.10
    4858926 |  7993961.14
    4486904 |  7993845.65
      72441 |  7993829.07
    1128441 |  7993821.20
    2108204 |  7993817.32
    4011386 |  7993798.88
    2778562 |  7993718.36
    6173781 |  7993703.14
    3946232 |  7993686.96
    1464801 |  7993680.96
    4573989 |  7993659.96
    2798495 |  7993624.08
    1972194 |  7993585.59
    5783240 |  7993534.10
    2632132 |  7993452.42
      70848 |  7993449.80
     889832 |  7993412.70
    5675673 |  7993406.12
    6310284 |  7993403.20
    1139412 |  7993374.44
    3340660 |  7993364.58
    6316421 |  7993352.40
    1726496 |  7993169.30
    3049646 |  7993145.68
     697728 |  7993122.39
     659870 |  7993099.20
    1913573 |  7993088.88
    2076031 |  7993075.96
    3043904 |  7993053.90
    3187221 |  7992961.26
    3889906 |  7992952.80
     610834 |  7992944.64
    2054183 |  7992886.40
     769541 |  7992799.62
    3148460 |  7992796.48
    2685780 |  7992783.24
    3355037 |  7992741.04
    4637234 |  7992722.40
    5041891 |  7992703.34
    4094498 |  7992699.68
     698301 |  7992641.27
    3769424 |  7992630.25
    1595810 |  7992516.12
     514466 |  7992487.36
    5605885 |  7992484.00
     503533 |  7992454.12
    4310407 |  7992449.02
     226692 |  7992433.77
    2279077 |  7992432.36
    4991677 |  7992399.60
    3988848 |  7992394.41
    4173046 |  7992340.35
    1649482 |  7992305.40
    6203679 |  7992298.99
    3999166 |  7992281.07
    5023185 |  7992270.00
     753026 |  7992138.00
    4069948 |  7992089.73
    4106686 |  7992003.30
    1547616 |  7991965.25
    4502809 |  7991923.15
    2930254 |  7991904.08
    1948027 |  7991890.65
    6236874 |  7991874.12
    5513571 |  7991845.90
    3420501 |  7991834.66
    5904851 |  7991777.31
    3377910 |  7991691.70
    2248651 |  7991654.22
    2122276 |  7991569.12
    3619485 |  7991552.43
     673539 |  7991546.68
     911160 |  7991528.40
    4881158 |  7991451.84
    1983119 |  7991376.54
    5932587 |  7991305.76
    5673991 |  7991188.80
    2344880 |  7991054.18
    1791174 |  7991015.08
    3110952 |  7990938.16
    1899915 |  7990934.36
    4442269 |  7990890.61
    1239020 |  7990884.72
    5037650 |  7990862.48
    2206180 |  7990801.20
    3917221 |  7990766.85
    2395724 |  7990714.25
       8396 |  7990648.14
    2077290 |  7990638.12
    5857966 |  7990432.25
    1083370 |  7990413.08
    2373933 |  7990373.85
    2021943 |  7990335.57
    1999680 |  7990321.92
    1961697 |  7990268.60
    5728898 |  7990252.78
    5848155 |  7990246.28
    6214890 |  7990137.97
    1256253 |  7990136.83
    1521117 |  7990074.99
     838022 |  7990073.03
    4965359 |  7990033.02
    2329478 |  7990029.84
     865952 |  7990020.64
    6090101 |  7989983.75
    5242851 |  7989969.56
    1869753 |  7989878.96
     241991 |  7989815.40
    2466698 |  7989758.40
    3897144 |  7989713.62
    3435539 |  7989695.73
    3558072 |  7989691.14
    4612056 |  7989602.52
    3785624 |  7989560.45
    6102730 |  7989501.52
    3747392 |  7989476.81
    4125916 |  7989470.96
    4785898 |  7989444.72
     123789 |  7989426.90
    6204137 |  7989422.08
    5297906 |  7989355.53
    6321033 |  7989345.92
    4057023 |  7989331.12
    2461481 |  7989220.23
     141753 |  7989098.68
    3393654 |  7989063.48
    3534363 |  7989050.40
     125050 |  7989010.48
    4657060 |  7988946.70
    2189038 |  7988841.84
     367710 |  7988773.00
    5432738 |  7988697.86
    2450576 |  7988608.10
    1493893 |  7988545.35
    5815117 |  7988517.47
     863192 |  7988502.33
    4084621 |  7988492.00
    4756146 |  7988481.60
    1162411 |  7988449.19
     545433 |  7988427.69
    5174113 |  7988406.72
    2551356 |  7988384.14
    1227067 |  7988375.65
    6214302 |  7988354.10
    3511325 |  7988320.66
    2992099 |  7988276.00
    6181601 |  7988265.59
    5205076 |  7988200.76
    6268993 |  7988179.62
    1789266 |  7988177.34
    5044496 |  7988144.52
    1466132 |  7988014.23
    6036582 |  7987991.90
    1119123 |  7987965.12
    1376153 |  7987959.39
    2331644 |  7987905.70
    6357737 |  7987837.50
    3296950 |  7987614.32
    2974308 |  7987603.53
    6119128 |  7987573.15
    6148239 |  7987515.74
     287075 |  7987491.66
    1658575 |  7987455.66
    6170418 |  7987432.32
    2563252 |  7987418.85
    3095736 |  7987348.68
    2134632 |  7987307.38
    3311903 |  7987246.00
    1236504 |  7987228.00
    6181700 |  7987180.34
    3518619 |  7987169.18
     670753 |  7987120.64
    6382932 |  7987115.00
    3797262 |  7987075.92
     396794 |  7987056.69
    4785347 |  7987038.53
    2183034 |  7987034.61
     511896 |  7986995.16
    2008481 |  7986984.46
    6195238 |  7986967.09
    3442419 |  7986950.70
     842268 |  7986890.10
    3054405 |  7986882.03
    3934498 |  7986822.28
    3749137 |  7986798.74
    1148177 |  7986765.05
    5546744 |  7986751.08
     944221 |  7986592.96
    1489914 |  7986561.71
    6372051 |  7986552.00
     390095 |  7986528.70
    5294645 |  7986519.12
    2334862 |  7986467.79
    1018005 |  7986415.96
    4568819 |  7986414.28
    2801842 |  7986390.04
    5792921 |  7986373.74
    5896235 |  7986282.56
    5425638 |  7986227.64
    4182925 |  7986169.58
    2207777 |  7986156.45
    5627056 |  7986102.46
    1088870 |  7986049.65
    4688038 |  7985942.97
    1856103 |  7985871.27
    5415009 |  7985793.80
    6378276 |  7985782.60
    2143347 |  7985642.28
    5208416 |  7985588.64
    1750544 |  7985420.14
      78183 |  7985420.10
    2663674 |  7985339.64
    3787709 |  7985249.24
     357699 |  7985236.95
    2309166 |  7985226.33
    3826077 |  7985215.38
    3412312 |  7985161.29
    6216735 |  7985147.25
     757477 |  7985140.38
    2494426 |  7985067.88
    4349321 |  7985044.50
    4866835 |  7985024.60
    4936731 |  7985015.85
     367669 |  7984998.36
    6247358 |  7984986.82
    1540826 |  7984888.80
    4183879 |  7984857.62
     878194 |  7984849.98
    5917616 |  7984827.70
    5913812 |  7984815.54
    3680250 |  7984757.32
      82024 |  7984697.04
    3164208 |  7984688.25
    4659627 |  7984675.25
    4584056 |  7984594.80
    1484080 |  7984571.04
    6254952 |  7984541.76
    3585250 |  7984521.03
    2163631 |  7984493.70
    2835774 |  7984491.14
    2235337 |  7984465.72
    1941806 |  7984457.04
    1281046 |  7984423.80
    2901736 |  7984335.46
    3157611 |  7984305.00
    2561389 |  7984263.42
    5145246 |  7984258.66
     901988 |  7984217.08
    2012635 |  7984172.02
    6271361 |  7984166.13
    1320876 |  7984106.87
    3803726 |  7984097.28
    2174424 |  7984075.19
    2416757 |  7984052.04
    5933752 |  7984008.77
    6255147 |  7984005.12
    5311128 |  7983962.80
    5102428 |  7983951.57
    1597928 |  7983918.08
    3767405 |  7983880.53
    1981104 |  7983843.32
    4431595 |  7983800.03
    3424617 |  7983781.20
      48002 |  7983757.88
      56072 |  7983743.52
    2045418 |  7983721.44
    4800414 |  7983719.52
     822894 |  7983719.06
    3765708 |  7983689.74
    5833955 |  7983667.67
    5144666 |  7983580.35
     905861 |  7983564.21
    4641364 |  7983562.23
    2686469 |  7983550.12
    3669341 |  7983547.05
    3112607 |  7983539.27
    1303789 |  7983487.20
    5356927 |  7983422.82
    4968671 |  7983398.08
     261447 |  7983386.52
    2337437 |  7983339.53
    5598822 |  7983315.99
     229994 |  7983312.42
    1034144 |  7983308.70
    5405186 |  7983279.10
     374775 |  7983252.64
    2062947 |  7983238.41
    4782545 |  7983215.68
    3420545 |  7983194.22
     205447 |  7983101.18
    2037469 |  7983041.52
    5392243 |  7982964.64
    1454333 |  7982961.72
    1072848 |  7982917.22
    5189092 |  7982888.00
    4795758 |  7982887.49
    1788307 |  7982869.44
    4787355 |  7982761.67
    4456291 |  7982733.72
    5437372 |  7982717.42
      82438 |  7982700.43
      64034 |  7982615.00
    2049875 |  7982603.58
    6289362 |  7982582.30
    5587285 |  7982582.00
    2820377 |  7982557.87
    2628926 |  7982552.70
    5682007 |  7982528.26
    6068077 |  7982522.88
    5325551 |  7982515.77
     716354 |  7982449.88
    4118313 |  7982393.84
     560377 |  7982302.95
    3690757 |  7982229.59
    2605773 |  7982194.08
    1518645 |  7982178.91
    2449414 |  7982134.77
    6369086 |  7982115.46
     697263 |  7982097.37
    1434684 |  7982073.45
    2171758 |  7982068.50
    1237210 |  7982043.84
    3846252 |  7981978.42
    4926705 |  7981931.10
    2497892 |  7981884.90
    3524844 |  7981881.85
    1095733 |  7981861.86
    5119661 |  7981843.10
    4557759 |  7981816.20
    3502885 |  7981810.17
    5147148 |  7981768.90
      75052 |  7981757.84
    5840516 |  7981685.88
    2473191 |  7981541.55
    1926694 |  7981486.59
    1306537 |  7981449.32
    2375733 |  7981362.44
    2515391 |  7981298.08
    5117084 |  7981292.80
     824759 |  7981257.67
    2256656 |  7981166.60
    3208332 |  7981156.56
    3072046 |  7981150.32
    5607427 |  7980983.64
    3078984 |  7980981.12
    3604287 |  7980938.98
    2017916 |  7980907.92
    2428430 |  7980845.88
     264195 |  7980844.75
    4020802 |  7980836.78
    3094826 |  7980752.00
    1540840 |  7980720.18
    4642199 |  7980706.25
    6063794 |  7980647.28
     263171 |  7980607.44
    4330235 |  7980535.71
     362781 |  7980532.62
    4443383 |  7980501.57
    4590711 |  7980466.41
    2024211 |  7980386.37
    2985662 |  7980381.71
    3040366 |  7980341.28
    1627973 |  7980265.42
    1089351 |  7980247.17
    1765293 |  7980206.00
    6087810 |  7980191.10
    4991610 |  7980108.31
    2689519 |  7980027.64
    1995513 |  7979998.71
    6286840 |  7979928.00
     578832 |  7979915.95
    2919450 |  7979887.20
    2437493 |  7979811.15
    2217665 |  7979795.40
    2847770 |  7979766.85
    5019314 |  7979738.40
    3226654 |  7979724.26
    4603571 |  7979714.24
     795353 |  7979711.60
    1332479 |  7979576.64
    3996921 |  7979567.40
    1755262 |  7979540.31
    6039417 |  7979532.91
    3672861 |  7979525.28
     771285 |  7979510.98
    1519236 |  7979473.62
     687117 |  7979436.00
    5188909 |  7979422.36
    6121459 |  7979402.08
    3041795 |  7979359.36
     787355 |  7979348.85
    2013310 |  7979343.04
    3399534 |  7979336.92
    1702817 |  7979299.72
    2819149 |  7979256.00
    1744607 |  7979206.72
    1840281 |  7979073.75
    1921093 |  7979011.65
    3646716 |  7978975.93
    4411491 |  7978938.38
    5103298 |  7978928.67
     303866 |  7978902.70
    1628968 |  7978900.00
     202949 |  7978893.54
    6375816 |  7978883.94
    1105958 |  7978875.00
    1223910 |  7978852.03
    3977983 |  7978543.49
    1194786 |  7978442.48
     744936 |  7978342.30
    4331072 |  7978289.55
    2304260 |  7978279.94
    6060621 |  7978255.44
    4120953 |  7978226.96
    6314031 |  7978153.96
    4751485 |  7978119.52
    2483258 |  7978082.25
    1060675 |  7978009.50
    1620454 |  7977998.98
    1895275 |  7977972.40
     509341 |  7977971.88
    2916194 |  7977967.48
    3285870 |  7977920.99
    1263097 |  7977905.28
    4387955 |  7977881.56
    3482947 |  7977802.60
    3567997 |  7977733.94
     726766 |  7977725.21
    4361512 |  7977714.12
    4365307 |  7977687.96
    3879254 |  7977577.32
    6277852 |  7977503.99
    3082308 |  7977475.35
    2154390 |  7977463.01
    5117906 |  7977448.80
    3904992 |  7977433.05
    6015807 |  7977390.96
    5100519 |  7977362.40
    2806528 |  7977216.74
    3157957 |  7977216.00
    1378065 |  7977159.58
    6211463 |  7977155.51
    4293514 |  7977137.12
    5552755 |  7977135.12
    5342976 |  7977079.11
    4927534 |  7977076.51
    6217563 |  7976956.00
    3134951 |  7976954.30
    3644344 |  7976954.22
    4511425 |  7976904.05
     912494 |  7976895.44
    1022171 |  7976890.27
    1371503 |  7976855.10
    3616182 |  7976855.04
    4379889 |  7976827.38
    1540965 |  7976675.70
    6258388 |  7976632.44
    5707523 |  7976614.20
    1577568 |  7976584.35
    2220320 |  7976569.40
    2632745 |  7976478.04
     386799 |  7976380.72
    5911051 |  7976299.17
    3027135 |  7976282.44
(30429 rows)

