          s_name           |                s_address                 
---------------------------+------------------------------------------
 Supplier#000000011        | JfwTs,LZrV, M,9C
 Supplier#000000027        | lC4CjKwNHUr6L4xIpzOBK4NlHkFTg
 Supplier#000000041        | G 1FKHR435 wMKFmyt
 Supplier#000000082        | WyTKA7ZpF15t1aCNlT3
 Supplier#000000099        | 4SxkTHG28nZrtT0,MnVF9H
 Supplier#000000117        | ZnlLNC,8YN10T4mjI8eq5bJ
 Supplier#000000119        | 4CxBrM0o4yt6LYFxZIyZ89Xnf8LZNn6KcYc
 Supplier#000000187        | oMtyTl6hTyLQhiBwrUaa42zKOjfNobEq
 Supplier#000000196        | TQX4fMwB5tXoz4Fi4CEhALhi6
 Supplier#000000209        | fpTboatC6ogrozMPApz2DXmlukC9YVzCLCgQOtgU
 Supplier#000000213        | 1s7 4odatD2BWz1QjXR2 2SnFhc,Rvr2Icxh1m7f
 Supplier#000000294        | 20vnacv,dtZ0mr5kukNf
 Supplier#000000324        | QDsgOSozg jniYR2HzxofLZyk0qGdJe
 Supplier#000000411        | G9H53XVrdbhRgvQwho1AS
 Supplier#000000479        | tdLkV2Ks0wBP1VlwdnPUxZnWADmxlbmRVE0a6h
 Supplier#000000581        | X pNyEcNqxYwiP0gJ7FzkJ,haGkn
 Supplier#000000584        | XvDYsHYpmY5AkX60fj0bZo4WW
 Supplier#000000663        | tPtpVTsSAQNw,4GgXR2Hxx5FyCxxgqmW,jE sRT
 Supplier#000000719        | nQoXFQ,ztoTyboWFmO,a
 Supplier#000000724        | P92abZ6rWSfO2cm
 Supplier#000000733        | mUdSdgmayvR
 Supplier#000000883        | 5ppzWDz6xcMOO09LkrAOvHzFEMfP3CIpndr
 Supplier#000000947        | 6xS,tBAgcKGW,nXNhfm2Hv26uYicU3
 Supplier#000000956        | dmmnYeCuIZB7b2pWTOQ9zrAdi6zxwIrj4aT446L
 Supplier#000000987        | DAWJ1lDhybbSO3mngqD28aX
 Supplier#000000995        | CgVUX8DtNbtug2M,N
 Supplier#000001045        |  GYqHNiVWsfYm9U
 Supplier#000001069        | VlfbeQ8ZEEaAYXcoXBft1TQ
 Supplier#000001070        | K pkDMZV75MUPhz
 Supplier#000001106        | s,fPdPCojkKGWBJZvp
 Supplier#000001168        | SF8uvvbHRyOVTb8APmgFEL6
 Supplier#000001238        | o3IxY ehZtQ64ubysr84V
 Supplier#000001249        | aoY82cGgJZpmWsBQaPARId5
 Supplier#000001252        | K4NQhYOSL2fnDgLS3
 Supplier#000001378        | cyTlnVEoMOYxy1JjQ1jm2Wh6vr3ycFrSI21jiO
 Supplier#000001466        | ARHmacYHsfIRRxVdonchVtjf6zLe1thHGa
 Supplier#000001487        | 0ISabDJ8Fj7H8qu3qPvx
 Supplier#000001497        | mB9z,cnNICcr 4EiYuUJArHLUL4ZzySsg2kll9
 Supplier#000001515        | Eg98ocIKS2VH1hYsFQl2 wp,PnSQ3Q
 Supplier#000001557        | ZxA5pFdT2aBu6
 Supplier#000001674        | nepm7O58V97AD
 Supplier#000001676        | mZ7D3z736uNNMs66KaoK JkGOnjdgRJAklq
 Supplier#000001704        | 9D4 qo36WR11wNoSpCQQGASZiRy4T
 Supplier#000001763        | jlElnSpkpQuxgYbev1Z35nETkj6DQCINaQOuJ8Af
 Supplier#000001876        | lTZ6pI,RFTpOig,qA
 Supplier#000001976        | lbnEmZyu58MhIomv5jqN1P4aoTwRQYqaM
 Supplier#000001995        | EUOX4y1yxYE20JLEYPc06nADD
 Supplier#000002114        | oYrzEAWh3pExO
 Supplier#000002171        | zk,g3KRF yZL8NbFZMrrAXWxsNfw5koUenMC
 Supplier#000002184        | t2Y8XM5flj
 Supplier#000002231        | WIQCMu3Jbl9wdGTa9MBrs
 Supplier#000002263        | eowPbcmPy9jRFwmavlktYOCm7FwTL58Z58DBN
 Supplier#000002315        | A PIXxBK8AIEDcrDps7j0T9O7qhdBa,hiCSUyJM
 Supplier#000002363        | Ei9HRUUYW2uFGY
 Supplier#000002375        | pP4gyVgnxG22m 6pAIlNeHQQzujH
 Supplier#000002393        | e2CEFKZR9lLgj5gE7g5wxu5c33HcNqv
 Supplier#000002402        | 7jxiJXJwB1ze4uD4p7DKz44Ifg
 Supplier#000002482        | VgZca,08Okt4SYYxnN80OkUy3Lt0X0TB2ue
 Supplier#000002484        | GNI43eYjlbcTIG9A VsSJrppaMrVAj
 Supplier#000002562        | 8wONfGJQNBwFNWLjnPQAC5
 Supplier#000002614        | If3TvxLfsTCqdJ1
 Supplier#000002666        | phm2stNKBHUQEfOhJ
 Supplier#000002667        | 4pEWtzzONq0LV0kMQh4YzdXDJrW
 Supplier#000002687        | bfA0yTgLN6MHtwVjEknzyZA
 Supplier#000002742        | MOOEut4u QZ2xkXfwiNKTxep,USxRUQ9
 Supplier#000003022        | NXlEQWla3XSL2hyeWEHEvDWQdHV0,dd
 Supplier#000003083        | 1LKbnA,BDdWyZnzW
 Supplier#000003257        | 1eohH908K748ruDTuvA
 Supplier#000003279        | ewVQdElxm9 
 Supplier#000003340        | 2YpvPC0Foz4750wOE0ZPaRt
 Supplier#000003392        | pvXJ 0zkf LoLsO
 Supplier#000003525        | o7P4WyAXhI1qxY3s1Qfha0bIjWzi W el
 Supplier#000003563        | uaph8YpaCfVZztQroqkBMA2sVtrbH
 Supplier#000003629        | fco32LPL55pLFoH0
 Supplier#000003643        | DPMM fUKicM rvf3pg27FFtux,XG07bcom5o 
 Supplier#000003672        | oeypLDwHF1wD
 Supplier#000003728        | l2Q01AnPC0yOpEoHhDSwERUMLMEWf182j
 Supplier#000003953        | SjM LAIjh8Vp
 Supplier#000003983        | 51aAi CtErnk,wAHIVjVRJMv4QH2YPEW9
 Supplier#000004046        | mGdjv1oJHJ8b 6zjzy5h2KvP5SZQUsxld
 Supplier#000004155        | 1kFL1WiHShkArhTmnzyE2x4QLO
 Supplier#000004173        | wA,sCR0eZJGZXhl RH tkxGZgJFSmX 
 Supplier#000004182        | VTP66AgaGFwQ4jHNVVq5jDwBwShO2x13m
 Supplier#000004193        | cYVyLCVpDyxrIIwXRjQ3Q7XM aPDzRrn
 Supplier#000004271        | jDQ3KyKBTobR86UfM7YVOf
 Supplier#000004330        | ocO7oPwQkD87
 Supplier#000004487        |  nqVoLuwyj3PE,aNfvYh1QCoFhIi3DfqHATE
 Supplier#000004495        | BMVfijkPjiRGXfi3ks9qbijFAGg8J7LogWyjBgcS
 Supplier#000004525        | xQNjiof2bcjYhUA2jSqApTzKMHcGS
 Supplier#000004558        | Thr0PyLNWrrzzeOgIFqOXFg5w6MVs5fzJc
 Supplier#000004651        | tpDO9wvNQlI
 Supplier#000004724        | lljIGbk5L5dtN3mTFhSXIhi1o6GzBUyC9
 Supplier#000004771        | iprePPIbXTe 
 Supplier#000004854        | eEpp5kzlthqRD6KT, hTiW1bgShQB0aY
 Supplier#000004922        | mX0vXdJBLP
 Supplier#000004990        | MgrvPgsfLD4Z2CkrORXppETrXWsYT
 Supplier#000005008        | RxAVQWjolHk,kzy
 Supplier#000005032        | jIz N2Ybtuqj7J28jS,r1gZiw
 Supplier#000005084        | 3uuAO49y ROyS
 Supplier#000005188        | Y9oC3,NpTpcLqZFcPzzIbiril5K,VpXWyS
 Supplier#000005218        | LeY2,jtHtxXE06Yj23mQJQfSL,zzwXXFXq9j
 Supplier#000005262        | FIF9QmqWKYv,0rQdgvx9SikmUAoyG
 Supplier#000005268        | thwtEsD6637kzSSBEQqtVKVZN
 Supplier#000005391        | BfIsR LpIHomv77D0EU,T4x0VyZ4
 Supplier#000005424        | eJ44,Ds5P6Ljs2ohg5oEYMMbOAHN
 Supplier#000005541        | Y0XWrU5rdpSD 5k8Byo3x28AxIEbysGvOx
 Supplier#000005569        | Uxf0yd2cJI8WjqXeC9
 Supplier#000005700        | LsNhljBonNCGLXqM2bkar
 Supplier#000005704        | r0hgXuC3yj4sLzk12m5Vb5EshdHbDTwS2m0VMV
 Supplier#000005728        | 89BeWN6 2R3wLnroAH1XvUazx8VV2rMWNWr OEXO
 Supplier#000005758        | 9kCDpuQmHTjaOw8Lhjrt1
 Supplier#000005772        | yJVMEQMeQOmXZWvlLle
 Supplier#000005829        | QMQ9k3TH9 pvKCKEXrDI0af
 Supplier#000005832        | zd9aAhG3UaqglPdUP5VErS3gmwVbCjseJEnj8g
 Supplier#000006022        | LUbOrHuCVuEIDlOI
 Supplier#000006024        | oRpraJFkxy ptVsFMwZW31ehtiLMSkcGVF3
 Supplier#000006061        | xuzhMVdyWT
 Supplier#000006071        | ojOm7rfzVPqx XWyF0rvU3wbJ
 Supplier#000006255        | 9dS8 2Vopjq4HrL
 Supplier#000006280        | DHbI2DZMqCY7PV
 Supplier#000006309        | dwPuozxMI5LRuDS6BWZC5Ydk,
 Supplier#000006357        | seiEPN3dM5I4osXQVTQ,GLuRwkHZ730Tyw jctB
 Supplier#000006457        | L8ka6BZ3JZfCDmNRPk3mSV,h3
 Supplier#000006539        | sLBC76iRNMe57dw0rDZiE09EYR65YZMc88qbafxc
 Supplier#000006571        | 3r2brZx9EKf,R5vlQkGWDhZGJ
 Supplier#000006656        | Bsqlxg0akZ0z5fvveCUNJgaHSHbFVIrCwr7
 Supplier#000006720        | ylUyy,j2,U4UdToTQ08j4E2ltkiH
 Supplier#000006752        | i8fWpSw62jh
 Supplier#000006769        | zV2bQ8CsFCELz,WMmV7LjYKIIMv7d9tcAGjtQAP
 Supplier#000006774        | svP9cI7FSB 3a
 Supplier#000006848        | W5Vk6EiCzsZ0
 Supplier#000006856        | P0TMrpdsH6oCXz0ba43wadaU4Q33CZtgyk
 Supplier#000006895        | hIHfCilwAb
 Supplier#000006914        | h5jdLFf9ePs6JtJNWpQZ55
 Supplier#000006941        | 829 63db0Yo5dZTejZtn5GAj0oGhaoUpkDN
 Supplier#000006965        | VbyGXfyyucsCa,COTUXXQiN5uKmIq1ggGXc1M
 Supplier#000006969        | gHahGeOEeEQN837a4oV85IE5qi
 Supplier#000007082        | 9lwYCbYeQ8yywFjuL870VfHcipF3T2
 Supplier#000007266        | tgSicj2ZHIKya
 Supplier#000007283        | qSEuR1Ri4Hrk LrOLGh
 Supplier#000007320        | zwDCjiHUZck2qwqZ1ilPzA0N0E82T
 Supplier#000007533        | ucjeK PHikh0uTVT
 Supplier#000007539        | LkQVe  q9XKuQwc1voX2m2
 Supplier#000007586        | Pq1 SpXCLkeIw9ISg2Hs5jo6L8ySmrInx
 Supplier#000007650        | 9D 0JiGBiod
 Supplier#000007654        | GmS Z,Kw43pcnPlIyQREHBEB,0H
 Supplier#000007690        | 3mxdk0kzKF6tmyIvEKRnfROqExG A,Zyt3 ab7
 Supplier#000007750        | wtDhjsvnoWBD01XH7ydI
 Supplier#000007951        | t7 GQxWwp3vnEmxJbj929uDco
 Supplier#000008022        | dCtvuTZupoUigncw9d
 Supplier#000008277        | m2M7W6isuP1ejlBYO
 Supplier#000008441        | huSfIBoFLxPxtaNk2qgpq,hAzg7vn
 Supplier#000008563        | VNgYAWCC5WAEyD0zMizmj9gneLRSgXiH8XNcg e
 Supplier#000008596        | vuSX2muycZqscMe
 Supplier#000008656        | sMvnqSyJogRS2Cdfrjz85bh2KgG
 Supplier#000008778        | NAhah5alhxI 6bed,eG5hSQH
 Supplier#000008803        | pECh1zz 2V7LNdU3IQal
 Supplier#000008896        | HtivFouKEZTIhN3jeya8KEkx6rXnRoQ2U9KL9
 Supplier#000008916        | Y0pCkSR5qPKd9TKAgQW0SvgvwTztALd Q
 Supplier#000009045        | XCXQUEIp36OKslCv7bLMnYnSxdAMPk3t
 Supplier#000009048        | ubrsBzWtANP80ndOC8AjYB9WX jiohjOdK0
 Supplier#000009051        | rqjg3yDWpJlheWrvkAwt9iADnozWmy
 Supplier#000009230        | yxMHRmhq1DWOYpaIpaSDF5xcJML
 Supplier#000009238        | uRuktQQJMIWbU3v5HBuSh0,16sUs8OnaI
 Supplier#000009279        | dw IolA3dCDSXClsiNxJej7tF
 Supplier#000009284        | JF5cmh0k 0WFd10
 Supplier#000009308        | yV4zFJaBvx9P5wLH7,
 Supplier#000009317        | WkcONAO7Fx0TRCXNY
 Supplier#000009382        | U635Ufh4OsWM8BBR8IbEOFFV0FQ
 Supplier#000009411        | y 9HOu3o5fXmQKc7VmA
 Supplier#000009434        | zBhG4DSvr0YB6eQ47vEa,YQDks
 Supplier#000009756        | WgIcZYJP2W1bmBy0Pz84TIDPzljBLjKhqq,
 Supplier#000009839        | pyjNb8DFD7Xl
 Supplier#000009902        | MM5vwVRcB4v, VbKSn84P
 Supplier#000010028        | ZF5nOzykiPjYWfSDRt
 Supplier#000010146        | SorfXw8rxS7VksF3oCRPFxpuNS0l1dD,gQnZeO1A
 Supplier#000010186        | sPH5s6oWXst4
 Supplier#000010248        | 2I0X8YOIs7a  26c7hgddTPYFNNi9i6
 Supplier#000010306        | 5IR10wQO4CoOA8wYuj,K21zlpBxwuEY
 Supplier#000010415        | q36tsDkAwsh88EL 5Ll02G07gZSy1xf
 Supplier#000010439        | Vv9yryIoH I3sd4Mze3Ahuf NPBkrb
 Supplier#000010450        | P8SLabvCvA28DVhozh,V3BuqZinnor
 Supplier#000010500        | y 2rAUy40w6AAENZGIb7eNOalGy7A9gnuv
 Supplier#000010578        | iF9FUZfZeHXRgYfIw7mxf7qeSRuvGDM3qoQ
 Supplier#000010786        | eglArxZiLDrsu7zdW
 Supplier#000010907        | 8F6VJPSvFsdLTnsypS
 Supplier#000010946        | W4PYTegRRLuIsx
 Supplier#000011046        | RcoiVUEihLbkPUcADp
 Supplier#000011082        | M3xKJaixi0pY y,0HOnh3h 63BFPtM30rMeyGAEk
 Supplier#000011089        | baTg6YkObVXf1kMsS
 Supplier#000011154        | Nq,upaJewpPMSU
 Supplier#000011192        | guyYQaCQCOIpYKyrXCAwIiEsTXnJvF9
 Supplier#000011303        | kkHbYraaz9s5O1Ljroe
 Supplier#000011347        | vBXFNzWtgHQW,zopaSFlpk8XF26y
 Supplier#000011366        | NpPcS84sl7lpWXeTMPhyRDiWRjFz
 Supplier#000011404        | td8lJrm4vJyDrKwjQI18s
 Supplier#000011435        | 8LUuCifag L3LLf,bAsbA
 Supplier#000011477        | XxdsSIZ8AhcX8pLjjQVptkt3ECsA
 Supplier#000011489        | 809HiDkXK5 p8aMwuLzrsnmfbQdzVG
 Supplier#000011594        | DHThkovb0Agwr9ioDJlFc
 Supplier#000011682        | bmyGLZ,E8UI
 Supplier#000011707        | v9ZcUYtHkYpQGE5fYdR5yO7bxv
 Supplier#000011766        | gipDRyk78FR,vVToKRDaaqh,JUhEPEgyo40ih6
 Supplier#000011870        | NDFuXYnUepm1ZXmUwf3Atx5vR
 Supplier#000011899        | qsTTgUbDJ9pR8WOu63hKFal5B8zuU1uao
 Supplier#000011903        | jauI8Reubtu,aLKYYwmjA2HGY
 Supplier#000011922        | 1s55A5gYmqQ38K2ClzIARZZqtGcBhptt66s
 Supplier#000012036        | WlUUb5eF1hHylRauw4j3LED45n3Ff4rimH
 Supplier#000012134        | fxF7dM1XJnYkLlCiEb62ZR3sAjtn
 Supplier#000012159        | fyal9,wy1lfD2f7o3gWZrhBPUNXDJzuP
 Supplier#000012222        | LlJOVjyfeAEPRh,xUUj
 Supplier#000012227        | FTyNQm5aCHEH09vhX7mSC2z,i
 Supplier#000012289        | PCB7UAVwKWxZPHVXYaciAU
 Supplier#000012476        |  gk1Aiz6KXi5rxQbx5fsl69NYgLsO
 Supplier#000012520        | 7acgO8qNDwfCCdSPZItpEV8mbFQr,y6IBC0lY7A
 Supplier#000012556        | l0HsMYH9D JbUbH5MMlCuAe086OdROKj x
 Supplier#000012702        | j3OxHl7 Avk
 Supplier#000012793        | B7zGiTGrjFDiubleGE,S7pkpH3ldVHGv
 Supplier#000012827        | Gq,pzfkNsZZGvxUdmh8ba0q3EJfsxYFLx0pjiI
 Supplier#000012843        | cu38dXTF7ZJgeg
 Supplier#000012856        | rYQ4kmzjR30G 8F9wnmMsYTQDghb
 Supplier#000012872        | ,eSfbSiXMN
 Supplier#000013048        | MvtnE8bZ2gw,plXHxLsprnrbfjfy,
 Supplier#000013139        | G1xssZRV 4 mQsWCZSZgkjpuK,3s6nv1pOrEEj
 Supplier#000013151        | p,VLz11qj4
 Supplier#000013189        | dwDCcd9tYWEHrL7BfBU,
 Supplier#000013219        | WuZRggSDilQK1EhcDQ9IF0c
 Supplier#000013240        | xp1e7kMfhO5xu4RogZE
 Supplier#000013271        | wY1URx8WMV74SvcktkQ2qJpf
 Supplier#000013333        | 0GvtbVthDJJ
 Supplier#000013341        | bNT25LIYdUmaU92yo92PTH
 Supplier#000013426        | agvC7rZ90j98BWdMcyptTg5
 Supplier#000013427        | xmrlpvxN1abAQVrouMcTDwvkyvGKuOe04
 Supplier#000013436        | BUuL0qD 2XKWJx7vX4HGW3A6450CJrlj24
 Supplier#000013461        | X5nlSvVlzagQKf7155qTKRAG8a,6yK1RLoBM8R2
 Supplier#000013503        | GhZxUEygE888QRazX U45
 Supplier#000013597        | D4FDrumx0iX1iR61WRTo
 Supplier#000013733        | q29zYxMkqnRYl52ULxb9ZkFfNh6BPJP
 Supplier#000013739        | s5qyBy47LlLyOgdS,BfT
 Supplier#000013740        | ZZUcL5D4fdBdQ7MEn4C,UbqHHQVAg2EQUlj
 Supplier#000013774        | vsfpc1C,BTtDua88AfN
 Supplier#000013786        | 5crkKyfZKs6ut2VsI99sd7TkC0MDrr,G
 Supplier#000013787        | B36c7CWnaUsI i
 Supplier#000013806        | Er83TGrirZ,Qw5LsfZOShM7uM 9qatb22p
 Supplier#000013838        | sjK952ylA08UpUcKS ZRQ1B4G
 Supplier#000013839        | M2Px1peZEmrNOjDzsW4FnZ4nPRJhrorixdz
 Supplier#000013844        | YIzSLQbR4eT qMqLx8VBNgmlHQe
 Supplier#000013957        | ouDFXvBZFvAk
 Supplier#000014030        | mv4ci8E,JvoJ5bJ4Xkcy,YAejzfSktUAgSh6Yc
 Supplier#000014213        | w4btCaY96uf4owyE2,f LwbPxlv4
 Supplier#000014263        | UA1Eyxv4x3Jj
 Supplier#000014335        | 2OrMLHKOV5nhHFmWm,fANA
 Supplier#000014449        | TIENw7ddEl4fFaTojppSGJH3JqUjndFK4F w6
 Supplier#000014493        | GcQdpltfd,bP
 Supplier#000014701        | n4N42ZPkTQ2MxAqaPf6QKn9z
 Supplier#000014739        | n9tawqN1HpXSo9
 Supplier#000014771        | Bx 2GSjK5LAH5bOXaW
 Supplier#000014982        | qxv b,3VhsP8EBy5g6YhBNBP3p
 Supplier#000015000        | jifGbXcaW7eF7P0V0u
 Supplier#000015111        | wuXCh43FVgzG6TrWBiyF
 Supplier#000015158        | NHIcixw9Q8D5RjY 2YwBn4EYnAuPGXt
 Supplier#000015180        | xHNQZKb8kwEy0M5x5759sHS7txAQNYiQcm
 Supplier#000015385        |  pXGESbq2jiXuFtehAz,DNcgpUm
 Supplier#000015411        | 5PyY0r8m1yFEVqfDIdwA1
 Supplier#000015511        | bs5YhgJCv0aBuTK2GQF
 Supplier#000015536        | rFwdOeZzXwQeCa0mY 4zMtB5
 Supplier#000015626        | P34o3kg3i lWKk0b5
 Supplier#000015638        | 2O,XyljKl0dIVTcM4M0S8aonFcb
 Supplier#000015754        | i3IsGP1TVZbUxfn6 GdKW
 Supplier#000015928        | hsUJ1DPGJ2oO4RMi3dCKnaokwJp5l
 Supplier#000015961        | kxUUCMpqLlU
 Supplier#000016235        |  yCJOu,yhns86X
 Supplier#000016311        | gyjYuFg4lQIKMhK8L
 Supplier#000016398        | 7btd3 ueD2KZSM
 Supplier#000016404        | LK1L,sywqt7wNms95dD 
 Supplier#000016459        | ahkbJyP StI6uBIoFKGhCAvMRye
 Supplier#000016486        | t etQLy4tej2ZjPCOc8Dwi2r1Pd4RyT
 Supplier#000016624        | hQpqeDtMQSEyqgaKeYEsQcAeeccabn
 Supplier#000016636        | NDxoXLnqEcVkhcfVz5q
 Supplier#000016752        | 1XfABaOmX,,6k73v
 Supplier#000016855        | 4AyS7,6Kpa8pfyHYreTjnibni6QZk4XX 
 Supplier#000016893        | IqGMQtaM09SkJJDN7C76J FNTgtga1QjKCHzr,TS
 Supplier#000016962        | HDAaMpsvxjHal80NACJbf2M
 Supplier#000016969        | LYRC1,4eja
 Supplier#000016985        | Mgpp5EW,Tf,A3t153FqQ2YboGWI7
 Supplier#000017147        | BH997xVrhPL
 Supplier#000017273        | ZiQ3NUS5xcPHkd68l2SkofT
 Supplier#000017292        | TlTKO0cTPyRkkfHo8IyFjCKU,pJT6lX
 Supplier#000017443        | NPEljRqyqrSfR
 Supplier#000017466        | 00o09cfBu1LkqbaynWIVAju1OXZBY7j8m84LV
 Supplier#000017560        | TIwgEbrH,Jx,gGosymW99TGr1Q,vvdocKbbh6p
 Supplier#000017579        | 7Xu9xGfTr1S pf
 Supplier#000017583        | Yw8MHr83OqQqlWjUURQ2ZBoAd3UtxkEEJL
 Supplier#000017693        | P5Y0x8r0G11ihX498euKAhWfETs4nlFuUht4tud7
 Supplier#000017707        | V4VloH6r6x8aRSt 
 Supplier#000017710        | Ec3Zq1nGUsC
 Supplier#000017744        | qCrVyTt6Furlc82xBbvQzeKvfQAjGnhGKAIBna
 Supplier#000017764        | 3OYe7o B6Gt
 Supplier#000017789        | CVOknl4zdqZl2Prz2mjZzJP0aAVE
 Supplier#000017863        | YMnyvA7ZiWBTQRNdDw
 Supplier#000018024        | ,QyAklqdxfmtW8qsGjRuLZL
 Supplier#000018045        | XbKaeljBIATUs
 Supplier#000018172        | s04 qYDboPljKoVi 
 Supplier#000018417        | dGUyio2YnbnYRt,DuEbV9bCU8
 Supplier#000018434        | 2v2NYoZwFv,apUl1gi1jlqFvRjICVPR1Dh
 Supplier#000018450        | a5atoGLc2hz8Z oteQTkf9AxoSIoxqlRKxQ1
 Supplier#000018460        |  Cd3kN4fInwgIhDRi742zwx
 Supplier#000018462        | qXGhk9R2GL3m
 Supplier#000018466        | jIop,3ktCzjyT2f97QcZO8BfrGYeDsEu M9KMDyT
 Supplier#000018487        | OA8EC72Yezg1PYGFCOCQ0JL DYh,Qd
 Supplier#000018573        | 0DNpsZeAYTmIYXOIjeMe8Bk w6
 Supplier#000018576        | AUC0FsR0J9I3mxi81ACN8Y7FSuG2fn
 Supplier#000018665        | 4yP7lbIpPTGhza9I2PQM
 Supplier#000018675        | FfkvwEqoY,V4XmgCUFVS
 Supplier#000018705        | gawy0gFvG Inf7qIsolzkKm
 Supplier#000018725        | wyPXtFWe9f4GgL1KCqFDMSSPqBokXNo86dZ
 Supplier#000018783        | wGhM8dKPp4n
 Supplier#000018814        | fb6d7DrJg0C
 Supplier#000018832        | eRAGbdG,v dCCaeHwBD68dgpg
 Supplier#000019063        | VpJG7PqjCG wzs
 Supplier#000019180        | bk3QTH2 UO0oYCh 5BBkCkWrzS
 Supplier#000019207        | OcMnSpjnU2A9xmBDrnrzMFmBC
 Supplier#000019220        | vWFHUZXFY1xZJqFys
 Supplier#000019227        | L8BNoP 2Ye4KfK,V2gdgjGEL7dnCgUO
 Supplier#000019265        | jG8xInxvIoreLLimPn81rX
 Supplier#000019309        | opzpQUnsu9A62IpHca31nN5G YYFXKgYNSAR
 Supplier#000019343        | ajJdSMhBUP643O134BE45RJa7a
 Supplier#000019385        | B4kPYof03Qah5PCvCrjuuQqU0xkbRBxNSmtKIKkx
 Supplier#000019417        | 6FM5h8FxO35sUbgY2Wo yD3VcVf7g
 Supplier#000019429        | 6iAKId0NCF4FiXPMEz75M6E
 Supplier#000019459        | nuxWa9YEjlVJQJsHQIwgpkHA,6Is
 Supplier#000019478        | fPhM1ufFYOBR3w59YOjBNhXLscpw
 Supplier#000019529        | 6yeg2,mpoOdtwGbBljoe458ZfCSAW3f 
 Supplier#000019576        | U4cd2ZlmulfNvYkRD,AxyZY
 Supplier#000019693        | HmRPyZ0,I xuk,CzSm
 Supplier#000019941        | Pk2VbxQzTQ4lTaorTv
 Supplier#000019942        | P5r5R33hdauqQSx
 Supplier#000019986        | dI2OF82Fb244ib3nR P7trW
 Supplier#000020040        |  W,6XZyNZh5BUb0Q V1Qw0r
 Supplier#000020057        | 4QqO2UKyadtUcGb1008ZM24TBluMIciLf
 Supplier#000020066        | nNhkj3nXaNaQ5Mn 29NspLXzOro5DA3xdt1xqv8
 Supplier#000020079        | dPatg5tf3sj2sfnZStbnKzhi49hY0r
 Supplier#000020299        | egrADws,nXMcjm0ilWbwqAeas12ZW1il1vGU,Vm
 Supplier#000020386        | l0l6WsY6RVwUKtn3Hxd5WbN
 Supplier#000020434        | Bi9D,qTMv7DXf F7YR
 Supplier#000020495        | HYS9QhkB7PHwhvS3JsK
 Supplier#000020523        | RRkWQX6cyJKiMpkdrIvWpB0
 Supplier#000020587        | cjSkftge6L3f2aNs0
 Supplier#000020790        | 3J9IRu,ojbTK,7
 Supplier#000020869        | zpe3zXVlVzXDCiJf0KCrxoADvqX5Mqu3Ufi8qVfb
 Supplier#000020902        | eadOu8rO4pJZksXsnw9OqsDi56PSVvR
 Supplier#000021036        | YiA9WW3ixhBr2eWneswzhXWj
 Supplier#000021123        | ToH6FVEQN3Q2eDrHx70vPysTnpOTfDdRXd Xm
 Supplier#000021185        | WD3fvsnH4GQbXutv45fD9TrXfVwNX73ErQHxGSI
 Supplier#000021240        | dINuBhUUlwr
 Supplier#000021298        | ZIZLj2qoBzY8rjPcObXoT0HZ IVooa8esSa BY
 Supplier#000021368        | DkUtr86kT7LGiAlWKrdPMm5
 Supplier#000021377        | 7bnY5c  gQiQqNi
 Supplier#000021404        | 8z1T7sjGu9VFUYm
 Supplier#000021607        | 6J9J0RCAVno0,IqReTXxY5,iVvaPRfQHEX3OjSF
 Supplier#000021643        | uTzR3Ui09ILcuHnh
 Supplier#000021644        | OZ19QwEfCmB
 Supplier#000021669        | Yn6fNXSWirhytE9SJfbCiSngVccRFx6AUXV0YU
 Supplier#000021712        | Ptrt8sdJnDB3aDIb7ODc2Is6Jd0OrvPf
 Supplier#000021716        | POu4WifRRldBztRnc5K
 Supplier#000021742        | knbZ,Q1lqxz6i89M
 Supplier#000021748        | Z14cKjuwR8suN9yQdmBT8a9k
 Supplier#000021750        | ijNuuVjyGB6
 Supplier#000021965        | mpjaly8zG4Jrhn8Uq4znLrLtVBb5qs9vB6
 Supplier#000021970        | ZFDQ7 cFbmaH7Rf0
 Supplier#000022041        | bcM5wXnLTaBwsCZloOKDO,
 Supplier#000022070        | Q7fUb61dNzNkpTkIVs2BbaWS
 Supplier#000022108        | t5WhqjQjOoSXdta
 Supplier#000022118        | e1tmPlDDuPbbR,opyHGB0sT
 Supplier#000022128        | yjyWuT1RI axA73cc dYBtXqQtg
 Supplier#000022144        | g3ZHdhP3rs5g
 Supplier#000022169        | ZcO8CuSfZSPmKTWgEfsMUa
 Supplier#000022405        | n0xhnu4 NTcgfuBYazSe5MdQtFegN1FPP
 Supplier#000022527        | ,DSDksvFGTLvzzi1pAZR73cdIq
 Supplier#000022546        | R9PPtwV1HozlB
 Supplier#000022643        | 0LD1hlHhP4o5eiX1qALkBwfKy
 Supplier#000022743        | jBIxhX wdHGs1BfBUc6aAWBAyVM i
 Supplier#000022750        | zCnW83 eSuz8phUfehv6RbIzYVc1KGuBx 8 uW
 Supplier#000022873        | 6ki L0kq59mrT0H72iyraJ I7Dgj6hSkKG
 Supplier#000022920        | E5joQUTGX,E0EEp1Yzg6RnDhCc
 Supplier#000023065        | ,t4QAqirDjxbWlt10cDDnjlChStdbLLN
 Supplier#000023111        | zyG9Ui7Y8tt02Eq2O3ed3Fc7C
 Supplier#000023164        | 1LTgqU56C87aOLiakw
 Supplier#000023297        | na2CZbrJDXwrvSFa5Juiq 
 Supplier#000023331        | zIhUSIMfqyJz4AqhTZfYrKC9LESjzJU8RRVUym
 Supplier#000023389        | EOJbFfCVLJvIiLKh3 1Os7jyvu75aD4zE5KLcRx
 Supplier#000023545        | dFpu5z0m NNbEfBl,h8mVdcHopBkXXZDI55WT
 Supplier#000023573        | IlZkYYmQZek5
 Supplier#000023580        | ,CIZSX0v,Q2TJENRUWkIj
 Supplier#000023682        | 7gkL,uqgmEx
 Supplier#000023696        | pQELt0N2Vjf0lLKP1LrXoSG
 Supplier#000023744        | MGYD32lJuVBMioq, sFxSqMRhz,0H6LaJTgBy7
 Supplier#000023750        | ,J 0XVmHJVfbM2XJ4W,VN1kNDzZsEPKZFTMHb0vp
 Supplier#000023817        | J62Mx1sMvj0HLKXlINqy7EsVEY,JSOjjsnMh1
 Supplier#000023906        | PkwyeeZSm7l
 Supplier#000023948        | ,nOpoagu2wyLzmEYZq8zY99BTHviJDMDX
 Supplier#000024118        |  8tUQWdMh351WjKxylKohPn1SE6sl9R8i7
 Supplier#000024189        | EjtzM3jeAmSzFd98gIzzeCy0R3UD18HcppBj2
 Supplier#000024235        | wu9YgH1A3FwprLhl02G46hyr0XTN3,lf4E
 Supplier#000024351        | 3JaQNPV1iD2YVQmN3LcFLiLwVHH9
 Supplier#000024478        | BoiAwqvQZvSv7hJRXX7hsAan,tnGssKSq0K
 Supplier#000024481        | YTV1WGd0gQa16DYWwn4
 Supplier#000024498        | L4KPiAX6RmP0bqrDc12RD
 Supplier#000024499        |  ldnpGhoKtWH7g5s1 m
 Supplier#000024775        | Pl4tmaNTuGINThXvX8pYzG3Xk,rvFCubIA
 Supplier#000024894        | mobRs,IyBnxDoCaB4RQHzH
 Supplier#000024963        | IWabkxc3 11J93ybbiIEG4M,Nfq,K7sy
 Supplier#000024985        | T8WDJx6n2YKVI
 Supplier#000025082        | xFJo5 4r6xg78KtaM W2PWBPFXAyst
 Supplier#000025092        | jikhRDCgBYaMjmaJ7exDSgc3HBNu9VS9R
 Supplier#000025234        | fgePBbs6bsd3f8CVnh
 Supplier#000025260        | fpPEIxceZ0wEP1kjTXDF
 Supplier#000025410        | 4gARG7xsLa28UgTnQG9sbu6mOsYqYLeAW
 Supplier#000025456        | 7I8d ggYDQd1PImW  SoGMqBEgAE
 Supplier#000025466        | Bu v32hs nZdUVy8p28o5NiHBQ7qTUtvWjclbY
 Supplier#000025610        | D6K1tlCMTNBtcIrIrJzUVQFRkQULHw6dxubBOMx
 Supplier#000025678        | bXjPU2wuwoUoFETGh
 Supplier#000025758        | f32cuufsJEBxxVyc
 Supplier#000025783        | u 5p9YeD5r9BG8zhaHLXJKWsmO3Kd8
 Supplier#000025815        | ,i0 g5YS9vnA55qeI
 Supplier#000025820        | 7xN iMkheW46 Cw44OSQ
 Supplier#000025838        |  xgpw7Ps29dBPsyjzrTZjgiblriNB6IV1wONAunw
 Supplier#000025901        | JD0p6Rh3Rhet1n9snu,XBL
 Supplier#000026007        | VcRwjNPOUmSuBoCJ7KxIQnhtRKb8Y00vYKPDu
 Supplier#000026103        | ,rCUSuEzzWbXuBR8m97PcOeC0hi
 Supplier#000026256        | BEJTAi1FykP4Q8pZz1Ft2A907,SnjTjJHyCqd
 Supplier#000026264        | ZhVgI372UOH86p
 Supplier#000026266        | XQIEpBdH5q5AytckqQzxL
 Supplier#000026331        | OjtnISfUhGI6Mg
 Supplier#000026337        | ledFcu3HRvmU1Gi7wRZx
 Supplier#000026362        | U8xMgzcyQWvKaCCS3WQuwsMDyZnLg1Mmyfnga
 Supplier#000026414        | 6wciMbBYgxmgLvItrjUIfPbtzih,95glh62LtxMX
 Supplier#000026428        | bHKsxKVQK3Kd
 Supplier#000026443        |  5Km17IpCUbXkfqfv44KqU
 Supplier#000026568        | gXwkSYWImHA oU1RIE
 Supplier#000026572        | x7sT6DNQvfT20CNnxLXvZp5Fc9XyM,2vveHnq
 Supplier#000026600        | Mmo25BxZ9P BA2Dv3K
 Supplier#000026607        | cJzpSG,QOoP yDmxWIfLORCBK9B 
 Supplier#000026739        | tzFQOKW3VhNhTuBPE2dSF4NO1IJwy5
 Supplier#000026769        | PVfdSmorfTwElvrj42J2SrPw6AiZEkDp
 Supplier#000026773        | Ro1WjbKvELeisdx4oMZg,x okCalx0y5jYLS4hvM
 Supplier#000026801        | OZuWCpeV4RUNom30no9Hio,
 Supplier#000026855        | q3 YOR4T6H7o,K1gjgHxAgJ
 Supplier#000026888        | csThcdELXGOGja
 Supplier#000026910        | wmySQJo2ubhHC4Y4r
 Supplier#000026943        | HBFSMycjlhGhXzLyj4F
 Supplier#000026948        | q8nOrimt,clD4
 Supplier#000026969        | l9Y1YqwqwcdyNgkdFN65
 Supplier#000026998        | NYqy9syinJA,
 Supplier#000027025        | GNb9rBJBS84ckr2PHCijZKCSZbYzC0oehjl
 Supplier#000027083        | hhM8tR,G2F d8LCUOuXfa
 Supplier#000027086        | otD1QPKSC,CXFw,M iJswSO
 Supplier#000027116        | Ux2uGDlhFtDM2K
 Supplier#000027142        | 9,sqLdM6NNPMyf46k5RdMcuIQt,Cl
 Supplier#000027310        | uzuyKeRM57uuhAZologJfIkBfznK7
 Supplier#000027317        | LBrlz99q4h
 Supplier#000027323        | uLCZgxNAVHFdNpeRFuhlgO3dx
 Supplier#000027361        | hKSvgCPpBx6H37HSNKpMhDimwr7bRY3,9x
 Supplier#000027381        | e0XpkO,psCqPYJkNW9HUeSK VqNdl8EnJnWc30ij
 Supplier#000027434        | rm3g4ThOvjQIpj4QZf63njVe
 Supplier#000027489        | 6nqUIx3BU,VeATI
 Supplier#000027497        | o03DozakIXizrawn7b9jH9R5errDfx
 Supplier#000027537        | TGTPOaB9i5Ej1mxOM9MtzZLZmb5TKX35mL0Nh
 Supplier#000027575        | gKKJs67uVSM mUrOQfnNO4R0S
 Supplier#000027710        | pwYObSm1tV9Vpfr56NsFyrnCHYlZU
 Supplier#000027729        | 5RfgATw,Ld4GgSX1xsWjUKuYv1wMlaeQaVrw
 Supplier#000027791        | 04TkHmLveuPodQLAwJe
 Supplier#000027816        | lbI3OgtUciORJ4UAUQH9RLvZua
 Supplier#000027901        | MT ,L5IRK7E8R6
 Supplier#000027902        | qZHeC2GS46pz3TD
 Supplier#000027993        | qph8boeAgE,hxv1ROQsXDy1SUNEGQwz9DqM7
 Supplier#000028103        | gPbTwCi3C2xZ7htS4M
 Supplier#000028134        | Jj48OlSjzbUXyQA
 Supplier#000028180        | l6jH35UwbBNnFFpyU7t
 Supplier#000028185        | DiYp5be JzqI
 Supplier#000028204        | G7fTIK4AabYyVd7o9I9
 Supplier#000028243        | YL,dig5f pVtFPVrshXrv
 Supplier#000028322        | nrU3tmIZtFXXNZBXUtR
 Supplier#000028325        | ,1ILd1tw1MUizM28UOGyKCt8ve HqCOy
 Supplier#000028392        | dZ2OJlxqhvFeAbmOxFtWNehbGtZYpsmAoyCe2RAR
 Supplier#000028456        | nM3LD1skJ 
 Supplier#000028666        | jeIrE,I21G3dSLum70
 Supplier#000028759        | he FP7Wtem lckMP2NOIo00rUQdwuxHqeuh
 Supplier#000028776        | KFdsf1Uf9VCE5HiwwJ,S6zoe0xRzg1pj,RzwgX
 Supplier#000028829        | fKxxkYNUyLbeMStpxYuwiD8JyCf7s177gNY
 Supplier#000029034        | Lq,XY4K9NrRQyqfXgBO3MYA5zzj
 Supplier#000029044        | UbYSczUU VV7QwMlKHu 2TYRUD85OhBxq9
 Supplier#000029093        | p8ck0AqIYQZluxwV8oCROw8PuIEpCcIW
 Supplier#000029120        | wUFjYGUvBT2Xx36mVp59LRBnFA7MstnWUBI
 Supplier#000029180        | 1lEu6C3cSpeA4,Gvm9c0GwGGQ3CgKxt3WN1LM3Nz
 Supplier#000029221        | 9K77mzeG0D8oTn9wE3mutd6oNKuR6mp
 Supplier#000029280        | rr34yKejwmx31qXs40bkaWb,kzzoktcQtXjD4
 Supplier#000029286        | eSyPOz iKGMUVQf4gm,oqViH
 Supplier#000029311        | pTKpu0AZHWcqBAwT4B9NqJ7JQMoGJyxHM3gtD
 Supplier#000029354        | 0zg6buDlzondQ5DGu4ojnff
 Supplier#000029484        | aKw1hr7XWzA6ZChq,KAn
 Supplier#000029509        | ,pMPBLWtqHMeOFqipEOt
 Supplier#000029588        | tjf4dcXWekemSuuMMFoWqMN9b8O8
 Supplier#000029591        | 4cUREJYb ekiU1101RFokm,
 Supplier#000029674        | bVaeZ4rNiWvFuS2uQ lSx7
 Supplier#000029691        | T17WN0WVN0lWpfX60GxMG6
 Supplier#000029695        | AJla7EZRfHalUJTcByhzp
 Supplier#000029710        | ,R1GOOYbQDzHgpCSDxKqNOIFR
 Supplier#000029765        | qkV4vkP3K2dKqjkZxuiSW
 Supplier#000029769        | rDSWCNller2N96hH7JNB70 Ih0cl9k2V0ru
 Supplier#000029774        | hkWJyl06rhXCX5ye0rO7XAiTgUeCq
 Supplier#000029781        | hMzon2ktpNkYRwW
 Supplier#000029841        | GNid4fXP1,R1PQTeYfNWUu
 Supplier#000029920        | lD3ORWfjZpX0ULSGW c8JBLRu2R6mZQ3nvvCg
 Supplier#000029991        | P3d5AulzDUWDon8PGw7Qoeh
 Supplier#000029996        | JCj1FELw7YMl3H,fR8
 Supplier#000030190        | ayz4kGirfT,628rLZRxq5vlIM
 Supplier#000030201        | Yv8WM0HXPvIJ3I9
 Supplier#000030237        | xX, oXEEks4,
 Supplier#000030300        | N0Xk8YkIrN3
 Supplier#000030313        | zUetgvMBOHxscb 2AjMS2svcQ4WUjzip2
 Supplier#000030338        | wlbNDAjTZgNQpPL
 Supplier#000030380        | bBVhCHsWNh28EplyFTZ092A
 Supplier#000030615        | BeY0kD,,e7CEp7PpDY
 Supplier#000030734        | Qb4fxT8WjWxwnfIlgpBuZN
 Supplier#000030758        | ygaxtG6TcKLzvxuhayBIDgQky
 Supplier#000030771        | FPy205WI6s7hN5DWgDj7mZKNO4CqkkQM6oY
 Supplier#000030773        | 8O7waP8,vUn2zYZBwZWkx
 Supplier#000030844        | 6Yz9AAW,0N hPk S8IGmLeLqKfYL
 Supplier#000030881        | J1jsJJKA89bAiLJ25tvbcxgdMZSVHgLpZ
 Supplier#000030909        | UL14BegbGGRyfonhX3qvwh61QGgrmOYJPg6
 Supplier#000030924        | f4iGtKTklhBrWvSJ6bLx,rgPM0ty8iC9Ff0Gq
 Supplier#000030928        | RCJZIEIu5Pgex4bSrxLf
 Supplier#000030992        | vfxrVuaERg GVOYaO3ScTqG6fP3tPy
 Supplier#000031106        | jPsqbIYC5fNcU1eF
 Supplier#000031175        | KU7nL 5as8YZTsq9TqTo
 Supplier#000031211        | WR0MgLrjoSh5qnfBfr2cgmo0h
 Supplier#000031226        | wMukjyGltCoWpD96HQLhwUazLwv,2 ajDKd00
 Supplier#000031349        | C72pX48qWhWOU98p
 Supplier#000031356        | I,1vYhY,4wTULS0CvHbPyywhGVw9
 Supplier#000031374        | XJIyWr51opeBQ4NG65nkoE
 Supplier#000031416        | GTLz50EJVNb gJs2U70TxDfoDmZlM
 Supplier#000031530        | rSUHM8R8g7tVW2v4i
 Supplier#000031598        | xXlUfrr5Nra5zKYbYsAhcM0n2z4MaEwkwsalJzG
 Supplier#000031603        | 347XS0sQya2j8,10OWrEqjbPBctk4gGkUnue
 Supplier#000031617        | KFf3d8Pt7fiUvBMs8W1Qhnyf
 Supplier#000031723        | zHGc09lWB2fIDBXTOXb6x0peHzMl9SS84QQFeNh
 Supplier#000031871        | NoiXbG7D05cPPCC06NubhZ3
 Supplier#000031966        | n3C2bowxtqkJU9,a1Kl1zDmJNOwKUFw
 Supplier#000032024        | EAPrEp06f9UPeNq5lwjYye,e
 Supplier#000032236        | 80qX7AZig8TLGCKywKlunT4KvQtGF3xd XXSep9
 Supplier#000032244        | 03A0N0lP0RerPIgelkyLPKf94U5j6oTEJ,toGQPa
 Supplier#000032345        | zd67hQZbLu6cv
 Supplier#000032388        | 1D9Ezs Fubk95YxzAfiK3DcWvJBALNTuqzQpGv
 Supplier#000032451        | aKH8nhnisI,7pqvzJZWbeWI
 Supplier#000032457        | G,H6MFm4inMomQ9sUY9p5lOt8PuwiawWUf2PhRQ
 Supplier#000032523        | 6H5HTGcZ922JIH8uqfqmFzH55KM5Tqvx6Q,gg1
 Supplier#000032588        | ,zLaN1pUmC4znUI07RmPPQArrGvlJFgBIeJjfnD
 Supplier#000032620        | j6fQmPfWfRHcQfgRklrIPakY VywWxFKI
 Supplier#000032644        | jUjfhFcFMbaWt0u4RmNc4DbdXFF5DEI
 Supplier#000032743        | x6FfOYEkUksRhvp4 I8A2
 Supplier#000032775        | WCIocM9bQIiVJ3CPpak5,FX
 Supplier#000032837        | rwV,QXYntz1t9
 Supplier#000032887        | uQeLb6JU7CDRR6cWn1KskWIh0
 Supplier#000032954        | rAS1E2z1HE9MjaDA1ddGULonorSdDAn
 Supplier#000033027        | 9uqDsD1u,TItVAzRm
 Supplier#000033156        | FMRM47jDC0XdJ7CehbVszGlAMtjsw
 Supplier#000033220        | dmwNwBHzcKp9hNaMjQPm6hmrczhvPx
 Supplier#000033321        | ZGM6w3yeyjCBdm1fbkeLuHfk,UTBAtQRy7,wm
 Supplier#000033371        | XozvCj2E6fZzm2pzrXNTgNzraSpvib5b
 Supplier#000033542        | b96c mGfx 
 Supplier#000033587        | IG8r4dXa5N4q5XGiCZKKE6YzwcQn32fze
 Supplier#000033745        | R7RkcB82hRUr
 Supplier#000033810        | 6Diz1z,sLqDLLdFpDJ,3QZHJkySABP3Cny2s3bBf
 Supplier#000033857        | BPCy5WGw77huHo5P6X6ozHti6X rPq
 Supplier#000033867        | DHaLjCxb9ecvzMcWrfuEsMFC4gRqhdo
 Supplier#000033921        | OzSekjcowc
 Supplier#000033980        | OBmRM3ZAFTNR8pUWRE TrIjHxZb
 Supplier#000033994        | g,AQTML2b2Jhg2yg6q0ZGfv5tiq9gcw
 Supplier#000034002        | BNADgHP5sj6LbYQLv0pmUwgh13oG7rSHP
 Supplier#000034028        | 92LIsOYZwN7YjSOowkp2g00o7iN
 Supplier#000034080        | vxF,7HtWSvVbLwomr5e1kFbOpxohWfvvWhmj
 Supplier#000034094        | rduvrgvjRA7INSnEOw XF9nzonwAk
 Supplier#000034159        | ORb,WS2z2eJf01,JOtCwmMQ4sIZK4WlhW
 Supplier#000034177        | dkE8iy0QpspkrK
 Supplier#000034183        | NeyDzZJkQEkJUnN
 Supplier#000034199        | wNPfXwBSKvm
 Supplier#000034203        | 7jt0PGV4e VQ8I
 Supplier#000034282        | CCXjFi65kstk
 Supplier#000034286        | CaB r2YFyC3B0Z1Au5e3z6t0D7wxqfBFQjZpq2Nb
 Supplier#000034292        | GTlM3EDjFiZ9ka G,4OgokG lig
 Supplier#000034301        | TKM2kY0imAcpQkZUqEhhAbhkM80QG12QM
 Supplier#000034445        | p92MjvEJFMwJf0cyCTxkfQhresgMCtyy
 Supplier#000034655        | Hv8d4RtQMkXOHf
 Supplier#000034780        | cL2wZgsXNgC9ruNJ1RGj8XW
 Supplier#000034917        | upo09ax473bctOQO7CRrDkIryrk0rq4J
 Supplier#000034935        | ,Vevnizy7b
 Supplier#000034956        | JSJGmZTBxR3bTGOh q
 Supplier#000034964        | Q6XLWkXyTLT5awhKlbVjcfS
 Supplier#000035087        | mBSBvYoQioJEF2Vxv
 Supplier#000035106        | 3pd5e7UD,UYgIbSNIXrzTFpA02m8TtVten,3EfoH
 Supplier#000035286        | 4ISCB5ZnlLCKH9
 Supplier#000035395        | c4669GVOyvDKOKJHatYcOXtRu5
 Supplier#000035420        | U P26yV,Xe6i
 Supplier#000035461        | NGozIlJeCCu
 Supplier#000035465        | tbA2vLAvMu6sMunfl59iMP7nfN8J71bZ, ieqsrN
 Supplier#000035584        | nH2Bc yddq7bHu3OrlyLneRF8w8O5HFyXRB1gLkC
 Supplier#000035700        | k9Jj,uudWjSYVfyvU963YZkh5p
 Supplier#000035712        | gOHab4,2WBHXWcsoYXi9qUn6ghQwIUu
 Supplier#000036085        | S4QlCXkeAlfZolyioZgvPrpIyBTlN,J21hYrTLD,
 Supplier#000036100        | tAiXROcCPi65eyRXjpvkko1L08CjV2zD
 Supplier#000036147        | iyl7EJNqD5imWjUg3o6wktXlFt,NSD
 Supplier#000036223        | ucPDyLqOyc
 Supplier#000036255        | vCDkmpDnR4U3JSxDHXwKgnDzQllMXv3X
 Supplier#000036306        | Uw27r4daAl7WDqhIbUL
 Supplier#000036356        | iJLv0HR7Pke4EV3hYgRs
 Supplier#000036389        | H2o9MmiE8luSeiht77
 Supplier#000036412        | V9w9vYq8rTlRr0t1
 Supplier#000036547        | UCK6UBrk4qmaph erDB
 Supplier#000036564        | b9,hgw2ZszXB1DcbImZyS I
 Supplier#000036568        | mOlzVX7sNmJ5ASnq
 Supplier#000036654        | 0WSbePmAaggc6obOhU1AtIIDkqZSWffW
 Supplier#000036729        | RyB0 vp7aqhePsmPUamEeoj9YoWV,lu5Y
 Supplier#000036730        | V8kBjYoGNNNszwqgZnYqMfryGAv6xtPBdLvfs8
 Supplier#000036734        | ,E9jWtiJcyfYHfW6x2CozqY5PC14
 Supplier#000036770        | 13nf3FWkIRfXWjU8R4yy8KuB
 Supplier#000036854        | oqSUm1YG6R1Vx0ma378AZ,cOPwoLqNEvMngiBF
 Supplier#000036918        | Fe5uHfc9Kf
 Supplier#000037024        | Gvxl1Ek2fWehVFEr2YG3
 Supplier#000037031        | 3izjJfFlmg
 Supplier#000037069        | MT74,E6aOjkukyvigxJIv1Vuj oqnp
 Supplier#000037074        | h9OSJWD3o,opIz6NSwBbZ,m2K,fTAkmgHmCzbQ,
 Supplier#000037123        | kRZbwDUAAF98Y3R7v E8qNxHsr1WsMkTKfyRbFBl
 Supplier#000037203        |  iO5Pxjfwv9UajboZxhnMU,LXfHqtCwxj
 Supplier#000037229        | yRna64 KYdOKA
 Supplier#000037291        | T0YJB,VIoPAus37reuG
 Supplier#000037334        | 1sSIdtzsU7AxwUZ,QfcLZiEkwwjMDdTd
 Supplier#000037377        | v4JdYczrYtbrNdKi3YPd
 Supplier#000037422        | Pr,nEZ2ujrwssSl41,ejCAJ64BBiP2l4h1N
 Supplier#000037515        | BcQx97sVoj
 Supplier#000037527        | dVD1CHTbuv5Di3LloqgLwiF,AasvVL
 Supplier#000037638        | 47mB5DOmTo
 Supplier#000037706        | AwQzvHeWTW
 Supplier#000037735        | DOFisP0oCFQGXiaPUlZQ8N0F6ftE
 Supplier#000037772        | Ad9cNejc7jtA
 Supplier#000037798        | yI8WVkMHH,hS7
 Supplier#000037991        |  ksgBQ1pYCGgHSFSw
 Supplier#000038035        | ZD13u8HHzH01SHiM6 z2PKFu9ydJGkS2yPAx0q
 Supplier#000038057        | YJz4esGW3fGx
 Supplier#000038076        | PHf54tdYtYvQnQ5 Ds6309u9iX0c
 Supplier#000038145        | GXrt0RYnmNVjMKht5xZ
 Supplier#000038186        | xOhCU1iKPUEPxH8y95BAg67iOnRS5pd
 Supplier#000038251        | I1YPW 486fCA MhX5
 Supplier#000038263        | ,5znupuS0VYFdDU7HauK4Y29rx
 Supplier#000038491        | BZI,Nvig3WsYz
 Supplier#000038539        | MGq TkZorzA
 Supplier#000038555        | 113IRfnYNKV2wgKICofmt1vayaBOoK1FDlrqx
 Supplier#000038581        | x8ZkAprI8BbdOhUWQ7uMRSutt3,pmEnZV1WQ,dB
 Supplier#000038658        | eysXUPVrELUaKyhrvjhUFt
 Supplier#000038760        | ,nCVnafaVxndhmLVNa1DaHYUaS5jS
 Supplier#000038764        | 963A9yNYfw
 Supplier#000038774        | 5EqibCLlihDJcgCCnCZeduCktvtE9
 Supplier#000038806        | zTuDHj4h6WecYGFP4jiYQFifg1vEK
 Supplier#000038853        | rSyNiIR6ynqg6RY8kX 9fh7r4CXVhHkY1fm
 Supplier#000038861        | p7MfwOM8Gcvr9ekNcd
 Supplier#000038944        | 8rbkPVU,3vNFZ2jX
 Supplier#000039067        | HmVgXaQrcY3cywcUV5NOo
 Supplier#000039082        | XpVpduLITfhLfTRFIbMHR50WCdOWkS993 qoa
 Supplier#000039126        | vUwZ94dmM,GhZYSrvgIOfiG
 Supplier#000039206        | SZEvJjRS9WEIjEtxzQSaPZYgdCxT
 Supplier#000039233        | TiO7VMwvKmefkXh37CBRge
 Supplier#000039361        | BqXQuQEDcDuH,7eZjQClz bxf XBAiNPDmi
 Supplier#000039418        | CUglOvj69lGmzm8K0juqFE iaqBQmjhqSlip5faH
 Supplier#000039419        | dG2Bu6rs8o KbwhzSQGqNWcfKNx 
 Supplier#000039459        | Y9ltArTAuUNE1JgbA,OBKPSYvDtReMNhr0Ox3oWP
 Supplier#000039496        | bfskwqdh3oUkms2t66GydF5fz
 Supplier#000039497        | jFF23xB7hMU5jz6T5JFvON7JbQ3G0YS9TGWG1AC
 Supplier#000039568        | HougPrKyriZYh0,svBJy1
 Supplier#000039638        | UUeeMr94HgpL4QztWZO634GiYZBMFNs8L9,2
 Supplier#000039712        | bB,VloX,iSNL7mu8i
 Supplier#000039788        | ALDM2X6G6U
 Supplier#000039868        | htMMzuxWNz8gf
 Supplier#000039873        | I5vTPkigHt
 Supplier#000040052        | 0YU7Hfy14gwG1Kgf
 Supplier#000040061        | O98rtRA1VZn2SSSmlcm
 Supplier#000040089        | bv5yBudXe1dYLAVQlorjSQalWEM3iPEFutNepfw
 Supplier#000040101        | o7JBkjjfo4hDiqUzS9iCl
 Supplier#000040104        | WptTMHP,MxQg Kg3FWrWb
 Supplier#000040120        | gQd5z8ZnOJj0UrQC VmKloxKFU3UBAjPEi8,O
 Supplier#000040153        | U7RuC9kfnlJH
 Supplier#000040156        |  3nqXioBsJFSKyoFA,8dYcRNPUc1TkZLs33sE
 Supplier#000040206        | MV3tbLFUKXBs9h7u7L7D0zRHbqBtDKZg
 Supplier#000040258        | q,iNyW88p6u4rDLt,Ks7F ZZe2IayX7
 Supplier#000040290        | xhuz4RO5z,,DMaoGB0NQghGXvHWW6S
 Supplier#000040447        | 1UJVDh6ZKnv4ssR,hrfBz2f5tII L9Rhq
 Supplier#000040569        | rJtZ,qP9LHnLwyp7pV7R1EnSnZKgxd
 Supplier#000040590        | a5bSowMOZ0e
 Supplier#000040617        | ,E qjD0agCkiCP3
 Supplier#000040731        | YtMU1uWHIFDnPM7Ki K
 Supplier#000040891        | ym0UHegqbJG mrRh1R49HB46nBl8zWKxsy6t4
 Supplier#000040892        | ylT1EjxrMHQp2NDGYblHzW
 Supplier#000040918        | D3zMOj cIoZDe,4JTBtThAReCzwOvIox
 Supplier#000040957        | 0vtVOVsQkY 
 Supplier#000041045        | uO,luX2yByYqJRP1KAofA8qt2,FZUTRS9
 Supplier#000041244        |  Pwwtcjab5lTLYQVVlKJXMvAipBMXPA
 Supplier#000041301        | DzEfL4Y9FtHr,rEeeYJQuEwfZH1F6rPVt6M
 Supplier#000041357        | KJWGZFNGi3LO,EvBXGOdc
 Supplier#000041362        | 5Jq7q2iSUhmEs NSPHu1gnGdAOOAR
 Supplier#000041367        | 7ffcKNk8QRF39tVe,uQVXFGsOPoogMtxrP4Y9FC
 Supplier#000041402        | YTO5 WxLYMSHpjhJ,h
 Supplier#000041526        | ys,E lEqkfDynxVR
 Supplier#000041540        | ShPuZ7XWNe1FyqyWK63DxVfx7fXdqHY
 Supplier#000041546        | HwSN2g5CfXLxh
 Supplier#000041555        | 3op, r4Uw4rkRFpxHEu3YhCnBjNoc3yrX0F
 Supplier#000041614        | AyKFiz5wFmylfgOhRsGIN4J IoYB,5lKW
 Supplier#000041834        | kzCjGsGCSHxrYk2BT2geOpoAnS9rGp
 Supplier#000041840        | znhl4CFV3JZ2bz6WMREZURILxIPDq0,i
 Supplier#000041881        | kG1Gbyyh5grH11pbjQzs0AX165HmbEWyeO a
 Supplier#000041906        | myb06r8Blp9rHgRd192q2KpeDt5d8uTUf X6q
 Supplier#000041913        | b9lcJb3r4DC
 Supplier#000041962        | qOLhqtzaCJ0Mz4KikocmVEN5dBi
 Supplier#000041971        | 3HFIMyFkAf6wEliGBC5OJbsz8iG7ZiBCQhSZ
 Supplier#000042002        | 3gg fatyCU0wm9ZdsIO9LF7y
 Supplier#000042186        | 4O45aPLWJVUsfgWIKE9B6qGML8WeZ5QV61qoB
 Supplier#000042228        | ,yR2lZNp2wVNk4no93ML5rgMwGVOfC
 Supplier#000042248        | iWAa01MLItZOkxs0
 Supplier#000042268        | gJe4loggR9fsTB
 Supplier#000042278        | AUSkt7pJzk9
 Supplier#000042280        | Jf9jgTjWwj TsSGl972K07yyjvNoGhSbLVom8U
 Supplier#000042361        | 7recpmTIvpraB9oqzS
 Supplier#000042510        | BzbyPETK8XMb1ntwBQS73CdtoIO7xvNGp9O7YS
 Supplier#000042516        | 4nOYunkFVSsj8,dtSBtYurH9FuRwNnvFXg
 Supplier#000042595        | 1BRHmUWSPsiFdd1RomZP,NjEx80M
 Supplier#000042711        | PDUZ3gM8iW5nYXnUfRl
 Supplier#000042728        | WNAP1p tMpPiZbcpGXjs
 Supplier#000042772        | B6w0ANIyJBDMzu8udW4h1xcp ,kMAk2gVXapg6
 Supplier#000042905        | 0,e2sWb,Hexag58pISnr6QKBpUGu
 Supplier#000042922        | nHTLhSE5TXPwMkI5etmFljpjK
 Supplier#000042966        | GOC6fUXL,ju25geWF7rw
 Supplier#000043017        | b19wXfAgws1VuyrPhkyXi fWnMw,P6hGMi
 Supplier#000043038        | B5MsH3mOuRkq
 Supplier#000043053        | 7iqy5lP7 fsjY0
 Supplier#000043070        | ovjH3BogNCvMEHZWY,d07espsW3V1teOqRvis
 Supplier#000043085        | L Tmx6SSy0b3xW5A66 gWUAZR
 Supplier#000043103        | CEJYvLWIAbrby1uLp R  kAhRHyTv3HkrU
 Supplier#000043135        | w5l P3,mtLYc6,IWZLQk7soiOUkWfwj0D RXBz5
 Supplier#000043329        | ZmY6K9hqrcoA7fNpACgw87bbHVpUiFxu,w8i
 Supplier#000043349        | Nmv P2dnBqcTrngBQZpVo,E4YDM1Kh
 Supplier#000043381        | tOCq9phQaJnkCGunsgyfBT5cIhpet271bK8
 Supplier#000043389        | qk4zlLw93HlPRRJlgAQ7A7xa80jb
 Supplier#000043456        | 4aCPfjV,m14j EZGX9WlUEqMxrRGeTeputo7nIo 
 Supplier#000043588        | 0SZyBvEqEHUw1lLiQx0xpaJPhwcE
 Supplier#000043595        | iQwcRSQ72g7sfptiGtAfmtdkSjCiqshyae
 Supplier#000043718        | CNan2kxJiirIHROfM9nxjrv67zy
 Supplier#000043801        | JtZDxtpGGfgDAhnVFELbTRZel6hU
 Supplier#000043831        | H3xt5JvdkaVV2 1YhSVw7C8b2
 Supplier#000043925        | wGvR23zmUP4idg1qkZf7r3vROfb
 Supplier#000043988        | stR4fpXDU2Ub9KJ1,eluzq5iqFcWb
 Supplier#000044063        | dHhUa,sIk7PHiHfADPyThYbH0bR1TjcDSHuI
 Supplier#000044078        | iOhlaTdLQpyr89OmzQ4z5Gjb
 Supplier#000044092        | TK,JgaVOBAYxH9OxX5dSMDkkf,SrSxA3aU E
 Supplier#000044131        | dCE5sYUNNfZr
 Supplier#000044135        | k1Og1bCp6ynXXKZtUeIyAN
 Supplier#000044251        | F3WxMCEVr3x437oi lSyUOC0N3xGm10
 Supplier#000044264        | lf8N54pIhKQ3eCjfTdtwsFECoZa4Jk07r
 Supplier#000044282        | NllKNhyadHLQG9Q0VKn2 nBAF13QZSSCDs
 Supplier#000044355        | cWJKUcXRbB3WP8PwTY1VYbZxqkOO
 Supplier#000044360        |  fGdJti3n9Adxw4wQNMSliYsQbOny7 mWnjpH
 Supplier#000044361        | irJGLgMWHFLM,3ZiLxxbkrcCh2
 Supplier#000044424        | MoB,Q2kKUgBTOSFPn
 Supplier#000044500        | B5DwdAmj,N LbOdEjVkXtHWrntwlpDgKX
 Supplier#000044507        | 8wPe7rwuY42mgmHCW
 Supplier#000044510        | wdF0BcpZcSZ86lLlJq,
 Supplier#000044608        | gMjSJjVCDZvdX8u8,QW
 Supplier#000044731        | owjIajhpt,b
 Supplier#000044823        | ybuajKM Wy1N,R
 Supplier#000044892        | OWJf4cglJ,tWbfwdTB5Pv5
 Supplier#000045005        | wwzQK3fE,ow9GAMXkbBsXfBDIBHwk0
 Supplier#000045108        | opHy 0NTTiaZe7p1xxH
 Supplier#000045125        | 5GLNAiT,bQODkPxSCynOj,e5GGGfzGYWiGPE
 Supplier#000045142        | llZ0egnhMxKHK6ivcboEvNVzbk,tz5iAroAnzq
 Supplier#000045251        | 8XJt90EIhv TBD OYeWzvy5n
 Supplier#000045369        | zoK0yPhmrLsbtSt3wAfeta,0v
 Supplier#000045412        | uSS9cWX5JPxf,s
 Supplier#000045448        | ZGQ,a3VGG22HmnueX377QbUrfn d6BTu6
 Supplier#000045609        | mZRnm1JHAjdF 2hio3EVGgrRNfMRLNHWTZWik0p0
 Supplier#000045677        | cZWbGDm7NbYO2ElZYlxdeY2gKb5qTuM739K
 Supplier#000045744        | jXUJjM68N2hLBJUwOc3ZdhBnV5uI2
 Supplier#000045793        | lwVRwVFZYPJe
 Supplier#000045832        | wwbw6fV,IHBhlFzJkX
 Supplier#000045846        | H8UYT69mC5AbFCvPr3RC93X,z
 Supplier#000045873        | bqmg7,6KHmFQh
 Supplier#000045948        | c7BNP16CRi0krk3dctgEhWJxwOHcFV
 Supplier#000046017        | K16wpnbJeWXSB0nbmDwwOuj3pbjWLN iC e
 Supplier#000046060        | u2ahdVDazkVVTZukeNllob9Tbpt6N4L
 Supplier#000046237        | symRt0xHoHMudi9CA8idJXadlfXdRQkN47M
 Supplier#000046301        | KfTn,nZGOn S3x61
 Supplier#000046401        | 7xxYdCeXHn6hvXqEN0S2z
 Supplier#000046586        | ,IOhyrZK NC5KNgWzDGWOeKD,2Kkbz6
 Supplier#000046590        | 48Mdx,fUvBNMhO1 Zz11Lu0f1cb77c
 Supplier#000046694        |  KyDnQ0QWnO8Euwr845fN2X,VeeZLHMj5
 Supplier#000046730        | RPL2lNT3 8KwNTQV1Nok 9fVSmXnwuI
 Supplier#000046781        | q1n5LdNMwf9dOMDR6,YIWEt7M8zEXuM2439
 Supplier#000046825        | sdVOpJAtWenJqnxbr3
 Supplier#000046836        | UVH9ghEpOzxQyjfe9ixl5xKzn5lmjGBETcBX1
 Supplier#000046877        | mzCiI20NgPRMzVyXsO90AdNB
 Supplier#000046890        | fkKv9l,D2JFWbqSGYsOYqv5Wi45Suqughiu8M
 Supplier#000046941        | YKVGoxG5hQ6hBFq4NhCDu8
 Supplier#000047016        | 4tFVRPNQyCe0LsJf
 Supplier#000047024        | m1Z x0VhrOVTjW0Y53 nV,cDWofyIVNsOVbDz9t
 Supplier#000047054        | gwO Q4MnhkKSjTtmeeFJycmYhhm
 Supplier#000047069        | uknSBrrYclmPDnZ4V9wMIiJ9OM
 Supplier#000047087        | 6hMOoYFXe3xXMua
 Supplier#000047131        | VUPd0vGg0K2SasIR
 Supplier#000047179        | U6bfiz1WIeeEhCYEmval7hMKQXH
 Supplier#000047226        | vSKp9UYhE8TegIgOKJ1siL8ra
 Supplier#000047292        | sr7he2LPQL8Z
 Supplier#000047304        | RLKNwAM0tJ 7
 Supplier#000047412        | Mbg53ALYsorOuuuoKeGmRNUGNBCm
 Supplier#000047414        | vjzqJPdhIZ3g24y731Ghe
 Supplier#000047415        | 5DWeOSupcmLCQ
 Supplier#000047453        | LJlGGhiAn2CHr0,KOvEace9wnfuGlVfBebjTd
 Supplier#000047607        | BnIeuAObHDr6jgGVMV75gV3ty93QIYwD96e85Eb
 Supplier#000047758        | MwulhQ0G,uinzTyfXQeMRDsSL
 Supplier#000047790        | ClC3IVdrfgoovP2P
 Supplier#000047829        | BOKNPSAjDVw3WLJ9Aj MT
 Supplier#000047833        | 8XqLryeyN8
 Supplier#000047892        | YoA1480V1XKHRBoQ
 Supplier#000047994        | UoWDLWY24cqBhCVwCVZvx,n
 Supplier#000048005        | odhhm14eZg92,u32
 Supplier#000048042        | F QuNTQH60KZOEviBuhtKUlVoaiEd1
 Supplier#000048057        | txhnXWWAV3p4n0gu
 Supplier#000048131        | 271xFaNsF44zOHCiVUkCnqSOyQeDsyG3
 Supplier#000048172        | z2nOGUbtCXOutxtms15ZuhVYod
 Supplier#000048235        | SDBBbJkLH6v6f6ju
 Supplier#000048258        | Ee8XwhMWket15srGr
 Supplier#000048266        | UWfbsgHS5e4P1 C0hcoBsy3Yq4r7Hn
 Supplier#000048272        | 2g12h plmEbbEdDC1NSm6h
 Supplier#000048330        | 6c55g3mClBTQbfR7MLJdQVH8OVpccN1
 Supplier#000048335        | X4DHI13DgyBZJ4X7AS
 Supplier#000048378        | u2ZXxmjS7i,kQbfg8oxHv
 Supplier#000048509        | E3iFMhzSGmCLc9qO0JQAq
 Supplier#000048591        | AEGDGu6Mu8pZ
 Supplier#000048758        | esV1m875qgf gPL00rFG,iqohtWGxxSV6n
 Supplier#000048840        | qyeKmU1FicFQkrSIjkYDav1wZJPqBbyL8em1
 Supplier#000048841        | ppxPwiPhJ0RtP8UQ19aWoWZ8 b
 Supplier#000048867        | N8czErkl8onEymPQWo bsH3g1
 Supplier#000048879        | yugC fSZn1G3pY0 
 Supplier#000048881        | QEo8g6We2aYQZsgl17WFh3GL8KL
 Supplier#000048882        | BVkKW85At9H4xPRHDjppkDuO4Ly
 Supplier#000048911        | 5ozIljN6AIvN,oGC0ynMLzd qt5B rXSwdCJV0Pd
 Supplier#000049008        | F0ZIAHvtSawGDyFvPRDIW
 Supplier#000049074        | tp6YX854rhloscqXxQLU
 Supplier#000049107        | a7axflHpBcml6ATcQeymgdL SbgAKkFsR
 Supplier#000049213        | tn6ADldRFByez1ZoWV9
 Supplier#000049474        | ByWpMebUygb
 Supplier#000049516        | lfm24Nohu4mT0DExGb,a3S
 Supplier#000049572        | LYYolRLxTfUeuF54zmEkc
 Supplier#000049588        | lHgGUyJBHflX1Ja
 Supplier#000049634        | M2xmICGs,OQNY4rzLI,PMwC9
 Supplier#000049656        | YX,sRiwtuUB98mJEN
 Supplier#000049697        | aOegC2hpunNd4YJdv
 Supplier#000049704        | Iu2uUJFat,Wkos4Mn
 Supplier#000049707        | m5PR1ChzCxsq wp6wpVS5SVZ8Tdij3
 Supplier#000049847        | Z2Ge71LkauUda
 Supplier#000049883        | xX9c5a2K7WN2tgHZK4WkqFfsAnr8lsRG7oM
 Supplier#000049885        | YIZakhkksfslirlJkVGLDsmxrfZOdjhU
 Supplier#000049904        | wlYZA8hotTqXTf
 Supplier#000049907        | ,VLgnPygvO2HAMljCawhUbi3mocIsTQvawV2cH 
 Supplier#000049966        | xdNy49rUKaXC
 Supplier#000049986        | wX8Vfyh43IRgnn0ni6uSe1Y4
 Supplier#000050033        | KupZ2tbklgA78
 Supplier#000050109        |  Mejl2aRcIFH3y8On2UCDwRtOnbK
 Supplier#000050136        | yQVzPYoYK4D1yyeC6lleA2
 Supplier#000050138        | 7DWs tavJEGkKUJ85tVXzMHFqLh6k
 Supplier#000050387        |  Mka,ezzlLqhQFHUnGb nYbGRUfuh7ndtuYzat89
 Supplier#000050400        | i9ICm51v0lRKihNLMhi
 Supplier#000050525        | UQZPVQYSyKf4bnK1t4rJgatJ6
 Supplier#000050562        | EekhBdXfnd3i9rk8
 Supplier#000050694        | Osge8FyT1ojJhCmoChv UjTahnVG902GDFK
 Supplier#000050834        | KDGEABol2AzDFY749V6jmtweWkKSIuVDD8wZldDW
 Supplier#000050844        | OQ7WLa508RyI7dKhp5 uMVH4mR3WKHrNIZsk5hF
 Supplier#000051060        | hfJ6IjfDo0547K37ZWC8FJM
 Supplier#000051104        | iNvnoG3cs2CfkyTaTcN
 Supplier#000051137        | Dfe97KsCW6 5EPhdiNhno09H,0u1MwD
 Supplier#000051178        | qEMVsAvI3fR5Xvnxhvt4ZRJ,rC6yFY,BQxH9,d5
 Supplier#000051303        |  ,MPtyYCPfA5cF4PYac
 Supplier#000051413        | 2YmG0kmOoVofBk7mOd6NUUAiZXw3w4cKVVY3P
 Supplier#000051529        | TQ,eQKGqvQ6JiodwZ2sB4hFhfvdANBTgQ
 Supplier#000051596        | N20MeuOo2BJiM,XA DEe08qtnQ ESG0
 Supplier#000051624        | pTYPJI6xBnz0B,3eHnmM
 Supplier#000051713        | 5T6,iIcKBV4KJPitz5tlpYvt9m0MOxujgax1HC,
 Supplier#000051793        | A,4zP4RjPCyvn7qI8mF4p 3rc8P56lz5TwNG
 Supplier#000051804        | ,9qw08YMPZuYFFmvXNSv,JDzQG98uxhUwJJWWt0U
 Supplier#000051872        | LdvU8d7iPLN7x0NuW,UAtan3yX
 Supplier#000051884        | HebZZq,WRUYP54aedhmTy4 0w6Ww0
 Supplier#000051924        | TjYq73zHqTipCDFRmt1gbpm4KZPGkvL2y1MfEY
 Supplier#000051935        | yZO0O5TEhqFr4ciCkUvv6bi6MNNs
 Supplier#000051974        | z0LnedZr0,U5HMbBgYMAoQfeyfM6wbsJEhsNMw 
 Supplier#000051981        | BaojfYp2KEcMFw,k5r,rkYexHf
 Supplier#000051993        | rLQpK7tXOFwFY8KCjxUqFqzpSFRFznlUOaoN g2
 Supplier#000052092        | nx0ZHGPQVf ApcAYpmjrAjRwR66flH0B6
 Supplier#000052161        | KM0jW0 4MY8P7Axbv6CrLOwoUo
 Supplier#000052406        | RDzkm6 SqLI3CQv9pVzSTQtWShMHpxB
 Supplier#000052455        | IOEEB8S5y4AobMkz0w Zq K
 Supplier#000052466        | ifr12xY5o4OFr5jDn0AS7TW3n,u8xao1
 Supplier#000052536        | j8mXq ErntAyXtPUas5 u5KDg7D3AU6U
 Supplier#000052559        | EIfZ3RJogfC,MeoT5PFh5mMl2z
 Supplier#000052584        | nv4bUJ,48adnQnfaOuZWRZbal1,ygBP
 Supplier#000052704        | k ,Cg0vnBRrybxl06UsXrvkl7dS5TKzixbOK7bj
 Supplier#000052902        | guKDUpGJaViB4DnRFtfsgZqTwCoeO0
 Supplier#000052928        | 8RDq3BNrs8Tz,5zQbARVsY2vjKDi2ZDa7HbLv
 Supplier#000052953        | gb9595BCHA
 Supplier#000053098        | WsoFZV3hWGbboYokyqnuUEAUm7wofINCnG
 Supplier#000053145        | NZm,Y3QZG9qSq0Yq3afUGf2pWtovsGdVb
 Supplier#000053281        | Sd,SdoXcVEkl2tOaqDfeJeEXFzzlKrEJB5
 Supplier#000053300        | 64UPp3NuQgMdABcrl0SCDLRTtpiqPYMujzerLNg
 Supplier#000053311        | 9c, sP6ceQAGgdxo2znxNI3NJa2GIrm200SYc
 Supplier#000053407        | EDe0ZUyi3JW18W
 Supplier#000053430        | oc39, I AxzaTbimfoaIuLyz0PgyXQ4OH9
 Supplier#000053462        | gyfNhEQCdxyvPo0Vj01RTfGT1pThA
 Supplier#000053463        | 7Zh3jL0a 2e,81ATVevezy57HyHN,T33
 Supplier#000053504        | AQEseBuMJ6nkl3AKHkjeH4JwPXzezXwq,47
 Supplier#000053550        | KRPM10MfK34T8l
 Supplier#000053563        | lg0nBd6,3zg1OJGbCcoeVj1oPd9g0
 Supplier#000053569        | ELnCVXjBgUKzYX
 Supplier#000053571        | 9Hgjp6wR3hnC tacrqVr,umM8NYu
 Supplier#000053612        | j7ObHXA0seA6CvtMnKlocL6b
 Supplier#000053655        | 6 n8jj44 Vse4DkNZCIAf3luLjT3FHB
 Supplier#000053786        | nDICX6E10xMzbKdsJp4xCWL,a2iPaKpADC1h8Mi
 Supplier#000053818        | SruVk8L e8tiol
 Supplier#000054009        | JjyrdiIBeV96Ymhw2k6zVypTeA8sX
 Supplier#000054146        | YEqKDavX0XDKncsC oKPGBQt7eNXCHNiCbKZA
 Supplier#000054201        | 33HTScTjS7a 65eokYZt
 Supplier#000054219        | 4nbC YvioHDw2yu
 Supplier#000054243        | rhRS2L8ldokwEEkhbzi5CxvjaCqMW4BZ0JHj2O2
 Supplier#000054248        | LxiTmUKr9o,fXllA
 Supplier#000054253        | f3O6GiIl86gr XSXNI13
 Supplier#000054295        | E18gcx8zGuLdgnZVPazcvZ7
 Supplier#000054409        | LIp8UbaYodAzR kaIQNpJe QQUUiY5nIsKz
 Supplier#000054411        | t jUl,x62Xhv61cq
 Supplier#000054506        | NpAtquck9fLNimnS7cxvARwR4dQqI7sQ7xDUrxgi
 Supplier#000054548        | 1IoggnXh7,VR,TgplD9DkC8,Twz9
 Supplier#000054625        | pLYEVZBHoy2CHF3t2XD1sa 
 Supplier#000054655        | Y T7VP,IqHx8gAst9GKV
 Supplier#000054695        | 4KxdV SdmR9WUj42Zng7Pax6tOirLqo,xfzlU
 Supplier#000054772        | v3Blk1ApXNyb5xjaKjnkAh30QHMVrwMlb
 Supplier#000054813        | BQKjoKXxSEXEhPQoOp8OW50Lz0fiDiWG
 Supplier#000054832        | Lqqcf8fAI4g4Adu9YW00V,L0RS
 Supplier#000055151        | H1F,GNwwQpT
 Supplier#000055168        | cee4eTaJNRXxCV1dk,y8SHexsrjzrqoa0kUV
 Supplier#000055183        | HVHS0jSAPzN r38pgkZXKbqUgI,WakxDkh4hP
 Supplier#000055243        | olOwv,eM8vGWiUSi5
 Supplier#000055249        | TtrAsbh,fEKIOKA
 Supplier#000055287        | quI XxO9ycyQQXsxDUtIO8X97a
 Supplier#000055312        | YUwynbKhKDHZSqnhZGyiO1E9j5slQ8 LXgJ
 Supplier#000055577        | HCFBhEPq21xRMhyQjwVF3oRVEfbytt,5MURrd
 Supplier#000055592        | yM7Uki,uD QnWx3gzHJ2LYoQP3JYJLdO4iYnlyF
 Supplier#000055601        | fkG7Fh2e0654MAzu,ySip,56UMH7
 Supplier#000055680        | 9RYLQcti1eN
 Supplier#000055708        |  Ws5kzdqLz5AoOYz,LW0YZYZektr7
 Supplier#000055737        | MXorh15VPK8AT,J0QszanAwCzvYKts0fVt8MjQCB
 Supplier#000055865        | wyzUvF,Sz3jKE52 C
 Supplier#000055924        | hM2mLX3lMH8qXhe
 Supplier#000056027        | cqnj,A0sDR
 Supplier#000056036        | SLuDA82JBEDhI
 Supplier#000056088        | stLKS9j2vuroIkDUECpm6vBXxIvH
 Supplier#000056148        | 3PaVe8rDIdqCCiaFJrxvZkTT
 Supplier#000056168        | OYEMgdWx3w5e,1,41a1z,5sI4LE
 Supplier#000056216        | B4PTGBFvNkx8Ep
 Supplier#000056217        | n JnnnYa6oahRCXTehs
 Supplier#000056266        | vlCy8PaS7Vle
 Supplier#000056287        | C xfcighU0wA8y,zQKXsrNlRkXSFja7X
 Supplier#000056430        | 9MQrAHTT4NYaHRx2oI9x
 Supplier#000056458        | Iqy3PD3g3dzh IgktVgJPaCCrL
 Supplier#000056518        | SFlfJ5IE3Z4
 Supplier#000056527        | q04W2zJ4p pIoDPCAQLplmB8DyLJeF44
 Supplier#000056570        | rWBqcD5Y vS8fBxaAuh03vG
 Supplier#000056628        | LKCsu7uE9JFrx
 Supplier#000056645        | zjo71kbO,TQyvoVuYL3RUX
 Supplier#000056661        | B M rsH,lmjkG9FMsuejIDguZ,VJy
 Supplier#000056709        | wSDvdUc5AKLCUTN3gOzXNXVCtE HEu
 Supplier#000056736        | sCrLQLhf 1bkXCjnRhguOcp,4J
 Supplier#000056852        | qUpYdcPLrTwDmL2zFx7DmsGpg
 Supplier#000056984        | S22N3,YVR7VPCSCRU
 Supplier#000057173        | gRG7P58MbeRNZhPT
 Supplier#000057182        | iOPBase5Ppr9f8X
 Supplier#000057225        | A9NhkzRI8aQNd1SAB
 Supplier#000057241        | 2XvG27L9gIPnTLHWINzo3gTrvJYVgi
 Supplier#000057274        | Oi4GiNJwPG5zs,FE7YxWQmxUhrm
 Supplier#000057298        | REV,dlY04cgGCnNvncPowYErNG
 Supplier#000057328        | 8L0OgKwqa4Ur8TatAgKqWioHL
 Supplier#000057358        | rAQRY4hRMbk6Uxft7Apd A4yTkZx
 Supplier#000057379        | 8RfyGU4eKJlMApNByVduSzh8orGsW C4cDSBc
 Supplier#000057414        | SZquaIKK,Va8ojVqJ
 Supplier#000057471        | ff8KiifnsmJFHqNTR381QCWHGFAnt 6
 Supplier#000057480        | 7uDvD3gVXa0naA1Y0s36,oVMLb
 Supplier#000057513        | Pa,sz8zKgh0FKR3k
 Supplier#000057716        | EO1N,zjwTFItFGsZbtse8xLPiUr7M
 Supplier#000057839        | Et,P0pTZ5shw74CdtEeFhkODH
 Supplier#000058059        | 3OGEu7hCHksHXWfa7R,7dwfrfhig4W
 Supplier#000058123        | aUL79x0LTlq0k7FYZQmBhd VTyplVroy
 Supplier#000058184        | E,fTzjJgL8feHSUATdZfJm1LrnXMOv
 Supplier#000058204        | Iy8JqYag59dADp2zV,KpSJBUbE2qF4YvCssX,P8v
 Supplier#000058208        | HCjFCAuo6nEN46dz4dkRuK PO0jGsOY78JKu
 Supplier#000058232        | sGztwn5z4NtZjp8jXMcKPWef59sWqzz1
 Supplier#000058345        | 0UHKR1sHQD6rLDHXsq43 jzZWp7 
 Supplier#000058358        | dp6C,8 40QkqFJAj4z31t
 Supplier#000058380        | et6 U2SwrSmphiqKfjmPs
 Supplier#000058463        | LpVCG9vYpZeMXxjjTvtT8RTuaNY9yQIX
 Supplier#000058504        | ues 57InL 5e4xq
 Supplier#000058516        | ziBioSjf5Xv8DS3y9ac547bYW9zGLYUbpXVor1V9
 Supplier#000058557        | oJ9lRv9KHHj4z
 Supplier#000058689        | wz36DuSufeVYP
 Supplier#000058711        | YPnnQ4BgNc4TSzy3ByBVtfO6vc
 Supplier#000058729        | gyZWcHGgzq,y,MxqgWBfhQdjSeJ
 Supplier#000058784        | AnpG,UPZitztNLz6lFjxHr8hNEz
 Supplier#000058912        | aH,5LaiyoRoHdjAzoYLoRZS7
 Supplier#000058970        | C3JuO6tQg8
 Supplier#000059010        | qAQTfRDJ,mvA LUOvIn2m8QHwU
 Supplier#000059017        | DsqYuj5gHhhurOWLUDOZPElVF8DkcZT
 Supplier#000059171        | BBYSe5tuiazqyWUUgEa2AB
 Supplier#000059194        | 7u,fv5YV wAGXQ,f1oiLC
 Supplier#000059257        | 1rjchA3q0R3lxV hft64uZhDWlKG8fgcmm
 Supplier#000059342        | 1TU5Ym5zxpu5f4
 Supplier#000059357        | 92X69Tok,XFge3
 Supplier#000059363        | p1NnkKN9hM8OCyfajv1dxZt220daem,xopw B3U
 Supplier#000059406        | 3BlWghYTzeDit2OOG5qaQHHa9PxJwooaJqVT
 Supplier#000059542        | OEprKNFHI4RRkIXSkc0zKTR 7A7E9we44d4
 Supplier#000059561        | 4ZVqqm,ZOjLf
 Supplier#000059585        | 3pogcoQlQxsLLTZv3ZbHXl2lW,Qe
 Supplier#000059633        | e7v2SarwTIDRTain f
 Supplier#000059735        | JdRt5EK88xFTlLv9oe3g71 P
 Supplier#000059740        | EsxP2bi WJpwtQsOUxnrDMd80mX
 Supplier#000059771        | hwhWjENHMN e EpYYDDNM2AueZDQh0LG
 Supplier#000059784        | pX,sQCObsi0B
 Supplier#000059864        | OWcafUEEa0uMO0Ilm3sK
 Supplier#000059909        | lq6UtQVF2Z,HXkKU
 Supplier#000059913        | nQiRX  VbmSgk
 Supplier#000059917        | EIKleO0S LsMMFvKI
 Supplier#000059928        | sk57UXRU5OND7tj67A04iVAhPCMEVScDyLb9XA
 Supplier#000059931        | EN7EnUm0YKxJTDY
 Supplier#000059935        | dzRzBsOjahGqAmFwyXWgEt4nJOl3lHKrgwcHBvWF
 Supplier#000059942        | ZSKayAYhyP2D1rmWfR7jUNdSMsR
 Supplier#000059948        | pQc2nUwlT2mrJpobtdKbv8B
 Supplier#000059957        | m ifTcV3lSegzQW04TXG KvB,8m3qmzUA jc
 Supplier#000059985        | 3H85HZuBHTwpcJ8
 Supplier#000059994        | 9peogvADG9t0a
 Supplier#000060127        | CCwMPso,HQE8DTU9SNO57AHM 7m2NR
 Supplier#000060245        | 6EK1mzgf6 6u1hynU2p 5by7I1 
 Supplier#000060271        | IhEtwrX 29IA
 Supplier#000060298        | 2N8vQni8W3un9Ys5XJBY90zL6
 Supplier#000060347        | wSi83kPDiSlu1t,oo1
 Supplier#000060391        | D3LB28X3meI
 Supplier#000060432        | XEmK9gstBNZezYh2qHKV9QAR23
 Supplier#000060510        | 8PPyKPWxry2oxHGh8GLTdm
 Supplier#000060553        | Gt75CNgZFLJnB4AOUtTq
 Supplier#000060597        | 5lLrXKcKLsn2TV2qAKhOsM5CTVwUsxGwK3Hjj
 Supplier#000060651        | 0wLGmfbydYraP
 Supplier#000060652        | D9zdef1O98An7Q4STXxofvPXWRjR
 Supplier#000060677        | BPvB0NxDJYPc,kxMHXwemie JmDLzF
 Supplier#000060709        | ALghmXJ38fjFpcdmWL
 Supplier#000060722        |  5le0OFz3OepUbGR0dd1NwkkN6bFmRT07
 Supplier#000060763        | OYu2nL4Ohd
 Supplier#000060842        | wLkyhT09Uci93JMoQS
 Supplier#000060878        | jb6Gr4w,yiUpUhzx9WULRmYrWgNSdGPpFP7sOu
 Supplier#000060879        | UxBSWZObC6LATesAjZJ8S 3HCEQ3
 Supplier#000060900        | ICSVj00q 8,aNCgU1vD,HrCHwjXk
 Supplier#000061033        | VM2BsJIZza6qkFJ
 Supplier#000061073        | gUxiXRd,2BnC9CqkXYdvX D5d8wVy2wj6Mu1
 Supplier#000061149        | M6D4yaI50I
 Supplier#000061150        | FK6SxuY9ceOCEbqcMevE9omv8jJpI
 Supplier#000061167        | nYDd2h 7,bmZ0sHirO3M1
 Supplier#000061221        | lYENgYPBDBQ7pHMYhmU0JD2akNFfVo
 Supplier#000061241        | lcPGOy5hnS0i38,e
 Supplier#000061302        | q,6MfBuMyENrmKFSWoHTfmd8hH
 Supplier#000061363        | ,MPcdTGJTy60
 Supplier#000061400        | ,O3xT3m8LMj
 Supplier#000061406        | pEwC6dGhJME5DzKYHuPPXHHF1H0b1PX6v
 Supplier#000061414        | hAtz6dqxIaBuBwTOYGoUebK1267Cbm vPb3bF
 Supplier#000061500        | N7fL2xq0j9UvMhugEFtd51QEEVmGxCQ
 Supplier#000061678        |  1BySB3 KtABDAQUAD9JPOO2 mzFOtYs 
 Supplier#000061711        | 7hogQfKPkwS7tAXeNT2gRk8eB2XoH8tXT81Jy9y5
 Supplier#000061713        | ZcFKxqHLOFoPsTZ25Xnq23cy4e8J9JWKKLVVwf
 Supplier#000061749        | EXehibllHGLeDl7ICQS0W
 Supplier#000061754        | 8s4WWeIOalns g9JGhiu PHxhBVt1E2y5n0
 Supplier#000061755        | YwCeZzKZFLAIQ2CnsjCq1
 Supplier#000061795        | FbtHBHevz d97uzpV0BT3HAU6Higo
 Supplier#000061870        | U0Rb7b4ylSXiQ S,QYCEc2E
 Supplier#000061895        | m3PNqNRm3m7G8CbOfKmi9Uphhk7EBM
 Supplier#000061928        | bn4YrtXt42D Hjze63u9nji,MZsnvy
 Supplier#000061939        | aepVy8AhQk1
 Supplier#000062116        | H570KY2B564CdaCblaXFwgYXsC
 Supplier#000062132        | blOLE6eXSeAxlC4qZw5Rx9 my,TWJjAdLMan2XG
 Supplier#000062157        | AY0cWoNDggHq371OnjizTjbtrS8d5bFOdY37sPP0
 Supplier#000062196        | DWs1EXiGkXJ,SQpLVX3j4
 Supplier#000062251        | huW714Z4j9es4ZLpZb0X3fI8
 Supplier#000062353        | zEo9sNs5D 1j6KqSrDu6xiFcm3,wQmoobE,V5JGm
 Supplier#000062377        | F6cAU8KAdl66ULzKnJxXeIooXPH80DanI
 Supplier#000062467        | nqJHTKW9gE,4
 Supplier#000062615        | hqqnUtlAoOv
 Supplier#000062752        | C48vj9,J0jcT5OA xAcc
 Supplier#000062846        | L1NDgN,AE5MGeUIrD4,fE fpXB3v89B,B
 Supplier#000063033        | ,nCDMW3bXwfWMXp
 Supplier#000063047        | 8TM2SdC7TV7U5
 Supplier#000063067        | ngMR0b3W0K nWirmwA 7mVcQoLjFhWhlBYq5k
 Supplier#000063126        | cbFinwAs1ASWTUukxHmPjOv5P9Fnyf4ZUNaiv
 Supplier#000063158        | QCZHE xcMyGQZfA2QYZ7
 Supplier#000063166        | 0nA2u2TSwT 2pM
 Supplier#000063210        | kDDlAwAMwk,pGYFX0NhGLuhAaGxwh2hxBP3VW
 Supplier#000063258        | AZqqnijByrbhgTqzjcTF0xwCavpTbdEOF7GaEuV
 Supplier#000063277        | 7s 7QEofNmsyeBzwENOb8 HUd6a1BFL11VA
 Supplier#000063359        | jwkbSb8GQYiXJgqgalnwzGOQevfKm
 Supplier#000063376        | UWiyBcZFqTMMLa uZpf6v
 Supplier#000063387        | jXLgUMjF x9CEyyLHytUywj3YGV
 Supplier#000063552        | fZ0C9gyjL Sv6q9xPmwAMf
 Supplier#000063603        | 9ELepYF28OurrQ4BB6RFMp00Be
 Supplier#000063647        | aP1SrFw YfKfTZMUyG SailC1PXe60iQ,, Ai0
 Supplier#000063739        | yIDM5h4bVIgCcL
 Supplier#000063840        | h8xHsXv0LJTu0j1v3FzBIdTTt9rjN3YsVaf
 Supplier#000063917        |  9DCWF0AwzRncn0nz7NayXitK
 Supplier#000063950        | sd32itiVooqH2OQWar8K3BendYQCUe9Z5
 Supplier#000063964        | u7i4vrg MtXohD3JTEJ48WEUShxAL5T
 Supplier#000064191        | ,iXUwCus9gjJBlwlW4H
 Supplier#000064243        |  z9ZHVrp,Pt2ILPDRu3yE1or0 Ok2
 Supplier#000064304        | pKmvuc6PcXeJ259SIQd
 Supplier#000064322        | Ir6Mug2kgLakoYb2whXznLKnE
 Supplier#000064445        | v0e3Bnkujn
 Supplier#000064454        | 7XsGbDzEX,Zp
 Supplier#000064481        | GFNFS8Mzv6BNQE9GESHa F
 Supplier#000064612        | 1GPzd8HatVxt9y1F1yyJululJ3lnh9zmm5KDuVL
 Supplier#000064635        | VK9a3yG16vVBbzCcnlY7mtVPWzLIz4oYA
 Supplier#000064653        | FRXkLtKPTd Zly50DuUYpgop1OkRLKNWea5t
 Supplier#000064724        | IPJF3mmeJa7ZbV
 Supplier#000064745        | g4QXuEZGjTdMe2VH0rPvOwgx,OHiSR2K
 Supplier#000064952        | Y5BZLnS 56d24ky2CtK2fYL8Zl
 Supplier#000065086        | luXJuglYaVwdlLj
 Supplier#000065150        | dpDbMe3LsA
 Supplier#000065192        | cCqpH7oDr6Ssf82BLxh2e9sT8taSBt8,ow8Jo
 Supplier#000065456        | JB4V0BThfiiAzx
 Supplier#000065477        | eAu2Esg,H9oRMn53tVzCp9vb8Jhp
 Supplier#000065492        | Ni6zmsOH9rbKPkgBccAc
 Supplier#000065681        | HYUIHY2Pgb,PMjHHwe2ZNZELVJMAw,2Bzw7lzmzR
 Supplier#000065708        | ZYQRBVIxmc5IqLK
 Supplier#000065766        | g1R5lrQZHMQ XDr
 Supplier#000065779        | vIpO9qQO pJHaDhB1yhb,QeZDa42HJiSeiIiJkYe
 Supplier#000065799        | D,W5Zut1e9V0wx1
 Supplier#000065825        | VbFOxqJrb5bQQtYdjszCN8RscqlTcGcPXt3QW
 Supplier#000065891        | jDchdwIDbvbG3LD1BYk yk7WXr
 Supplier#000065918        | IbPSdiHEDXMwEsnGgqp igd,
 Supplier#000065933        | iv4HgVeMeAsF
 Supplier#000065986        | g5r5rJtXaI7M
 Supplier#000066060        | uEHYodQXnNG9QCKk
 Supplier#000066124        | yHkMRO1VMi0oFYK7743FXe HaVYavYU15U4uB
 Supplier#000066188        | mokBnyB3Nfw4TfyaKydS5pdt5EPLCU
 Supplier#000066205        | fgDqJ5KZ0jt
 Supplier#000066219        | kz88g,RKY78 czDM0yTNYDRGrGwWpp2I,q
 Supplier#000066243        | hWFDLRdMw85JDslt8p9jnoSB719qpKz3QvU
 Supplier#000066266        | Bt5TzaErytpVj9YpQacohz7Mz98WQ
 Supplier#000066279        | tz0hnOYqDOI2q1XhKWtl72TNCk7
 Supplier#000066384        | cz3c7tH9TJzgTUrid0AXFCtpp6PlMIhJynTq
 Supplier#000066393        | AIGTz ibvVEwSdhIbpHgoQe9Vkywme
 Supplier#000066405        | 37Ll,bw8dEXUSOSMFfunJmB 7hmm
 Supplier#000066492        | hYNRJcoR,SVB9xwt55yxb4qAXqqW
 Supplier#000066529        | XzRd7MEjO6xdWIbSEoo9
 Supplier#000066597        | QH1VN9Pwk qGpQ6h0iFMEf1umN2
 Supplier#000066600        | 57MqHT9UmEGyfWVO,pJrFv,HSAYhm8od07jyYR7
 Supplier#000066622        | bf5S,rhj0qxW255Wqn4Liruya,ya z4kDdJEZElY
 Supplier#000066645        | O39uQvL3tZrmK51pbCla9 u
 Supplier#000066669        | GMTpHICUc2ErCK9GX9sSFJr
 Supplier#000066855        | EtG9cDfOP1xe8YgBrqW Dw3qJ,0FfXplByOo
 Supplier#000066977        | 7miIGmrEH1iG7OOXF
 Supplier#000067034        | jo 3myfC63NHtGYJUq4
 Supplier#000067068        | a,ocn54JQRYBJjlB5RPKGpPCuKB0NFPhUXND
 Supplier#000067095        | 0mSi9uBJ3ULZQ
 Supplier#000067154        | GiNU0Mo367POoz6QBc8S7mDB9nl2I,raS,bua
 Supplier#000067155        | DCBG1eRGFxkoFwgt7jpMJN9GF,uzoFL2re
 Supplier#000067237        | nfheeVVmh5 p3qh3
 Supplier#000067300        | 5D9950YSZAliMnyJ81ggM2lquYc8ckjd0ZX4KxD
 Supplier#000067373        | fkDYqSvmBJxY5up4msKI,eAX5jb0mDLRj8F57cm
 Supplier#000067457        | CJX rLQL747iKFiZbUBlxHNOoqV
 Supplier#000067469        | sACVbeMmMef
 Supplier#000067472        | oTtaQ6dYHfA,SXBSmmkXGVaW3FOMKCyAM0P
 Supplier#000067642        | dAT7cweLrFY5Ilu8hQPl3NwgAZVQg
 Supplier#000067756        | bQ8mT0c3EYbf44CgrEPsiWKF5jXRftiqjAKj
 Supplier#000067858        | aUzwn2uQMCfFuggUzxznMVm2NWUv
 Supplier#000067894        | tWRRAK3PiE4Y, bUUVmxT
 Supplier#000067905        | Dsx1U4ZzRZ6a,vFgZL2R24EagN3uAqJNMTA
 Supplier#000067995        | PxiAs2mH 4j
 Supplier#000068015        | uaIXNdJlTzfungw1P34FC5g5guyK3jNk1UWKaR
 Supplier#000068022        | 20LKQUPlBe5XLIR0NLeHtQpHoKZwPPqe
 Supplier#000068028        | KsEfJemTdf
 Supplier#000068082        | R1OXmpPAXSrY
 Supplier#000068112        | bqBCq1NxnladkDlTy7ieQRjWSs4xrTf2i92gN6v
 Supplier#000068126        | 2kRxSR76ZpUCPU1mFlFS0zwuftM5Q
 Supplier#000068129        | lEXf,h89,PuenRMY7mdW
 Supplier#000068176        | XeRpiJd9M1nGKFgW3
 Supplier#000068231        | vZwFvgUQUlp2cT8a26xrY1tSf8kDDGOjVNV7Dy
 Supplier#000068307        | EwvB4QMLsoS0FdEuU4k1GPdi
 Supplier#000068326        | cvahQjN3pJtScMRKdRENhmgsbyu59EQ3kYgO
 Supplier#000068341        | J254Ocwa8PZmaZbK5iiMtrvcTGcyhoqr
 Supplier#000068350        | JRM1lThnb6wileiBOGTMVvSSs,Hofj
 Supplier#000068360        | T5weKrf d9L7aD9IuSUgPquocvwfsKWa
 Supplier#000068412        | njBIQWCAApR jWt1rKh1DvrXpkOcoc,rO9C77Sy,
 Supplier#000068434        | KGSHiJBXi5
 Supplier#000068444        | 3D lXl g55DaL1DUpOf Oej4Nwmim7iU
 Supplier#000068461        | zOiPO2gsRENfQPn312bOxwwZlVzUai1O0
 Supplier#000068706        | AgDo9wPnPyE3rrCiemuihTXtvDQquNlXQp
 Supplier#000068776        | PRvsAVnLMucXkmsbF8l
 Supplier#000068865        | gRCRkfbmqkJRuQiodNUqxdlLXtegiTSh3z16,2
 Supplier#000068874        | YeSXYGIQcV1DFI1xr
 Supplier#000068928        | ZAJw4K2OGJ8x
 Supplier#000068966        | Bla2CXVGDDEN1BkEgmwe9mDQgKPcROq6Fxu
 Supplier#000069025        | DxlKpAYIYtJU4MVjkhZIB D
 Supplier#000069078        | 5 D7 zwnIgkByTUmZT5KrtU
 Supplier#000069087        | DtL8hXfLJipQA0PmsAf7GtNMdTsaWd6cxQG,eH
 Supplier#000069148        | X4hSlPe A t1Id55JmFh
 Supplier#000069197        | LptDQ,Rk1kb0Nc
 Supplier#000069224        | i1KkEaHR74YS1GF85aU9A546
 Supplier#000069236        | 1q6qGoip8jiY
 Supplier#000069276        | 9D3eRr,xqAWklkqm1BHhrpEPlDCfzPBuHqjpJi
 Supplier#000069311        | WSLIrxsHYexUNyGRrr ZGWFwgNS
 Supplier#000069364        | k3gP1kRhz01Xb LYaYVJQN4mXP
 Supplier#000069445        |  EcUeU4ODeuK7YWHz0XK
 Supplier#000069507        | VXo82r wgEwXUo
 Supplier#000069529        | tD6NwlkBG5avyrXuL
 Supplier#000069537        | txaGipBjo5GO23
 Supplier#000069573        | PKKLVYQPan7f1WrYEz1DHt
 Supplier#000069614        | sz25O OCxLUfjsd1qL23 ,YQ8viWFkIJKSkEfenW
 Supplier#000069615        | 8i1QUeBZzik9AbBeJK7GI
 Supplier#000069646        | hBIrOitpzN53
 Supplier#000069760        | 4Sg0vsPDbZmxycy
 Supplier#000069871        | paQ,2NFSx8GZ1yRvSJ
 Supplier#000069940        | 2ab082tOMAr
 Supplier#000070018        | Tmmu7aof1Ouf
 Supplier#000070019        | oc9IQdqe9yGe2C 16qV6
 Supplier#000070026        | z3CpF1LjvGyHA
 Supplier#000070030        | gwZQ6wk5M8UF6HhrXAblCZspnuwX8tMuM9o745xJ
 Supplier#000070063        | HpCu4IS8Y3ffq Hi4mBdAGXHgetkOb9p11iaHKka
 Supplier#000070127        | pyhNmoWqrH
 Supplier#000070145        | ZFkJOCBvR9opgA5NQQPV fXBa66nmTZ11bTr
 Supplier#000070249        | 1OrMu94KV7s BthiiC
 Supplier#000070258        | 6oRJoOWI9SDTKYoj0ZE,AUYpBKGoeI8
 Supplier#000070263        | Q6kc7LjbPNd7K5 GIbnuUJ3
 Supplier#000070274        | lVHDwat6FwwEf5gUHnghRcc0y4TY3wW
 Supplier#000070310        | lABLLfbi GWy1x5ZWSszes AOM3H4
 Supplier#000070424        | t5R3mlEeLbCu5mB9vDTMfk7
 Supplier#000070436        | QFj1ZXXhk9o0oRHmS9qWHAyk
 Supplier#000070481        | uVMDpiaJb C0b
 Supplier#000070550        | eDFD3pQziHwcn0Z7whbhdJ5xCIACAyNcr
 Supplier#000070566        | cP7C0ZQlQxBGcWZF2a,GfSXAm
 Supplier#000070588        | 6ANcc5tCRN5M4O gwO
 Supplier#000070698        | fOetjt9IpxVvcvAFZbbza9LReiXNscVIL5uNk
 Supplier#000070716        | fV2x M0a3y73c
 Supplier#000070778        | sgL78rRFhH04UbkPZ5RZ14LsKF
 Supplier#000070786        | qdRjcwUR0LquOgMksOY
 Supplier#000070805        | CFESf25OuvdaGSgfW2CcJRfMxJDCVb
 Supplier#000070819        | kUa3jGjdyAC7BkVP3mBRqU2G
 Supplier#000070870        | wlwQoSNFZaspeofk THy547WTyJ,WFxSjsMYplA1
 Supplier#000070878        | ,Xf,fBukRFuuGWu9hbmar 0E5rOokkRtB
 Supplier#000070899        | bP5do4z6NlQowloWPmHSWwzux2 n0vy5RGp8lA
 Supplier#000070922        | S9fIsPZyBGzsqHnmlWkgjvuE
 Supplier#000070934        | Ce8BUEmPVbRVxa3OVvh2tD7l1Ojc7hUlxMS nU
 Supplier#000070976        | U3erifgu9FkBTCtG7k0lIhC
 Supplier#000071011        | hAgV NrEo,eBZDxY zegSEUwu
 Supplier#000071012        | tCRbIN6LO3HQ0ubK6fJRCdM
 Supplier#000071084        | QxyAsFswe6Mv1GbxhWlf,9M07
 Supplier#000071103        | hFN4eXKSjcxbclRiOzMRLAI
 Supplier#000071146        | 0vauUkDgjwSn7PxiG7XX
 Supplier#000071410        | hFjAIAL,dwm3IyWhY8AmpBfjOUhDA2seJPC
 Supplier#000071460        | mRj6E8px6ToLaGTjszlgOvq
 Supplier#000071462        | WEej2o6xI7alff25OT2Ll5Ih65ke
 Supplier#000071511        | FkPm02vq6DUh8lH5 fMw,saJz5CZVKMI5g
 Supplier#000071543        | vyHqfeniBGHOewje9 g
 Supplier#000071566        | U37gD1YdJumdhiWs,4AVE3I1vm0mvTIZM
 Supplier#000071614        | ikAZc0nIU6 8KR
 Supplier#000071621        | mQItG,RgK8JAjPOKRj4IP9aV6hZi0jL2qRNZH5
 Supplier#000071643        | wrW 6pSJNb8r
 Supplier#000071647        | Q600eJx,rypVJ7AO0ALhVJL7H oIeFiEcLX1HF
 Supplier#000071668        | YCdxHVoP06pLRY0CLpRORTGBjQhr
 Supplier#000071710        | fVjCppFwtyEer
 Supplier#000071767        | 6O0ckufBAuKaCtz62OoQUvF13EPq,ERdQsdVP2r
 Supplier#000071821        |  8icjI63JZO
 Supplier#000071845        | ,cl626N0FclsxOH8 jjeC7LRKFMtmjHInAL
 Supplier#000071878        | c6ARfzmV76j7OH7NnYy5ggHyvSjsjfCHxKV,F9V
 Supplier#000071899        | c5nlgeIfwp DFXy27,vE4LeReC
 Supplier#000072036        | lJAp0laC10g
 Supplier#000072224        | 7Z60E6MvBrHgiwqB2prkuHPcA007yakifs3Y
 Supplier#000072266        | t,ppbtEyTX,PMi gger,ilbX5zKY3Znchb3f
 Supplier#000072505        | 5Fxq2q5IX3mLyzVXi3XbMvw57O4NoS7
 Supplier#000072525        | wTL IIQ4xh4tMY4lc
 Supplier#000072605        | VRXSa39OeGe8coW4b2
 Supplier#000072750        | 0nWzN8yiUTkk,McPzGFrRu6l
 Supplier#000072756        | 5OohrIqc7OH1R
 Supplier#000072776        | oOFX4bClco3Dw,f26MgKUkBcs,SP Ltu
 Supplier#000072797        | 9HWJlNo3Yn1tt4yVLGi1Ie
 Supplier#000072834        | pLbNeZcdIs5y5BzuhQRBIEYv9CTgSDkq1O8
 Supplier#000073070        | cMcZkKF5bq3foYl
 Supplier#000073092        | N2KTUXb3ay2ULaYrRgIlpi0 xvx
 Supplier#000073145        | czs o8gp5b1QlFQ7
 Supplier#000073180        | I9gxkWGwoDdvGKXY4d5dq3cIh
 Supplier#000073186        | S0SQRrl02VepUA 0La3sg62X
 Supplier#000073283        | Y13X n,N,kvlpCY0
 Supplier#000073324        | VFrLnvftNKl
 Supplier#000073333        | c0p4h2KZ1oe K1LMS
 Supplier#000073590        | fjNryvboRJJmK7
 Supplier#000073600        | TQVatoVmyuGHTJgfKpG8
 Supplier#000073677        | UqecnJnPub,1YaaZoix2m0n OVSq
 Supplier#000073877        | UJMxCf5ebn6fYu3dM2zRfR4HHeNWHFRe08ZM,
 Supplier#000073905        | rGnxy,2bhEtXU
 Supplier#000073908        | U2Wwxd8OMcyxG
 Supplier#000073914        | NN4w47GKa3
 Supplier#000073979        | npyAM96KGTvmQsA
 Supplier#000074011        | ypQOG031cUKzTB2paHeME9qK8kUlXp7
 Supplier#000074030        | 5vV7UE8QfdSuJaTtIEP8uEtQVH
 Supplier#000074169        | jdKLNrtcYs l1jaMN349aM609h8lMVlqGzL8xet
 Supplier#000074193        | g87CJ5Z61xvjndFc5Yy
 Supplier#000074297        | I9Lh2w60X3,
 Supplier#000074331        | BzqRHTDTS5Ti
 Supplier#000074475        | flSh6JvCpYIzVii
 Supplier#000074546        | opj1BlTGcw hknzU6dd0SvaIbfUNv1WhiJ43ws2n
 Supplier#000074561        | DMHEbGgoIO0O1Z
 Supplier#000074598        | 00GH4239gKSvVSSR
 Supplier#000074649        | Ef0jYtibA9KanS1SU, MXXN9Gw2uzpl
 Supplier#000074682        | 0xt2xv74ldX
 Supplier#000074711        | PGga3TCvzWImu5BherBC0tXRrSwyYUQWwNfpTYBq
 Supplier#000074744        | c2csgsTesq1P58Hz6sJ0ecSlzsNBg
 Supplier#000074760        | GwuPM8vlTbE,siS8m
 Supplier#000074878        | M,U4nV8nq9n7yNEaTSslwKTlhNs0DaZw4eg
 Supplier#000074937        | 4xXmlF6bJXAQZA1e4 
 Supplier#000075112        | QaaiL44xHLKjKuVlg
 Supplier#000075141        | wsafFzC,,OJ,ErFvppM
 Supplier#000075164        | XpdI4CuirXsc hy5gYSN8R8
 Supplier#000075212        | QkY8dY1CwG9gME0yE35p cc1,X,REhc3dF7
 Supplier#000075227        |  LkGInosocPiY4C ymX
 Supplier#000075233        | 9MBheb9KrMx6
 Supplier#000075362        | Xx3sJfH2z9
 Supplier#000075367        |  pRfONyNm7h4aO
 Supplier#000075371        | Q6Ph1k4EaI UFB5QxJbJL0QC9H
 Supplier#000075373        |  n9Cqfy9duPbX2fhw0bdN 
 Supplier#000075489        | DGHrsqcONIwqZxSQPudWbY0qh8PZL6aDB,DBC
 Supplier#000075633        | 7KXp3FnOsjUS5RLFVn0dG,D8t
 Supplier#000075751        | DNjvU2pj6dvLeeND0u5S6RQbYAoeEL3Yn
 Supplier#000075752        | jTnY8Fk,9IXV8kqglHNuDo,niNiq6qrSR
 Supplier#000075788        | j7xBLHG02j jf1Q7Unqo3clTQ5je4s2UL6p8
 Supplier#000075854        | e8FNbrEil ITVjjsiYcketONmHKVB
 Supplier#000075871        | PRdKjUROvkcm
 Supplier#000076007        | eSZyeNkjF4s
 Supplier#000076022        | w5ws1bm2JzpA9FeIv
 Supplier#000076075        | 0iJuYyQRbfAfyIN,uBWj,nhS8iLKOFcoI1W7IFO
 Supplier#000076232        | lFVrUmz1ai45At66 gP16 PE2wyJFPYBzz0
 Supplier#000076351        | aDPD1Smpk7WdZeYi
 Supplier#000076479        | Zvm7jpOxAK 8ZfDeQ
 Supplier#000076566        | E4rKqgrsJr2UPF1mX
 Supplier#000076638        | BuZo6Gjg,83dqjrg0l66F
 Supplier#000076831        | 5Hm,BLxgv71db
 Supplier#000076892        | JFPHUP5XVE6FnVPCOHqcXszHSy,3i
 Supplier#000076934        | 5txf8Fppq 0Hv4gGhqtcu9lv,XwCF
 Supplier#000076935        | WG89IhH58VkoGey7KXxXagSkS0tM
 Supplier#000076945        | brTMhA3 o29GA 0n6yx8dgN1uf0XOBbHuihApuUb
 Supplier#000076946        | 9bjNygEf977PnGc,LOVhze1LFKtiiD0M
 Supplier#000077059        | HxF5MfbPy6ZmJOwvLej
 Supplier#000077101        | pzc5q9EuzaRc44G
 Supplier#000077162        | fp3ub53kd1WhLbfPTLOnX9kGqHrVU f8Xv r
 Supplier#000077173        | w6N8Bt88tcDaw2QBP3d QFABxX5hJsc7IaVnkVc
 Supplier#000077185        | GbV91i8dehIbRpEM Tz2P1YttRSA5AIeGsvm5vsz
 Supplier#000077247        | UHPTh9eSnx
 Supplier#000077359        | QTQPTiksOX7UfhEEJt L2J0WSmWQUE5xN
 Supplier#000077393        | MWx9nLEiJ7O8g dCxP9G0uA
 Supplier#000077408        | 3VZa1XDWdGDRTD
 Supplier#000077423        | o84VuKiNiyIS
 Supplier#000077429        | Gy0UGYwgY7d0XWCgxmaI7aQvUDzK0mf7O8
 Supplier#000077623        | IqNlYZp2G JLL4yE29xgAWidKObpBcDkCvRT0p
 Supplier#000077672        | 5q07r48YWcHEeMkQ5yZ
 Supplier#000077723        | eOTFErLfFYnVNfxDGT2WV76ONh
 Supplier#000077770        | itqD38BYWEke H
 Supplier#000077782        | ePYEnuNoDdEUE5E,evZbGnmX6R umih3
 Supplier#000077786        | G8mlekJYC7yib
 Supplier#000077826        | bWIatgZcyEnFHXkIABPfiBO1,GW7lOe,6mL7i
 Supplier#000077844        | Z7bQeC2mXIrC402h aXwmERVnTVv wF7tVgH2
 Supplier#000077861        | h 0F1aEKVZAWuQPmnId91yb4K efLN
 Supplier#000077903        | hP8sKpVkf6K4LXy3nFP,bh8wuHn
 Supplier#000077949        | SapacS3KnY8ru7 Go 
 Supplier#000077959        | IDIet6VqN250cT6SGBndEg
 Supplier#000077967        | Fz5rLEamgpw53I
 Supplier#000077999        | RqxkEpHfkcVGeAobTDOoj0ROwBY6GeZwn
 Supplier#000078069        | eYukYKusdewy9NHNm0CA2Gr
 Supplier#000078153        | q,kbiyzjQsAImyNDLoVrme8X1
 Supplier#000078235        | Qrl3PvvXMnoOJ4YDtQuA,XQ
 Supplier#000078364        | KwSg7XuMxuUp
 Supplier#000078381        | Uj674 vda QIqtQowRi0
 Supplier#000078408        | Ed3V6zhKxRVF
 Supplier#000078456        | uf4NQ1SSSJv4gJiI86ZK
 Supplier#000078471        | V3tBeIbEpkGUX
 Supplier#000078515        | Np1Mlx,lCXbHq00rU
 Supplier#000078535        | XJae,ZcH xnK0k
 Supplier#000078572        | bdZ9Al9NJtwzJNDB
 Supplier#000078610        | yP fEKqseUtrJ80mmCoOyhs55
 Supplier#000078619        | yhM HTfN7H3f sLDUDKtOIMt9dXKFFS
 Supplier#000078688        | avtfmrAv8Re1suLp
 Supplier#000078692        | J8r74bIcCUCmFU
 Supplier#000078706        | o9dzvLSlhmE8y6 LdaJKSmwX2h8hlv
 Supplier#000078770        | kkt0sm60jXPO1,x7vc
 Supplier#000078791        | Ls9uAQas3gX1uqSFuc48zM2E5jztnty
 Supplier#000078850        | ,TgWV,t gxlcYo6
 Supplier#000078881        | YPs TDHjeHPjGmxxVs7a 19VFGETnacI5
 Supplier#000078907        | XgvJWOOokIMK9,
 Supplier#000078932        | Saa72zNC,A,faFB7NDE
 Supplier#000078992        | O8BXimEc3CetXITBTsvE,khq23JrX0ah
 Supplier#000079012        | NhqXi25NoRwX67Bp2ULkyqxiOFXY45
 Supplier#000079024        | LuYiLKGjf3,60VD1rEN
 Supplier#000079033        | LKG7Wgs8MuhBKvTZFEco8JhjyYUB
 Supplier#000079047        | yDxtAi2qGH2qa2WKQSVPCKYtgg9w1I
 Supplier#000079139        | nXXNjlxdyEJzFcn1J6XZs6u8qolGoB5tUrq,Z1
 Supplier#000079285        | dBP3WOlsED
 Supplier#000079295        | kz0PjfWQXZHqkQrDeG4fI2aPkyr8Uc h
 Supplier#000079402        | C3wiPsrhwBMxW0Adgtgn2K6NyiVC6k
 Supplier#000079449        | Ye38RCt99XS Zj6bM,lD
 Supplier#000079495        | TSZUXv91Juk uK6Ja
 Supplier#000079508        | MQp9ivQNwztAV5Udh,r0xFX
 Supplier#000079580        | Lp6 QzOhdrztPZ
 Supplier#000079665        | 0d4IGohMF7LZ5
 Supplier#000079753        | XHAz07WS12QD,4VRBTzQwpwByUy56JIZaq0ZomUo
 Supplier#000079812        | i5fAWVLOrKnIKRK
 Supplier#000079828        | L27mColwjvg
 Supplier#000079901        | wkjvMK1HajG1V
 Supplier#000080027        | jJO6YFU2U68cKDJhAo0cpAuSTjR
 Supplier#000080052        | y 7Ad,M6CeM
 Supplier#000080078        | BRUC9C5J9edr,AqTyYNJRXg09Nk
 Supplier#000080193        | Cj7OxPDI3R0oR593Pk
 Supplier#000080207        | NCA,4r2LLmzD8nseRes,6iZZeOYYlWff
 Supplier#000080272        | NExPva4wMqrewrYUbEG1AyIcHWUibZeMDh8
 Supplier#000080466        | Bfg2ELhHSeaHAc
 Supplier#000080521        | B0ohRVz1Tca
 Supplier#000080570        | ,068EbJEzcStoxBgy8w8UAoxJUS511elkI5Xne
 Supplier#000080581        | G2L0qhsc8WoFiW N9Oxe,3c0exGBvjPbHB
 Supplier#000080685        | eF7hkxAsNrxKXLsQVwvVIARYEWr aNh3uBQ2gG
 Supplier#000080801        | ITuQoNtU15
 Supplier#000080822        | bVkoqyhSqF98qEPdsfcBGxPFoxiQ7l90gWW
 Supplier#000080893        | yqBX6Gx,bkl9ynpfn
 Supplier#000080897        | Exq3sgcSF4K0J3kcp
 Supplier#000080908        | NSQi1xC71WU0qSyZXug4
 Supplier#000080958        | byaEILdhdlatJzfJ9EXJLDPqSm0SP FpVo
 Supplier#000081177        | P0HSRF177qTJ261MKvSpDuSMXN
 Supplier#000081241        | H0cTJpX5qAofOeCPP9NvB1bNGH
 Supplier#000081547        | VX,Ikg7gQWVJtqt6S5RgC 3YHIm2QlCEkYq
 Supplier#000081615        | LCXS6LQBgedFG7G6hnqJi
 Supplier#000081804        | zNXUkWHXaZ
 Supplier#000081865        | Lr 1CJzL6dkpLUESA6
 Supplier#000081871        | 8LujU9SKLFWLTDCGw
 Supplier#000081876        | UEBNBJ005OeiV5BpA5dqpSqQyqa7yVlzW
 Supplier#000081891        | PvNiEPuYa5IIyn1D0ctdHwRXGom,eULFcufI,Hg
 Supplier#000081954        | PrQy6xWmZAru SqZPIbSIOLKAhQmVxl
 Supplier#000081997        | fKIQUx,eZ8WZ5jfKg
 Supplier#000082138        | NNGU5ZIwrKOi7IxDdmmextizeGv35lRUJoya
 Supplier#000082140        | 5DMwTpBh8CVTQ5JCyNa0PHsuhgHV2
 Supplier#000082191        | 1vKdI5pULOEjBKIyeKPJvvg
 Supplier#000082265        | HiXQGaPcHyZMjp
 Supplier#000082285        | yOIdBxIPSr0GrOwI9RCyS8GYd Uvb,Yn3B Yr6
 Supplier#000082453        | pJeeMW8TXforIVWgOKK
 Supplier#000082477        | e32IQrXqQ4MpIRDoz8dSBx11qXLpS
 Supplier#000082561        | wtzYyD,kGip4fmL8x9fv
 Supplier#000082585        | Q9HmMgv8AYOt6oy0XS9C2MH0iTAZGQG
 Supplier#000082604        | TyZYpOeQOydS,vpE RWx0adTHNuX6syfPPz
 Supplier#000082610        | 9jkhIMRGEu9RSWk9tE6SXgxLN6u KzH,pi
 Supplier#000082649        | fuoWrRCDn7ruOHfnxT1,2t0y7o46AORt sitN
 Supplier#000082691        | V1nkBnJNGH6KElwqcb
 Supplier#000082725        | QY lq2sCuo90M6gfp
 Supplier#000082732        | yxs1FEVDExrzXS
 Supplier#000082735        | tzbNxpj8T0s5ockUuT8ZD3RDePkJb8TInN
 Supplier#000082741        | C7 xh8L6k5b94Uy,G3KSss
 Supplier#000082760        |  5fzGH3WeNhT2SH6h5lGgkbqICfNhQNPwxhPj1
 Supplier#000083070        | mFNJ8J2aVS9Fdz9uJMnZY4y3mPl,EUHYTT16G
 Supplier#000083152        | 1xAaheFY1OXCpC8E83Vy08fdVPDWZEy2qv
 Supplier#000083161        | LeK1ugm7qqDRy,,o2Sp8hSc4,
 Supplier#000083186        | CLUSmpYaxNAk
 Supplier#000083190        | 0GB02xayGHvTRosy
 Supplier#000083203        | aYVlZp6gIJMGYuIACIouitMOGzT,0Ec0q85f
 Supplier#000083238        | dVzJBNP6odkbbDQCo5f9rU,eo
 Supplier#000083250        | kMrYbrgM7N,5fom0eGzR
 Supplier#000083269        | nYMDVJkBnGqe8
 Supplier#000083278        |  tZWykt4gP6nI2DdP8mvXZ
 Supplier#000083284        | cVBDf62U1MEjiDC02zv4CguDT
 Supplier#000083289        | 55omwPvqdkSRmEeZXsMevlbFsp
 Supplier#000083338        | UJhZooCIyaFuWTxxBHbIxYQIqklFQ
 Supplier#000083459        | YJacaNBJm1Yj8ESKzI5iaF,ZpOmk,I9
 Supplier#000083570        | UjLXkr5RNu2J6pVr0wOmEqbqJBt
 Supplier#000083584        | xdhePYXO9fZiaFpQ5TQe9UZsB5Re85hypNPn7Qfv
 Supplier#000083588        | LmRYxlmddUSmyHWHXwNHqv
 Supplier#000083590        | P,xMFR1VmQN
 Supplier#000083605        | ogrEdlCCPUQG6fEjUs Yj 8
 Supplier#000083631        | RbXwXt78tJHHsZyZnoyYsiXJfKga
 Supplier#000083686        | dLn97iMMXIX84NOwG6twNv85WpUh
 Supplier#000083732        | Ecl8wCxERG9sRisXNkmq1q9KshPdfxgtn
 Supplier#000083816        | y3cU3qqMcv uc4jtwFDNY0JNkyVVhj,qv
 Supplier#000083865        | jeQFL80YZ,RPG5I7F1TKcOoWxDmEINP3N6M9J64H
 Supplier#000083964        | ffde9tTnRMEFEUYHLXHJ
 Supplier#000084000        | ,B8AJF6QSpoMAq
 Supplier#000084012        | t3NepQxAVTM
 Supplier#000084017        | Cm3 HBLzHKqBGyudMMCAPmKZLAfd6HrhO,h
 Supplier#000084018        | TaMrNjsudq4PnQ8YhA0TNpdZwPpHMLu
 Supplier#000084151        |   y6OvfKwVl79mGsMyO3hMw
 Supplier#000084159        | b4YNfxZe2ejy,FHX37jejonzXdrGgGo8PW
 Supplier#000084224        | RJrQy5GE5ZQBI2Z,wImVxMJ
 Supplier#000084242        | Lxb,UWSbHZZw8y5R18F6ZioywXjqq GQBOjf
 Supplier#000084277        | 1y2etYEKVhEOLTpw26p
 Supplier#000084312        | I7MUJnnti4erttbsajqAx8putibaqoLinBY2O
 Supplier#000084489        | LmRacWHe8QnwPc
 Supplier#000084494        | OotuO6soS3,HQN4XqRP
 Supplier#000084535        | h24wsyQI3DC24VC3r6W08
 Supplier#000084589        | Lvc5rxF kMIumDh,olCWq,jymvHHKcski22X5OoB
 Supplier#000084593        | 5QPzfGgt69Ar3JZDbY6LuhQHN02ZprX
 Supplier#000084627        | YlJifgy58ZCgzAYxEseg7So52XcH3lu8
 Supplier#000084720        | ,Px5X41vRfFuebI,
 Supplier#000084903        | Hk1484XtSnOD4nCyRP2sYgr5Fem0WRC
 Supplier#000084952        | 8Pxh,6sY6kkepLK 1WKdRIlQz86Upc2Q
 Supplier#000084957        | B6vENM9XBH5
 Supplier#000084966        | J46uXO41d3nLglfT08zoUtqdL30t
 Supplier#000084992        | ClwAjFp9fu2
 Supplier#000085026        | vav2dmFT58J4R
 Supplier#000085264        | s8t94ZNe1fjjEkc T8
 Supplier#000085286        | KmAv3xkOargndGM4ai2aKMeJt1 zFnSK
 Supplier#000085334        | 6j907rkM9S0ECRBrb,
 Supplier#000085375        | S90dxmbsztsPzX5ZItyy3QfF80
 Supplier#000085382        | nB1vfcWXss50o3SIe
 Supplier#000085430        | rMucVzt4Az2oFRrMC9
 Supplier#000085456        | rGRLzy54CNY46y
 Supplier#000085474        | uUjkucLnQCsFHLLwX
 Supplier#000085666        | UPy92RAIooERGH1b9oLYOvekGF
 Supplier#000085782        | LEpZ2LWu2hVpr9zajKW0
 Supplier#000085790        | DipyVTSCvu6b,v2cjR6uvGAtov5Wh2Z
 Supplier#000085799        | hUCzPU7K1S2PZ
 Supplier#000085944        | cZy9RPERZ4kqq2mOwLA
 Supplier#000086031        | DmT bQRWa2tpUH55
 Supplier#000086049        | aHWDq9B5jOsGyypSOU0Z9EvdveSGLgD
 Supplier#000086108        | e8Tkr06Ov7NNDyKq3I6M,Zmxnm,PqUVsBhPjGL8V
 Supplier#000086113        | sHTEdN5sCNJJK1
 Supplier#000086116        | uuK2ukfC1yIfAClboWAdj97cz
 Supplier#000086127        | voPEZ9N9WnZ3b6
 Supplier#000086160        | 57M40VJSXzw4Xf62U,C33YlWX
 Supplier#000086253        | 3z,B,K aVo9vMJiCn
 Supplier#000086299        | Hg0GaqAshz
 Supplier#000086311        | EulODqMwd1Kuap3099f5tBoEb
 Supplier#000086324        | kbWdneqkK9ezKoER,6KwuV mO2,OSI
 Supplier#000086365        | 1tVVrj mcc,biV,ed9ZyGoGzIourmPrl39JQ0Ja
 Supplier#000086413        | LWhVIRhvWz1,3jrkkoWFZ YJf
 Supplier#000086554        | JKxGYikVFMhyxTWWlIJTKBl5N6
 Supplier#000086611        | Qk2cNZdGRRJZufg40CgijUY
 Supplier#000086694        | XWQuNyFcB1I6O7mdVxY
 Supplier#000086748        | 7SBW7fsgqRujBjEKX1L
 Supplier#000086763        | cWFiz7eq6Xh8KfSqmzx5T
 Supplier#000086780        | 8F3y1JqEJmnhBZOnmoP
 Supplier#000086887        | jpcjWX27sIvPjZL4qW6Wq6UqoE4
 Supplier#000086932        | h6Up5RuoxiCpa Xr69CXdiO6bqCK5
 Supplier#000086934        | R4eDMrzp8UoU Jc9xjrraPw
 Supplier#000087274        | 3yq2nOIx5WIu,oDH7l6WtBjkW50n
 Supplier#000087283        | bJYsKMDCkvxl,Pv7bF kb2a,Bpz,zj5vA6hy
 Supplier#000087435        | vHYM9FhG0wZFD hyw
 Supplier#000087489        | 0Q5oT40vyZ9
 Supplier#000087629        | cWymkMNzIHjVCiL3LWJFdT5dbCMD2rYH
 Supplier#000087679        | wKIZ7h6huB0B3smsMHOxQJCNf6VRvR
 Supplier#000087716        | Fb9yCqgjpSU6Sfl2bMgT3
 Supplier#000087775        | TVHWyc9mhHR56e,1zBxePNMhq0AjGNo4n
 Supplier#000087832        | hLMiHDkS7Sb29hNfSmrO3C0hlaIcSAvCAE2JXvl
 Supplier#000087870        | iKkns j97M6MIsbRNQRx55VD
 Supplier#000088039        | 7u2JjrAKav6ibmZhy
 Supplier#000088041        | 3caPURnvvLO2HCtglfvxSqiOiv18FqiCXwH00
 Supplier#000088229        | rYoTMctCyfVmwCbAFryOHY7fnUmlP41m
 Supplier#000088253        | sLOzm3POHl3ECqFzBbw
 Supplier#000088265        | mrEKwjJaD0
 Supplier#000088304        | 48PcR2WJcvX6fR872zUqaLYuZ
 Supplier#000088327        | jd88lDwqz9GTG6OL9KJw7sDwhBf
 Supplier#000088334        | VzEAGuFj5Hr3QJA Mk
 Supplier#000088445        | y8cyFHHjwT94VkHQGisB OLJfWfOi10bmgLIcyJk
 Supplier#000088541        | Yv6,cewI3fQk yn,jmMRuNpqpPhhF CRr
 Supplier#000088571        | oMZUfZNmj3YSu7
 Supplier#000088654        | 0i,kBm9fRhrer3VY4BypiwtYbVD
 Supplier#000088729        | DZEPXSOXWCa,lu
 Supplier#000088850        |  OgOm7rh2LxFAI 88,Y,PHJcKeEUWS0bSujoeBFd
 Supplier#000088960        | vrcXcRY1 jshk0rb4JbLY
 Supplier#000089003        | FOpplU,882Oi
 Supplier#000089062        | j2pczvgE2bggBwz0sNt5WblDhxgFjRfRmZ pyUxO
 Supplier#000089089        | cX1vYaJ Rv92
 Supplier#000089232        | fxHmUxsb5Sx8G0M4
 Supplier#000089280        | vrrWJ 3cwT jWYcgFcxq ,C34F8xWj
 Supplier#000089294        | 0I3FgARqNkBiKE4q,U1IDqSzf0rKIja2q0hpHDP
 Supplier#000089299        | JT5V8I3JvfWVcTi5X19AYd7sBsmuGwwfjKTC
 Supplier#000089423        | meVmXXGck MwAfPLb,3EUSz5mL3EfebcmCI,RlP
 Supplier#000089449        | 3aQJvEnw93RfsjQGk2v4OFZqNfro,
 Supplier#000089452        | 6VHI4J08HYjGPGeqAkmmpUES,Zj
 Supplier#000089460        | hvFEExWSkXicHGdsw9ycvKzJrbD7Hvru57W8S
 Supplier#000089469        | F3yhGNsG69zqfXTzb2PjHU D5
 Supplier#000089471        | a2aIjWMTASqDWxZyYIN03F
 Supplier#000089576        | ahZjinW95WXa3N6TpEu1S08bnMnoAFDl6z
 Supplier#000089727        | 9fGsZ0Zius8Em7oLu6
 Supplier#000089729        | pCHCZ7gqQFzKU0LfHNWXzdXXUWl9DNy
 Supplier#000090003        | dCSTFkolkXlxxV,DhSTxCxPWruWyuVYSJBGmaCv8
 Supplier#000090011        | FQyd76PRSQAWCrvKJd
 Supplier#000090012        |  HIzBsFeQHLSEtelQGudRNY8QEHNr5y7
 Supplier#000090028        | ,PBi3zcwibUbW4DnMHiAWkjGh
 Supplier#000090044        | b43ZzdGWmW7mch3o
 Supplier#000090146        | qo6xFu LiqWPSgPTpFPVxRLG
 Supplier#000090151        | VlYKFt31mo1wJJY
 Supplier#000090188        | 4,On MVPkE3DMksmv8PjtHrxv3MQK4h
 Supplier#000090371        | 1 QsW,Q2RhqhG 7Nb vLnkfnMH2ESdZ9,Ve6kh
 Supplier#000090450        | rmzs9ysj7EMQD3YQg,p69oqPiO6TV1JWZzcw3OzY
 Supplier#000090455        | GVv2ql Cb6cgO3l
 Supplier#000090499        | QCpcksQDs4AeACXCfnxZK74vG taOF9Fm0yYzjZa
 Supplier#000090514        | firWo,ggVttar5ITulwGNmsET6iwlbkRGgXeO
 Supplier#000090596        | MwlUolgc0UtHjixnMWMe
 Supplier#000090741        | ,ohL3OcRBUGkoz8aO
 Supplier#000090775        | yfoPtBzlaBarQy uz
 Supplier#000090815        |  jF8jBOOt7bcLfAQAbTb4jSGeh
 Supplier#000090822        | YUJUP7DNcA,b032je9ByYv60f
 Supplier#000090830        | oDvOZcPzS4IZpuq9buTB
 Supplier#000090908        | hJVUTww9HMamQP0cn9ANv
 Supplier#000090939        | WX5DoTlZN8TOwh2wTk,49vY4iZiUJk1,
 Supplier#000091044        | md2pw bYieZPA0ky
 Supplier#000091045        | KePRQR39eevLcIzzvdMNU1lepUcwP1T9lP2j
 Supplier#000091187        | dn5yY eeJ1bggqh8p5y5Wb7RUl
 Supplier#000091209        | PWXi,gj,,9Zvm83
 Supplier#000091313        | Xd8Z7Dk2wcrCN1Ms1cjd3TbVExJF4K5RqL
 Supplier#000091361        | BKp5rrowGC DH4iJ
 Supplier#000091464        | uHFHYhN10tg3PkNI2
 Supplier#000091502        | 7 1tBSQL5gfsetpMklW9Ww
 Supplier#000091724        | 7xVu,VLapfDGKpqg8DTuxqbNDcttjheno
 Supplier#000091746        | QRf9pi54zbne55AO
 Supplier#000091759        | Dc4CHjMc,6
 Supplier#000091770        | KEHkJ5e1qYrVlRWX,wP
 Supplier#000091804        | 4WUl6ax3uye9
 Supplier#000091809        | koJ3AWPM8QooZkkKEK9gbgQ0KSlEw3ryE8N
 Supplier#000091811        | SbPTU,bmgSa
 Supplier#000091813        | TR1cSLmKWSq3YgEVJ6hz635,w2
 Supplier#000091818        | g16rTVYK9jmJDjAmpvG7SH
 Supplier#000091847        | lCfqvEQtV 7CJMQjaw7m
 Supplier#000091851        | A6lTEbMMI7fcBD6t1l5fl2Kj0Q
 Supplier#000091879        | MQvrBqyv6,Ik242nR8ZMXMT5QUE,1tHHeORY3
 Supplier#000092070        | ANZiGN hC5pbeTc4Bdj0tu
 Supplier#000092132        | dRLdp3YBmIATDfcoiwUurlR
 Supplier#000092231        | ihZB0WbFFVJ uHo6oUg8kt bdX6cjpSzJgZYXa
 Supplier#000092258        | r30kumy1qm5Fw9cGs8v
 Supplier#000092316        | ajitjJbzLKqTnCRBwtLtVkplxsc
 Supplier#000092414        | yjTWNWFg,ad,QNF80B,d,aCkSjhOV58q
 Supplier#000092495        | NXM5jmif0jOKmJz
 Supplier#000092500        | cQ4ylcbFyC9avMZGWtIQO0vfSPW7p3moFNVKJu
 Supplier#000092576        | fRR9A4Bry,wzDXF1V,Yof9pp1I16qO
 Supplier#000092731        | y2aP8wYsTTVfqYLcB4TeyP6,Bqp
 Supplier#000092749        | 0CbpjciGSUsYN7cE
 Supplier#000092805        | QFgv0IZqihiT4GXaTnek
 Supplier#000092873        | 7jBSVs5yFuGS0tOuzr
 Supplier#000093115        | fILrwpYQjqCv9,gkqamSs
 Supplier#000093151        | jCjAg0aM1QcHRjz
 Supplier#000093184        | VlDCYaFejN0cwJn5ZG6QpUT4K
 Supplier#000093202        |  57JBNU27niygbWNnoz9uo9lFyZQinVWPsl4Au
 Supplier#000093286        | 1Jkcw44Yk4JTMKqjDylUW74U7zw
 Supplier#000093325        | P7bWOWfLATtXyx2zAKvSUTH9MZudGF2
 Supplier#000093360        | s5e5ZQPOQcmxPX6ozu4eU9oO
 Supplier#000093427        | OxIfql73Yj9ZQX43Md16Ag76EhNf
 Supplier#000093437        | 2ddxBYjoiqwCs
 Supplier#000093470        | 5ckOnAyJV ,FUjVKV6e0v6BVTnDLGzWQQKT
 Supplier#000093480        | ZA0nS4GNsWPq8
 Supplier#000093567        |  B053YVcxoboc8SxuvF8iS2LeXN10GcX nkwmRAW
 Supplier#000093596        | SJKMF,1VIIAusyNXFx OMlg6YCI1IQm4Js3cM
 Supplier#000093709        | CdIDYDPeUcf8qz99D yM
 Supplier#000093814        | 5Q4MbU8dG42Sn7Jf6NaiPG,EdqY8j
 Supplier#000093845        | P 3psl7QUScbnGO3zVi0
 Supplier#000093859        | eFG6tESoO5BTU7VOOVMMVTSaHGu
 Supplier#000093878        | wdHW9AvbnqlwgbY1
 Supplier#000093947        | cvf70X13PIgeM7,Y9lf
 Supplier#000093951        | EyH1XRPXnxNemBolo0oZuKPbi
 Supplier#000094053        | h0dGONjZzmanU,0R1JLbKw 7CBzf5QMUbTOHm
 Supplier#000094066        | ,Fx98wgrEYHZ9Q9oyEfBOn1AnRWcbW1oSMVBw15Y
 Supplier#000094324        | 4vSi1OiXD19fFM
 Supplier#000094501        | 0WcqcSfmSPoqsONgRfFzCEJCGZmLbe
 Supplier#000094528        | o2t8oynn1kw7zvNv54,VC5X97agz23KMzSi
 Supplier#000094663        | E3SHprQrJjlC
 Supplier#000094833        | 3RFQrm0k6GfzzK6o,QwNFoj2f9p
 Supplier#000094838        | hkOIT8Fc,3ts6l9xjof4x4GSy
 Supplier#000094849        | nhAwNmjMrax8dL2ukQ811eeFRai0X9TdsJHB5,O
 Supplier#000094886        | DzgKix0V TUatYzV1kSvr ,HR5oOExOaSND
 Supplier#000095003        | DKdKYKHl2VqumgXbRaZEeili5NuvjhoU8L
 Supplier#000095138        | 7YOdV7FN61Xfcxu
 Supplier#000095330        | XVK7lj7rUAKlm,aBUx32MCn
 Supplier#000095378        | EJdnm WhmFyZKZ08eaEuti2WavdTll5Ips e0a
 Supplier#000095397        | aYQAMzKeX85s 31Cw5mg00
 Supplier#000095406        | RIqLXhUXSeiSuo7xw3hJsi
 Supplier#000095514        | n3NTcSwcwjWH5RGCgnj9z
 Supplier#000095534        | vY6yx6mUh4Q3lFSd2w0d0TusZP
 Supplier#000095541        | ZTWUtyoFupIUec3ooft1136NAy2,h60QI
 Supplier#000095687        | jR70nuz2dx7sKpCwXWTohCb6g6,Nj739jNvLL
 Supplier#000095700        | bz5qMuXkCUUphI6UeyQqweOLw7NxsKkFIG
 Supplier#000095776        | W,sl3wykNRjGIKo3V34q0s,twk3hZzH,WKPK h
 Supplier#000095893        | 3THz4TxLtWQKfO3ObnH6x8pXGGA8H01Vo36
 Supplier#000096015        | OwwHtIF3ej 
 Supplier#000096094        | 7UWtTxagrYynSM,Zt230A1aYtI
 Supplier#000096228        | P7G0QReeX3HbqYWy7OBWqAXU9Tv1lg26mX
 Supplier#000096326        | rQbrbjmR0gQMl0fNLenyGtGA2e9W
 Supplier#000096327        | JxtqPhv10hX8T6t,XM0ULN
 Supplier#000096485        | JRHTlEjkbtgEJ17 Le0nQEMzYjov4ZluzcdhM
 Supplier#000096525        | ,N7tPJBtFbnbv4XFUtnZYYdI4ex4KZXwKbW
 Supplier#000096612        | G8i0JjKyqctUJoeB5J31JUVWSwebEo
 Supplier#000096661        | smedGqDAOtIYkvm
 Supplier#000096701        | HfFTAgRXt2ey6
 Supplier#000096777        | HylyvVa57NSDNuxC154tOtB3qXFnFClY9JC0 
 Supplier#000096797        | F,RlssA5tLbXEABATSDFrdDGjyircB
 Supplier#000096799        | eaEi,5xVRTqp41tNKDE3nPn
 Supplier#000096803        | i4X5NsR7xQ tDkdZLEdAQNUi u3i7
 Supplier#000096846        | aoYs1NEgVr8X8GwCo TwXEUqCRl
 Supplier#000096849        | t6Kdo3o6c,bVku2vwR4FCX96wk auLmw5E1
 Supplier#000096863        |  B9Y4wWE mxW6,ObWPP1R
 Supplier#000096899        | Y1YAUKE9ZtyHGoHcETV5Sj4
 Supplier#000097008        | YHLbPXJHyXb4ohXLpI6S1V4Y24srjQw8Ba1Ba0 5
 Supplier#000097216        | u9XrxizngLoDKoqaBg4obV
 Supplier#000097255        | 6c2DsNKNml,rwDkr juprv0AAYMTzp1
 Supplier#000097277        | eldjpRXWh329zmr2xnBZ
 Supplier#000097331        | EK,IyCTPZsW1YMR3q3iTI
 Supplier#000097348        | 0hm8QI0afz
 Supplier#000097355        | lC8TErefukSSgLgiDUuNgO0LgxafyL5Y
 Supplier#000097356        | Q9we3D0OtlPIAZ3zSvyEgqOuyd
 Supplier#000097382        | VN8JegTJ7R
 Supplier#000097419        | ,7AzLJhjFf weHI5A6mU6OLprAxTtaJ
 Supplier#000097445        | uqUA9n9i8,XMlloUJEac6dll16yvO8r LtaD0G
 Supplier#000097505        | vm plcc9pI9YuXA2h9AJv0n sd4,lg
 Supplier#000097596        | To4484 ss Vt1hFMYjosv2ZyP60
 Supplier#000097766        | MmDkDjIMM1DlFPRgAiq,g8N5heZgK5Ij,h,F9
 Supplier#000097782        | tifWjgzQGEZgWWRcS 8OWlo8hOozLKMn
 Supplier#000097899        | ZE8sQ835AKU4Q
 Supplier#000097960        | 6LPgRow,cXRReUS,ayHmneK19X5woCMpPjj
 Supplier#000098044        | a5,G1Y1v26h3TyRGevI04U1 E7o
 Supplier#000098067        | HqdrGjGowR7Sh
 Supplier#000098176        | VPht12GqPK2Up8Jhkd7xHU1VGBDj9kcU73on
 Supplier#000098198        | WsF9BDheGOO2PMruh7qRk6VG39
 Supplier#000098230        | N4OqLd3FqdazIojhTCxZ2NBKK
 Supplier#000098267        | Dx3j9RrK2GWmTRs k8
 Supplier#000098274        | wRwtHrA7uVP6NpWYPoQK1uUaIHJR
 Supplier#000098276        | towEmyfNRIw4c
 Supplier#000098496        | 3yD,idy1I4Z6UIbyojL0G3bNcQ IQbjKwj6VH
 Supplier#000098562        | iL6CSMQLuZtgQG0uFKJRhpUBIEppF1Oqo
 Supplier#000098594        | pjjsWU09h5g07mo6lf9mO4GokjgQnrs
 Supplier#000098633        | j6yGzvIy7YHu
 Supplier#000098642        | c SsDInY3QHgpEyjjFD 9CJXMncBP
 Supplier#000098689        | Vvq,HnhL71JFqlrx75el3gQx b86C
 Supplier#000098698        | Ylo8IuvHLOTyUOT5eOc5raPu IXpkoJTgFmWv
 Supplier#000098837        | NPcKhhkQg2qVoxifxelZJBUnTpFBocm
 Supplier#000098903        | TWBleg9PzcWrAi
 Supplier#000098933        | SizeKP3GmmYON5sd
 Supplier#000098984        | f5LD30CFF2bOArieLvzbX0JCmGSR olHk5S
 Supplier#000098988        | 4d0gVF9BA0dKI5hor3
 Supplier#000099066        | eEwOKkVC10Xm0oFdV6668Qs0J
 Supplier#000099098        | gstYLVeAZr9k
 Supplier#000099115        | hhh4DhmcjUkUDfv
 Supplier#000099274        | knmSYP04iiVUKr5UNb1Vb7v0dNIgFVxqBb
 Supplier#000099363        | AJ7QfKjn07qzWDLmxeKcXGie62zedjl6gCRfuGP
 Supplier#000099438        | WF8MI 6,r2mmgo3KGnImXJsB 3jC3IZ
 Supplier#000099442        | Z15k7vc6QEqOSIRPtsp8kdl2iUwpfyH
 Supplier#000099554        | 0cabFfCkwoP,75goe5SMDz1Y
 Supplier#000099609        | IEz3T8os7JcT2I kvLeMUuJvqOYLC17s
 Supplier#000099635        | BIq6OpTTgqQvv99uzrJr
 Supplier#000099648        | VIDpvbkHj5,oxqRKPCRJbX6kahWvFB5
 Supplier#000099746        | esp4U1f,PMfKY9i6JYORxjhl8C9oO9iJ,ajIpf
 Supplier#000099828        | ej6taHjvxvU1D ji1
 Supplier#000099844        | G9fxWJJNhl5n7xOs8YjY GNq3mW9
 Supplier#000099871        | d3VRNZKu6MWw4QswquPPhKZu04nHI7F 
 Supplier#000099895        | c6VvdIhIhRvH39 s4kE6qvnlbwQPbo
 Supplier#000099901        | 8,Os6wk2oTSfl9L0kSFyycyzBeY
 Supplier#000099984        | Zc7VG 4uUEBs,7OL
 Supplier#000100039        | oTO5mmdmWfNE85FwsjzFwGw7tXoZmvCM5q
 Supplier#000100076        | XDIG0GynunMOeTC5kUTvTC4j
 Supplier#000100187        | Kg1LUQphrM6cjSLCscgawnGPyEo
 Supplier#000100219        | UmnXGiBUpUtOO 0g,
 Supplier#000100227        | tCetxJJnE2SLEmZ
 Supplier#000100252        | FnyB1AmLbK3HT6TESRgouucUN6ViW9JekyNrR Jh
 Supplier#000100394        | 1kFGzelGPub8evrwN0SzuPa
 Supplier#000100402        | 2BUorP8KXC3r
 Supplier#000100497        | SnzAU4scHPX3rR142AXVMqZwVCJBC
 Supplier#000100503        | ub1JEA5FSOnrsdtEIj QBkRPh8AmAdt
 Supplier#000100601        | WcTqFHI8tT2GjrG1L8bgwP
 Supplier#000100665        | CKQwlCjD1z2DN,0FwF7L1lAH
 Supplier#000100747        | TZ8PGrSPy9sw2Eo15hh1W
 Supplier#000100864        | 0ftLSOPbdm2 iswv8OeAGaRlhv2G30Jn
 Supplier#000100891        | I jz0gz9ESCI7bn19pmEROb Sjlpp,mKCbBs5
 Supplier#000100978        | gHzxWAkUzE
 Supplier#000100981        | k36MCv7fHdoONQrtpgLbcw8yI86VB
 Supplier#000101080        | Mvk4ZVTxyww3 MbnthO4 9OIPOQj
 Supplier#000101085        | dRJJWb7sgIYKs6TGDNCANVjyPY8Msum6AH
 Supplier#000101161        | WniIB4j7PZ1YuDCksBoTATkn4VZhI9FZ
 Supplier#000101280        | A1aaPY,xenyow2Ekm76hZYNOsipHdB5hy5mMuK
 Supplier#000101345        | TeW4fMKYumpk7EttCT0omrYjgh9
 Supplier#000101373        | ceFy4lSMYEBZSMu0ElzW
 Supplier#000101424        | tKRht9u ZWX1ArH78tpZ,yXK
 Supplier#000101453        | jjkTAHEkrDtMecvoOrW49Cc2k
 Supplier#000101492        | KikiTQ 3fi7UTOKLTqxzQaHrtpteHi,
 Supplier#000101583        | RK ws65fiJk62RRqr7xCDmIAE
 Supplier#000101671        | i2NoA5bNWe5BSPQcmLOe61ftUXYAiHQ
 Supplier#000101918        | h4DSyBgSVYUBB5IXrJtq sE
 Supplier#000101977        | Pm8ZRbvu4R2F9yhUjWlvKqzaSxq1rPnTp
 Supplier#000102007        | W5NRvI3JsGhPd33lv
 Supplier#000102063        | F 9XQZXTQ6e5f,Mv,whlfeZJFxpbmlChob
 Supplier#000102082        | HSjzWpS2SQ9JthaYbX
 Supplier#000102263        | E4rcq8qspPNfeO5M
 Supplier#000102268        | fLifbB3Q5tzD1LAb6XXBl,S9dcT
 Supplier#000102383        | mLOToSdpvJB26nRpQiOFt90
 Supplier#000102444        | dDMUwQFMn k8zPvbVqQwMuxIHjJlOBA8
 Supplier#000102514        | M3S,GycWjfyd
 Supplier#000102562        | tUmM0YH7Pxg9IiZY1mdyLUnkuaC
 Supplier#000102648        | rQi8tWY9aI0Cx,50V6jIl
 Supplier#000102669        | D4InkTaoYsXHcmVGMFxr55nDBIHO4MwWt AiqO
 Supplier#000102732        | iJRP6o0LeyguKwfioKiv oeoN0VjES 
 Supplier#000102750        | eZz6FCxCgxI9FWiZGo
 Supplier#000103007        | 0OLS 3auKKbQtorAgQ1R6gk9r3c
 Supplier#000103046        | GBW H4WAwm1,Q690KQa CH6AqIAE16ciDgr
 Supplier#000103141        | 5ZDCte93TkMvB1bTcs hT
 Supplier#000103276        | i9z4t1bnElrpa4xHZm6cmFBXp2BRcVlbYk5s,Cd
 Supplier#000103327        | i3mvw2DPn7LITX0BjNhQbaSMhAHccY
 Supplier#000103407        | qT7w2oNEQ16YELLpjFpUI
 Supplier#000103413        | v95YJW8YiFshMQnoVmuE73UizoDu3RfyXwb
 Supplier#000103433        | b9iDxqEAPpeppa1D
 Supplier#000103446        | ZCCHrk0Lpyb4vdoMfYoYx7SW iLj7 MdGk
 Supplier#000103500        | s09S0ySfugewZoS
 Supplier#000103528        | ,saEzeF0TeLtdQmOjZyK2hZo9TLB7YeXH
 Supplier#000103543        | N 7I8Kh8w048AtQQXC0GXjkWLmfYiEyD5gM
 Supplier#000103597        | OuEzCEIjy2ADNB,LbZVzm
 Supplier#000103631        | yE3fL5Xc7256OmM1I04qvgFkjXtbAmiv
 Supplier#000103662        | xh2plIp4 xHRR,6  fuGQ,9
 Supplier#000103667        | 3rYEMqj912Hh5NVPGA7R8diU2eKLr
 Supplier#000103756        | M4UZGORhZgCFb3jg8vHDEJHyV
 Supplier#000103851        | FT,SePTQEjJ4p6hxDyyAyTVP
 Supplier#000103915        | U0wtk7s62fPdZDLTKqFno8hm4gsH
 Supplier#000104007        | QTHJ7zKWdUr234VZLJUXsz
 Supplier#000104088        | fktre96EKclX9hOHk1au5B
 Supplier#000104121        | qbxTSU4Tgro9bRH2
 Supplier#000104154        | 23as7TauiO3uULSX
 Supplier#000104191        | 2CwRvZTBIzt S,tCN2qKKYSiwjYMBXkZl9HuduE9
 Supplier#000104204        | Yu6U61LDlYRdn0YM
 Supplier#000104214        | 1OsTWb3piAC3dL0IMFPNp5ydAiM
 Supplier#000104248        | 0TafG7qQLsG
 Supplier#000104549        | wS,4MUl7wnFo4DNSu
 Supplier#000104604        | PTluwJrS50D6cw41Qrax3n
 Supplier#000104740        | UYTcKix44ygYXZqPD
 Supplier#000104767        | 7H5Lkz91BwB2KSvg7hyAa1
 Supplier#000104781        | KlNPj1fDfbozYeQztk6HdBoCK
 Supplier#000104872        | 8Wohct4bDFyHWNr97Dqsv
 Supplier#000104873        | oevE x8S6bBArTRtbIktyAp DFj
 Supplier#000104947        | 7I,rRmNsRMpiD1iC1NVEuW3Cb
 Supplier#000104952        | iGiYd0qwOqIEa3czV9yjOuFpJ,ZXyl0TXXd2ui
 Supplier#000105005        | sxqhzQ10cNFAt
 Supplier#000105070        | oTpqKB4z2,clb8R4JDntpln6
 Supplier#000105103        | y,2IgHoTHASkqbIVgrJfkc
 Supplier#000105120        | lwwkcuY5 tEagpMJOn utL
 Supplier#000105130        | ZkhE1SAn5Yf5lRcdYfqffYfkRiqpF,,D2Sm
 Supplier#000105141        | qVq8gEvujjjH5Iv1
 Supplier#000105186        | vwsUSismIezipwCNKihHH7,hMDlWmFG
 Supplier#000105285        | Rx29Y3B5Sg8Y8uNQwE19eaDXfEXfmVpCYQDKB
 Supplier#000105511        | 0WJVGPj7Tcwgw7 jacDJXvzhXWYn1BFr5Y
 Supplier#000105613        | ytGJ7ZkknOSberL TbFX6KNm
 Supplier#000105644        | Eqg5QiG1qSmNcJj
 Supplier#000105751        | q,Ch5ocVsn9s4RDHcS7fffxL
 Supplier#000105793        | NmpbZstGKyL XYm
 Supplier#000105794        | BUmFrCvIzgsp60iIE0go
 Supplier#000105823        | y9bUzL2MuW,19
 Supplier#000105839        | vBunJrK9Anf51xt6s2z9YWtlg5GCDQNoxaZIJN5Y
 Supplier#000105946        | PDKzObm6OKbZA7kotB4mCOFf
 Supplier#000106039        | vVDxvhwl,V66c
 Supplier#000106051        | 5Wk2H6QA4nHBoF
 Supplier#000106184        | 7ex8llTZbL4KSIqF
 Supplier#000106197        | 3wAUKwf0CWcg L,QZm0GWxajGv
 Supplier#000106216        | v0bLeSCFqcHN7KJqtfCoK2
 Supplier#000106298        | oIIgDD5 jYz2,EsQHPEl
 Supplier#000106301        | ibR7fpX8 lcNED5hNRPRzW9vNk5N
 Supplier#000106322        | IjzMKQE8KYFow9Ax6Fnz56iMpkUR6tCG3VO
 Supplier#000106360        | 9RnGejg93w2H
 Supplier#000106364        | G,E2EO2dyTMfpfuC7VJs77xwyM2hn9MxGXXC4L
 Supplier#000106373        | JakRLFj8F7I3uG8XHs
 Supplier#000106514        | O34FlVGYfpRXjgK BeC tXIGUrjsJ7Iw
 Supplier#000106529        | DythZRNK rTPd3fIURzln1FBWIN8A TbTCkQ
 Supplier#000106591        | ,CK2aIyGDmh,y2lWIgNf
 Supplier#000106611        | s0BFn1zUyNIXnRF2y5bIBkGpVGWH,HeNELcqh
 Supplier#000106657        | wkMkurqYzwF yk37l
 Supplier#000106696        | ,eOQo4Nyxoa 5Qg1qm8A
 Supplier#000107048        | Or8wqaxV6H,smMbgUj,cOHr169efhyc
 Supplier#000107131        | 5Hqei9SG28HErcUzguMK3Ra1EorP6N8v0
 Supplier#000107175        | KtOzi712wTU5MMzyZZiyNlmoCZa
 Supplier#000107235        | xxQ8IrVOvG6rLUJiuor1B8RSYOJaEk9V517
 Supplier#000107311        | ALiRPGIiTtdMmVECv
 Supplier#000107364        | Y3ElmqK9idwEXWp
 Supplier#000107391        | L0h6U6KrtsL7GuQoQ
 Supplier#000107528        | kW3xiAw9eDuw7zrdos8zp,kkZ
 Supplier#000107548        | m HJGQzWUOcnW7NzL3R,JO,kdN9z059IpfjFVrCM
 Supplier#000107577        | pRSA0RpDIpnApduIQwUgvoOuK1
 Supplier#000107610        | hTT3pbAXdcu14wy
 Supplier#000107952        | x DGR03dGXTFcKQ53fDYUdK7hhgA079DeSEMycyB
 Supplier#000108010        | IBm,yCPa9GG,VTPr
 Supplier#000108081        | ZEGaRk1oeKu5Z5DfodOSlVmZDhJH
 Supplier#000108128        | OsI,PdWyT6LtCrG
 Supplier#000108143        | c7nWNw5wN2Wo28sn tG
 Supplier#000108291        | Gw9j3G,wBpsBKyhtwj2WciIgqU,1 pU2
 Supplier#000108440        | x 21wch0aMS7xc
 Supplier#000108738        | VJGCSSHDdmv6pWmEyPX
 Supplier#000108760        | sNVgcWHhZJ2nGq liFLpmVM
 Supplier#000108817        | BZ0IdZ5PrDsHadwRGqO
 Supplier#000108820        | 0TLguO21j4jx1St
 Supplier#000108936        | NH4YKgq9tfaXaiKP3WRcuwyfGpTUJYBD
 Supplier#000108955        | l5A4oATmBqQKy3fAvVpGj3VfyzQRl,HQAO
 Supplier#000109261        | a18P lMBAP5CxD,jh
 Supplier#000109271        | m7Qw9lKnscJ6auJ5REKMwVQlpcqk1SUNDmWd
 Supplier#000109342        | vmXm4yHN2Artbf0EqpaiY
 Supplier#000109410        | 2uik9KG8ZJqtiq,miBAgRFnE1
 Supplier#000109442        | MPOy6HRxnv mtWrXYeprucFE,hmJ7lpN
 Supplier#000109516        | iDsRqM2logSH5Z 4D6bIPb2UZr2HHOWzI
 Supplier#000109526        | bA,v5pLRMk
 Supplier#000109614        | ZqMgPISwywU93B7Jwm6pWXB1jHd7sb
 Supplier#000109649        | 9PyBUnqF0UH,K1tM
 Supplier#000109740        | 0DlPP41WqstTi0yQ6 uW2,Xr
 Supplier#000109935        | hlOaks9kJwVnUHyX0NeXy1iLdEwed2
 Supplier#000109953        | pcr,jYuhZPgblxdcKW,Gif wyu3D
 Supplier#000110087        | JZ13ZKqWXdF2BnW6q37M7,TfO7I4Z
 Supplier#000110092        | z5GyF0WVwSBGrhBojkXGvqGSHmoQEh
 Supplier#000110126        | qqFh2ezVoH06PS2BHhhfcbkZ14Y3
 Supplier#000110146        | 4,r7qJAc6n8,3ksn1Oyo5JD4qXhpxSTeOQy
 Supplier#000110457        | PnIvgfS64SxJgBnW5 N0i7d u50LKQ
 Supplier#000110478        | 8n51x1OTBz4eqdUdGwwL93M Ev2
 Supplier#000110489        | 8C03WrowljxW
 Supplier#000110575        | 7b8sV crBL3vYKVMZ
 Supplier#000110590        | 7tE66vypLWcNJ2
 Supplier#000110624        | GHM451k6nESwKVLAHtjiOa rQq1fSpj1S9Tv
 Supplier#000110662        | rmqvREQO0Om7bIpRjP1BDk6
 Supplier#000110667        | fnNtOsaOkj7wR7WZ0DUazEiWyp
 Supplier#000110702        | XHhBfZpHNcrXjGkAYu2V1
 Supplier#000110716        | 9XToHYORgXdd3FJmI,K wPr3TdKSZdkobvU
 Supplier#000110810        | o19YhSz4cfos
 Supplier#000110834        | FOXioR5uuoxjdLEuh,QNj24W,88QwKL7Bvm
 Supplier#000110856        | d05H1NiPlur3KnOgaE5uTB,Wr9NTXCaDR
 Supplier#000110926        | gFx58Kpqazva
 Supplier#000111053        | eyT7qyUufcfyiWQbU
 Supplier#000111129        | AYloB0btK21HKlX
 Supplier#000111253        | 5GDpL3e88sfHvBqraocO
 Supplier#000111380        | zt9P8PtFwRWGTKWX6kfsUEBE
 Supplier#000111509        | 75QttrFfu4lubzypw8q4G7JKFC1wT
 Supplier#000111532        | 08mWJGhcKybSO0nDlsOlwxKmTQa6qs,n
 Supplier#000111550        | vHtEiSzbQ6W7NJS06ZHupymB
 Supplier#000111697        | 7BSm5Y,RxTSskN3HLyoj,jsgig 0WrsoHhAXB2u
 Supplier#000111751        |  2OGAY5ADg0QX gJM0ynIgYU RxH6L08En
 Supplier#000111844        | 4q2PkRS8 I
 Supplier#000111846        | sqfdA6TBaTBvkCEX2NRkLZtgZoD7Mm2yVaY
 Supplier#000111853        | kR2m7F616J nTbJ67M,MDoWUwBLZpc0u
 Supplier#000111926        | btpIY1KWSsg PC iFotlI56SnNm0w5aEqYnFG
 Supplier#000111938        | i4s2Tm,Ao80
 Supplier#000111952        | b CgzL9b6xzpFqslIpPtGvdbHy
 Supplier#000112097        | bmpmxQzcq0RLiovHJlC lEkWmyQK
 Supplier#000112113        | VXp1KeY66qumOcV5hf1THCdgdqDIDs0TaC71hPo,
 Supplier#000112116        | PZkMVZZVXK CGAC EvxoFooZ39,JQNv
 Supplier#000112146        | LBlE5fcKDF18O0Lx
 Supplier#000112147        | dL6H4gHqxq dn
 Supplier#000112158        | ETy278y6nIEXFPd3cpV2w
 Supplier#000112204        | wSe4netdsooRNho97 0E1qcbjFw2CwUMa4HR6OF
 Supplier#000112309        | wGQyk34KZ8YZdUiEDd7L63EdRi5Em
 Supplier#000112374        |  BwEeHiILRSd66MX7xaTwd
 Supplier#000112388        | ,mmHfjnHz7v7mnJqR4MPPeGL3OVVDzVHA8fObL 
 Supplier#000112396        | nEVQnE42Xf55d4usuK6ysavtoEFFyCP2zN01 
 Supplier#000112630        | Lof2,ZvFmA8sLNyFUBe,J,H9
 Supplier#000112654        | aaMQT7Rv0La4TFi61aEUD1A5CZTaZEjMOt5cU
 Supplier#000112759        | OZ8zn6LxbdqfrcenbC5xC
 Supplier#000112816        | O42aJv8UBcaovAUEpZi Rx
 Supplier#000112852        | pSmfKzwEYE8qxvX
 Supplier#000112875        | q nftftmRJFCk33 9TrtK2kR3X5m9HyzJ8ae7
 Supplier#000113076        | z1VVjVOFri zx7wfZZXnH,5YfX
 Supplier#000113084        | vSbkqAwmTFeE4vPW
 Supplier#000113204        | lL8JBXBaYtJgRHEjNvt0Wld62YU
 Supplier#000113208        | oUDNjXNMhnJjPGY,c QYFHbRYT1VUvin1
 Supplier#000113218        | KLe83t6ssBgQxnRHA QsGYzrTHno1e,ULBcF
 Supplier#000113244        | O3Btyv9JQ9NXVEVdwISmzxye0wGlcFuLfh
 Supplier#000113330        | lgbui6qEtNB
 Supplier#000113373        | yhE3mouSbnBp6lI wD30t7W2Va1wNlwieR0
 Supplier#000113378        | 9OLLmUG4vvK,u7p XK
 Supplier#000113381        | tasR2W4UtBhF
 Supplier#000113392        | zkPkTiwYSye
 Supplier#000113425        | OXncZoMuAzmrSO7QSEw
 Supplier#000113499        | kwlppHhluc7
 Supplier#000113571        | NP6P0yMaHOuZ
 Supplier#000113572        | IwiFmkM6zWMJY60v,,X 7GQ8
 Supplier#000113575        | qsST5lQ0DoJ9MNOHNH9p8MMh2YEn agx60lzo4
 Supplier#000113588        | ZvQ,IzFrVm3U0Sawi1bQjWw,wGSLv
 Supplier#000113722        | Q8fAAOskFleZkws
 Supplier#000113780        | evdVAIsZGpQuysGQ2bzj7hiEUXP8X8j4
 Supplier#000113798        | tOHFzg7UryOVrOaYUG
 Supplier#000113943        | qRL4CqKsTjmVz
 Supplier#000113993        | XfxmRuZtQjGtZ
 Supplier#000114049        | N8gB6q9JnC1lAn6o3
 Supplier#000114134        | 5EXU6CC3 r1DlNpegZcNWHiLHu
 Supplier#000114149        | kkK42RdWAFHLIxdhbbTg
 Supplier#000114327        | JbScLlUzK1MRvWLYuBFobh7wrQkIkep4
 Supplier#000114376        | iX8cSV8e0lQr11InkNvCtJYmcrkJGyk2Pg8Rv
 Supplier#000114439        | nccEr8uZ0ua1oliqb
 Supplier#000114450        | NlOqwHXrwuOZ
 Supplier#000114480        | xI2DT,AZvrxTCJFbOCGU
 Supplier#000114503        | CjSRY5vXQi7V1vkHC,Iw
 Supplier#000114574        | hLHcT4IPXexdyP6w
 Supplier#000114592        | 4oJueRsK BLPZDVYqcawS7U3l8xWdMgqQ81NuZ1
 Supplier#000114629        | ,lAMysnK5bxdNpguOUg
 Supplier#000114643        | rurhBGfh6GlVEqW6kiPk4rpQJfkhC8
 Supplier#000114651        | 9sKwMMx6ad ybTnl6uuyWPcNKHgt6DNx8JSv0v
 Supplier#000114654        | D,aPGZS9Oh0s7BgLy8G9OWrguS8OnJ3
 Supplier#000114750        | 2cUhtHm316S5UnZTCKhP5bgMvWbce,n
 Supplier#000114781        | 3wgAMYidgKxGEj9VRwB7E
 Supplier#000114821        | KmnrtJ9iiYb6PscE5Y
 Supplier#000114887        | u77mhhPRB5  l5vqBOzNiqF3pNpo
 Supplier#000114899        | AYGuiayRFT4x3nYJotsMbV5EDNJJe
 Supplier#000114934        | ZFgoqjK02pEm3gvwyGwLruJ9mCJQbk
 Supplier#000114943        | ViZwj5yl7TTZCCeQZJP7Lp
 Supplier#000114961        | XJ09C rAvK5EDufwXU2R5zZZPtvIr6A2t7noGc
 Supplier#000114973        | aqAkWdGQGq4jxsJsrkH32nIDGt VvfTkSd6i47Xy
 Supplier#000115167        | Twsv2XjWTfSeKvJCE
 Supplier#000115207        | 6Z0 Rj6NVGpZiV
 Supplier#000115284        | 2p LWyjE f4v4rwFiTR WrFT7yH6gMaOle
 Supplier#000115317        | 9GizBikZXYuWYgn
 Supplier#000115372        | bPW5OWm,ur3lrgCM
 Supplier#000115524        | o,tL4NVEjkQ6aAQWN
 Supplier#000115546        | 1XAStB NbNxnAdRK
 Supplier#000115637        | 47yJ70TF,c4skk
 Supplier#000115645        | A6AWLlXvcJiarokcwA4
 Supplier#000115663        | kmYhBrEI5R8tomms
 Supplier#000115761        | W8Qo2 ,SF61ehmAXMR3W8RMBMmhXGZJAJw53
 Supplier#000115762        | ,twfixIwnBy0gfDGHTPXp6pl vmsNIfZhOpu
 Supplier#000115778        | Oi u78r2dHZAuS
 Supplier#000115819        | BQnBDauVYPaV26
 Supplier#000115877        | jp,oPMPbLeQacMfm
 Supplier#000115929        | Z9hYNJqe SKka6a4k91o7h
 Supplier#000115957        | OmB7xrDEEirIPOS
 Supplier#000115986        | VU3FDtZqCYNH6tWaQpao40j5km
 Supplier#000116141        | hLfK7E98i8
 Supplier#000116171        | cxW343o43 c,3Nx1C3QxJUU6
 Supplier#000116257        | DrOKzrGqGuOSYFrg
 Supplier#000116299        | kpdjmmVJyeEZnd3h41k
 Supplier#000116320        | ,ML4DkBlBVP,YMEP,Yf1FHXx8wkKabPK
 Supplier#000116368        | JQpESVME0q7AIrxgfEuP8rzvrG3AfWt7Cc
 Supplier#000116409        | 3GLqRT9RzI0DoywakILAZk5cqVk
 Supplier#000116431        | ORWDVNXLZjbkD
 Supplier#000116465        | EbPuCH9spd0qNKjer8u
 Supplier#000116469        | senF3ZrcUEs94MFdE7TV77jvC,cKjcmaUgjD
 Supplier#000116492        | aadTAdfz7bsNGRGsF7AA Am,
 Supplier#000116530        | Lx7t9mkJzYqowoLwL
 Supplier#000116589        | T520p8AjAnF1ST5o5iVmld0zzrbGbYHp4T4
 Supplier#000116641        | YWbmdgDGoYpXmEsI0c8MWacatb152v5HQOqt57oz
 Supplier#000116799        | Ak9mfspSE0O2QiNZ2MCJQ001dIQnF1yXlquP,
 Supplier#000116849        | H1P3DIoBj1Pgv52n5PkKPTFU2myGIR4E
 Supplier#000116920        | GXX9Jjou S,gXAbT 
 Supplier#000116942        | Gls1sp5ZTZZAUSyKYuQ517ymwojtn
 Supplier#000116971        | pcZMUbEA3N7GuicTd7Q8XWaVOML1eMfNFL
 Supplier#000116993        | 8QG3IJt9Gy ro2MgHItDbFX9jqfzop
 Supplier#000117087        | X5,lJmGKGfiWtQDt4V5MOU k6
 Supplier#000117136        | N,RWnZd CDP foJzKbywucLULkWpveDrAhpDi
 Supplier#000117159        | iG1hVVPafdd3a ajtdbt
 Supplier#000117203        | eMq2DoyN3jsLvc8ijAC96EBP
 Supplier#000117267        | Wpgatba4qLJJa
 Supplier#000117354        | rsWwvPOzq0fqUMZ
 Supplier#000117397        | ,U JcVyOtr6vgbLUXimsBjOaz
 Supplier#000117415        | wD1C,qCLtxVqU9eNb569Q6nWrjZ0M
 Supplier#000117558        | t63Itkzi9xUpRBeqy7pX9fqaDBjYK
 Supplier#000117697        | BihNxbWDqowP9M
 Supplier#000117736        | G,pVo1Au0igb9u
 Supplier#000117752        | 0QZ7au e4RVIaeglTrwT80zUd
 Supplier#000117798        | K7Q43m7ZpE4PU6zS7kTE9frH3M8z 768h7fn
 Supplier#000117883        | wtG4AY3dMKTB8tyx,n,gGiCQNVWlxtkNz
 Supplier#000117884        | a57WQ8Io0R
 Supplier#000117954        | rEqKjnjLZ8R8
 Supplier#000117969        | e MuKmOrFVa86GtGO6mwhwFldrDYcPgN1d
 Supplier#000118141        | neChJniEjj2Sg
 Supplier#000118180        | CI,vZIpyk4HV7mIgf2UcB
 Supplier#000118227        | var8dfCqlvQdN,LeSasZ2SDDnqra2M9F
 Supplier#000118236        | ndT7F9BWUVKSqh34rwCj5pvOGD6NTu9GBIhyE9
 Supplier#000118252        | G9HUnXDuUJv1gtT8xOq9B8XeuUIOhACpl CEuSKR
 Supplier#000118411        | pZ3CzHpN4CHZRfq445K
 Supplier#000118416        | NYG5SU,FsRRVIvz8YPjuMVuSD7Cno2z
 Supplier#000118418        | bxKMyLjKQPnbGqccrN0MAd1V54Qgk7
 Supplier#000118439        | LUv8MLdRMJWkkk bp1Bjj
 Supplier#000118495        | EPQ8K6lgJVych29Y3LMN3It4CHWvk5s
 Supplier#000118502        | WPaAkToeZH6OAP8tWaNF
 Supplier#000118555        | GO2Lkb5cMk1Owr1gbO
 Supplier#000118575        | N,wtj68c4HMRwc0ZVb8mAmC
 Supplier#000118632        | lo5fJ3bQdW1SC6IR0wdB0LXhz5lwDZg
 Supplier#000118672        | aTAGfGzVC0TGE2Nwy0
 Supplier#000118839        | P008oA2iWsBVxZjRRwX91
 Supplier#000118857        | Wq0Ul AstIVFbZfP2KFiH8
 Supplier#000118940        | tJ7ciHzR0ISglSV,gZLoV,sK 8tfDEHJBN69HF
 Supplier#000118949        | gq2ir8hTRty2mNRxoLUueZPghmGW6qGgNxiWJRl
 Supplier#000118954        | IHdlduQk0ZdlAv7Hhv4SwCtM
 Supplier#000119064        | ,,dEbGaqrQxcDPL,eJCcHltujbSB
 Supplier#000119134        | esXAnEdlzIRwJnpnNKSA7Ye
 Supplier#000119191        | do4uTvJKfwtalZ6odDC
 Supplier#000119215        | x4SBqqE18jvbtDwf
 Supplier#000119232        | VWPJKZqvfN Oy42UOggSwDDJfb5wLvg6GT
 Supplier#000119263        | WOy3VMZLFTxzL BYVYa,b 2bp3QCeyLEqYI
 Supplier#000119327        | HHcQbNGEp,gmDhEQhDVkVswCLOz6WmwevSV,F
 Supplier#000119541        | gJunIy535MP1vI q3iK CAU
 Supplier#000119630        | wXXJYzKM6Q,UXL6ZptaxyEdL1JshgspC9m
 Supplier#000119639        | MsWTKxzX3fq7fjlgAw
 Supplier#000119688        | Q27XIg7St4C0fPYjYDhw
 Supplier#000119692        | DmFpE1Pq1iikgDNzCYkExBp10
 Supplier#000119694        | 2W15xv7NWKDU8BXqLkG3NXKnBUU1MB
 Supplier#000119724        | fyoBNmN3QY
 Supplier#000119750        | s4Sm3FoHnDP9X8BE1PHQ toibwESl81
 Supplier#000119808        | pzPEaOcTCH2VA
 Supplier#000119859        | 0p SB9ouQarRjXwsEQ0Z
 Supplier#000119907        | XlMso8GPxGAkB
 Supplier#000119927        | oIOtX5KeRS2RFn2v5fPl3RAA8asiQ7 fsYVjET3t
 Supplier#000119929        | 15O5PTICDuG8,lYMeZRohi
 Supplier#000119941        | SdfpMg5ZFqbwjla
 Supplier#000119945        | IEDZIa0tAr6Pgz8Busk okA2QRg7mUY3mduS2C
 Supplier#000119949        | TfM,F3g,tg1vbdO4yW2aLpHv7los5kIoSvxRi
 Supplier#000119961        | u73AvuhrlVne6Ig,ozYNFIQo2UJ 19Y9kl
 Supplier#000119972        | 8GsRP1G0 6uqsHqLKEpdtZTxbJ2lUL3v
 Supplier#000120035        | Kol7Uedg1QIYX
 Supplier#000120106        | ZO7eKnXvAAQ5zCqCkeL7oq419QzDIS0vmRLDm a
 Supplier#000120186        | UiYcY0MGPluwfhZKyn,x5Cx,79v
 Supplier#000120204        | EtFVOUtbANe8mB1dh4YXHB1H82TipxsmSGUP2zkJ
 Supplier#000120295        | pCXFHiG9k2r53UUDA2p
 Supplier#000120304        | wIoN0PHiSKBFQfxMu1m6AvPu1jIe
 Supplier#000120371        | cTx n41CXU2Q7F
 Supplier#000120562        | egBFpBVEz1LdmkVjENlQqzTBI7rpdZB
 Supplier#000120565        | VPU,AINMFLG 
 Supplier#000120568        | F 0rzGjnO9JeGIfGGyOz4HSoPkO
 Supplier#000120638        | SWmAtVx0FY
 Supplier#000120764        | tDghjCTGBpHSreZ
 Supplier#000120776        | wfemjU07RLFpVGhi2 QyR5gawizG7 N
 Supplier#000120789        | e90zuVROVUAEl83oOlI2AyyTgU1
 Supplier#000120808        | SY1XtlIoD,3ACL6q1LE93wY1OWlDY706jI9k
 Supplier#000120845        | X77xRP6OlMkw,vjU8YtRctEyPwvIP
 Supplier#000120855        | mtKnHRg0Le H3lwZwFYU6FQCL7J0XIebc
 Supplier#000120996        | FZSUWd,BrrBwsrKbUNrgPi0iOB
 Supplier#000121018        | CJLJrnUuZkLJCz Y6Am6V63Gjqe9Ydb
 Supplier#000121063        | WxRMwC93C3AxcH
 Supplier#000121141        | tUF5MNcj48JG,dxUYLeyn3atjEMRV
 Supplier#000121351        | uql8fJkmKlmApf5 Tp7fmehuxNPc
 Supplier#000121352        | FcFWjUbu6oAg1
 Supplier#000121502        | 1Bjnj3QyqdLWkLQXxk9BerpJp1GUmCLtc3Kv5
 Supplier#000121541        | K4LY3vnErdRyicnc,VpsjvBh
 Supplier#000121550        | rtOX2VsKIIyqd873yLVXdTVu
 Supplier#000121621        | fVbXQdxCrgmWZB4hhenpOPk xmWMoarwlvMpMN8s
 Supplier#000121706        | lN6M8cP6InmAKo6
 Supplier#000121730        | Oo5RbNaK0DYrQypixZZadhkkwWGLm
 Supplier#000121822        | R0TKnli ut,18b6tdYEjIvm9KzXsN0F9uf1zL
 Supplier#000121897        | F1kYUdLZlk
 Supplier#000121899        | fz4X653,e9HA,eZd22tjf5d1IVWminxAa
 Supplier#000121937        | ut9W0TKnMHHOsjp8l6N2iFjsNa14KCkSa8T3l3t
 Supplier#000122051        | xFKSVBQ565klWB2fUnCXdbSO7Fftu
 Supplier#000122120        | Vf2NXL1vHSWf283Mev6O68sOHi
 Supplier#000122155        | r8gno9pid2Jb6pKFSHBCz
 Supplier#000122218        | sSHaRB2gcPDIm8YwtC4tzOLmCuRIF
 Supplier#000122229        | 5gdHQBTRbHxq7VtT61M8xCLp0l5lJHgBEyV
 Supplier#000122230        | 5 gu0JqLfaLSROK3YEer6grGAnus1KU3B
 Supplier#000122263        | TnwzF97tai9GV
 Supplier#000122281        | Tl75 RG0bW1DUw8uESXSNPFUhBk7t,K2KIR
 Supplier#000122396        | ubbxHkbLZWYDF
 Supplier#000122560        | jPjtAQK7,OnGub53E8A9Tvf
 Supplier#000122593        | ,ozWkKHNazcHZ7Cig5wwnBQ390JDLe,s6l65
 Supplier#000122650        | T,HtEBpSjS2QvU1
 Supplier#000122715        | sEpyvbNdY2bBJJpU0CeZOMoCJr XrESXYZEnyTZm
 Supplier#000122822        | 42xWFVUxvOHkI0t2CiZ N679yWO2E6,hdx44
 Supplier#000122886        | ZCCyymeLjMhl6tV,nVEKS,KwCi
 Supplier#000123038        | T07h6oTN8StkNEBokmt
 Supplier#000123101        | t4Leo6awM97WROBi
 Supplier#000123168        | 4kohXvrV7TKp71BmgRZJcrWpVRww4KTueR8,i
 Supplier#000123180        | wbsUl8FenvWnnadFu90t
 Supplier#000123207        | iWfwgfflR4vKf3oXzYqXW
 Supplier#000123247        | sfdxsZQdskrjmSY
 Supplier#000123284        | vCDO7CanK8qmxHdmr,EB7SyftZ
 Supplier#000123304        | wcifjGbfOivH0odKluusutqM6ATHrqbHVCw
 Supplier#000123313        | oHl4mjUPsdT4M6dJAQ1HMB1wmrQC5PJE
 Supplier#000123348        | LllNAbS,15KL
 Supplier#000123355        | ,nOtOH7vunotoZ
 Supplier#000123367        | 2cOEATCp14
 Supplier#000123571        | Ldbo1uP3EOXo7Fz8SyV
 Supplier#000123701        | bFm51lFo1AaRgOeSjVcTeYN 6JM
 Supplier#000123758        | pUcB2YiK4ZfdqwejQ52x3hJ9H72ZkIZlrJtb3zeb
 Supplier#000123861        | mUclBLbBI9TVl6AXgnB n4wCmPrlmvIMUmyCz
 Supplier#000123904        | 1qrd8R69oZAb ,
 Supplier#000124015        | Vt4ICdQ6LH9ZVhd82hltLW3H
 Supplier#000124069        |  1WlvEek,Qapep6CnHiaAkF1OXA1
 Supplier#000124123        | OhiZ7QMWMQm0q9cJzccV8USQofgSDGoE76T7a
 Supplier#000124139        | Nse30ibB7fpXoV
 Supplier#000124209        | C Gzkmxn7B0wNMoyfL4WDvZ
 Supplier#000124253        | SbCBLXTqXG8DrU7um26WemqjJf
 Supplier#000124298        | VHKD VSR68HIhP0UTLnwzXDC0j9NME0K
 Supplier#000124326        | Ar1XPSVLrZ0WJbIqm7f A9ajY1epe
 Supplier#000124332        | xFgMmyGbfynIh41VMs6a
 Supplier#000124349        | H5jdPDdVfgrx
 Supplier#000124384        | WCaIG1aS0y6fBkgRe45hFBk
 Supplier#000124397        | nXuXhytWxyhf76X3JS
 Supplier#000124421        | p7OSTDCpg5 YLSldvOqCws67LCOz
 Supplier#000124428        | ,XjeQ,FMp1Z5d3oQapzMn3DB
 Supplier#000124434        | 2sMyGgCS Tyb 8qKXcl,ZlvWoDX0 JC8LPOvty
 Supplier#000124588        | ,0d053 UpTg0ErpDq,HEEgD
 Supplier#000124678        | FVNX9qU5vXmg 59tdXOkMuI8kTWDvWAy1SMz5vQD
 Supplier#000124747        | 4Ut98zjL8JHC
 Supplier#000124777        | yoHyy,8rQ41viFEvecswRFHebFuAP0GyhuM
 Supplier#000125078        | Rfm6hHdpXpLf
 Supplier#000125172        | yOYow x eXdIEp
 Supplier#000125209        | nkfyNp8G YhoDVELCU1 TPP
 Supplier#000125227        | M6k0dX1UvdYbFUMgzDQsDR,G8BdudqED2U7
 Supplier#000125296        | HLTbsmETBQNSJARboVSJhav3t
 Supplier#000125313        | ctTq8j8Svb 6w6sjeqoK
 Supplier#000125327        | CC8RGr9phlOUSyariE6cH2x4AhR515nMGBxndH
 Supplier#000125333        | 18NlVIKkuJbGTptrbeNTFgpEcgszDaZXbOvrTP
 Supplier#000125489        | LXHzgDX1Mf8
 Supplier#000125514        | bQJjoZ6aKAVdG73tYeBklJDy4PisPzT
 Supplier#000125567        | lXT8ZHCDxg7KaNL4Tox6eEBbFuGfhddGuHGhU
 Supplier#000125575        | Lh15JcHpiDnfw
 Supplier#000125624        | NwGIjDfHY0LcSI8RvOV3mvGE7Pm
 Supplier#000125732        | KCgiiS9MaUdUhNVWR2UECi t3h0fA9J0d7hRfREV
 Supplier#000125926        | 62HVCY0n1AyoT28DiJ HerqTvESw
 Supplier#000125944        | 347BjrhP8YB3bnmsnpovROmI,1B61wIbBF1f
 Supplier#000126045        | Cw qma9HErejl7xb2EFcpISYhOxKLe4Oi
 Supplier#000126115        | WlZbQNyJwrkFHuK05pyBubIChQgr
 Supplier#000126152        | oid2x7tjKaIDYtcqk8AghjzG6
 Supplier#000126177        | SMWj0SvwSNi6cSeST1a,vJTQy5jR3QkH9D58
 Supplier#000126298        | t2WHXV614U8rXZdZCOI
 Supplier#000126404        | rTOSGbhApd
 Supplier#000126436        | OaMA4dt8jqiLEhm4J2HQj
 Supplier#000126462        | FN6,C2,tgIuXgN,zBQ,DRZqlk2VEw5WC2t
 Supplier#000126468        | wq9PZM3ckLHoLF59jx8v4tDwRGJAvO
 Supplier#000126743        | 0uhdGmCsBFxmv
 Supplier#000126767        | pD7H0nWY72MiGnVk
 Supplier#000126843        | wr3X7cVBDGfTS1QlheUZyvDiAXyK70dPWmMUz9
 Supplier#000126902        | eRGEPYWDUJOEl
 Supplier#000126906        |  fIRKxifz7j 54SgCZhiY
 Supplier#000126962        | cAht1IJTOJS4JRWJWWYuZAX5rMIj
 Supplier#000126983        | S8,OpblJ9zy0UAe4TRt0OsTQwShfWAJ
 Supplier#000126997        |  sqSrPC12QUJW
 Supplier#000127009        | qhx8xy3xp49o
 Supplier#000127135        | dlf0BBj8V89Kfrp3ix
 Supplier#000127149        | 7PwNieVg7fXaAEXp8pwbzMDCC1ED4qwPCcS9F9Ij
 Supplier#000127244        | pvC4COCxuI
 Supplier#000127362        | XXzI5,TlX,Z Ao,ykfPhGalzI4UybpwRO
 Supplier#000127364        | D0pMAhfLudJhSd7
 Supplier#000127378        | Ad0RVZ IMW8d7TW8 5Hck4eEdAQaI3SbVTagDX
 Supplier#000127396        | OqnH LbWUZ1DaAtIkf9bH52nC
 Supplier#000127398        | rf6rmaBV3BUmUgepEB6S,h,eCB4bchQOvKjd
 Supplier#000127400        | eOPOdhSNJ 
 Supplier#000127458        | bgzjqoGFe40MyEC35MDe MyLOy83XgT
 Supplier#000127508        | XOekIfGDYreBL4nhf1RyzYe
 Supplier#000127654        | ClL5R9tToxp EhdTQfWlwG9YU7kZTEC9gPLkZ8
 Supplier#000127691        | ecMBZGI,,RL NPvX
 Supplier#000127695        | krc6hZ0nEM2UXq E3 
 Supplier#000127760        | Ag8pYVrS7iWVYJfXTV6S1,WiVWjx63JFNlA
 Supplier#000127786        | PcuNPphPoN1t07
 Supplier#000127899        | 753DCZWK06xsEHJkSXSeq0wg7s
 Supplier#000127934        | y0H18AFWbOh0Fx2gNEt
 Supplier#000127949        | MG6Sy5leXPnY0nO69MXwF38dRdOQZLPTmy6OEvD
 Supplier#000127955        | 86L3ytxnb76igeVPp,lQydhYxNqQNwt
 Supplier#000128039        | fbBJ7IseGtIzgv2f0eQuOr
 Supplier#000128042        | VKXOfv57mji
 Supplier#000128092        | sMjnLHcp9UtAgTh44qbdTatEJfh
 Supplier#000128121        | 938fAiRIaCJV6eKCzAVx3pEsw7yKU2DryM9QN
 Supplier#000128134        | NIBANF6ZpMnu34
 Supplier#000128143        | ,Omd6yGExtHzz8LhnLMmOsHj 
 Supplier#000128213        | LpwNp V6ruLWUPwjVTpA1tkLMpkfb8IZMz,y
 Supplier#000128239        | 1dRWcRoinTgYUtGl71vVcdEtC
 Supplier#000128409        | YDwhrQvxijAWGqAJSC63Ogl
 Supplier#000128558        | 2xpKU54KlebnmVIjxs6RZHE
 Supplier#000128568        | DTaqlIQowbr
 Supplier#000128691        | q9Ecdkvx9OQyAU9ktrNMKeH8NVTen8
 Supplier#000128709        | 6gJawnm3TvPHxSTLUXNYKCxn
 Supplier#000128714        | 4Koy364GdWzRYC3ayWzPEo6C700IYHEloP,
 Supplier#000128740        | ,rX1 14oBVfk4UO0jrsfp1p4
 Supplier#000128840        | 2xqSbhEmk5ZRH6  qmJremm0E44yHqCB
 Supplier#000129043        | j1stJB0oEPTz3wt
 Supplier#000129105        | ljLFG66zNDKuiuNUH47L9c
 Supplier#000129213        | 2qXvQoFlLn4NE8nC okxxWN0LkRFZwzZrBEoG5Y
 Supplier#000129223        | Qhs3XdIdSGC7pLLwOskPfYloBBU
 Supplier#000129325        | 2x8yjHQmFDX5Hjbuz9
 Supplier#000129355        | OVfrii6mMMv09yluNqGTZh
 Supplier#000129365        | jf2A9XmYJsVqfOK7kymUEHed
 Supplier#000129437        | FeTsY4KeNFW
 Supplier#000129474        | WutXIWNyyw7wCvfLFv
 Supplier#000129495        | 87UW9FjVifGmZdKNjOMZGEdp8QARfliB49RLH
 Supplier#000129750        | s5EhC36gX9DbwBIlcadqhhFKQ1
 Supplier#000129797        | 7chm7Ka,WDldr9xw68
 Supplier#000129865        | wHfrnhPIRO
 Supplier#000129967        | vNXOocnFwNEPJ
 Supplier#000130009        | 3QYzpGkN1Pmcg61n n
 Supplier#000130103        | 1UqD aVKINRXg0cfu
 Supplier#000130194        | Ti5ZrVyswcI3hDsSlyniV0
 Supplier#000130233        | t c,ExeTYiJvFTSpoKv10dHjR8C9
 Supplier#000130301        | 1u ,3dq22GCtH6 fL
 Supplier#000130355        | Qnv22cwDXr3ypLfSuV0KonWYogc
 Supplier#000130453        | VzCXSy04UfJVzbi2Df5qsnoan
 Supplier#000130471        | 4HjIekEmdsMUUQRNsJT5Xj4J
 Supplier#000130494        | MmjZHQRZctVgKeX
 Supplier#000130497        | E3bGaijA fDTD,fBFF9hLYj
 Supplier#000130528        | Mpv1lHVAtVt
 Supplier#000130564        | 4GQYXex,pj38GSe2CcuZ6Wt1Ho
 Supplier#000130644        | rQZo x9XssTHzSOgdt03k ZQHUoM1
 Supplier#000130691        | JQlzGNlbXdMm
 Supplier#000130856        | wpy3nwelZxVShT
 Supplier#000130885        | LY9h7 gOfF1
 Supplier#000130906        | LmwXPhYOkYTQto ucJ4le2b,aNYMFj
 Supplier#000130947        | GlKJTj0 hVyJ76qYkbnY
 Supplier#000131211        | DVMzoudp9srPsWB2G9d6mw,BCo,5KL
 Supplier#000131236        | vCyeNExJ 8i 2R YS2sG0aORh2 3PdhyEjx6
 Supplier#000131358        | R406fhpPYLxwmaV9JPsPvyZoY
 Supplier#000131379        | ADy9flDcBiF5MZHiJ1dnZxt,t1r2 4G
 Supplier#000131385        | 9cW1g5IKuEza 19zXb0VKW6
 Supplier#000131472        | 91y3dZUnqqGWRW3,tJmsZZ05koJk5MJZ
 Supplier#000131505        | DumgvUj1,ZFreMn4w,40jSV,uTqeWz
 Supplier#000131523        | txh7s3YBaVSiEWS
 Supplier#000131546        | eFGiEEgp7E3gwVk9DiGf3ICDM4e iycXAAUSyu
 Supplier#000131550        | oVT1fScB8U9JTC0aTowF0u2Av
 Supplier#000131556        | 9v0vaI6LTkGSHw371eC0ej3iWS
 Supplier#000131610        | H35GG7JaYY5HiaaBBOMkvHqBzD6nHYFIcCcT3BW9
 Supplier#000131620        | B4UDcvFxz63Yptr 
 Supplier#000131656        | c,ZE,CC3sFy6mVICAc2QieDSj8WV
 Supplier#000131817        | wTlo9tGBqn7RpzbGXeoZAUsYdUXiL4
 Supplier#000131832        | stlxWAnzaKIf2eXGFEK9Vi3C00TlifMwxJ
 Supplier#000131877        | j1xBz1CoEnQ HYPn0U4Rn0bmZlh9 LQZyZzPmwk
 Supplier#000131883        | GBhgFjR,Zncy8MwXU6T6o6ntT
 Supplier#000131898        | H316xqoJ,NbUaIXEIE7VWtgrKY
 Supplier#000131919        | ImjkN3 HBMjNI0ErHNSVEoIxhmkulGJK
 Supplier#000131992        | gFrZLDIMhr3o3mpeEsgJ9
 Supplier#000132068        | Gp5tSommQRxyb0Pw
 Supplier#000132097        | RFqvOgMDk,4s
 Supplier#000132100        | 1ZTs7B4 PObZMHLkrYR,VwfYUFf
 Supplier#000132113        | SqW0wBs7Pjx  frq7JcmNznyBfGPobd44
 Supplier#000132118        | yQ,fCEY,4qccjUm,e uxN3qYxzZ
 Supplier#000132147        | rMjOCxPkdjWBCmgVFqWz
 Supplier#000132182        | i6ecuCriarcjfJFG8SOkjT2k,T0c0EE,RiLM7
 Supplier#000132289        | EWQtguF,YcB3DpHE45B
 Supplier#000132329        | yhnkyySUGhq
 Supplier#000132338        | aplL3diY1aVxO48kg9TAjWn6WfIiQ
 Supplier#000132370        | PpdTVToO7,lo98q7AinhiJbgWfKBRmKSX
 Supplier#000132454        | fCE7UK2X08veJnJ
 Supplier#000132512        | Hjv3o NCiX21dfZkI7zafJ8Yc8
 Supplier#000132549        | lmLcvxxRHeGTny  DwJZ20VWC
 Supplier#000132625        | fMHtduNOnN258xadvtg1VaEK9KiG ZrJ2AhWhEJ
 Supplier#000132659        | bwGlumwajfwdNGMQIPexbVIQWbm7GnZfemWgp3
 Supplier#000132725        | ATKG1qUJG70 xDIl
 Supplier#000132730        | iwDoWxdQP1giH1pOnGkb1BP9z8iDi
 Supplier#000132922        | mWPyAQk9UsiyW,ybB
 Supplier#000132934        | pHO011oc7W
 Supplier#000133062        | 5idsabM4 Q0Caw
 Supplier#000133129        | Es3ogiMkMsIAo5tv
 Supplier#000133159        | CqqcHQb,HKTEV4ft977
 Supplier#000133215        | aHE5aw797i43dGh
 Supplier#000133270        | 7KqMxYl6 TDOHYfyCA1kdP
 Supplier#000133286        | EFCcumHG44a76JEpA078AlpFDoPJ
 Supplier#000133298        | 0RX3uoP7vvW7aZA xAkB
 Supplier#000133441        | XEoUJbAFUvSE6twwBn
 Supplier#000133520        | VALqX0rNenn9frHSeyB klGC3
 Supplier#000133750        | OgpjqsL6frEYo
 Supplier#000133968        | DTzLEtvDvfSho2X6SSQkPHxwfdDYMBcV7Ka3
 Supplier#000134042        | bWqnLEADvmypMrd,7B9T,
 Supplier#000134063        | EQ8pTpiZvhy0cuzdBuzc5OZS
 Supplier#000134071        | GXtLX UC8s4gVAswZc C5gJbkS
 Supplier#000134146        | B9tKpGb1gYh0uBUXvlhArbO G QWWcTkGuf
 Supplier#000134373        | tn1wIrnO6PLn9rBN9WUyNI4tppmh1yK1eOWKhCD7
 Supplier#000134408        | dKZ4mCAqSQ,faCGhXDPTm2DG7 DWuhxBnZhp20
 Supplier#000134459        | XdAC pfJum4pa1urwTf3Ql80
 Supplier#000134593        | DXY7wHCTscLBVoQvMl6yz
 Supplier#000134594        | 2aL94soo5tspT5L8 ttoMv
 Supplier#000134626        | hyyAwWtjgyDLjDCpB5ta5ZwEsyadhq1m5ose
 Supplier#000134835        | KyiGq5ouiuB0
 Supplier#000134863        | Udp9ZEHcYkoCrhjTO,F
 Supplier#000134888        | J8Kq0BAogIqPQDEGBid UEBgueK,mq1Q5XczIxu
 Supplier#000134967        | pINpO6zGjVHIah654wk6q3bLMD3GBx
 Supplier#000135000        | 03cJOxoAtBra64zOUnJ8ob
 Supplier#000135010        | 0Phs0kBF920cKhTS0RZU
 Supplier#000135135        | UAtipkc8p,YmpRvWCn
 Supplier#000135152        | nlwNHCz893WpYAjzRuwlaa565gfHP,6KmdBsoB
 Supplier#000135177        | wpxa3IAI80664XKJLrn6v6
 Supplier#000135203        | OI,TFN0j ty0KXB2FMsnKshP5Z,
 Supplier#000135281        | OFbMc,diK7G ipimSosK9dG58N36lanh9FEc
 Supplier#000135296        | 9OFuurToU7345QKFeE4sUI6C73wWkJAfslVDJXG
 Supplier#000135355        | stlmt,s tkM7PfxNly00UR1VcC6NYqOv L
 Supplier#000135363        | 2AFymbrxrE6PzBVB857 ERgl,k4WXDVLDW
 Supplier#000135368        | 8a18WAI7DR1Uf1y7T4PQ4uDHZMEJSVmTpX03o
 Supplier#000135453        | Un8RrhHRg aDva6szDSITDMVHGvy1,djG
 Supplier#000135614        |  ClDm4a75WmmzqW0y0UUuxwVE,vPN3Aq
 Supplier#000135664        | 0ED23X1AZDm4vJ9M
 Supplier#000135698        | zOAMqFs0,km1 eJYjslNRoUYsK1DE2Nvte1H23 
 Supplier#000135722        | m9A2Gq5TDNsjjwcrPjIR
 Supplier#000135790        | ritkc83dng98JzYvJrBKYE9WlzT 
 Supplier#000135824        | qzbWYBXZm0BsoHjh W7Hi0
 Supplier#000135865        | mIoI 8MDOasWTmZIN00I9t0gugxzCY DJwuf1t
 Supplier#000135908        | 2w1SQ8l0G4SFCzU01B6Uzle
 Supplier#000135963        | EdeZgxEu64Wq q1 WniD,RnaMY
 Supplier#000136013        | 2EiY59ljFyjNjVi5,Wxe kLfNr
 Supplier#000136069        | o10VjbGCr RpSfh0kyutT1K4ZThjqdmx
 Supplier#000136071        | KwSMgMQODn44G5u IPKz,eDWzx5P20BmgX
 Supplier#000136137        | FguQ9umBtUTim2cx5
 Supplier#000136139        | r914f4If9Dd10WjcvT1G
 Supplier#000136186        | PuiIiu9mgOR7eD943Fkx
 Supplier#000136312        | dXox2OWCserD6WZY4vaj
 Supplier#000136316        | F4vAlAqZ2CnS
 Supplier#000136516        | 4BqdGvRZ2gx k7,0h,Frb96cRiggxycCwOa
 Supplier#000136582        | cP2Nigrj1keElkyEuV,agP2mmj0BY
 Supplier#000136589        | 7kh1l6yRE0IjMKJKCFY28
 Supplier#000136597        | 8sM7YGKe84oa7odMXO0SrlqaRi
 Supplier#000136608        | 0QCeNLReYtqMa8W
 Supplier#000136616        | CTfJjDGndmE,,5hL7wDZtbjbZEAyp9GZ6
 Supplier#000136656        | Hm81Bd4WTN2ncv22gN
 Supplier#000136684        | 0Ycr4vdzB3H8BD0xlKR 8iT8znPsPLT 
 Supplier#000136771        | oBZE4AGbRGVkuQxaa1Kx
 Supplier#000136834        | yCkLdmClRcbmbBhd0DI06kb dU86nn4q5dN
 Supplier#000136840        | QlF OPS9Gw8QsI Bc0Jrr1DQdzNbxYXX4vlmptdk
 Supplier#000137082        | hShh bl5FQczTtZ
 Supplier#000137164        | Jm2qy1apwzaikJf4tFgc,nNXGh
 Supplier#000137202        | Y7wD0by6ccq
 Supplier#000137255        | flJp3Qp8moEoOTrVHaZxsNjHcPIw08x
 Supplier#000137350        | s3ekd56CRTpXHkdhxA
 Supplier#000137489        | FR6vgPFS0pIIarODFCqz
 Supplier#000137529        | 5c0e 4XyjpLG7Xr
 Supplier#000137666        | alPwL1iteVMTAGF
 Supplier#000137720        | kX4SyqHUNIwVWcizbZ93wn8DKWNiIj
 Supplier#000137723        | 4C1E9CoQAPnihBW,cH5,yN5
 Supplier#000137763        | Rq DSs63PZEwfqmnm1v5ZUkrlsM1fWjBtqCRhM
 Supplier#000137797        | YrXnhxgf0CQmUBKGmpwfJify42PVtWWKQ,I2aWWn
 Supplier#000137845        | ZCh8RfOkcSNioF5vdDhXYXFmUfBFELFduMd
 Supplier#000137899        | pxGoJ78ddj479NLectR,fLOGQHqYz3
 Supplier#000137932        | f9ZzRvGDkwClL6bY4S,qYvNoT X QQOUpU8Kb
 Supplier#000137943        | LV2iUu5iXMtHpM
 Supplier#000138097        | ThJIBglnkMEZcWqDMidM
 Supplier#000138106        | 18nvvCTRM Whb4xwteJfaoxnPXecZc
 Supplier#000138220        | EdAXP1LughqOfWZ
 Supplier#000138274        | ZiguINM 9 25apetFIALL2AV,5bQlLWIKZPna4A9
 Supplier#000138324        | eRTA5qryOwz58mZEzBA tDmLemKl7X9K1uG4S,p
 Supplier#000138365        | LSiLky5IGmYe6dKJi0wo0tNHXXwrQlMizc2M,g8J
 Supplier#000138484        | Lquls6F1CbTuh QrG0G
 Supplier#000138593        | x,LEzFQP0ImZ
 Supplier#000138639        | 5heF40Wy8HgkOaTpy8Fsr7XCXyX0ssMWmX0w,
 Supplier#000138699        | iX0maBEihrwGATpki1KrvPHVo
 Supplier#000138706        | t0ylxM0 ltLX3 9AM49tKwP4Vc7ZU7fIfB8vcJB
 Supplier#000138739        | r91psq8gXIwWcLE vqjMv5kixUgGogL3t90gK1J
 Supplier#000138775        | Ov1GBPi2mHoIpPerhnbzlevcYLzEr
 Supplier#000138820        | ZEBzPk1nXM3bn1yl3lHjV rcuHNQtiqzg
 Supplier#000138907        | e5NNAuBQYVF2775NF8aeeapF7YJ8
 Supplier#000138965        | 7Ga5xRWYQj14Gr1gyE9aiEvVGu9fceOWWtKSDh
 Supplier#000139020        | 54zV96e2eJTx0ECa7,92ek
 Supplier#000139022        | D,ewvqrz1a7qLZtvunqbIK2bU8
 Supplier#000139066        |  zxru5Z09etEFtx20
 Supplier#000139144        | af1XHHwLD55bmri LQrbOew2XFCbu
 Supplier#000139197        | dtf2CqaWDYIEC86JMR
 Supplier#000139246        | kmBah7ZGsRo91vC282B2g79ThQ
 Supplier#000139322        | HcDl1hRpKmqiRHV,ur
 Supplier#000139324        |  hmTHJttx1Sq
 Supplier#000139334        | 0YYT4KhslcFzOPiC
 Supplier#000139384        | tDRMdELS1vmr5q OQe7ZewhatLMw
 Supplier#000139403        | cGTkpZckKW3Apy6X0eGOiOnIquKq51dJAM
 Supplier#000139417        | 8SG8LlQoRT9fsOiu 8X2I1tJYMbF8N7hQY,d5
 Supplier#000139447        | I37HnKbsM0Du9wSE57
 Supplier#000139487        | eJvjN9,vKtVaWT raFVwHTlmcR0o
 Supplier#000139620        | 6iun,4xvhIJSwGcLC65SFoJdtWN9g,ryr
 Supplier#000139681        | upxMGOGBUpCcPtBpxqRv,BOJaPUZN9ck
 Supplier#000139715        | lQSMGkPkYQBrQAWPbvNcDrlru
 Supplier#000139746        | 8Apnw,mzZwtSASaoL1
 Supplier#000139804        | miVqRtT 0lvKzlaw47tzEMGGMkAR
 Supplier#000139818        | eyxas11wHfxaEbKkV5Cqcah1
 Supplier#000139932        | oYYBrZu,omrms7Yf32BIpNu umW,gZS
 Supplier#000139967        | vw2sTptwmbWw2B32FhuVA NJ CTyyWkYYRHWC
 Supplier#000139999        | vlbFmNCO6uENgud22vb6jxa2ND Go
 Supplier#000140008        | ,mlzm4y3Zo4QyhgybrhK7
 Supplier#000140151        | aaCNZD5s9tA06Kp
 Supplier#000140159        | InWGXlwbPOwekUbCaFJTzQ53A33LMezw
 Supplier#000140248        | htUGN30PYAruSybRokmMzG54sCF
 Supplier#000140262        | jMFhObnQR 1inSW9XW28pEFaW1np5JSyF6
 Supplier#000140337        | a6Y042MpHm
 Supplier#000140351        | bz0C2Mvi1ifrgwgqrsU6p
 Supplier#000140541        | haVbkvssm3a
 Supplier#000140554        | TP,gEcHjEJqsRMxRMsgFk
 Supplier#000140681        | isNJLmou0fVk9F
 Supplier#000140690        | KaJ 0xV2oGO5kASP2ZZCrPjn9oJE
 Supplier#000140891        | V6zZQNkFQX,fSYKw86Tuz7xit
 Supplier#000140913        | L6rUKW27Yg9Lc
 Supplier#000140952        | VyGbBpTqo5G
 Supplier#000140967        | RMHWk 3kH9eLK6kviu
 Supplier#000141019        | NoYwlkrQo2OylR7A8xjeB6iyCZN00sXI
 Supplier#000141037        | vBTk24lZrVKZad8TNsZVx2NW
 Supplier#000141044        | WW15,MYs,1EfufZpkt
 Supplier#000141056        | taXJKk sUfdq0YR4RuReCK5u5HNnRwV0,xB6b6GB
 Supplier#000141247        | UeAZle1BzAid9lB
 Supplier#000141260        | jXtqmZ82I0DcYcNMXWqDvShQUgx1Cmyo
 Supplier#000141286        | FfvY38w4o8tvc6EH9nVpGOK
 Supplier#000141289        |  GUnd5jtH,82W1P1
 Supplier#000141307        | X6 E3tSl9oCbidYKA xGEKLfY2KH9R1yN2IJd2 S
 Supplier#000141407        | 2RKJ,G6mmdjuL6CdpxzvnywmE nuVljlVXJ
 Supplier#000141424        | 9D UBHsB1p
 Supplier#000141438        | V FBS8F1Sa
 Supplier#000141578        | Vvjz58YrlVhPgwjMY9wYL9Wo7P U
 Supplier#000141579        | HGcnHf4y30FT1CvRn2w2KC1fG3YD
 Supplier#000141581        | o7Em17Kd7xBkbDIuxcQh JCGD70Pd
 Supplier#000141585        | 4YYh5GEF MkVyXjxXWO0bUc37T2TJ
 Supplier#000141624        | hV6P7OfG25
 Supplier#000141786        | 3YQthn,L3PyoeR8hk8Wn9F05EuNUKyZ 
 Supplier#000141826        | xDvAwnJ5mm 4gU2AcsG84nEU73AzsONpj3
 Supplier#000141919        | pDKqN5ulidI7a4aN
 Supplier#000141987        | t8eVKnjblya08bC
 Supplier#000142017        | v5hLbqxOmLtf
 Supplier#000142019        | iYyRAlcamnpbFeXwalBILOS,HhrRoUO,MXH03DI
 Supplier#000142143        | bpGj8tAtDCoIjMNvuLJNG3lXkTTQYJTjDiN0W
 Supplier#000142191        | f,YDiNrAJ4TIwDAKjHCMRVK JSj3 PLQhxC2uUjk
 Supplier#000142204        | uwTiS8hkQ,f8rtajId,P02ND4VgCFMXh8II2Z
 Supplier#000142304        | RA6GeJyVfpfbLmy2gj5531j2OXsQ
 Supplier#000142335        | JO1zeicMKgJB
 Supplier#000142614        | b,ltFdNYT,IOaE8SXdlOfNB29
 Supplier#000142725        | n7O0YBvfKsxDJdVXyfhG2gv9YoSFI67aNj3
 Supplier#000142728        | mlhKIErULo
 Supplier#000142767        | ZJM4s5i wFZN6
 Supplier#000142793        |  L5pkv iS8ukCIKTLKLOJA9f6ysevPO9
 Supplier#000142814        | RLO9D,3vTCWzeAyjrTiusl7wLZ8cB1Mh5ZjfYT
 Supplier#000142824        | ,xWLnRkoxNhl9Wr3
 Supplier#000142941        | xU3YyydPahmT9lKVODlscWlgR
 Supplier#000142986        | 1D1vm96LzInXpG7b5REnDQ4UIfRtACLCa1
 Supplier#000143051        | 0PzhPYjHjK
 Supplier#000143078        | YZshmhHki1IzNSNcwWYof
 Supplier#000143115        | ovzC5zs0pmZl741Gbo vo3uaaTx4q3PX
 Supplier#000143129        | bl4STMEhi577Gp2BYj8 H9hN2W
 Supplier#000143245        | R2BRkpqO0dENlYd13yACy95
 Supplier#000143258        | 4L3MWtu0ggJ
 Supplier#000143360        | q63FBzu4kHYgMzafinuSncOP6r
 Supplier#000143378        | pUpk1EjHslHsoSx0EkQmgC
 Supplier#000143464        | 7yYFoi855Vyv,5cWGI 
 Supplier#000143544        | AIsYjUM1,INakH2Iip 39DVIabB1,v2heXva
 Supplier#000143598        | d3eGMzIFRc6mraDMg6jap2phtH
 Supplier#000143897        | ovg2uYhuTy
 Supplier#000143912        | 5oXjOJGkkV5Jy3K,XKibhoRJDlAraCzS h ac
 Supplier#000143941        |  WWY1GGk5L 8oV5u
 Supplier#000143955        |  6PxuijBU1hpdUXHQzHjWqBSqNKBa,tJ
 Supplier#000144001        | D2cR6Qt1k0m3X
 Supplier#000144143        | aXLCxu 2Ah3zQ5mSi5
 Supplier#000144145        | mGTvGnPYs2t2YI4LgbT,IEplUtnk3z,1
 Supplier#000144239        | 2M1GXqYNs7y,narRFEy1MaLHNAJqt6w0Xln
 Supplier#000144386        | p3pWBwz6LRfii9iM,Jw4PyElL APg5soNx44
 Supplier#000144475        | nD9aoiu4ChOEF7GgA5iFUsRS
 Supplier#000144579        | gpw7I1i6ceruz5bVn8CvBVV7tC9L0b4P
 Supplier#000144590        | wpQmbwRUwpzZlTfCRqjlb 
 Supplier#000144603        | QPx11O5PpTd1sZ2rXWKq2aSByWm
 Supplier#000144736        | W1lOozsFnfh4GbfV Eq20Y
 Supplier#000144760        | 2JlSd4ACD,pUOM3H
 Supplier#000144797        | tCSYbW5oo jgVuY8Abk0WhZHOr0inCW,GUi8,
 Supplier#000144812        | ID3BuBUN4satKiKx7fHy,JYQez
 Supplier#000144819        | Cyj7IJ5zspXzM2oBfjA042yw3
 Supplier#000144833        | NjDY5qTw WtCVRMGjerc6kca1K
 Supplier#000144843        | aya0BtSceQ aRk bWesu Yhj8n3Vh,zb8 SJ
 Supplier#000144874        | rrDKCpqRxd
 Supplier#000144900        | meI3gLdepYCKVzFv
 Supplier#000144916        | PrufRotn1qqTvSsMGklNQPLFYe2,WDWS
 Supplier#000144999        | GjqCG5kxIVdyv78ihdFCKoN2Y
 Supplier#000145024        | k3YFZuRL62j1J6ZIwmvmZL
 Supplier#000145075        | 9, jwagZlQfs4ftQv
 Supplier#000145139        | bmU38XKG8SpzUo9U6UMEaQ,bIdGtCEIMUxVV
 Supplier#000145164        | Gtp1wC5Z5f8tKODjL8OG9 202j
 Supplier#000145224        |  XPd8cs8bCpwxlsMTYhooV4jm5v
 Supplier#000145257        | opY9jDhhqsnm
 Supplier#000145277        | oT2LZ4 y4WlcHgAYCo52R1w5kPM2uLQJBG
 Supplier#000145408        | vpsvgrVBqMzFSw2Ub2V5
 Supplier#000145438        | X3507l99MAHLIocD59pJYzxxc ZBPSbfSCoD
 Supplier#000145463        | 6,BD85f1mwOAruRzwyvMhBevhXqxNv
 Supplier#000145571        | oFVLn5NcYJ6sNC
 Supplier#000145576        | BGo j0IudT2bWUrTHay82MaD4ragzgPjtE
 Supplier#000145661        | yOxqJmZwzTQLhD
 Supplier#000145846        | KcnU6wlfW1R3jTGELlldKOk5v7TsrKik
 Supplier#000145870        | ftpsQcQ9xPt7HsJGHo5LgHTomp8GfxRqA7rX
 Supplier#000145888        | PBIZ,muEVIkZux4bXWc
 Supplier#000146012        | ,1L,QTNouTpYl1PnkFI
 Supplier#000146030        | blvuL oJQmcZLCR5
 Supplier#000146039        | kRvGLtrITJ U3yJ7U0JNJZiH
 Supplier#000146067        | yY38mxig8vohGILZitZFmEt
 Supplier#000146090        | 9YTyf5zZqjBqHvhLhV
 Supplier#000146093        | wqegPqMgUgd2tzI5ZHtUE5ycC7vRbcFUvhXYXt
 Supplier#000146110        | H6rcqg,SxP
 Supplier#000146179        | tCLaVqx6AvmLIj8R
 Supplier#000146287        | 1zbWjc1nlq3ESfvmcUs0KvkKznNmK
 Supplier#000146305        | PFy6wYTlVly1sac5qi59
 Supplier#000146306        | hLUpPADMdZB5lAjKvH4LGb,0xm6fg
 Supplier#000146334        | 1c7yZjkydLcE,JN7Oobj1ki
 Supplier#000146344        | 5vvPDwFpTLcnArGPyE
 Supplier#000146351        | afr0yhaBLtPHeQ4jioCRlD
 Supplier#000146401        | hQ1pIUp8L72h3KLV4I2
 Supplier#000146405        | q,XcJmwJ bz2HLpUBfY06ZEdj
 Supplier#000146472        | y7DCP5nfoia1NEreraeUDGMjRw1Sr3
 Supplier#000146486        | rmt30Z5CgclKcauoJvn
 Supplier#000146506        | O5cHHbE3r8oiIpU
 Supplier#000146620        | icm7FMqLkKFn4
 Supplier#000146677        | qnjXb32B193MxF1
 Supplier#000146695        | 3JU486zEh,bWZQOMH vAv1Cu6UYPpgN
 Supplier#000146700        | Z7,Ihy82s3uscPRtS7L4
 Supplier#000146868        | pi8vgtZhUuMIBvkj2UKSFV9G1KG8UG6ninEWR
 Supplier#000146922        | lh98lR9 VdatjHeX7cEkD4SJc
 Supplier#000146952        | bGgVS75UL pUGtzIpGN8S3CzPK5 BOewtfktvP
 Supplier#000146989        | Yg9Ugyy1LeHE
 Supplier#000147042        | 94vM1xkPkFFURS0N,qNcqVxfdJ
 Supplier#000147093        | wL5W FD0ApurM96
 Supplier#000147107        | hgFqyowie7
 Supplier#000147328        | FDVBf177LPfY0r61TeowKdnFWLDnRMWPbUX
 Supplier#000147344        | gAjISsToMqHPbYv5dTGX
 Supplier#000147468        | JbpcCRBhECEUHe8AbjMc9Q1 BjqEs,tNT
 Supplier#000147518        | 5DmlkuvQDODyoS
 Supplier#000147525        | WUqzirktJjlwqldz,rz
 Supplier#000147559        | 2ZM8xCXlV8tMrphMjkcJ21
 Supplier#000147615        | ECW8ZTT wrZGgS7kL6,0ViS6XnQ5zJe7,g1QHZIj
 Supplier#000147617        | lprrOIXlSCVrS R191qbJU xt0lJ
 Supplier#000147642        | M,9lGuN7P0mviEShU RWSmV
 Supplier#000147732        | hvgacIWZKpYnKS71xUUZobdKmGOy
 Supplier#000147755        | 2gmfLUsbse4ne3aMH8LkQrwXH
 Supplier#000147828        | qHig Dz8tNjZ0N0AFzteWP
 Supplier#000147860        | 8,S6 nhvo9FW3XYoeCHCu
 Supplier#000147873        | ISYPAKkJzT5L4qIC7Glqd2oJMm3DE9Cj2liM5Dgi
 Supplier#000147903        | DpwMlsYAOWuWDQEximf5 vmB1WBTsZv9OljZcX
 Supplier#000147920        | 7Rrqdv0t6p6YDGIN91gv,yHuCNok4JHdS5LTUDB
 Supplier#000147947        | M,wSQN47V5,GPnvtF9
 Supplier#000147971        | F14dWMNeszZzNLa 
 Supplier#000148004        | 5YDU2IJYMJO
 Supplier#000148242        | AFZN46xtBCjUqhALQWI1vguY5x
 Supplier#000148278        | dzbp2fE5DyAycy
 Supplier#000148291        | 82fcoVIO,Pu0
 Supplier#000148311        | aFOt8SN,Db6u39WIKjJ6Cpg3GO
 Supplier#000148346        | dEvojpUWt5asqsTjOlzIspf
 Supplier#000148550        | bdVN76dljawPvAqsKg7IlWoYdQ
 Supplier#000148563        | WsA5p8VcJ9yrN,3k,nk q NCy
 Supplier#000148587        | 3aKzy8qPPmqmS
 Supplier#000148624        | 5tTuWN2sWFgIt1vOYiwUtbwkgSaueTh
 Supplier#000148667        | OSNMbE3nB1Z3
 Supplier#000148717        | Flbi,Q3yvZVcpEaUAapX2hyHP2dBqrbYBBAg
 Supplier#000148729        | c5C yXl2jXZSecG6gbmpn8J eD
 Supplier#000148910        | 7YFG WYit81v1w5j4PAsEdhcewwhXSGvGpQaX
 Supplier#000149081        | WguDrmGHzxYvEEA8m5h
 Supplier#000149186        | vvye8ujT3ySI,RD3nzm
 Supplier#000149284        | lruQvPAp9kJ
 Supplier#000149323        | qIZXVwX5TzwVfxvTBaqkpvznzw
 Supplier#000149330        | 0hMoNNS M6MNL959ExH6D1SRmGn8HwGpY
 Supplier#000149520        | DxoirL0zBT5J
 Supplier#000149564        | c8R 9nks2GJQzqe0q
 Supplier#000149673        | w46kcu566MqC3DSn8vdT30cFt5atQMH6
 Supplier#000149845        | BUYxauXt6usxKxPfAO69eiOjqedP06htSd0w
 Supplier#000149914        | Kz1S0O6bVMbuAVz
 Supplier#000149942        | WbmYVDDkd4qyPA64 Q7Rc2h341vhJQyFCMaypg
 Supplier#000149958        | 6tiGHJCjWrJjwtOkWpf9RgAxHYHE0CVjr7s
 Supplier#000150004        | En5Ug2H,LZHZ3APpY2TLVd5hekk
 Supplier#000150024        | 049HonbT,KUwHUKqPJooA
 Supplier#000150130        | 5SmSQYEnks
 Supplier#000150228        | 54iU4v0ERuU8YavpIDYQmDAdde14lGQlpiDmtLXR
 Supplier#000150238        | 7zqaJorS1MCpO2xhh98C2hiVbnUPiSSM
 Supplier#000150332        | WaClHDz xvtn47EqeDb,bcvL6hCOeCzJbkxo
 Supplier#000150333        | ynxQA3HEdavpHZ
 Supplier#000150389        | Vfdci4C8G3Gf8yP
 Supplier#000150445        | 0pWw64pwcM5blebuucqwunk2,k5vNU9SE0Uaef
 Supplier#000150448        | 1HwRhXr522sFExM4Z44Xo46Qi
 Supplier#000150467        | tLr9pZ,foX4DAh
 Supplier#000150573        | zfixuEGKYRt9IPgUYbX0n2DF
 Supplier#000150576        | 6HylPK3E85TNhmwcf6rV
 Supplier#000150602        | bjQzqUwX1Tp8xV68DwiMpG6ROkpHj5unCKRjP3b
 Supplier#000150644        | ZH4GJfFXvMpGRNXGGXPe11
 Supplier#000150671        | JezNB1rG1AZD0NrvC56FFd1I
 Supplier#000150703        | m,ca7wNap88Xfw9MANUO3e
 Supplier#000150709        | nhLh RNrrNMz2w2HqX,GNK3jAHX
 Supplier#000150717        | c,hnG,YCPJR44
 Supplier#000150736        | VnlwfzpQcP8u7rmAMR6GH0
 Supplier#000150841        | cJHXlKSh4Sl53M4ZgDwHOx,IHyL36y4LV4A
 Supplier#000150843        |  1hOS84MWS2YKhLGP1857cGm,Y0U
 Supplier#000150858        | T7Xy5dbRqqQQR80iJKUlCyxzKKa5YpiG2oSi
 Supplier#000150861        | iIYC PpYYV4p38A
 Supplier#000150887        | OtWW3S0cYJg5Ot6JRAhW3t2H83amT dyC29Tf3s
 Supplier#000150973        | h0EyXZA2ZHsiZqoTAqrjpRc 40yrFZYCWzTW
 Supplier#000150988        | Vu0hNbQOlgXUeufIkdscFbRJ3F3Gm3
 Supplier#000151008        | fN1kqQOIw16z3uR7EPQer8mjoJlVo0ftp0
 Supplier#000151009        | 9ffm MbgWbJ2ZmQ
 Supplier#000151030        | vJPx9Rrnth8vdQR
 Supplier#000151031        | 7RsKRZh30CwY
 Supplier#000151053        | flz7rb7qfsmggiiDzNFS,8C26vxBPnu1yLR2nI
 Supplier#000151168        | G5a3V0jnej99Y7x9rF9LZSX
 Supplier#000151182        | EDRxSClFiru
 Supplier#000151243        | L1AzTHhHg7
 Supplier#000151278        | ,NTC18WgPhQfj8PEbvRKSqERdEVaS9WQGj
 Supplier#000151323        | ArWU7ar3BYbqgdk x
 Supplier#000151430        | gw8cjQIbdnkyH,6XUy
 Supplier#000151479        | QjuhgpxCJsAwJcmvWE9DZo3y,yYfD7MPzS
 Supplier#000151556        | 64TTB9gVayjJz7vPTfRU5jg6lKFZxtDi5g6Vf
 Supplier#000151629        | QLi8dD2hSXYf8sl 1iVdTFkj4
 Supplier#000151650        | GL DbN0DdcWsx6eBzLVioLfA4rM chs9IcY
 Supplier#000151701        | 4y eLN Fr2a8v9Kynmd qAVHI0BNcJvAoVw8Lq
 Supplier#000151719        | v5G8iwJEFz5oKOlcKou6j2eNlZPW3StOi
 Supplier#000151788        | K3W3Wxxha3j R,ZePOiNrHlAEb
 Supplier#000151857        | w26034xRMd7Swzun7Aa0LyGoq
 Supplier#000151957        | 4erxEle9O8zWf
 Supplier#000152057        | ZwpYU6FuSF0v
 Supplier#000152147        | 8cfN6wjSNN7qvpbnT,6jD0BMijDFPtac
 Supplier#000152464        | k6p9Y2A6uIdaBhXik1XL5 PYx8sGRMSrB9
 Supplier#000152476        | ak3PptXuiPm8jXxLbO3yy
 Supplier#000152488        | T3c560I9yXBg6yHW,HpJzS3Tvr6K,V
 Supplier#000152520        | FV8BZJDzKh9EoSvhQ
 Supplier#000152522        | IWYGjd86l,zckXX4QFr3cMicnjKKkt9sF4OG
 Supplier#000152562        | mvXJSaR8f9s82sBDXPObk
 Supplier#000152592        | QruHm BsHUICgb7RADUt
 Supplier#000152659        | ,ZpJHSFFEeZDp4wiLkEzw9g9
 Supplier#000152697        | Dpu5RK,oNn9Y72NR
 Supplier#000152710        | skMMB1eGeo1n
 Supplier#000152748        | dYouWmkJGElH
 Supplier#000152873        | 8zvxvY3ZzkLGXZMwI4N9h,6OXO2gLhd0d5
 Supplier#000152909        | yqnuZBjTmoQewsw ,kktO,Zk5q
 Supplier#000152953        | xXONT2HmCCUb
 Supplier#000153028        | CZzI6fZc3CY
 Supplier#000153049        | F6OiQEEoFr90sKnBA
 Supplier#000153060        | 2qwEDkjjYG50PnKEWYom
 Supplier#000153069        | JlTSWAqfHf9494
 Supplier#000153211        | Tmp5wFa56EjEJRW5Pujx5
 Supplier#000153219        | 8KoLZlr,Kk5fwU6BMj0CU
 Supplier#000153287        | kJGSQqMeWMZ5g UBffZu6Y4lFd678597H,khP
 Supplier#000153311        | FizURDYQy3mn89O
 Supplier#000153350        | jzQL9kz6,St5xhs5Rr7XNfkx4tpVb9W
 Supplier#000153373        | ,ULMYy79ynIun87L6ZdBnNtLuQMiu98ynl
 Supplier#000153473        | llU7RzEfxjM7 k,ujOpMmdYKJJATNOHRRFSK
 Supplier#000153659        | 55dK6hGHjmQCkUe F
 Supplier#000153679        | Tdrq6HOkx5yHdvN
 Supplier#000153694        | JoBXqJ8y4wfzsw6UZ
 Supplier#000153805        | VSJ3bsLna1R4I ajjhUHpWxJO
 Supplier#000153870        | 2J7rBtn68sN
 Supplier#000153921        | 0adY6ZgW9OsK FOt5zmMD H
 Supplier#000153977        | dDCE xNGAI3fse3RsKo5FLYk QHOBY6a,iq0t
 Supplier#000154074        | 2qEdYxYNPaJ
 Supplier#000154077        | TUcs,HsL07BJUNnGFUlTwNPq,1ISstsnb
 Supplier#000154133        | bGDcrdawdj20mTZWaypZG8yszDpi8qH96
 Supplier#000154140        | 3Ns34RRoWArEEXeQcWspVvyZV3JDlY4d
 Supplier#000154212        | Gwy1DJ7KdH9l
 Supplier#000154459        | n1PXNYwe10CHGa2WRdp3k0e6j5D
 Supplier#000154461        | 3ioyVD6Gmq9AnhTEeq7pVtSTDX
 Supplier#000154486        | FaZHYUmwUHgDowMJwKzK0GRhjgMkHQCbh2
 Supplier#000154494        | C22ZLXLV9NSX6Ca,xmi 
 Supplier#000154517        | wENHz9lID7SV8
 Supplier#000154584        | nNOEVLCGuUAthh
 Supplier#000154627        | T7OxE2loTFBhTXWz6iuLv
 Supplier#000154649        | SzzSrpRsrqaieQu3X0VF cocERf8B
 Supplier#000154661        | OiF8ojYHqaFqjkFPrVRUO rG
 Supplier#000154684        | s,YP7Qus3CPUwHUMUIPocvp2XU
 Supplier#000154720        | ZB7jZ0t8OeM2PLlVSZ
 Supplier#000154775        | jNowhUTXcgGuZ9UbwDRF
 Supplier#000154857        | p3HDc IF8hvAv8WVAHuOG8mg2fiW iF0Jc
 Supplier#000154866        | IG2BvXOxa,SfeQAyWzLWJh GdOvC3Hbx
 Supplier#000155157        | GLVtdf10NGnt1zn2L3kJEQS lF7 36rHi2i
 Supplier#000155198        | NhiedjUUxy8LPFQpH
 Supplier#000155211        | 5,kl0sSZUwZmdHqgC9DfdPuP
 Supplier#000155231        | 4RfPiLSXHme6hAReOSHP37
 Supplier#000155302        | WdfBiPzfBSao30sXsURhV
 Supplier#000155304        | RLeIZhNX,n0ULOqqv5H
 Supplier#000155362        | ,d25tLjA9lma  7Ezmkjl8DK
 Supplier#000155446        | Ql3zSFXm2mxzho5zO1FEcW40su2idom,2X7pS6
 Supplier#000155454        | ABhxuSUDlPB2NDu
 Supplier#000155582        | 0d iuzNextjWTN1FSn3rOFnM
 Supplier#000155619        | NtZr1PMVLpg0JrYcx1eVa7LLTY0
 Supplier#000155629        |  wCBZ5bohf5
 Supplier#000155729        | B7gCVPYSUpfh6oIEglmj5w1EdKpd9guzvuyqroLQ
 Supplier#000155732        | 9WhcK1m1S1QtT1o0Ptjmaj,Uhy8ZtjnYLCzOD
 Supplier#000155806        | 1fc0V10Uc8QgKcMXKGf8c3TEeNr9Z
 Supplier#000155826        | KtWjmP8V b9 uv9F7zjE3TJGcgKXyLLKpXEIQ7dQ
 Supplier#000155889        | WshLm2NZRufC3xTv1NWL,kzdzlMq
 Supplier#000155933        | tXHfZ5wSzdAp746p9aOy25AI
 Supplier#000155959        | URceqfAxi7OhSLhe9x4SeEWr3iv3c
 Supplier#000156001        | 8s2T7K5B8djhFacXBwy3yqfxrA8Y
 Supplier#000156116        | N8D7yT1nY0vkEFMvW19RGQGpYABp7 32
 Supplier#000156125        | ILqigznFMkmcaIYIwKfub4P5Tvk
 Supplier#000156144        | LcjxEQvRTCRAvK2X67h6PXFxSkF7mGxXQQYpR E
 Supplier#000156187        | gigmg06Ce45HkX
 Supplier#000156216        | eXB4rNPeenx
 Supplier#000156234        | mTPbDzDSGUoNTuKL
 Supplier#000156268        | PSY0bH88TFbHuwU
 Supplier#000156277        | SbmKVra2GCz6Z4mlWCgOnFaAiRwTiutXQRLC4
 Supplier#000156293        | FkL5a0OZkIpr0Swn2ohdEVf,dp
 Supplier#000156630        | ni6bpn6ZvMi
 Supplier#000156698        | qvKMJeZtJ8QpV0zRM
 Supplier#000156735        | AmIhKgH3tj4,lPO9nxURPE3DWJdpnkxhwubn
 Supplier#000156796        | W3Bc3eZdvwAabeBG56mkm2ToRp8IzZ,mPwiM
 Supplier#000156802        | CbJ 3wKBrwsT0rMSvy4IpVp,2M
 Supplier#000156814        | rrtlm,Uaztq5Z4,YHYbNRFC
 Supplier#000156818        | sCyUL6byMmNXb5FdZ35To
 Supplier#000156837        | jbnf2ADjfghC1Iz1 G25n6WY2w1,F
 Supplier#000156872        | 9AljgEXa86YTRNb5L Ho7taCxWqxFOFy
 Supplier#000156894        | QcwAtIG7Gz1UyJglhCcK2XPspQuYhxiMED
 Supplier#000156909        | butwP83urTmq6LQpNKzFYjnqhjlQvyLLD
 Supplier#000157041        | wGo y8 6d13LRRnv
 Supplier#000157094        | 58bigaSPCk7a,FB0YPKy,eZVY9ZgI9OVF3e
 Supplier#000157141        | 1yui47VPfgjy6fH23oYMrA3RHSFlCCcsCGb
 Supplier#000157145        | u636xTLmoWFTX1U0c0sKJJcQydR,x0qaK5wpLk 2
 Supplier#000157187        | zlTG6sxunIRpugLkgiwRqtSpoC5aO
 Supplier#000157258        | 90zONrwUHZwcKM0wySw5
 Supplier#000157336        | Hbky8Jq5yG3XFX3DXXKM9fkJCHij4P25e
 Supplier#000157493        | ZiUcX0g quOCyAiW ,B0CXP10ev
 Supplier#000157569        | 8RR8SppYVRCxmhQMNjNvusQGkrM5w3mIObwQC5T
 Supplier#000157574        | vZLhAM4BksGmHq kVNQt7kJcqJHxm3CC GgHhs
 Supplier#000157640        | Gi,DNwWY4FewhzZ Uz9xFtwN
 Supplier#000157663        | NKL3ZwKjRdkirVLX
 Supplier#000157670        | 93OuMIiYKep2U8
 Supplier#000157721        | N2TLeuOwd5ofDx
 Supplier#000157778        | lzfmZrs6e3tRdZGBgmCvrAs6m
 Supplier#000157786        | cGWFVphatweTpP9oQTSwMM7JPJztXWJ
 Supplier#000157810        | 40NiCt G8Q5y
 Supplier#000157821        | JZHosGl7crp09ra1P1qtEG1iuPmFSfYebkyZP0
 Supplier#000157873        | 6Yf6f2bM7Ntq52mhsyrY6KHMauz1r1Vq7
 Supplier#000157919        | uZ0vs8HhUk9dnkdxeVpuU
 Supplier#000157933        | bdU1mjFJlbzSzgS6OdWtLBz Efpk2,bLJUUU8F 
 Supplier#000158007        | KGTNphQz32i4SRPPT2SNs1jnlj5r4pq
 Supplier#000158126        | LnVEJonLv03q6mjWFuHgC7mFgmJ mwvi5
 Supplier#000158201        | W384mW XwlOF24,SMNoZVr1,wJs
 Supplier#000158223        | rWrfpXvgK EdNlRTNpQibLW86Iu
 Supplier#000158228        | 7Yb7G7bqkHUNqAzssEvS
 Supplier#000158232        | ALqRofP9IV,0NHCfGt2xDL3,dMMkPFq
 Supplier#000158238        | 2Wtwta0RhU0MwXXKLz0SdPi
 Supplier#000158324        |  JMf8gVRbCRcV0r2I1PbaYmGbL
 Supplier#000158345        | n7v,hl724Sb6g74zP0kc,A
 Supplier#000158403        | uGuVBxsBe7EE8ibRxIt7DPe
 Supplier#000158415        | 7nYfda7ZVpG16
 Supplier#000158436        | yz icl8GYw83n9 KLP3mCLD
 Supplier#000158470        | 8pVHADapqQnQN6BBNnf2tqAL
 Supplier#000158532        | qMPT04umFa1,JNSub gHNa,cNbP
 Supplier#000158540        | Rk0SAiWwRfchJ0QNfzRgsK1y
 Supplier#000158557        | Q WJpOb3vO7xcYubJ7yoKUHpDfQHuQhtdfh8TX
 Supplier#000158607        | k5FMKVAoypsj9Dk55ezVTon6S 43DD,
 Supplier#000158653        | 1exgdx0B3IYKe
 Supplier#000158785        | iAzM5evfSoX1c4jo
 Supplier#000158860        | ONCNHG7cLxaKMZQfjkSTxU6
 Supplier#000159013        | H5LxcVTxrO IBw2Oa5m0chiCBXJsJmA
 Supplier#000159040        | xQuDNHhSU f2
 Supplier#000159066        | G5hgZloBSxHMW,f2PMFuRPl,OZP
 Supplier#000159132        | i9ZxWw9Q6m sgKrg 
 Supplier#000159137        | 7IhPUBXslf
 Supplier#000159290        | ,ERH pCa5,3hHB
 Supplier#000159297        | 5dkw9gHPp5zAes0D4yVPEdH9SyPKUh
 Supplier#000159323        | Q,Wzi5qQwrdciEbeWZC6xwIY
 Supplier#000159372        | FJB2gdQ 8smve0gXC7tGrj
 Supplier#000159373        | Dn4iaTnkUe5b6lJOE68B0r9bqqfgnAUVVEYX
 Supplier#000159388        | ugsV31WBiDGfhGJnZCY ziDcO4
 Supplier#000159448        | eHw7M0NWpGLO6yC4g,EIwxgxIBPcVT
 Supplier#000159457        | fnvXSDjegJG51tBwC
 Supplier#000159458        | PB9uD8JHH5ZW0kt
 Supplier#000159535        | U8sazAQxzaVpWaT,VdRYGJV1E5KQARL
 Supplier#000159598        | A MMm,rWgEtbKDsQwAYdmkc6D4EKcN8
 Supplier#000159719        | t0z8bVf8xMEF8YNWm
 Supplier#000159774        | ZCtuEAsFQZSNPt
 Supplier#000159888        | TGdTrJMUh7GNIrJSijmLq9Y LdGL
 Supplier#000159900        | U9BjSB2I8Wc,3HFjU3
 Supplier#000159910        | T1EKYdhE,EvXxJ8cXekO
 Supplier#000159916        | MRA8o5HfdTM1Ziu
 Supplier#000159980        | Hxm4ii8ASPQkvSKd9m3lPs
 Supplier#000160013        | lKjCFD4KLTfiAp6GCjeD
 Supplier#000160214        | c9n6iagHC4ZP2mjbFy02yKJds0Y0JpuXhX21
 Supplier#000160263        | C9ImF4MOFLHJm0Vel
 Supplier#000160354        | iJf4u3L,XHMXx96TIoNLCFPT,zCxez0qlu
 Supplier#000160379        | xVT D40euKfQ
 Supplier#000160423        | 7hgpxv6XZJHg8piYMi856eTW4vgWD8
 Supplier#000160493        | MmLzExHCKHCBqxde fh2AmHeZWatx
 Supplier#000160839        | jjP1j13Pd2SX1vUSZiU3
 Supplier#000160879        | 5IUtjHwGshkzjB2ersopkFJgyTEBdnttYx
 Supplier#000160893        | gaFORUsE4TvHxxc,jAnTsNw
 Supplier#000161051        | OqGKpjQ6OStXj7elYB6yuo
 Supplier#000161102        | UttXA,FhuDQiHNBiA1eaEG
 Supplier#000161272        | jZRV 2TwVs
 Supplier#000161364        | f1zC7bjltyO
 Supplier#000161526        | T8V0C OIzvpLZhsF
 Supplier#000161816        | 8jciLEUMrUeIldJKfj,
 Supplier#000161834        | PbGkrtUEoiOdGy80nL2akiBEpdLf5WRrWGuhV95y
 Supplier#000161839        | j8ufsWDhMyHuefVH
 Supplier#000161911        | HBjdIh6kn1SpSuh6rBC0l,grvGtzaM
 Supplier#000161936        | xAw7nfEqZPyb27OZKvdX1WIcXxTyK
 Supplier#000161965        | UNrlLCRgRcxfM3Z9vxTfueQx4iJDwgfkeBFf3zUr
 Supplier#000161971        | sXZhbVLKDvYcjn5
 Supplier#000162067        | cpAgFJMTbEWP5GLxi
 Supplier#000162108        | tFtJN97QK7
 Supplier#000162182        | Jpj5B 64FVG9lrXTOufIEg8 XXS9
 Supplier#000162299        | 5AIy7WcwKH9KuMJa1IZ3FF6w7H7FR,eL6KFC
 Supplier#000162401        | 4QH5y5Lx,66XmT
 Supplier#000162405        | 3e1ssAEc42cMRlsSUGxKrQ gSe
 Supplier#000162414        | oGnaSwp,f4WC,h3pVar
 Supplier#000162452        | 7hTweLvjosTEOCNo
 Supplier#000162478        | 1MHF1KYUhPjB0daep7ougzHYe
 Supplier#000162537        | 5txMiZGn8b1Sn43CFJlMp6Qh1 evfMnJBhq
 Supplier#000162563        | Xrh7DhQXOd6p
 Supplier#000162618        | U5BTaubhrkBmnX4IoFo82sUy4
 Supplier#000162634        | Vj30q6jtA3qdYLxPDaq,vJzvLNG1vKiNdOXqefEI
 Supplier#000162684        | A9iY9oxdEXsrQ
 Supplier#000162756        | 51za3gbJM63u8
 Supplier#000162864        | DzdrLrY55V
 Supplier#000162897        | CNbNwKvmRq8w dS
 Supplier#000162900        | BpMBMDHSRXXQCsIdR2zSiWA0
 Supplier#000163077        | QyJEpDYVYsxbc79djwf,5RgG0QlAkxni6q
 Supplier#000163152        | j6v4gg5I2a4ZWccTuzopBMYd, LFpHsiPG8i2iL
 Supplier#000163308        | vSB6,4HP8wM9
 Supplier#000163309        | 70X9ieg,GKMCUK8x3T4r40wstg
 Supplier#000163360        | ctVXodF5r n3dG54iELkrX2EN3W84UC2a3JECL1
 Supplier#000163375        | Fe6YpzEMJWhqjLTwnmUk5XOwwa1zC8bP0t9O
 Supplier#000163383        | RKg0tP21JK,07k
 Supplier#000163402        | IvRGnJfZOXcKfvPIwLtUJTp
 Supplier#000163420        | h,1tZU2bQUNRxCV8RRGyKNZfG5FXNMCBbnVV
 Supplier#000163731        | SISLToPESEWpR6m1,fUw
 Supplier#000163740        | nv0UPWRDKB9cJiDSuQvczgSlXQfqyh,7MqztO qa
 Supplier#000163747        | lEYwFJtKsRs7APQcQ3,29A27ZknAR
 Supplier#000163785        | czdkuVrgNdlQeV8NHkdP,yURmHRe2GwJTanK1V
 Supplier#000163818        | iiEmYgHYO55zGdhMi5Cv7
 Supplier#000163913        | fgo8HpFepc4uqpQpjaR f
 Supplier#000163958        | pZniCz 0maYM
 Supplier#000163972        | j4Ba btKiqmBkHKYUwlwe1iPM9zWCoqX57u17
 Supplier#000163992        | CkwvfgF2xqS2 1rnFCwSjEyfnZD9jNoi
 Supplier#000164008        | bNWhacQLFGCTuYFjrxUSZ97UyM
 Supplier#000164094        | jKpyV5ohlwN476NE6RGyRX8dD6oxEiDNXWl
 Supplier#000164130        | 2VClKKYQynEJA9
 Supplier#000164167        | LcXmeqGRqFAc
 Supplier#000164348        | zI56oaIT5C0FpJV
 Supplier#000164543        | J6Ath V5WJCtjewiD1pcNxQV,khVZOf,lT
 Supplier#000164568        | eFe2LNxLnpe2R8JU50BkHy9y7ZsNSoxdk
 Supplier#000164582        | azA3hORMU4yeEjxL3BKIOcyOIL,dqT
 Supplier#000164599        | kIdyFaOQYZ
 Supplier#000164641        | WLv1mR,BXy0
 Supplier#000164706        | ZYpGoPgtLJ1xCkSxTcl7zF9F
 Supplier#000164801        | cdiK3ob1mRQSh
 Supplier#000164850        | eAflHcnRJZra1616PjrjeTjLDzMdPBnCbdqvWbAW
 Supplier#000164904        | fjMhfUwJE3DpWQ2Vp42wMcJi,7joydKG0r,u2
 Supplier#000164981        | HNgxqDLG0lTXFzBXxn xQhevl5uFuVK
 Supplier#000165008        | bxhqg5JsJzKA5TV9fT3vCYcAO,K4KJ,Ak8cGl,n
 Supplier#000165012        | sUa,O8cK6irCliCtIwF0KoZOrqkg4JLfsp
 Supplier#000165036        | 0mpcJuQvjUzbid
 Supplier#000165048        | 6dh6 rE4gFy1nPySbia 
 Supplier#000165067        | uRwPIHnYuU9jl6MW1l3RglE7 g
 Supplier#000165257        | FbFhBxaosCKILddtET
 Supplier#000165369        | oxA48AKrpHmQF4bxP
 Supplier#000165409        | 9PXxGwYvEwTqc8NGbAQ5ThqSUzXbm63l7rH
 Supplier#000165447        | aUwfmsr074Unx1c7f7zzBUd1qfseEQ
 Supplier#000165547        | YUaeLwuRhp4m2UuxLJmkAg5ht,p1XLwgelyl
 Supplier#000165552        | vWfkvR6dzZE8Z6fovbCK1RrVpbK2B0DKKo6c
 Supplier#000165553        | exKtiP2UE0Kzf3U6VJF2yXl4 7
 Supplier#000165616        | JUHD16vCCCmGjNkt2odCxnEzEM
 Supplier#000165620        | 0YVvHHvBNNJ0br6WUCD982o7b5jiTYqZdd85DW
 Supplier#000165697        | C gASwHYypCTKSHyy
 Supplier#000165720        | s7wpvc701ywvs4QNNhmymDGq85PGS
 Supplier#000165747        | PIGcduaaHYg41x
 Supplier#000165799        | 6UAuLPROLMvPZ19887o
 Supplier#000165814        | P64WfLrlOvdoE1y8YfpuXVWHTjgLGw2F4d2sPS
 Supplier#000165822        | aj0Kx0EASZHXM
 Supplier#000165831        | 7OaC0eMM4JMJOEDFiWfWS9wrjNGU
 Supplier#000165852        | tZ2mqr tCjqj6
 Supplier#000165888        | jjaomU9eUyJo4Pw4oRG9IfAkq8AY
 Supplier#000165977        | Yby8CS9J9NPFsSm0BG9WLX5nGVRjrY5PSWe6
 Supplier#000165990        | L0aCNOxaR8DzI68IF AqG2901ZDq6c04UYDLH
 Supplier#000166050        | U2TLOlFXdD10fQBGfaRAzKoXMwOI5EdBH,rLi
 Supplier#000166057        | gB7kzVTcnToPMUkeNK9h8nEzmztP2GmCVuMl
 Supplier#000166083        | G74jaKWRuk4nYGOTZLZsiseMBe7
 Supplier#000166132        | e1R5ZD,UHLHZLMwMktQHgAQCaXr5DznKFGOt 
 Supplier#000166278        | ooR6KGwTNKFn9mrqbyRk1Yt9YMb2p1r
 Supplier#000166415        | W8oR2w0dYlgYXyWkDRQnO9jt,ZJMgC2
 Supplier#000166489        | JAoMuSeoLVM2BGRsWtjNZpzomqjS
 Supplier#000166569        | HAExYsYALf6xC0y9My9g1dj9VjNXhwxqWM9AtHE
 Supplier#000166571        | wIpH83YUj45xao7ALLMqcTzW1,n
 Supplier#000166592        | 0E upGH7DG7zxYPlE8Q8klpMU7CEOqZisP
 Supplier#000166612        | onbr5tCA5 qSqpSd
 Supplier#000166635        | thLIPeXPvrFQL73pDmFGxj8t,HV
 Supplier#000166644        | Hx1xgq8PngQZ7Wtp
 Supplier#000166771        | A Tnr7ya9tth0IhISAy1,637zQ
 Supplier#000166856        | 71LZcjEKONeu3ANI
 Supplier#000166895        | cvbBeFvCicx D1IUGa58J
 Supplier#000166917        | f4njd9nneny
 Supplier#000166918        | LTLPG o4iIfH
 Supplier#000167007        | OtzAk1z 4ipYApJQ
 Supplier#000167035        | 4ZsYFixI2LXpX,nd6Xfp8IYJDRsie5lLifGVHe
 Supplier#000167050        | buC5s2hz07jKbIxsDLAwld86s
 Supplier#000167370        | kZKbrnChzFJpPB
 Supplier#000167380        | y oHb7JtDPElQkJKt53xR
 Supplier#000167467        | Ps4Y VwCrxltKAr7GYhkhu0rUTPbpz9wCLFCH
 Supplier#000167534        | p3T2,,k0ecSZ2TMfY6nQl
 Supplier#000167572        | R3AmSb8kuaUiHSuMNjhOL7T 6soUdZqt0oOY
 Supplier#000167709        | dDlEVEvJJY20QO
 Supplier#000167774        | IaRba11OYH 6
 Supplier#000168016        | fonj4ndpwUI53XESWbfoXmj
 Supplier#000168041        | DcBxfWTWQ,Edx2INv2wLGzCKILb8YOzh5LUeJ0U
 Supplier#000168067        | swyEom8O 4ccgKrWoK4mXnTTRTVlsjJHm0T
 Supplier#000168082        | qRzRhb7z0fdQJ4pMliBEC5fq5h96LHA Dt
 Supplier#000168123        | VUT4ZqFJWQUU,qozmV3qcLO
 Supplier#000168262        | oNlr 44vR7g3ynQE51KRGWI6QS2h
 Supplier#000168371        | 2cXVQg9Uj9glD37XCyka9cygoFVu2uDyV4uv
 Supplier#000168388        | 7XcYSM1YgEeXpazo5ky1v
 Supplier#000168511        | sao5ypZpcNCScUnvgu
 Supplier#000168518        | hKrMcZHlG92rggkugE8UdDzadE5hifLFs56
 Supplier#000168544        | JfjCckc1K Ys5ySw2P5oDfW
 Supplier#000168555        | EVxvXOtJ3XHLgvRkvxFbxey0cthgswDik
 Supplier#000168753        | tyEL5UNiHFJCKWlKaBmXSMa1ic4FQLV8KUqf
 Supplier#000169001        | KA9dMjWjhPevR7J IYQfRy4x ennLD
 Supplier#000169098        | O1Kx,7S05PPR7AgqL9N4n25weu0I
 Supplier#000169157        | Qr,g3IZy2zIsYKMcgXMEKh
 Supplier#000169258        | sg0GRXlsgnGD13vCLuyjgOGW3x
 Supplier#000169267        | mF2CJKjYGeuR7MUwOL4jmXyH7BZgc3
 Supplier#000169296        | KigEI,eCQH5rfiOZzfgWLxHBBR
 Supplier#000169372        | dpwqLF1TL0 SR8zrgR0GqSh
 Supplier#000169382        | rqaZgG4twPltONRCvoCnWC
 Supplier#000169463        | AW8l0WJjsK,A62OODwhIn,Rh
 Supplier#000169495        | 4ei8KymDDDv7NX5OB9dtIjFlDAqppgU
 Supplier#000169505        | GTxockVCFY7i0n4CJfbQhFmfsI9N
 Supplier#000169560        | Y0 M0uhPDnb7kSvNnB2SOQHFbqQvAVLO1bd
 Supplier#000169573        | C 8mfEm2AY2 7d9wl3
 Supplier#000169661        | tTkPBIgNnSK70g7VfGfWBZt
 Supplier#000169671        | VVGwCOvSIT9WZ8l wr4FEt1kMSrec1F7PyMX86AI
 Supplier#000169710        | l9i02CFdtoEmK
 Supplier#000169719        | D2YlQx0XgoB8FZ7f0QFn
 Supplier#000169840        | 3ARDzEXUkYwIzY
 Supplier#000169919        | 8psFZ91a6X
 Supplier#000169928        | 12fZuSgptEZEnlB8 dSQ
 Supplier#000169932        | 0tRVTvsUMBRp  UJBZjNYtEtsh
 Supplier#000169975        | jHZv1nMw8QrQ,leAv JNliwMzBbFltLt7TydEiLZ
 Supplier#000169978        | k7RN6ysRwi64WULH K5WLkbgxT6Od
 Supplier#000170010        | 2mdufn0h266xO,XwDSMn,oG8EvpIV
 Supplier#000170031        | 9jp e5WKKSP91isqIRH,f6ejsV3
 Supplier#000170146        | f4OPCzdseqRkDi6eSQr68
 Supplier#000170156        | ABaCU9JmhscPIAh7sy
 Supplier#000170183        | J2H8EQbWADZnsp,zpqFNZqFVvZdfqB,sqi
 Supplier#000170205        | 8CMiKC3pyGv90ykJiUkIr
 Supplier#000170379        | GunZ0BEO7V7J
 Supplier#000170391        | NncV89nQ6FAffC
 Supplier#000170419        | MA,g5nJkGMEXpfDXZ0CAr
 Supplier#000170426        | E5BaiYOhos6fxIG272OZMr
 Supplier#000170468        | Cte7zdJZBZMhlxJ0SGqOc7TO yDB
 Supplier#000170520        | aENjEzilocsW
 Supplier#000170522        | Y4uFTQs 0p0fb 
 Supplier#000170613        | ,kfcB9PcdoRlfwNeXLsLEwlTh4dGoxEmNUmohk
 Supplier#000170619        | YHvL6seilEhE
 Supplier#000170679        | bmc2qxhfTQ3pZN3kCxu,8Pq
 Supplier#000170689        | 6xIlC4Xc R6GL1tCE1lUNKj 0lMBYZG,zg jX s
 Supplier#000170783        | VeFf4tzHrHfEfhtBnizr5
 Supplier#000170849        | Xls ghu3fibxYoKlFf3
 Supplier#000170977        | qxfhYgId3WjSz49UIcBciFAl3xw
 Supplier#000171140        | tvs0y9W6VyPXjL96937JYx8
 Supplier#000171322        | 7Yk4QRyWq3DmUalxazrw3srKywovelL
 Supplier#000171351        | yWuEfeSvUmeEsul,09PJ
 Supplier#000171447        | vuklS7dhP,UD9iSSZgx,fpENT3wv
 Supplier#000171496        | bVw6mt59H8VdO50WO4dOILuFJS
 Supplier#000171528        | OLfSflZlcQlzwuXhlrR
 Supplier#000171590        | kTJQozT2F6HUdrbYABvo8ASfj
 Supplier#000171598        | CmSQuskfrjDEZjmzJxEoCo5o1,AYI
 Supplier#000171610        | dFhajDsuzKEFJgdUcZe NjFLnCpIRGsCvcH
 Supplier#000171615        | 0flDyLclwdFE5vAduY47
 Supplier#000171678        | orn4YDQl 5dwMyaY4XQMQeRObfl
 Supplier#000171803        | 4L7ck gt7WDgBkzfVk
 Supplier#000171931        | bvg,aYkD2FQ
 Supplier#000171956        | wPO9ZJWv725
 Supplier#000172024        | kpT1guIW0u rw071m 4mBag 9vhchfW,1JG3NRe
 Supplier#000172031        | DgScNMoH3gw9qYU7BPtIgi3vNJ8GnTpoZ
 Supplier#000172074        | S2 9pxBCouRrL7jRAu0qFRwxO0RLVAw4PLFD
 Supplier#000172148        | 1x6nz f5L7f0RLzeERQK5S,wCQfoyakRwdaRflIy
 Supplier#000172192        | jCG5RYmq0ek3Z9eDfk6sJ7iJZr
 Supplier#000172204        | VwaxwMu6gAHrRlCW9u9rnpZdkU
 Supplier#000172254        | eu79c94f9JSN7
 Supplier#000172379        | iHTQx7IOVdev7we,KlekBKFM1
 Supplier#000172409        | CltVsNHkJWIQWY1aYhIKGGi6szv9kT gW
 Supplier#000172514        | GW7VAHz6U29S1ExduRC
 Supplier#000172629        | ,zgIVfCno3NnZwPCLkr,jdCDw
 Supplier#000172673        | 2ym3r8H,hdxYoHLJ52fpdwDI
 Supplier#000172691        | UiIzOetWbBifOF637JQh86WvNc35ot,U4mu37kyS
 Supplier#000172732        | 8CNK67IXjL6EEF6KIytFayl7
 Supplier#000172794        | j5c4h,s,0zXDjnp0iwBS
 Supplier#000172822        | wsXBfWLsbXPaMJyExdNCk XYNayxHE2,dqG,Wye
 Supplier#000172898        | GRZTO4V42URuEmgalxCGib
 Supplier#000172944        | EX,vP6obi,UayEZGTncdGTvkHyTo1WdrzI
 Supplier#000172946        | n194DCa1tnBP7t5LG0
 Supplier#000173056        | K5Af6a33lA5YJjV5tCfk
 Supplier#000173097        | 5yxUnNXVk30NI4GMKyiz
 Supplier#000173205        | OZ7Vd1pT5rB6JrA
 Supplier#000173243        | Cr1p24tQ6Uj
 Supplier#000173319        | yxjiFTS75I1Evm
 Supplier#000173451        | sj0txqvKV7vJsdj0OMNLPA7OBH3o
 Supplier#000173597        | e KYz1vfmGglpXtAjowvUm
 Supplier#000173608        | qqXWZGvVQKLLgkSsWMYES8K2vVvZD7J4GP
 Supplier#000173685        | aTdLJJBlcTJBDYKQldNynludKADVoWO,Odc
 Supplier#000173725        | QZT2ajuS1Yv9QeQPldC9Pnnwnk2GpP6SEP1691t
 Supplier#000173783        | 7YXDMPrjvU2 FD
 Supplier#000173832        | HJwbslr30jvbX3O3sELfSP2iLiS6 itS
 Supplier#000173847        | qb3Cc7H OyoBVClHh
 Supplier#000173869        | zMWdUrggcVf
 Supplier#000173887        | 5msMNWvEamQAVn65byrNVJ8GsTTk24
 Supplier#000174042        | yqI1edLgYy3CvV5na3341zjOX4lgi5Gh7ZX0I
 Supplier#000174128        | elmEicKqCD35ru7 v6p6L
 Supplier#000174176        | JOwi7H0HAetYB8bWqgK1WT91x6b
 Supplier#000174249        | ZAGZz00YExtZ7igvcuH75FsI
 Supplier#000174287        | S5SLnGowjwT,Gty
 Supplier#000174296        | 5HApb9EoTHZfpfb
 Supplier#000174397        | KTXUGrlm ,hxhAy1WQrF4
 Supplier#000174424        | E9c3,3HSGuc0dIi6K
 Supplier#000174483        | j3ABeX91cQ5im3CTG
 Supplier#000174511        | 2UH7T4HPtJ
 Supplier#000174656        | CUaClwmrvxWJL74P9Je
 Supplier#000174715        | yVTltDKhlv4GJBcIV
 Supplier#000174759        | HZQpAguwJAS5ChoJpLLTUHKRbtZMDlMq6s8T
 Supplier#000174784        | 9erNglUqaFI92tmUKZvyVxfnXUZgKW
 Supplier#000174785        | mUQfifvyiZEoTuRawcEC8LfiOOFBBXPHJPYW
 Supplier#000174845        | ZaQRCYFg5LelYsQ
 Supplier#000174895        | 8R,PVZwsFObtjBfqgg,j 1368Xub4HGQ
 Supplier#000175012        | q6ZZqV93Be,Ts6FuWSc4C8wOgElMW4P
 Supplier#000175025        | LgXPK5ciYSgxvOZ0Giq4Li
 Supplier#000175099        |  XhePNURaitrZnxzqo
 Supplier#000175178        | ge,aJcCRw78
 Supplier#000175240        | a6j6Fb,P0sAkR
 Supplier#000175253        | hciqcenfvaLKoWhK7yv2t9rUBbGe8N
 Supplier#000175304        | HGV6cn5AsHCKve5UJbN
 Supplier#000175353        | qHJ8GLMcu1GLoIxMFi1msgpdIe,DzokxJwSuRG
 Supplier#000175474        |  klelTu71CTgXjmCcNReEI9Tkxh
 Supplier#000175540        | 7q R0Jy2jV2fE0uvgEcW3OCBQd0ct
 Supplier#000175546        | ga226QTf50bzifymtfgt8Qxbk,I4xvtQ4uB0rJ
 Supplier#000175592        | aMA45d0eqT33ljIuyiXJjhpDqC4
 Supplier#000175640        | x2DLHmYEyl02ET,uaavOkK0BW
 Supplier#000175690        | iOdEE7elC6zqFQ2
 Supplier#000175723        | WDN7jU1n3z3xJk7 B
 Supplier#000175770        | u9rQx6 gHkPaQMNh,C
 Supplier#000175881        | WAIAgp4ZCvxWKsUo6PJHOtOOU5Hjgj
 Supplier#000175960        | Ue U0,lZpdjDW2wJggUxiylt2qzp2BBbw40Ix
 Supplier#000176002        | 8DI5mBO0hRUDF
 Supplier#000176166        | 775UI8qdIDNS4sTZrk3
 Supplier#000176286        | V5 sTzK8alsTXYo,L7,POpggHASA
 Supplier#000176297        | I7tjfeje4ZhVm7
 Supplier#000176354        | R9pnNE Aetm0RHxgjjq7Fqy2c0x4sJGvOAdOI
 Supplier#000176385        | 7IEIA2g2zSUG,zhbzrE3
 Supplier#000176395        | 7kEF6E4u7E3XjF
 Supplier#000176539        | mQxbHLWZx7q6WlIhHcjoWiWE
 Supplier#000176546        | WVt3kwZoBquQ1Env6,wnRzZqnnzOyIS
 Supplier#000176646        | YIMqsbApRWdzLS
 Supplier#000176694        | 4nGtWQeOAJB
 Supplier#000176749        | w7fnZRtT287tzVH8NLP4bmSRWVmt05kw
 Supplier#000176777        | EgQAHbn 53Kc,fG5wDtO2 YRFzqZw7tEG
 Supplier#000176786        | x3WPvP9l03gR,NbFTYsY5lC,1yhcMD48feekHcB
 Supplier#000176801        | sjMGmk9Bw0Dtj1LB
 Supplier#000176888        | kZ08gZjFSDlfx8MjQ,gPxT4Gri
 Supplier#000177040        | khLbdXNgM9kWJMCccnqQBd10uqLnZmH
 Supplier#000177086        | nw3JQXyBqhHnt0xf Rw,Rqzpc3Ms 
 Supplier#000177092        | Hj20zlc,tuImWYk9G5JiBG2k5Mf4ci
 Supplier#000177109        | 4gdugXDOEHAU0T
 Supplier#000177147        | XRz,Xq0LxnxlS5wm8L6 cgu9E8dFCREssXDpwyi
 Supplier#000177221        | wnbJ99A6GYJp3d2g0lTMNcPj,4t8MHHq5zq
 Supplier#000177312        | QgPPZB8I8wvJD4euD5zzC
 Supplier#000177315        | 5UHtQsV0Ta5yLSW
 Supplier#000177357        | jeegrdkb71C
 Supplier#000177465        | MSsRl6bQnezGLckbnT3z
 Supplier#000177486        | C1mdu9wYi2Vs1l1u
 Supplier#000177582        | bgmBt9NKt1UlkKFPX
 Supplier#000177587        | dCCD2J5 VTw prru4,nTEiJOy6hw1Y T
 Supplier#000177736        | au6EEfBoyDIUtEtYhrGPEf59TT7e0pQKNX84jF
 Supplier#000177785        | EkmfaIH4K4ywOVAebzHQ6Mk96ZCBHVC
 Supplier#000177921        | G0z3xrp2vF1ivJXBVMokHSg
 Supplier#000178076        | wo5XLCs EN5Ciy2Yji5
 Supplier#000178122        | H Zsh1XgPgP9,bd
 Supplier#000178206        | YKZel9xv0hNuPkoN7Xx
 Supplier#000178260        | 4fZX5nHzWe3 iqV41R0eUqfE,IFs
 Supplier#000178282        | efdyFwUm2Y8UjbRrcXkkSHwb7
 Supplier#000178369        | HVd1eiiIIxyOofF5U3WJ1I1WnpfjXd
 Supplier#000178431        | YC23iVA8Bsqmnqy99XEUud4
 Supplier#000178448        | qnONB9U6fCoP4rLGFlemwHSrfTz5,v92dd
 Supplier#000178548        | 2u1xwEuP80GqmdcF NU57nPfb
 Supplier#000178755        | BWDv8,2RQHN3
 Supplier#000178814        | HVQkA626r4sWddCV,L40Uhqvz
 Supplier#000178819        | 2q4B5qbefg OhkdF7Tf8ePwq198Kvpcx,gt4fzop
 Supplier#000178830        | lXltw6JkIUtpis
 Supplier#000178939        | 4D2KUBABqLUVnbqRYBRwIHSN CA
 Supplier#000178964        | y1j4JXyRvF
 Supplier#000179040        | Ivi6LwZ0z3v9rlwD
 Supplier#000179215        | EE7 2Yf6lrEd4s1E
 Supplier#000179255        | fX5FQXMcZ0YZ9ee3vMvC qfX8,N6P
 Supplier#000179276        | 5XTtAkbBjc97zeJJ ABJm8dln,Q
 Supplier#000179368        | ZHY8EArE3MUN8QPQ,GoJSf4al
 Supplier#000179370        | fZhqBmtGA,hT S,OPMQrBKsK7K
 Supplier#000179379        | rmIbgnFpNNCv0MhWrGTsCnJ
 Supplier#000179402        | nAa0WMLorDwzI3LO7
 Supplier#000179416        | QeXguNSmUNBgiAPsg1uGEW0soQV
 Supplier#000179590        | 9XGOKZVWnJl8TTfOsfsx5jgt,X42zrNttR
 Supplier#000179618        | Oy12SHHozP2XXFTUu
 Supplier#000179714        | rrS9We20Wret36zX8GQadkP
 Supplier#000179989        | e2VAZFCsGkrFJDtFe3RNkpW9gKILcv3bScgMuP
 Supplier#000180049        | WE5lMSB30pxAgO
 Supplier#000180061        | IoHqnbZ9ZyRWy
 Supplier#000180112        | ZQ13GwZ0pDMhqf17qIYQocxvw
 Supplier#000180138        | f4dBQwBgM3XxH
 Supplier#000180141        | PgPVBfkFNv4IB6MTm3uYX6H3v,NgP1QZVB36h
 Supplier#000180196        | BRl0cvaNFIiIurZLe5tyEyz8370sIW
 Supplier#000180256        | aatiUlVlCthq7G6tIZB bvfuThN2Q
 Supplier#000180290        | LWFN93bKDpQJVWoScsXuqTMhiKig2WuFC4dw0Z
 Supplier#000180298        | R,oTcKhyHHKyst
 Supplier#000180351        | j39,2qQZxjDzUW0HoR7NmJcrG
 Supplier#000180356        | oxV5eXWebOYGr,arOM,npAQKIvvGwIZv
 Supplier#000180357        | ZbbgmQILEMTriTd0AiMTTgL5oYcs5f
 Supplier#000180366        | 5LUuu,DYf5S,j4zb9Bv1b Jp
 Supplier#000180418        | Eqqog,v61W
 Supplier#000180459        | HIkykF DI1weJURRy
 Supplier#000180469        | wCaS0Z295nRjEa70imBX2SgAV
 Supplier#000180470        | tdeGhErIwIL2OVDVrmNDrESxZ9GssLh
 Supplier#000180574        | 4lfnnMRwVnDGca7Mwi87cKoQhCpeOqa1 a2XB
 Supplier#000180595        | bkpBfqMZ1HTUvbXjpnCKGCMLaHs
 Supplier#000180642        | 7DlSUHUngOoPGPgyB3vW
 Supplier#000180649        | 2iU4KdAGuJGhP6W
 Supplier#000180723        | w8YLv4606MSAS2vVaR
 Supplier#000180750        | 2qsTSANSG7Jr,7iCG4zL5Knya4p878NRGH81jYLe
 Supplier#000180753        | HF5HSuPa4rdzlQz9MeJbf79DprA9MXyb0cf
 Supplier#000180791        | PpwlzADnL Fkw
 Supplier#000180810        | TnxzyrO1huY
 Supplier#000180814        | 7pK0ZUQDtPMLtgj5TKS8
 Supplier#000180841        | CA5NpnmmpL1i9
 Supplier#000180865        | T3sZY,yYVnSTFTX9IU66qsUrZEHiag
 Supplier#000180934        | wbBYS1LlQgRQNyCK5plyNXK
 Supplier#000180936        | tCUUqA B9rExcLR13mEFPfMsfNUG8c4fh1Y
 Supplier#000181008        | qi3PTOnkbIuGPiS
 Supplier#000181039        | 5KyklwNSI5DRFlhFyID
 Supplier#000181046        | aUKUmvp7gn
 Supplier#000181075        | 8xFWtHNtqvFVB5v5DPJUUD6ZRVVp1KxN
 Supplier#000181076        | 6Gk5gni,SA8tGciCZEC,HKR07VmzDMAThtgIn
 Supplier#000181094        | sIEe7jsnGoCI4p Qwy P
 Supplier#000181132        | zIjUSIMtCF P
 Supplier#000181146        | IbjoUz5 lsStESyMqvF3NVEwbvM7wHBohpCoIe
 Supplier#000181184        | 8onlod8YIiJIMfy0es8tbntFjs
 Supplier#000181237        | 9K4n22BQsUv6kZ3LWLgxUSnyUb9kGMl
 Supplier#000181265        | SSCHkoLVqi8hPWqyXUqieC5
 Supplier#000181323        | rC at0sGl3g422NOACHOznPgaNRfD6MeUrO
 Supplier#000181352        | 8DNFXL25l9NnhvZo8Xa6,vUPyztYCMyM
 Supplier#000181530        | LW6L7S6OHFxBbxqenJI,FphF0mv ,sB
 Supplier#000181538        | M6rGFPZarMOGPwmG5m
 Supplier#000181588        | MBQwDoqkt7D
 Supplier#000181614        | uQpTbnJB89tEmMNyzvNZfOGXYXzribr
 Supplier#000181749        | VYCRMlIMU,jyPHteAp
 Supplier#000181913        | sESbkbux2UscV
 Supplier#000181924        | fNfnHSogNctFJIxf bUK7ZnchXXOF83,5My
 Supplier#000182028        | gL8ZFCeRHzJEQkmfmrlVeJE
 Supplier#000182098        | VQd7ro3444nle47em9gBqZB6q6gdAYIiY
 Supplier#000182137        | EuO1ydwLQ7q,kkRHIkkkUwBbAJx6K9I7,qLuq
 Supplier#000182168        | rjd E8B xzu4nh5wBi1iTWTWghbL vRqtCHRKM
 Supplier#000182194        | pKqrkRPhbHgDbR59
 Supplier#000182211        | Mv941LWNpDz6BeeWCYSqvCWn
 Supplier#000182277        | xDDQYoFA1gdyp9hOzzgWnsdFTF9gLkTrmx
 Supplier#000182278        | etVTo0Pb,9UU0SKl3w
 Supplier#000182310        | K8p8VCy41NNfqf
 Supplier#000182328        | JNP1u25LeMWMTOo HX3yexnTVKliDDpR6DGsQ
 Supplier#000182340        | h4nSbqxvaSrtWr CxDr
 Supplier#000182382        | fNUBUKLPgnMKB
 Supplier#000182482        | yiTHqdi9N,cg9 9lcRUNX3v6QVC07VZwIP6b1
 Supplier#000182641        | yhqWaRaLLSImIUzN9 
 Supplier#000182643        |  l3AwbtgfyFRrFkpOFTjscqL6lkPJiDR2I4K8l8
 Supplier#000182767        | A2VrctlSBPkrydayKJ
 Supplier#000182838        | wHn7ioEAvdINgnyDaNVavx2cjFPzFZ WmAq
 Supplier#000182862        | Rb8sVd3sEL8Da5iGJIEaML
 Supplier#000182909        | Cz1RwzjGibdwoFlMrI8ISRjjanSE3lCt5CN
 Supplier#000183076        | Bw4vhKW9pREsz,7NsNQ20hyjW5asb7bKmfd 
 Supplier#000183204        | taVcjMEdZyk7iO,
 Supplier#000183213        | NdtnBAdbUpoxpKQid9nNHiXNrzmeSu3V,p
 Supplier#000183347        | liRUYd15vy5YWufe5xi
 Supplier#000183357        | o8u8ynpDwu1vogb
 Supplier#000183429        | a0DsSgIZcZMYqC2WggqZINbAwG3IW4
 Supplier#000183499        | vyC8nLzd7or
 Supplier#000183554        | uK94ontfqFrj hhBSBksZigGCAyy4
 Supplier#000183573        | rYq2lkARQJ040h0XlmC
 Supplier#000183678        | 8fm2kowqtPYBGr
 Supplier#000183907        | J FmwPCd6wX3fz,mYg8Zhl
 Supplier#000183947        | peFv37bC9KqQj
 Supplier#000183969        | uBeL3ohkaJ2huhnGg9zI3zRkDhTH0X
 Supplier#000183991        | dzzGGf1M4W30W w4g620d7ySBoOgv15wvQT3Ku
 Supplier#000184058        | seuywxqwKXs9jE
 Supplier#000184068        | q6ExBBxgLcJly3lXaPJjsPw6GcVEkWJrK9IoBn7p
 Supplier#000184168        | EcyZq2n 6sA4rR00
 Supplier#000184221        | VU3WzsMoZF
 Supplier#000184307        | U6crnccy8AdHIa xdL UX7ILyiuXp 4dMnpU2q
 Supplier#000184315        | YOxVo,7h5NRk7k5xTLf
 Supplier#000184370        | fGbr5ZS4nA9
 Supplier#000184397        | CK b5OJeuydjwJLjog 4mDo9d519zrhY
 Supplier#000184503        | 23wZO EWhy
 Supplier#000184586        | xNb9aD9YRM4
 Supplier#000184835        | 1yEZP0uzcLAMqRLu
 Supplier#000184860        | v59j6xpYRcc0RQPrTFTC,865jfXv
 Supplier#000184930        | m0yFJzF58zOeA7xrLd2eYrAF
 Supplier#000185111        |  7 3tYOV1jCTtWsQ1X 4680g0 p9hFn
 Supplier#000185138        | e3bfVJ5VuBoWLDZRoT83Lc0gh3J
 Supplier#000185159        | nnhIE,CaGKBH7OL,ffF09 Fak tSKXZeNdZQP
 Supplier#000185192        | U32M14J9kO7,s4MED0o8TPJepibXFGh
 Supplier#000185257        | HIc3IXmM,y4GYVoh
 Supplier#000185266        | sy7aZjz 1j1OIA1
 Supplier#000185347        | fHOf6FwzfxwRjR
 Supplier#000185404        | ZIhdm3vYCTqVx
 Supplier#000185526        | jaAD6BaKRaQg3sHSyQsV9elMFEJMW0jcb0ieO8WG
 Supplier#000185613        | 32OLW9puEb5v
 Supplier#000185614        | vrtt5OMqrWqW8ltruArq5Pke2keRW,LyBsY1B
 Supplier#000185650        | nz9i8qSwam1
 Supplier#000185822        | dUs3HIoKoZPaZ
 Supplier#000185853        | xyEpjkEzGPGDOtqVzVy9lxC
 Supplier#000185963        | YQJTBFNplXND3Dope7j,w2ieP
 Supplier#000186006        | J0SGK etWBxsqT7GCNDKEGf51Vqbp8h3
 Supplier#000186016        | HBvzpXtC0TbCBXEucT
 Supplier#000186077        | M Kl6h6s0TF6K
 Supplier#000186150        | VJldg0sd6vdYLNn9blmkDbtiPntnIqdOrG
 Supplier#000186164        | beJ7Q5h9WZRQzZt7
 Supplier#000186177        | l5CEmZTBm9GMTZfILVKbWa8LkfOF
 Supplier#000186248        | KeNPr8bTN2k KYZMVBm8ICg6E9DCRFO rwI9CrE
 Supplier#000186291        | GDlo fTDpOjh7ZhaRdCeuj5AsDyVje9
 Supplier#000186362        | iHIgjcf6fa1FXJ2WJWVR2NssJV3kaMCibqb
 Supplier#000186408        | aKNugk6Vt6SPb4oi2zYNfFGW0t4s
 Supplier#000186500        | ZHRD2BcnQR3UEuSnM3bjLKjbYatuJ 9QU,Djv
 Supplier#000186597        | eX2qD9gjVfy5Lln0dU6hOq3oEGoM
 Supplier#000186632        | keHrSDkyV84wib4I,v
 Supplier#000186688        | 76htSs3pPBqVkv8ZfPHqYiadKJJRaEd3B
 Supplier#000186761        | dFo7m0BMsIEwKzvsHzhzQJCPnTdUIW3xDchxSVzc
 Supplier#000186842        | ILS1wRSlqbJmTANe
 Supplier#000186874        | U6 cVyjbuU2QOFzOyDg
 Supplier#000186909        | a4pB75Ce0OpSSX0U4MNM
 Supplier#000186969        | xGEePFbwzO4EkoLqUFk34r
 Supplier#000186976        | GPBEKnzfinvpdNS3bvsyU0bZB
 Supplier#000186996        | F3cKmYQi72VziA9I hIvbzX
 Supplier#000187093        | e4KaDE7XdrykUBE
 Supplier#000187103        | dqR7SqRoxJ02S42FbFfakkpemvVzqu0uidhIJ
 Supplier#000187158        | t2xoZnabcomcc7AgJXi3eKj8A7biSDwDw5
 Supplier#000187284        | vTgxjEUvo4G3ox
 Supplier#000187318        | 6FmvZh76SrWOqBxi9RaL
 Supplier#000187420        | zIPfwUYxrrqQ0QqBN7Jne3P,g7MSYA H
 Supplier#000187465        | 9K4rr9mPTyMpxVRWXNp2BGqj4p
 Supplier#000187475        | ceNmFW4Gu5BBl2V
 Supplier#000187544        | JQ4rK2xRjKHJph65GKW3PNn ZMNw 1vuKvrIg
 Supplier#000187558        | Cf5COnM5iss2yEi2FHEocveeJRzv
 Supplier#000187647        | W tVnqH7IUXiu,SQRXHYBjyxCE
 Supplier#000187665        | B5ExGakWHf1GDcv1d
 Supplier#000187762        | c8rMz7a0b8sZqm1
 Supplier#000187774        | rksb 52PUTctbf
 Supplier#000187788        | JelBSO0chOZR EBusseLW
 Supplier#000187802        | rdSxDkY EkYNtDNtiIDw2V5dy
 Supplier#000187840        | iiHaTV PO,FS5P11SoMm2jmS3RRt0XJmIwul5DB
 Supplier#000187855        | DcXMdmQlSQDfG6ofXg61O2Ra
 Supplier#000187911        | wsMc brLcmEcH
 Supplier#000187931        | VNEoJVQP7cW
 Supplier#000187955        | ibJY6YJiEVcaDRMjTaH0I34tfyS kp4KKtFhnKyE
 Supplier#000188081        | nYHTWinzBCC
 Supplier#000188090        | RKEliWHf6Pzxt5
 Supplier#000188147        | mNpNGE2Mh1ksFAwt4JH2C
 Supplier#000188199        | 0EddEXc7UcJSkiFcxMBNyS,l ,8fScvKZDY
 Supplier#000188250        | KTvHCv9EEmMjRPhQ6YxdMw
 Supplier#000188325        | KE67NapUzCFrVP39SNsXdlJLIx
 Supplier#000188362        | lvxc MaEJkN
 Supplier#000188402        | jVOTDb h8vZYJXQSchiwtZ6z
 Supplier#000188556        | X4XqkSbMmJ1MuetiRoM5dRiP
 Supplier#000188568        | j5XolSAfa8Yrt4V1 neEAgLdXNshX,netaI5gz0
 Supplier#000188631        | vbh9kWvtZdloDPdS
 Supplier#000188647        | sLhIXk27imCXJQIdYGWUvklkE4COFqz
 Supplier#000188684        | x,xwGM5HZGOttHrjJTITmI3bqwrQV
 Supplier#000188721        | 1s RevyQqsB
 Supplier#000188755        | DCUZWRIid3U,0JnOW68Q
 Supplier#000188793        | y4lP,3Um97cetqF25TK9WwKKWW
 Supplier#000188797        | jjyoETLRnFMlsJujKkkRrfei
 Supplier#000188824        | NRBQRGMWJSg2Mj6p14NL1I8ZFuR vzO5r6U
 Supplier#000188840        | I9gWdIxye3sLXcvN5j
 Supplier#000188912        | cUIwJsq4PhkgUN0xNDpQoyEBvS6,Au,gxv9 wM
 Supplier#000188925        | cgaSXTTwAUZHSvFGx1tn2gL
 Supplier#000188941        | QZFQd6BlF9TZ2d
 Supplier#000189023        | PYOSurrFKiCN5KyKzHpXZ0q40lj
 Supplier#000189091        | JH0tyrCuyLs00mJzhLrjBv
 Supplier#000189149        | ygBAKLGXxVKW27Eo1ijUUSBxR03tCOjoXXY5uek
 Supplier#000189161        | pHvZBVA1QAnE6Q7v
 Supplier#000189311        | rSpmPgTByCA,XfM,G
 Supplier#000189366        | PK9dqRKCVO8Q4sCcio
 Supplier#000189372        | 0fC7Jl jghBzA2hPK kZgY7Zc4c r
 Supplier#000189447        | tHivW8ClBmEdiQIrxU148WODej9Dr,rrxb
 Supplier#000189460        | G682iVCeuH,4fiRaAzQJU1NiNk0cg
 Supplier#000189462        | Y2Ct,MsRTTiUWy
 Supplier#000189473        | nbZpGMqonMRrsdOo hBf2
 Supplier#000189620        | xHH5XN2ssXchu8gP0L
 Supplier#000189639        | dXSmgTkvXBKay6n
 Supplier#000189641        | ,wrhxn1NgD1b00f6fbI9ZY xR3ebOG69j7cVoQOg
 Supplier#000189667        | iIbG,0eufA7GI82mXhiZUMY
 Supplier#000189821        | TnoOU7zz5 0aoVJY
 Supplier#000189972        | puur1 OVvmOtUboqFZvsJ5K0ioh3e,2P7Y
 Supplier#000190013        | Hmw28I6yZ9B cJ4zYrC,gJ
 Supplier#000190076        | in6kcXdajNaDfw56yTCmuYYJ3Elnhz37O7A
 Supplier#000190176        | kTmRFOwtNDu1f rfv7A8tFphbdRnF6,m
 Supplier#000190239        | cX5g pV,7Z6PX
 Supplier#000190382        | tCbgRHsAqj38dw
 Supplier#000190474        | E2QSHLQ7aUWZMghMk,QdZD 8tYB,dRP5cWk
 Supplier#000190520        | b9g3hp7n4I6cjik,xbI
 Supplier#000190536        | du6vnPk sD4Li7BmQad5vDVn5DHrBbAdwOpUt
 Supplier#000190537        | MBUT9RuMvYNMqWyy24QxxIMSQmwCval0r,Pe
 Supplier#000190644        | pxstAOQ3In7exbV21Z0CFYYtKHZ9WB4uFUTTt
 Supplier#000190693        | 8nBohgm12jc RKSpVoySABbX
 Supplier#000190705        | udC80YVYLlyi3lJbSPiq3p1T5AGmQVYR
 Supplier#000190762        | UzvgF9x9ghivqOC2W9MJ zF JcvwzuI3tD
 Supplier#000190835        | ZffhSAdDWfD92YOGeI,wjW ZUWFdjwWF1Gl8
 Supplier#000190913        | kpbPLKLxsmpM3BtFluDQ2L6SnA7
 Supplier#000190933        | 0H1w5,W7rttmo1ZDlLxsj
 Supplier#000190960        | qwfmdDw32cMYFCKYE
 Supplier#000191007        | s8qddS8s9XDrqXiE591S
 Supplier#000191020        | GwfbgNm9mTMkYN,tfo6vT1,74ju3Uc
 Supplier#000191131        | 641pBPbnBOgGui
 Supplier#000191168        | UxLLyt0hoNswbq2qnK3EvVDb
 Supplier#000191314        | 7B9eAl1RUBkZlpw
 Supplier#000191504        | CW8iTEGrCztuum8xvdt6Lp
 Supplier#000191548        | ,9yLWpOEp64PPLVIW
 Supplier#000191551        | mOHZ7vztCykye2EN,hS70I0n6L CU400y7SNIIMq
 Supplier#000191606        | tWNjAW5qzM1D6p9AJPqvIONcYHDCNF0cG
 Supplier#000191642        | JBBvI5k1j6nOWYHZQGzXJ
 Supplier#000191645        | Dyii2MS03hy4OpJDoFNTjuBo0M9
 Supplier#000191669        | D0mAhRAVRAiiCkT
 Supplier#000191689        | VO75n6Ic62F3kNE2tbMrBFMRf5W HU
 Supplier#000191764        | 1869y4ZvC2dbvXiwBQuaq
 Supplier#000191812        | dFbafrkPWVMLsDN9Q7ps92hn96m5VX1
 Supplier#000191874        | jo 6ju9CWxBCBAIp6C0
 Supplier#000191972        | N3NnRJGZqvdV93BpOgv6X
 Supplier#000192046        | 8d7wtOA44snFwhMwshoIkMid14SfX9yc3E
 Supplier#000192095        | aYpm3nd7VL4P4WH0s1IdPsuk
 Supplier#000192136        | g4Aiyw5X3Ybd6olhHG5G
 Supplier#000192148        | oCchri4S71Ge1eSUD
 Supplier#000192301        | zVCThrrXUH, 2H 4xWoELK Qhz
 Supplier#000192357        | HqBR24oByg5xSbJd0dwJKJIRak88zBG
 Supplier#000192404        | FqUHJ7D6qgD d2S,McVATxpNmixbedwi
 Supplier#000192605        | qkeFcebdm wdVt3kiIxzN7zWDRDd4JPk
 Supplier#000192761        | O,cHwzB29TVtmae746i0g4tRfGv3bASqK
 Supplier#000192763        | aSF03ZATS 95VJfaoomCySJrBZ9RL
 Supplier#000192813        | YVAV CMrXmz ,
 Supplier#000192855        | ovKeygnlpdX2bUSE6J37S
 Supplier#000192869        | hmTEcJtrcaFHn06k
 Supplier#000192873        | UKSA4SC,iQh3V1fBYGOYnZUtgwDA
 Supplier#000192902        | GbMx2N7HVMAZJoGhXNoHQD
 Supplier#000192960        | pRXRUmfIAdHKkbEHpPPsFE4IN1RkwqHOO1
 Supplier#000192963        | Z3GLPrPsXppg9Ph
 Supplier#000193005        | jouwj07W9QtSD11vvTil,
 Supplier#000193093        | tqMVJEip6cdvFrzkkCNQgW6OZ,wKvvJ
 Supplier#000193145        | VKOEBmPDkI6n
 Supplier#000193149        | TNJKJKHMEThooVyHs
 Supplier#000193241        | ZZJvhoHoG AqHxYbyQmryGv4
 Supplier#000193242        | tZT,Cs0obWT
 Supplier#000193259        | gjEQg0JXLSPIhpn5
 Supplier#000193572        | uQENzrvn8bHWTg2ax0nxfa29xREc
 Supplier#000193617        | ZSIpTdG4uEqMFtosehbn1
 Supplier#000193622        | t,4YQ44OEVuGKwRQ,,8hSjfui8OB63E
 Supplier#000193672        | aa1OJP hQn,Y
 Supplier#000193705        | LaP2ZXWLhlWMaaHYgUky03gateF0XJyvehhSUT
 Supplier#000193739        | nfYzZ5ucCk
 Supplier#000193755        | t,e7nv1RMHuc,xlS,vqgBvS8vsI6
 Supplier#000193761        | wQs4vYy L9BejdN YqP2rWqkkRlEGZVhAQSj2,g
 Supplier#000193782        | HOfuc7Zc9r
 Supplier#000193845        | vjSuNSird71QOVm22 0J1OeRlQ
 Supplier#000193914        | lc591RtBNSMW j9Fg98PXENS6nmxnApWQ
 Supplier#000193976        | QlmF,CgZgay3VdK,KN8II
 Supplier#000194009        | QDys,bQfcw9nh
 Supplier#000194247        | 3PHsZmUlXyO
 Supplier#000194251        | d,9c9bWLindN1J0OJymS3ZHV071mSSi1WRB
 Supplier#000194252        | RtBXh8Jzp1tRzOuhNIbR
 Supplier#000194265        | jwcVG4MNE,
 Supplier#000194384        | GwWRIHjZ5P6HxIc9KZE7BI9qx6kxHq8
 Supplier#000194462        | 1ImzA3D4vCzUKSgmNI3wAFXHKPQeK47
 Supplier#000194511        | Tz,SpVT k,Y
 Supplier#000194533        | qZlwM70SF dRXhOyNW1KCogX YJGN
 Supplier#000194544        |  B1O4vZOEOhyrgEq
 Supplier#000194585        | LzTvFRyMYqD3Ntk
 Supplier#000194633        | s6SYyd TgzGjDRBka
 Supplier#000194727        | yPtJw cdpaZj
 Supplier#000194886        | Ex2rxYjdP3IXLj3VgjrW
 Supplier#000194892        | Qw3hXERxMy2djMXjZ0FR7pAAjay
 Supplier#000194923        | 51fg4vdyn3d8,opqW,ELo99jAz3V66 A
 Supplier#000195070        | xN8s9T468XT2DOM1zapH6LJw4kVjlKIPOv56
 Supplier#000195078        | 7ubQOkCfnihkp5m4zlWyOOEncaHv na
 Supplier#000195105        | P,2dn0t2ezFHaBWhYi3 JZjCtvrVKZlC7pozFC
 Supplier#000195106        | nsZm8TE7D9iZ1N6iL6 XDXJEIs3LCFVZj
 Supplier#000195117        | osflndfzabeKEG,U4KtwKgFQwJBfIG6dZsR5fw
 Supplier#000195129        | 8c8g198BmNwnzRbeBH1zOCABi
 Supplier#000195163        | YywzSzHTSdwPT9f,nvD
 Supplier#000195183        | 39WV0rM21Nu9ZZK81BN1gsKtd56ylYi2
 Supplier#000195187        | T7UZZKY0bRvIjF6hNbugzEUDBjNc
 Supplier#000195210        | DCxVGTcFimg
 Supplier#000195229        | oiSMD,HUIZMhkc8oD3xqrBs0vMT
 Supplier#000195252        | mwLzeG8VmguNUX
 Supplier#000195282        | YwxQy3PhPl,ASMjGDmZcybhFa,sC5y2CGWL1sk
 Supplier#000195296        | 3vYRGxzzcJi71dzUcuvKTFaPMJSZtVH5qEn
 Supplier#000195332        | wcaw8EQmlQ7cwwWLQ9AkbS0WDnVnvxrKt0
 Supplier#000195409        | QIwmGEbwE A0e2fOcRH
 Supplier#000195493        | vEXeEUpKokYFP8I
 Supplier#000195513        | jAC,UYgMOM4Bqeiy60F7
 Supplier#000195574        | EiX04De,oj bm47RyNs6ypotNY
 Supplier#000195599        | KpjG76i9PXQrHMx0VXb1QhvCE
 Supplier#000195602        | RBa4xtKtYcFXkdxrV3TNyIy
 Supplier#000195709        | YQI22MzKkn7
 Supplier#000195727        | 7yeL8WFtTLXcNSW6ozwRc
 Supplier#000195768        | G4FYDE5JOn
 Supplier#000195825        | ,HareHJEn0iyxf31AIKxzGiF
 Supplier#000195836        | ovPYhcUpz1dZR T
 Supplier#000195857        | S2f8w9TRBi4zdlqSuKoTBFetEVNiRV
 Supplier#000195887        | CyaU4wR4,,vd4jdAs
 Supplier#000195920        | MooZdW1cRTiuchuM3zyQqzM 3T
 Supplier#000195940        | 14XIrbo1TXjFNMrhp0KL3wFg8v149gqeu,Wl2nqp
 Supplier#000195970        | l9fab6VmfITjK8sga90Wdy
 Supplier#000196032        | RoqODltMml1
 Supplier#000196075        | sha0o1ZC9ignbvtEw3xBIVKwNLzw7R,YbSIT
 Supplier#000196084        | 2VOH5kD8OVeegvaLg4tlZl9a41iBr4
 Supplier#000196124        | G7pOf27F91,pohf88cwtOyBgLOuWUnxdhOINK
 Supplier#000196193        | qFw,g7JsqmEndHWa7WFm0Wg9yL,PVJeOg
 Supplier#000196220        | obaeq8ZKiXZ
 Supplier#000196257        | fEeA BBGDH8qxiK
 Supplier#000196290        | v3FEX2WTyvm4ji3zIldVaOE05Ma
 Supplier#000196312        | QFMeHLrAls
 Supplier#000196332        | MY4WWw6Tkn4FMoGR
 Supplier#000196389        | wIFwOUkiL73eDsp
 Supplier#000196399        | vNmcLuazPXu2gZbgBPA8NZ n4QZuLb8A3oE
 Supplier#000196503        | kCffpGArdNCv,7AE35Ol7
 Supplier#000196549        | iGkB5S8J,iU3lIr,vIQsYdC,sn60k5D94
 Supplier#000196569        | AEfd5XVI8pyfdj02CCVOsAVSBeAVUAI617c
 Supplier#000196609        | w 15mdRkv1ocyr
 Supplier#000196629        | gg5W dyIwnSLKlfHn6NnkhQBAKxiKTLJoFa
 Supplier#000196641        | FmUTs CGtxjwxEUgdBt7MLvsIwFXomQwUyMFwr
 Supplier#000196673        | d,B2SgptcehfeWE5cao,uLC
 Supplier#000196704        | pr Hx44ki,,PRiyachX5Hrb6mzBg LoeT32g
 Supplier#000196716        | Q9apvqVpU7LeS3Pt30ty4T9UI,UugXJ7d c
 Supplier#000196810        | 66EjiCLWc Lopx0JvJh2qF99YH8t8JSNh
 Supplier#000196836        | RDfHneFIZzL5C8F6gkhWFact0fp0BMi
 Supplier#000196842        | TZdqs7rUdEysYy0zydRsV9DtwFt0s463D
 Supplier#000196854        | H2aBDO07nXD9yNoDjaBZwFCsnkB8PsI22ZZ1
 Supplier#000196886        | Q9 EP1BglfMHITn A5EJlIaVCoP
 Supplier#000196945        | BkpUr6YIDYxF4Xfd
 Supplier#000197238        | qqD5YAoHShCVBD
 Supplier#000197253        | PK7 OTzqJigF11rA0WqF,4iZ3XYmYou7yq
 Supplier#000197277        | xw1BQM 1mkjBsSzSdcSQJhbEL
 Supplier#000197280        | JEGa6pTmdvFBKOHfTfq8OQP, oEodQw7p3eKVXTs
 Supplier#000197387        | Y67qx7WK0gP8aEPpTfA ,PwIM5KU7C1nUaci
 Supplier#000197505        | 1r1HERQsECE2YkR990FTrbwbu5qmK
 Supplier#000197641        | tkJjKsEXD DXyeYHBuWRdq1yYS68wMNS0MGFZQ
 Supplier#000197900        | YVemOWbpDjDk6JkBWgZlEuegiQ,caz9XcrcoN
 Supplier#000197962        | Ve4hxjyAJ8cVf32eBS6zhGkNw1VFj,drED6
 Supplier#000198008        | r TEsXAz6WxA,HR3FkJxrTFNb3c3rC7NdyLfEv
 Supplier#000198011        | JkXDdJkzUVh
 Supplier#000198106        | HmOem8C9g9 Q,bLdt8EucUEG3 2C
 Supplier#000198120        | 4D,HPhrMTjSNIWxRb6S8
 Supplier#000198167        | b1RYvHFFPE1oIL58SWrVua95Z35qETt4x,
 Supplier#000198190        | Otr2F2fIVzkp3Yd
 Supplier#000198262        | AeWZD2 JO 
 Supplier#000198294        | Qh85vMM01XpKaOIBAw9oqcKcE
 Supplier#000198331        | ser4AxwE9I9gnO0QEdvLvYyVkdX
 Supplier#000198538        | aJDkLDwJhWHuUcHdcEaK64
 Supplier#000198594        | ZnxzBizqhVWX jOCcTcqe8RUGkGCQz7ks6m
 Supplier#000198642        | 8Pz6CwFaCGocsxV6 ONzvB83OlXM7Xzzn
 Supplier#000198840        | Pi82 1p1gGKCdtXowYzrTO
 Supplier#000198883        | edNqiJRERS1muEMb3Cv2x,K7W
 Supplier#000198971        | qoLF5Tol7vnjP1,JS
 Supplier#000198973        | ,LJzdV80eygVx6
 Supplier#000198979        | tegP17y1h1howEtAe1RZckrXr3efEpRzJrs
 Supplier#000198980        | sYL9rbQioxAp
 Supplier#000199146        | 4FffbUgGog47v909AO
 Supplier#000199179        | eeceZBSCG0YmPN,tEQjVIKmIKII6LKOv9O
 Supplier#000199214        | DfF7dHAEBmULBO,35K89Zyi3lGKrWiK
 Supplier#000199243        | ,F8g6CcclS,33RtlfausC
 Supplier#000199248        | d1MPuSTMPNwoap2PUzQtjYvCs
 Supplier#000199291        | P02mmf2yFOykRfBUS82
 Supplier#000199328        | 73mmTAjaTOo
 Supplier#000199341        | XZnZ24Zcca3uXxa9TPeo
 Supplier#000199488        | t6 rCZOnASeaegSjdrR4WWXyLgzrLFbj5jk3
 Supplier#000199695        | LaIwMfyvQ3qijHk0h5YYwfMMOs3tVih
 Supplier#000199721        | obNbUFY8B5uAOWyFIOC7XXoYBUUCz3KGh40v0N,
 Supplier#000199741        | 7 TMgp9hYrjVSxRRXG
 Supplier#000199743        | c5t Ej Xg H0vhulqFB1vYzbgOQAgcDRe1pq
 Supplier#000199758        | nIaW uWcUI9ukN8esQtm182YPYC6U74h V TUW9
 Supplier#000199859        | EWlDhzEtnUKo9G0rpVI2K3D2C9Q
 Supplier#000199870        | 9zL4RQTpErrondmr1bSfpOuKxaH82XZI3Tk
 Supplier#000199882        | sToA71a9EGSy z17mVh 6c1Mrl
 Supplier#000199895        | RFJ3WN0QkgnAsIdRjlIpnWcSfYJPzE9ClIZyBn
 Supplier#000199970        |  tBYHUMs, 2QJuiy, r4x,AfBZV7291,cJcqRR
 Supplier#000200051        | ukH96joKlroqkdFD nGfXtf
 Supplier#000200072        | tw Z9zI2AeEp3G
 Supplier#000200206        | Qn7k1Iu0s9c8W1q
 Supplier#000200315        | NUlpW2LT6XXhbxPI8hpPD94zn5hTmUrFciCLAnW
 Supplier#000200355        | Qle,gzI2fb5m5hrHKCizWgr3KUfRHHRm4qQ
 Supplier#000200358        | rRP9ptpXlzUj,CnC7Yy6Bplw5aiNjJwoWUd
 Supplier#000200404        | qgZwPi46YZQge4uH8 YB9 ysMD
 Supplier#000200477        | tUQZqKy1XHfV5U6,3ZZVO76sJ4
 Supplier#000200484        | 9nJJluyWgxWMl3AG5Dcg9YCOzm9B1aG1u8Ej
 Supplier#000200571        | PEaldsGBwM2AmdEu1m Mocpj,UIZXYzf5VoQ
 Supplier#000200606        | X0H06jiBBuMObgFYo4d0,PLWC1rEj,dyQy0sZ o
 Supplier#000200616        | MPxMsj  EifpP1zIRdBNX7o
 Supplier#000200729        | GeNk6T7EiXyWiI3Jub6HdpK
 Supplier#000201070        | 857t5M,gJvEqoMJExW2FYD
 Supplier#000201124        | ,vcprjeyxQN6myUeCerFZtqqknGNs wH
 Supplier#000201126        | Zaed7ZCu4x2
 Supplier#000201261        | zR W36BJaiD
 Supplier#000201335        | M5GDeBxQbrlO5l1ffDB9fUPg,EgyN
 Supplier#000201378        | tzeZUk80w48252L
 Supplier#000201430        | UD8jMANE1oz0w5qgmHoqiO3BaqeeLgWHC
 Supplier#000201442        | lWflYl2A9n055tknBwwwqxTgU2AcG0kJeP
 Supplier#000201501        | FL23qskP9lSE
 Supplier#000201565        | QpZPLTaJKC43C5Afokh YeA
 Supplier#000201627        | D4g9HmTGrMeTmwtMt4osNAzXPwjkB
 Supplier#000201656        | R7y25EUQesCPNHYLAjmZ psNjfyW,zInqGElU3q
 Supplier#000201707        | GxxdHCVgvjtXdjSyeXNnXH8B2B2f
 Supplier#000201714        | nACKEnd34o61DBf4DOmDX1tfYCFA
 Supplier#000201800        | I6111di59Nw
 Supplier#000201804        | vfMBuphodngAWwVdZLZtQ
 Supplier#000201858        | eBq3R8iFYVzDYFmzFxvH1y
 Supplier#000201881        | a4Ic9GIseC51r
 Supplier#000201911        | sbc8D6QeRZ0
 Supplier#000201917        | EitpFot7r33aK36YyQk,O,IUTe
 Supplier#000201981        | UweH91BrnYV7qfkARglqZtEX5H
 Supplier#000202002        | r 9rnVnTIqSOcK63W4dlKQF7tNZ139KbcYV
 Supplier#000202052        | sIpxegGCBAC0eY08YYEczm
 Supplier#000202130        | 7ePrZ4dAJVl77Huaki0iKK
 Supplier#000202186        | cXEqqVyUWdE6X4ISeM3HC PQh5vT0d9JAMyy1
 Supplier#000202215        | 8afRKsmE6cBD1lAssawPvA
 Supplier#000202223        | 60svkqerNbrvwbCyTq
 Supplier#000202275        | H9wyemseE6KvOfPynisy5AwrNeDD8mmrm
 Supplier#000202280        | ph13woSV2UnMzLIBER
 Supplier#000202329        | xB4wqcntosX3M6rTQ,Ydvur8kU4xCMfSa
 Supplier#000202385        | VRXFUnHRjZ 8W,fa022skTQrpMUjyue
 Supplier#000202461        | skW7oYKLF9Ic,CXwRw5Ewu7RBBJnAdKl
 Supplier#000202485        | k54jT6PclmTV0opAQxpMBE
 Supplier#000202491        | QBvi 9HaFPeodtI
 Supplier#000202705        | aPHfEr,O1qgVgXhhxKXDM46z
 Supplier#000202709        | L,s8bvBARoA6scCFG2DO
 Supplier#000202733        | ds04yxsIfayHnCzcnH,SBXVqSga
 Supplier#000202752        | 31Kv8F5TO5exjeVpkRC21LwEJJKunno2
 Supplier#000202826        | WivL0d2wFY9vy2 QS
 Supplier#000202846        | TNIeuz78sFO8On0z69REAwj
 Supplier#000202883        | eysG7Hjqiy 7AVg3rxE7WU18E
 Supplier#000203074        | qKviXfdqdtMm8tHMQhYl
 Supplier#000203107        | JEQ tqDt5QtItDI0Qaitv8xpeQrSbfanGa
 Supplier#000203145        | m hrK7Dsyz
 Supplier#000203180        | L rzvpOcuhv78Ph
 Supplier#000203328        | nbouLSxcvUaAfjKR2BwBk
 Supplier#000203382        | nYFvDwKkalkx2daQsTgBdFnorwI8IsOyxahHrQJy
 Supplier#000203467        | q4ZaPiHPMHf0m4gP0mJ ssHm6w3sMM1DoZIl
 Supplier#000203483        | XkrXPU1nHD
 Supplier#000203594        | R JsKFWabx3gQzXNX8QAvQe1B
 Supplier#000203605        | SuzNk xU3DQ3sSnZ0LEv8kb0dY
 Supplier#000203722        | sOVXQtEpRgXt
 Supplier#000203822        | A73,uP1Vb,2YMOf3Ne3CFZSu124z
 Supplier#000203829        | ZELPaHGrlA7UHovnq8QfdG0P9tLd
 Supplier#000203886        | hEWCG 5hw3QP9Ce, e5cAJeSLc
 Supplier#000204139        | 7my3Zi4sLiaRBqJJk
 Supplier#000204267        | ,9ctERdfzLVXULQmeE2ZpKQnDMtKxch5LS
 Supplier#000204295        | Q,yZfuh oNn1CthfsiNR
 Supplier#000204302        | txBURILoOgBosGBeKYFqFQSV8jPCt
 Supplier#000204321        | 98iy9t0k6aNd,K,Z4X1jemU7ygUT 7HxZoDo
 Supplier#000204515        | QJzdC9FrypAimdxoOCoT1k X9rw0 00dZ0Leq7ff
 Supplier#000204543        | g9KjKxBA1DDKyUTxv6jfUGVdxB6rJdJVsfqhQXNf
 Supplier#000204562        | 5S,8LxxoVadP7ZErh
 Supplier#000204566        | 43WXdtAtRU4mmjdscVgk2Lky T g
 Supplier#000204571        | mA42MIlF1n
 Supplier#000204574        | vG9ebkFRfMD8vrVFMfd8QmQEe4jXVbBkLL
 Supplier#000204595        | mH2sstX9781Mw4ffpB
 Supplier#000204608        | MYPCYH666Bok3I
 Supplier#000204647        | HVNyLPlfE1t7AWPZU7gax
 Supplier#000204781        |  TIdVMBucD2tlU kYSLc5B4SR
 Supplier#000204887        | x48MsyFmZDckTMe2OUWcuE677hdLyqxuFxsmz
 Supplier#000204911        | 3Q3QUbqv0tWRgTGoj4j499Ve
 Supplier#000204946        | beSIpSoC0r
 Supplier#000205136        | Sbjf7MwbS2sB7LD4gXrPJNtGleSLs9kaMzwH9
 Supplier#000205167        | CWkJfKrLVeEG,4D
 Supplier#000205178        | HJrBu,sZWZeyId
 Supplier#000205310        | WpQQ5lqBrXvUb4P7wygS2UrkoPFsDufU
 Supplier#000205362        | CzGfOjUhSqpwsXF3
 Supplier#000205365        | vhV5Rhc3aaVl8clenIy VxERmDJ3kE
 Supplier#000205369        | 2 AThCFngzOHQRv936gVpxw omrvor
 Supplier#000205372        | U4oLof4G2829xWQ naXweKL6nEMZDLbzr
 Supplier#000205389        | lNa9c7WyKW
 Supplier#000205395        | Br0py7ob0l4ZBGxXaM63ElIq
 Supplier#000205405        |  oLsFKE1BAbXOW TMW4nb
 Supplier#000205439        | BTtHPZGTr9RRw3VqfwELnlIh
 Supplier#000205464        | FfhlVGf zCLKc
 Supplier#000205566        | DDmRUMj6NLm6JmPew1 V
 Supplier#000205700        | AFt4wKllaPnhZE5lSZvh69LQA0hzQ6ru10ptPq3l
 Supplier#000205782        | u9FKxVzpAFrDzr3Ua8FUrJx7Bn, E2aOT
 Supplier#000205789        | ASSQyKpzyMG TZD,DAVphFHNDtzcJpR2KyN0khL
 Supplier#000205790        | q3R49bLRenM1xcZSzkQ8mfjFFlGvya8FE
 Supplier#000205817        | Ylp6,21iED01aVL3
 Supplier#000205845        | qm1kfZxxJiB0sCSZEvHlHZ2I
 Supplier#000205855        | mZnPv5ZM3OwT SAUALRA7BIif
 Supplier#000205865        | iJ uIGfOYSrhms6ojSsZaYZZdczF6n7dWfnG
 Supplier#000205919        | ZXPf9aaOqrLUHLqzsJvGh1auoh6hpn473pH
 Supplier#000205973        | LZ5ASGqv5JtIkY
 Supplier#000206052        | PXLsMRtMVT5ZhkilQ3WbZNCG2HRQv
 Supplier#000206167        | cHg5yX53yjmPaqiAsPem vUJdx
 Supplier#000206179        | pFvHc,xOJTclvu
 Supplier#000206352        | Mr7f3d aERrWBlPynZxmEck1Pra3v57Y
 Supplier#000206409        | TJ7Ix,QA9gWd0M6yb6LJmFYBojzSaw,dj26b
 Supplier#000206436        | Mg5lAaYPo3sd VHWc4W
 Supplier#000206437        | zi0WeE059E6wF2fezgC4ISeGxV83
 Supplier#000206483        | gHNupKe1iAyu
 Supplier#000206546        | Py8U3oaHNgN3nG
 Supplier#000206557        | SKfEu6gwBx0mv
 Supplier#000206595        | I0SaJz1nPAklka
 Supplier#000206599        | Up7zIUxvIwgXU
 Supplier#000206682        | ql7w1lr2BoFjj7Izg
 Supplier#000206806        | Vo4C9tP MNzgaXTz5YEZh UDWrzyAM
 Supplier#000206813        | 6dEeBvFFBfCfUdOgIKO54agQn2e1B
 Supplier#000206921        | 777RCJdr5OfdIIlp7IVlVvJtGWa
 Supplier#000207031        | ug3SlysmTG9Trer3TNVGlKp6tdHqh
 Supplier#000207034        | sN0DPK,XBS
 Supplier#000207200        | hSQ0gCG01dbBVp4soXFMG3Qm4Rml77da
 Supplier#000207236        | YXxQr,HcC6FuSTvJAiMe2JI8NNNiueS2kpQMz
 Supplier#000207376        | kXzPmJjNa52pkxjZ0TM
 Supplier#000207383        | YlIaOSGv91hPNv XzVpppiNx ACTs KEuo
 Supplier#000207385        | s0V,HNe6q27JhqjOkyzp
 Supplier#000207388        | TOZr0rM bPVdHAbQe
 Supplier#000207399        | 8RsI1NG5N66yFNbgCr,A6ytHPbWx,7
 Supplier#000207473        | wnaJ73xv GCIsgX6ld 3GusDpwvUec0vWrsKH
 Supplier#000207575        | iMTgxWJkHp4RFT6hvpWbyZvyrW7tW0 l9tYro
 Supplier#000207576        | xisp4yqZjQwYBGg8Vs
 Supplier#000207640        | Q4vkbWaEHLhELKrHxxfr7riI9Ao
 Supplier#000207646        | AIDCjwPnPdzoqrPBSzIaRJqB2EA,QRVrOdtHhy
 Supplier#000207682        | BQnoYv5Urb4 dH9JzQtUlPPraV
 Supplier#000207688        | 8yn0oyd,z8
 Supplier#000207707        | 4M,yATnFn9L,vT krrq
 Supplier#000207712        | sLLEmXLX2M
 Supplier#000207799        | pE7,Ii,5MqB3HriofweAqIyP358Z6rodV 3n
 Supplier#000207838        | TTloLNm8s8vNk
 Supplier#000207938        | gLoeBA1 6cNImufCZcvHKbd9Rrf
 Supplier#000208010        | TDwdOUKdRwQxqkYwsC2X5
 Supplier#000208016        | bumjI3MaNP
 Supplier#000208022        | x7pWjpd11iV1y 9oOu oKi4lk3ri
 Supplier#000208055        | ng3iJGzXk6UVUFBunlgdbv4rXoVlSDS1irt
 Supplier#000208168        | 4UaTts3eP9VZBmLYdfn1naltYPojwx
 Supplier#000208267        | SNVmbeqZEKIIk4TR
 Supplier#000208276        | ,KG0y 83xxqCXYIzPd
 Supplier#000208523        | gHpDkN4NNYEu3XyoAyQ8ad1d
 Supplier#000208753        | yAFcZ20B3LdEfL,rkdsmdEHI9gyPB,
 Supplier#000208767        | jcnAzintIDc
 Supplier#000208959        | iv7zWzzA330XlWy4AXYd
 Supplier#000209004        | r8lE,rBkHZNUQlEH7mZBbYUyZrdI
 Supplier#000209073        | 4R5TOAWS6fX9W9mJlId8BLwY7UkQAFx
 Supplier#000209085        | YPjgGDkR68quuzZAS0oma02cXZRP
 Supplier#000209138        | 9PgOzlFE4GT5FoigkEl9
 Supplier#000209196        | NnP5KvAeXwT
 Supplier#000209210        | 2H6zOHCkM7atZtE WnXZNDqLw5v8
 Supplier#000209233        | fDY4r6HdkPp0PmDrMfOZ
 Supplier#000209260        | JoxbduHuHc2hJLPS9T
 Supplier#000209295        | ,PR4UcZjqF2lKNz33UFxCaeG6bi2l
 Supplier#000209338        | cfrYC0CLWOY
 Supplier#000209396        | FoAfGJfGy906EaMAbBIx7wC5dPAv8ZSR2wDk
 Supplier#000209433        | Qd03KeOHIYzpXf
 Supplier#000209442        | 0Wh1bkgr9Y2GmkRn6Zdr RRJMo
 Supplier#000209445        | QHPwk5UBKS7,meShQmRrdUXAv9,eqC
 Supplier#000209486        | ,bmUatwzMpYdsz  ih7n4owdR4GcMktbYR3
 Supplier#000209527        | YtYlXGR41GaGLxCUskQi5wIdLnt0DwF2tgFHO
 Supplier#000209543        | x7poS8m2HBYq,r
 Supplier#000209548        | pZ5xAVw2Dlr8eH5yK1Ovn4
 Supplier#000209623        | IX0vmgT3NFf6Do0l7U93ZuMQq
 Supplier#000209635        | xpk94kJRbGvrWfRUlJ,gkbQyer8FVsvy8eLe
 Supplier#000209858        | 3KM15z0RGled6PHTHR9ALG,WZM4TgYgqGQqxjU
 Supplier#000209908        | PGMJyEDCUEFUw
 Supplier#000209931        | IV3AZxXHCR C5cPJ6oni7U8WT
 Supplier#000210125        | M,JhJwTFcOg1rh4VixeW OG9yqNJ
 Supplier#000210177        | rZUX8eLOsNs
 Supplier#000210187        | 21VyFd8 MPVRA64aWM,upW f,ptBFj,MHpo
 Supplier#000210189        | uU1M7W1pEs8x4HUDGkm Fsbhy
 Supplier#000210203        | nrTWengnvfw 7kQiR,fRGp58zGHl2wlb3
 Supplier#000210230        | KWEaYyF3aUpQj80
 Supplier#000210243        | nsFhpAcXwIlv8wA9aolpSJbWXVzX
 Supplier#000210258        | 5 SkqMfybub4neCTM7bHt0
 Supplier#000210442        | TfyPwSSOd4ThgM
 Supplier#000210469        | VjX2gZ1eHPiB o
 Supplier#000210479        | BzanrH16lwR8 x3RwcpzW62AIS6Aco
 Supplier#000210481        | byPFpM R9XGPJq,J38Z4DD4Rm
 Supplier#000210498        | F376mDPfCuUK3HkA5icZzLPxb
 Supplier#000210534        | PkYc67IyXPBNOY
 Supplier#000210608        | BnMBzV1FJqUppvi4Cq8O
 Supplier#000210622        | NRV6meG4aOcfMhqWaapLXGUYuOl
 Supplier#000210673        | QuIcjpkUWJWan9OBMPzvjH8TT
 Supplier#000210710        | ldIF9lm56J40FB,
 Supplier#000210749        | dPX5kRCKABNx7Y1ci
 Supplier#000210759        | NcLzImQE68sJOjbFb
 Supplier#000210766        | rC1c6zEjX,Vy1cRepQEfm8L4OUJuW
 Supplier#000210820        | BbxGZayEmmnn5Qld,QjCZTA6ckSh8nmhjb
 Supplier#000210831        | XUzZmqC2779DT,9px
 Supplier#000210913        | EmWOuV QCmazGBSA2rReqqZ
 Supplier#000210925        | MMY cnhmr,RIDQBjcunfwF
 Supplier#000211115        | hnLy9mZEa6t9KkoidqEI19
 Supplier#000211126        | umF4V8kNdu W1oRdn0zw6j
 Supplier#000211137        | R56ABMOCyn N745JfGpYIOHGxfLX3r4 r7FgB
 Supplier#000211140        | tAbBP,7mHmmp7Bnxdfwqc8AV7gk7HDX5mQoVWIX
 Supplier#000211254        | UQLHAvilee
 Supplier#000211315        | okif3GFwjz24zCoroRDUqd7xmLhgHhXMxBXB
 Supplier#000211412        | G7sSxpKxUAplxbBZv
 Supplier#000211556        | pHBfj7VfVBOg Ca jQzsfaz36hNi6e
 Supplier#000211562        | tZr8XsBGFbInUvQAhYibrvhpv Dh0BCgNmi8
 Supplier#000211626        | ZhUbykLqKx7m4rG
 Supplier#000211632        | tAFvF RgDxlBAxkCWNo0hX1
 Supplier#000211668        | wlN,WjZGWG73No78Kc,X
 Supplier#000211732        | fpkPEE4JnFkW
 Supplier#000211765        | yqt8J4Nx KKmxzxciocSYSdYjxmt
 Supplier#000211893        | grF,QfNpuxe,j5SXvX3krGA4ozIH2tkSEGKq0VZ
 Supplier#000211999        | zND4OxCKO6uiJtZ91PBKzYkBUdAJa
 Supplier#000212026        | ,xo8JK24yrQUDjenCDq7DhPvzV ,
 Supplier#000212089        | ILxvWcLXqkC2f8MY
 Supplier#000212111        | MjcGFPUnIPeHcwS7,K DVjzQaiSZbQvZ Etr
 Supplier#000212224        | gisaLh7X96Ham9shvfsq0poCJmGcRC 
 Supplier#000212324        | PBggHcU,Txf
 Supplier#000212339        | OsO,JdNewQ6rvazd612oDF0JUcuSLx
 Supplier#000212353        | yzkA0kLVT88zzdrqZr
 Supplier#000212432        | tN,Emz5nJJU6MLgQ17LR2KJ5k
 Supplier#000212482        | ySatEbgVgGSaFMAJW8UjziUo2XBOHnA0O Sh
 Supplier#000212487        | sCVk5pJ6ISWiZ0BmboC9Re9Z3t8lFP7tsjoQ7v
 Supplier#000212564        | FvGj3Ne23A
 Supplier#000212710        | exv rOobhcYer5OonMNl39L18IXj94lfBlE0y0IB
 Supplier#000212838        | 9EvGjhsE230PUgHe04ZasHhdL
 Supplier#000212854        | CZnrO,pVQpPtVXsvSCt0zGpgz4RS7DawjqG PuS
 Supplier#000212864        | AssEvTNhIX565smvNWYCiR3wUEzzii
 Supplier#000212889        | oOGq KCY rW
 Supplier#000212956        | AsKhzDYT28Aw
 Supplier#000212963        | eok9ZK0 61CQVqyNkhhb
 Supplier#000213011        | yF7fOfEKA7rJO29q0wt0
 Supplier#000213135        | 9dHGgrlIA17yg le5HM o b
 Supplier#000213156        | yo83,N6yef7dvuMb8E
 Supplier#000213282        | pL2TXQJMrxBx,w5badar
 Supplier#000213315        | Z6hkamiUogKIZGUp1qycF
 Supplier#000213373        | 252 gBGOtBNj
 Supplier#000213382        | t0Z6K2tD5fAgs2gRZ1bMwTtQ7
 Supplier#000213491        | 3k4MJvXGznDqlEszN,RFFmLEg
 Supplier#000213603        | 84lotz6G3wOf3H 3yD8H5p4cfVbklFV,1D3cp
 Supplier#000213609        | nAZ2tkO31U Sld5lmLEN76QnOnZmTRkS
 Supplier#000213740        | BPaKk6bR2KTMqwkVfuoddtvKlWBFIFi 
 Supplier#000213767        | Cu Uf6Mwqn68UiOj2VnBIjJ9ghHR
 Supplier#000213848        | Eosip C9sVyj
 Supplier#000213969        | LpJ6oqVF3epreVAq
 Supplier#000213998        | DrvZFYRcL078K0NA9VnvkdBC,7WK
 Supplier#000214042        | Jf9cVPEXfbuF
 Supplier#000214075        | 0Ko0TCouvIw0e  Wnyqz19QT
 Supplier#000214106        | k VvHTkjdMNvees5VV0sWEBIQzH8
 Supplier#000214165        | u,hK1gsJtC7TUeKTjY0OcUG 0cXP2ySQD
 Supplier#000214191        | LZKl6YT5GUdeKnzUUSMJ711gGpC7WVQ
 Supplier#000214298        | JAMKZugD7PCqVs,mOvL
 Supplier#000214326        | ,grnjxM5UHWE
 Supplier#000214356        | T9 dhRIph1WWhT0aZaJW1D63qLgQ0AUQ0z
 Supplier#000214419        | 6REdO84VC6brf1qvkAUWcd Seey,4yR9L
 Supplier#000214480        | Fr0m4dTsbKrWFcDlW
 Supplier#000214615        | hqSQt,sfFHrU109kIaNBuG0q0xdjDJbJ,cp
 Supplier#000214717        | xUDXwq9noknMAB9rv39QThJOsX0nZiUHO
 Supplier#000214745        | 6P1JsZ7kuWwxT
 Supplier#000214768        |  YkjLslLAzvJaTfSDM
 Supplier#000214785        | GB8GsKtyw3z
 Supplier#000214790        | 1V1hcbKBbcp7HEWlI801
 Supplier#000214826        | WpqGbkB9zQtQEIx
 Supplier#000214851        | 3FZ2VDIjk iCK4hI7OOPbwEQez0X
 Supplier#000215111        | yc4r6jWNFIGhKz17O7kg9e
 Supplier#000215120        | 6hqvdKjWFO3,TXda6
 Supplier#000215175        | XRYxl9HyWak,MiqycB5Vj
 Supplier#000215185        | aaY6UFROBh
 Supplier#000215205        | BtAWHKWWFj
 Supplier#000215340        | Ka4ZLPtuTVUP 85ZGWZee2mHL9bw
 Supplier#000215413        | kMdrUqFeYp
 Supplier#000215436        | 39bemPpMf LILREQFYNGzn
 Supplier#000215453        | 25irbn ADE9BJxxG3vjwTcV0tnZ9PpoTjCf
 Supplier#000215480        | sdVmcP6rgkYCoZ r9xPVQ6MHQbO
 Supplier#000215574        | geCdDFncSevJkh0acUp5Aq
 Supplier#000215667        | rrsG8FqxR8tq
 Supplier#000215676        | odROZUjLwxUrPJwii5cC5230mAljsB8O6qi3poK
 Supplier#000215731        | 388,vR6RJV7
 Supplier#000215880        | GIUxV,G8WssAlBI1OnJJT jG
 Supplier#000216006        | 6rOY294cbPWWgdB3eCqA,WmMK7X
 Supplier#000216023        | l6A6w4LtTvgAQc
 Supplier#000216039        | sJ8g8p5nz5lL6394FWye,
 Supplier#000216046        | n19B6g92balq9wnqFt7WQ7GZ TSjJ6kqN 
 Supplier#000216105        | Dl2agepWGWHyrVc1DLm4XwoW
 Supplier#000216108        | pHFgTn9KWw
 Supplier#000216230        | vPrbttMNRA31ofoYASGICgfkrdzfO
 Supplier#000216245        | 9KWtKh,lNtb3oHfCqCveVeUCgRXQBsj0XxsP
 Supplier#000216566        |  bfXlm1yRY0PewWNyUhdrgr
 Supplier#000216586        | Bm7qdoIX05kYG6XV3L10OIdPb11PYXpC
 Supplier#000216651        | MALjGrXcYhH
 Supplier#000216664        | xn6ch5W7s0FrE ptwqXBiH,k3cG1yZk
 Supplier#000216695        | KORb7N38BV5MmeNOWMXnCTatqLXmly6xD
 Supplier#000216718        | etJyHksTljAHhpnXheRJo08wx4wpmW
 Supplier#000216785        | 1vgFsPOYet4iJ95Iv7pX2rm,CFQhpIs
 Supplier#000216800        | N02DYC5rDrSRqxk1
 Supplier#000216887        | KwFFRc0T1ZibUpuLrZQx5pBuAEU2P
 Supplier#000216895        | HX6EN7DDv9tmWAieU15
 Supplier#000217018        | sOKLC29FpNlgE9L,mXLP3wQ
 Supplier#000217019        | fXZlAtgW3L,etZmWF6KGp2M0vhHCd2
 Supplier#000217024        | zEVGC9MMRY6Jv7Xpu,qkQt4jXI1QUOCShknkfxwe
 Supplier#000217201        | mmLn KNVpqe4uucybyElyOZeeD,cf0 
 Supplier#000217296        | gJnx8XULsOxuXJ6DR
 Supplier#000217313        | 9NlhAmvvKHVyvRGI05mOufWYFQwogHOlkl2 5
 Supplier#000217321        | tGwC1HcMRJEjVMLMkW63Xi85ggDz5OhCu
 Supplier#000217404        | W0MtcWoANsJANTC xeINGpf136JsOV0vcWs3MvbY
 Supplier#000217415        | KKMn8xIH8syGzlLBdXcIjcjo
 Supplier#000217539        | jdnSMioyK1gvkIF
 Supplier#000217590        | VL8r6fpxq0pHASP6,EbN
 Supplier#000217619        | zD75WfQDnYLLOzaDv5J1jZK
 Supplier#000217694        | E8rqh7 RbNDa2B6CoN2JD1qYtz
 Supplier#000217720        | Jx3Sv6Qa,NZvXPF3 HWQTSGOfhLs6eHm3E,NTTK
 Supplier#000217921        | QmRd9C4xYj70ZS,
 Supplier#000217941        | f6qJvD7o7k
 Supplier#000217994        | Uwcl3Zod9O7 lrSolWWGuDEq6aD0G0TkIMuGR1R
 Supplier#000218035        | 5NLeyGZGHihMlhlIfWGXlDmjOt5Rrv Xeo
 Supplier#000218140        | OgtontFyHnHfS2NUb
 Supplier#000218151        | UA7KspjJNpSW tn3iweof0y,
 Supplier#000218226        | ZI,uziV,JwQcxhmI
 Supplier#000218409        | Ecx hK3Y9dl3
 Supplier#000218502        | kz0BLBUTqd6,okgyrtIqeMCboR1ITjqMYTf90TA
 Supplier#000218504        | hR0V48MDPuPCWYgdDiPSR
 Supplier#000218543        | nZrX3PejmPvuk
 Supplier#000218568        | DH89ngAWawtbN mHnsQlkdfI5B7KPFJwN1,Ka
 Supplier#000218687        | k DKGEmn6FLTSuIhvnB6COh
 Supplier#000218739        | dAl0IYhszOEgJnw6ZiQQO4L8,
 Supplier#000218849        | p197vM8bic
 Supplier#000218891        | oEcCVAi5Fbb7gjo
 Supplier#000218902        | Cg srNB4RFMAxOtJw3V5zl1LgpU,JN2
 Supplier#000218928        | XDhu,vzlFCZKo2v
 Supplier#000219002        | L1IyV4pBuKg4YOcspzEvp2FepIzo1o
 Supplier#000219003        | wb0d5A48FpBZBI5iNWmcJCdJq kTVtJLsshywX4
 Supplier#000219038        | OsF0oK,HbmSUjlr,bXtU00KDAC6BeHd3hTHI
 Supplier#000219045        | KIUf JooYbZE,e xszJtOnkuH2FPS
 Supplier#000219047        | Z1tKfNtJLRevcVQyYnA5T
 Supplier#000219109        | PuHE4DHbwxPYNvaWP41 z
 Supplier#000219115        | I8X uSsgHR8p8kwA,VC6ykaQtDBkEOKQD
 Supplier#000219206        | XenqPvjhbSOvjILq
 Supplier#000219260        | vmgGxHD,iBN2j56FxYbpG9eakZtaa8We03An
 Supplier#000219278        | 90bYRDAfkV
 Supplier#000219337        | O,irnRmJp1vZJsa2hpP,zw5no1R Cmq
 Supplier#000219342        | DYrtoh2jqqXIPXKE6bTdaiWGqzOrt5f
 Supplier#000219395        | uT 2fRECzIMVq2A
 Supplier#000219435        | m2nYeOVBHjccpwC4MeSG8DQ6QyRWHm06Hp
 Supplier#000219440        | B5kCV7O8cFy6AqphTi5jVoNwj5cEg7E0xLz
 Supplier#000219488        | qZSbRq6zoDqABE6UlAjnYkkO
 Supplier#000219530        | psVvVFqOHinGpNOF87QTUZM 3MJT1L6A0p,r9dC0
 Supplier#000219608        | HkiJ0HENdW0oxLy1H cP6vwRh,14d1 6
 Supplier#000219636        | s,QX,Ge 63ZY4kMn3G fnBWACYKl6q7GwURBDoO
 Supplier#000219650        | stx,4ICQG5NybeWGJqU8aIkqucotOiB
 Supplier#000219781        | vcKSQ8cSa0D2dz MqEQo
 Supplier#000219816        | TupPZqZTfNlZ9WF 
 Supplier#000219862        | kQkj7TyV3 xzp30CDUG
 Supplier#000219991        | 19Gzlfb9mb8 z3 gPwLxqkRUa
 Supplier#000220008        | opyr0VCMA,d
 Supplier#000220023        | KgKQ4hIheXD36c9D9ua7NNKOeg0YbSoka1 WIEXH
 Supplier#000220068        | Dfk9FfxgzPFi77nJ,NbdvtSXkhs
 Supplier#000220092        | WCIYkGudoqJtJWbeLXBMIbo
 Supplier#000220267        | GjuKItoY,dO
 Supplier#000220325        | zQhunUz1ugWDPGXSj
 Supplier#000220333        | rlytj5aBzMr9wUVH38EiMVZ2JKMSo
 Supplier#000220441        | LS1nRvanHp01,Rgj6uun9h4N2UkKZE nmZ
 Supplier#000220470        | j,gk6fwsUOkFkHN
 Supplier#000220547        | EDUSkdbs0 w91CKAdzuKma0M,Xmsxtys8uU2
 Supplier#000220676        | MqAaVUInDMhRjHwQBcgkz
 Supplier#000220682        | loPyveLvELK9IhxCmm
 Supplier#000220707        | yx1DoXmbDRmjPZLj
 Supplier#000220749        | MXKHs9sWzGgioeD,Rvbop5trOteNN
 Supplier#000220826        | b4bscWVNtVCgfCBpVf
 Supplier#000221001        | B4,Vujje9kC8Ha2WV6c50wnIJfUhRbRz9l
 Supplier#000221189        | XXblqizJQMWJNjklJZKp2WP070iR9FchLd0tz
 Supplier#000221209        | 3fY4zwxUHFwG9R
 Supplier#000221214        | 4nbmhrTh1npBRZguboPEN5GUUFYTyoF
 Supplier#000221215        | USZtExG6F0a
 Supplier#000221270        | NbTNmXys0bRdp8yEy1maCbHJtaApkgi3G9tbx
 Supplier#000221325        | DrCmjv64doYx
 Supplier#000221332        | znw7Nz855h5,57dmePP1SOwZkYkfqH
 Supplier#000221377        | OlYBWMS ROYbLc12X
 Supplier#000221391        | 0E4VKHqDoW3c
 Supplier#000221477        | hpEh6E5Bd42kfdeMKhLRBmk
 Supplier#000221559        | W8Vt4Q3WeaHxBSkl
 Supplier#000221636        | lXBKYTBFrx7V3iDCjg0v5zcVWnFdQKzpHm,IMB
 Supplier#000221742        | UAFgnS41xphQvxIaqqJSPz8pYmCPmjQB6j
 Supplier#000221755        | y2qNLecck5QPodUoXoNFPjk
 Supplier#000221762        | slMyvbBM9 Apu,2p6d8G7x6DS6 w74
 Supplier#000221831        | 0gGpbO0OH34ii8ExE4UZRmNOY7SaIFAzd,Wl
 Supplier#000221874        | cxCT,5mXhIFk9Z26xb2eR4suu9XVubsL38AXh iC
 Supplier#000221927        | 3SoXPRqt ulmOET
 Supplier#000222172        | aLUblhVjGDejCU527 ,sqmMzTiOLPU0HDWe
 Supplier#000222196        | NCc9c6hxh3MZbSIFgfG
 Supplier#000222227        | Qh00tcF69HAcLOarrQ
 Supplier#000222236        | 0VR6qh8TXZVy0T IQdnL3pfOwxvSeL
 Supplier#000222238        | , yATU9srayBAZGmZB41k2Xmx
 Supplier#000222269        | g0vXge9UMWAKxlGSKigyckjG hzpt
 Supplier#000222271        | Rl4qtEd1FDOmy Nf
 Supplier#000222326        | xCtlTpWOkceTKgI6Zjd9gElS6yO1lJu13d
 Supplier#000222594        | dwz3Ez3rw Wz,
 Supplier#000222643        | 86 baaI0PyexhA8RM
 Supplier#000222736        | zqKudHQyQ3pVZfyVVkijk
 Supplier#000222829        | OXDsdodP5sFcxhW
 Supplier#000222837        | e5VJCLIKmftPlcukB0RVC3dnYnMJAobZytswJMaj
 Supplier#000223010        | ,51 HxW9rBEyGcA06lZ  NplHjwFCDkF4b
 Supplier#000223068        | CPEhCLSOYcgNM0XhX0iL8PhQawL
 Supplier#000223089        | b3wFJRmu6rVKYd1zCIiVl9F98WOOqwS
 Supplier#000223109        | FZuN6WekAOcbo cw
 Supplier#000223279        | mtBg2LYxzlTIrHASjEySSWreGVY3as
 Supplier#000223332        | 6o5AXE8VBJkzNHGfHkf,BlH2hxan9qt
 Supplier#000223349        | ovahIUINpR30MlKFM2SXS2XUq7Ff7A7tVwhV
 Supplier#000223352        | URzTIAdzgw8G,eqqPkOn52b
 Supplier#000223358        | qpif631aDoLB
 Supplier#000223651        | WDUow7tD8GaGMSCBtWlDDQnNmQ62i
 Supplier#000223729        | avtjggpv Bi1tLTPbUkX
 Supplier#000223774        | FGd2kq82nhS0FLSkn5
 Supplier#000223860        | ZvOpAWodzrTv8hW8uDeg xWANspFN6IiX
 Supplier#000223959        | naljZzqjq6Tzsw
 Supplier#000223976        | 0Gd  rhk2yH8DpeLMYVG4bjQ9koXY
 Supplier#000224000        | iIqwoY0D5ETwff4ekZNZMyIaXIB
 Supplier#000224026        | pxB0Gb1a4GM4UygdWeVVc5rAiRMGFxoqG
 Supplier#000224056        | DijA7lfXHkZVr,ArVpYQSOXvg
 Supplier#000224201        | kQNmClxb,itQrFdqGLO2kWkPBeaxzSeh2pg 
 Supplier#000224204        | Qi5sqgfiN4Z
 Supplier#000224206        | kXoRDIT5gz9OFUmb
 Supplier#000224227        | AltgI61d8YM8qiQUAOdQk2
 Supplier#000224245        | CPjjgC8pVZfPxuo4Zq2USVtTFUi9UidqZSs 0gB
 Supplier#000224373        | LlvZyJP7o8CBxJRLTxV
 Supplier#000224435        | qyHl9qBWyw1NvhQ
 Supplier#000224462        | J331DyL2aGF2kqqvm45P9bFUuix
 Supplier#000224469        | rhUwfHyaw7CpnLfvF2hB7Zxi5x Um5PtyD0pYZ
 Supplier#000224579        | mtSdNQsTunbfpVJFJuUDV GPeajAv
 Supplier#000224598        | hUXs9tKwWhaacjzedZt4qt,Vqu70KUsaE7BG6Ma
 Supplier#000224670        | 345tOOiCspHXQiEXkhljDUdURpxlMGK
 Supplier#000224672        | aE4FMowhEvYT9Pf1Q7h9lEMuKC
 Supplier#000224699        | wRSXMHL8KDN,BANY7SzNC89xCf4MAL
 Supplier#000224711        | jpDObwx9QzJwWnqz,9d2gZaW
 Supplier#000224892        | dtUgtGUyw0E5jIyUlIKATQeHjf
 Supplier#000224913        | JjgqQ1XCL1DCY78s3I6zNNwxQ,iS
 Supplier#000224976        | GkuOJD14wfTb51IcT
 Supplier#000225005        | hKEuFeIVynfxQBi1dEL
 Supplier#000225024        | LhZyXT9Ag4hj0duJc0aEblbV1lXyQkXidGU
 Supplier#000225041        | dWvlg9MNNYFF4NAP5tC0Fov8UdH1F Q
 Supplier#000225043        | LBwQXM0w58ahCpsMc7naxBAzWHn
 Supplier#000225087        | SnBZzKK0fc9
 Supplier#000225159        | 0c63boCSdqPZ18LQAj0do
 Supplier#000225182        | fE1jxazNkb2GHB0aomtNkexvURoQd4hid,cq2PU
 Supplier#000225207        | GIraaL8QOU Dc7qVPH6owpTA7NJJYH8yXV
 Supplier#000225214        | ywhVV,NObt
 Supplier#000225403        |  vNx6KIVijDNXTcxYg ,f aycgNI4wg6B
 Supplier#000225410        | SCXRYQk5FD7Sts
 Supplier#000225433        | eGtbg84YtNPM3fo
 Supplier#000225503        | NzPOwvvvK8yk3SKk829yDWheN8
 Supplier#000225614        | ta8n418IwlsCiF,oEN
 Supplier#000225643        | krkULd2gzsdr
 Supplier#000225645        | afXMJMCK1YMJO0lGIXg7P2XSOx
 Supplier#000225669        | u4TqzFCsVB
 Supplier#000225682        | bIgjtep38Ix1hOtFSxW1YO
 Supplier#000225695        | 5P1VStXiNCIJZc9IS
 Supplier#000225816        | quLq5F5,KQA3BwcCXME3
 Supplier#000225851        | CEKvjaykqQoql6jxT,w rBfDlyAMoWYRP5C
 Supplier#000225928        | cJXHIuD2ZRMbhAu0EA3dvmLh
 Supplier#000226032        | e0r0yIrjOsV
 Supplier#000226049        | IF1S33kOmCZEiYkv0aJG,v26Bg sVW4qMz
 Supplier#000226084        | IPgSIWHYyb3bsUaAgllNx8P10TeBxs389,
 Supplier#000226161        | 1qCEMTruGCXpC5aFE8K8ezM8isjmcZn
 Supplier#000226254        | WUi8di9AsY
 Supplier#000226273        | kO5W2A8yLG23VjmpEJL5LHQE,
 Supplier#000226287        | 3,Fxcf3hvu6gAR FsyLUOcjBUEk3X
 Supplier#000226341        | ihS3MlKqCINa0vaHydAjpNc7hKv1K
 Supplier#000226352        | 7,WJiqFTa tl5BBgW13r
 Supplier#000226418        | TKgROUZ9DJ67ylOHuPLrbCzAM
 Supplier#000226421        | YVMAxOFKo8H1ceq1UbT3ZRAVngZ2H
 Supplier#000226467        | q09ij7g8W0SsXOCUYY7VHS7y2J5K0ffb3ea
 Supplier#000226645        | UgGtqKrvcCttEi12FO58e
 Supplier#000226679        | ELeQ4jy3SRylx1PRSqpWuXZvg
 Supplier#000226701        | bWD JYxaSnQ
 Supplier#000226908        | v1ilav20LquebqOte4VuNtJGylUdS8H88ysLeu6
 Supplier#000226969        | f9G3CGb3SQ7MG bqRExem
 Supplier#000227003        | 0oFz8hR2ddRZPBsjeyzoFenLrfI8 UYLuF0X
 Supplier#000227012        | ,5lqxE lp9Zq7L
 Supplier#000227059        | EMGQ5GeSVkxyFYI7zdJsUVYCGX OQc
 Supplier#000227065        | wYmhq7hK 438NTbWwtOH
 Supplier#000227071        | wxrDyguUjC79RpqQXepULP7Ah1aHEG
 Supplier#000227095        | DbeB6C,cmvNnjJ,C78xouZ2rz
 Supplier#000227129        | obTU2ieMfIwNs78SZfp
 Supplier#000227224        | r9dBkqTz6YVIMT58zc81U8qnfZcjhcn0K9jIT
 Supplier#000227295        | 68h zlAzd9qYtW6tZ TFn6cRKA
 Supplier#000227424        | A0Gtkfrz9XXP2
 Supplier#000227439        | Sj335hkgq M3UNF
 Supplier#000227458        | JLQmkcz90V1oSbYyA1WR7MBt6WG
 Supplier#000227539        | nR3BJkJSXcutxd5oQ
 Supplier#000227629        | XpE,fNQmijsZ1HUPqMVp ,R7pcSHVu9Edr9y
 Supplier#000227699        | qkVksnG1vSggvMPr,x
 Supplier#000227800        | SG hSkzSTCKCp47z
 Supplier#000227812        | 4BHB fHZ8JwNh7Tlx g,,cF
 Supplier#000227820        | ,j,fYtXmWMw3r6rOXNFONrW
 Supplier#000227857        | defjAa1q2vbyyZLAkUuS5KaviGHfXR
 Supplier#000227898        | GGS6A2NH8KD86DltE1zkeyE5VqZ
 Supplier#000227950        | iQOiATfFEJynJlZkuA3W3cWAFWWnq
 Supplier#000227955        | KPChn6f8MkZnNEM3VMGkZg1,PUKcAhd,LR,lGzV
 Supplier#000227998        | Laqit3XWldBciKWr6EjZHl
 Supplier#000228010        | ARuIEQ0e1CLCT6Mqcc,6A7arXVV9Z,jlc
 Supplier#000228120        | RIjUw60GDENU PSpA,6g,ANzsHVjWV
 Supplier#000228126        | vnsW5tjnmYXrO1X7uGFYvWKYiwIHQl1ovL8
 Supplier#000228155        | ItehJLHnIIr8BFAsPH3lF9WJZ0N Kkh
 Supplier#000228159        | hBhKidqkRXa2GEsA72 3 9i
 Supplier#000228247        | UOBrFvh4ISTibYrcB8xulhxofLV99LJNy
 Supplier#000228268        | eSvx4x3sRT9Ys1wU4WqtwaZf9TAOd1lktCg
 Supplier#000228459        | 95tCE gL5TJdd
 Supplier#000228480        | tzZp,ageVZ HNPGgQhIPiyPAusw
 Supplier#000228585        | O59,sY8eH9todQWQ
 Supplier#000228670        | alTNcL8TB5aVYv osLV6xIE7LykK
 Supplier#000228727        | z0VYr7qycuCrOvJSVmWxQ3V,FV
 Supplier#000228827        | ZnA4Rr6UNIPO2MfsRLoowu
 Supplier#000228862        | m4tS1XItN9mT8
 Supplier#000229112        | UZZVLPbQMh yI5Qg2dVJHk9QR0snzZ21VvUU
 Supplier#000229119        | 5XgA105f3xd0CHoj5ARF
 Supplier#000229135        | 9vTunnxT3KhX,K tsF0UmQlatEpD
 Supplier#000229322        | VVe ar baMIc7 
 Supplier#000229358        | 5OjOvHw7kr Sn00m8XWxKb
 Supplier#000229364        | knxNZq,Jn5 cbQr
 Supplier#000229422        | 4wvFzk0sRGznjP  LbazN2Yl7X
 Supplier#000229435        | isi6vuS,kHWZ
 Supplier#000229459        | NLW8B7y46PR3p
 Supplier#000229500        | MZ58UMCAqXdFGdFffn4K76vNy2pV
 Supplier#000229700        | oDlqpa qBj1zbad0L
 Supplier#000229746        | 7U1J6LCVNxjLr026b T,8hrzv16GdghbQKRp
 Supplier#000229760        | 99YJDMFFV2fE
 Supplier#000229770        | xZyYb3ubHfJ2ZSqTM
 Supplier#000229865        | iOOMBf8vqy9rD pF9JOyqQBsXgPgqXpe9RkIJwL
 Supplier#000229878        |  7D BNapzst4rBifWFeD5HBF GpZlLN
 Supplier#000229981        | Riw,P29NUgj8uuRKuiVWh05b8yV4flHrzjF
 Supplier#000230014        | cp6KqTh,S6DgGapJDpB2M6gm
 Supplier#000230066        | L3VcltqIyLFiW3GED
 Supplier#000230091        | WrPM9qLc1VAKWXg2Y9IMBSSg9SGB,IAj7
 Supplier#000230157        | oxwOSxhqxSrsGVBH,MBWP
 Supplier#000230255        | nYWOSWeH6DDO,9Q9S
 Supplier#000230275        | Am0NYI6CVmQWdOUAeq
 Supplier#000230343        | rqY 3cExWuua60
 Supplier#000230380        | X ZvhSAiF smjTtM9BxHCSbFFHOQiH6XlL7ZkkhD
 Supplier#000230404        | 8xaH3RXXY2IbchrM7im,egOLPvQCzWvjcN7h
 Supplier#000230449        | VKANoVn6ndtoJaI31nqruHgiCi4buHCCeHCBY0
 Supplier#000230476        | QMtK7Au4Q107TFnhZPPXzo9
 Supplier#000230522        | YZpfxM2wLkaU
 Supplier#000230549        | HKApAgld7z
 Supplier#000230569        | tGid54kf AVHqMfqg5rV7
 Supplier#000230665        | nwZmIuexTH41utJttDQ
 Supplier#000230680        | yDekmVvNeq ClKx t5mm
 Supplier#000230712        | gg3C,Flu7Djk6
 Supplier#000230718        | nA36IXg5nhApvC4J9PBuyaz9zfDv
 Supplier#000230825        | N KgQ9IxY,7jjuRrXXtfUNtK24ptU
 Supplier#000230878        | IEvawPzYYzTK4M hzSljsB
 Supplier#000230926        | nLj5VAoZ68UEBDv2N,ZvzE
 Supplier#000230927        |  7mWI mpIWRWMseYTmYCzB36y,OZr 
 Supplier#000230943        | CCrsZiHXosCudFre9wUEUaiDWuNCW
 Supplier#000231024        | K6knXUlNweV2f44pi2b
 Supplier#000231110        | ,Z8GVb4i4nrd2 AeSh0qAK
 Supplier#000231141        | gUaMMgTYzCD,Yemp8cVPc3I7ttUs7izgNQ
 Supplier#000231215        | fxOgMC8q9Pau8JiVOzNgcwgqdy7OzFs2X4ve0xN9
 Supplier#000231228        | F0ux8NzXfdnSmDmRwwc012fJ
 Supplier#000231348        | ipFtQ4IiD08LO7lVHxC
 Supplier#000231390        | ZS58,0UHZAkREZPACQvM
 Supplier#000231391        | 175f2VoO66hIdx ,iEmezTRRsXzT6a
 Supplier#000231417        | wDzrzBItFpd4IwueIEquENwZDtVflTE2
 Supplier#000231428        | bic6FumQ307ttKJ N4wMUFS9ujpvVMHKGaSp
 Supplier#000231496        | AnS qNDf87wFq26i,aD PnKtMTVl3U
 Supplier#000231506        | mxB2OxVWhLSf3dRrwUfta
 Supplier#000231555        | c JYckvtfB3
 Supplier#000231586        | ekmjt3uk942GsuG8LCW8Bgb4xIGMD
 Supplier#000231627        | 4ooX D7kAHzMt
 Supplier#000231693        | d0hGRO2cZrblMcDA7HJMZ S3s3ccTWovK
 Supplier#000231749        | ,w,xTMIHJB1GAwMUQ25AdhjIfS99
 Supplier#000231910        | WjFC3NGho wrYbzpQ,LpOEsbi5NyhX7Pa5z
 Supplier#000231925        | ZM2WuD9dnzlEnZyYazODiBepUrOB8ghl8
 Supplier#000231987        | EbIQgfraH7DcPAuyksJsn ifDZv7l7xu
 Supplier#000232066        | pI26NJztMgRwb9IWqrJ5q4U
 Supplier#000232074        | WhWMbxJr6 TyjrlN8FEQgICTeHso3
 Supplier#000232087        | pgJk2Img,fWwTvHYYcND
 Supplier#000232109        | om7EztZ392MN3Opvj7EKmgdYlRCWzXSesZ,b
 Supplier#000232269        | sqS4em5XOv5fs
 Supplier#000232464        | rCI4QK99CDFAqk,dSmiaK8UMq,u
 Supplier#000232491        | Qr BNxs5FJfS0XINrB6GCX8niQ4x
 Supplier#000232501        | ln5EoLSI,cCQ9CLdQs
 Supplier#000232526        | 3fr2L6XbZcGveMuKdslhCen lr9
 Supplier#000232529        | ,BEeHQ1XgWBW34tcIj lYfXNM2,0HTen
 Supplier#000232598        | Ev,39ZjanS4I1lzDVvNBnCprnvNGzsTuj0
 Supplier#000232680        | zQdDsuJA95gcaip1GjNKnN
 Supplier#000232696        | 6N4BDmiXMBooNe5LargJSuzerNJU7bHsD98fP3tp
 Supplier#000232768        | F  9qY3lz74hY
 Supplier#000232814        | 9gHvNNf2uwNiYv
 Supplier#000232824        | QcwBcS87iju4 gUtkhLHc hkT WQgkVdE2j7
 Supplier#000232834        | gpL,waUQY6NTLjq9
 Supplier#000232835        | xvXMY eT47arR9i31kOo7CrdbZNUdPks
 Supplier#000232937        | X5V,P0UHLVYwFsbn7NwkOfE8IoON7Uxl
 Supplier#000232982        | VRdFuYPctwaWyjktArTori7kbo4Q5f,ic
 Supplier#000232990        | ZO,4uUlAhNiclACAl9wX5t,Ot
 Supplier#000233077        | Togv5NuL8js0yOwMQtCXDcgdwRnwoT
 Supplier#000233134        | n3lexTd VUFwS
 Supplier#000233135        | 8Ha1pVo8u14C2
 Supplier#000233166        | eFwhN5zHnkfpHOqRAlfYYZ2K6pcu
 Supplier#000233182        | Dfm7JpEuybkQ3ub8Dx03scHZZ,a
 Supplier#000233248        | QBPaZgxZXbG2a6VOq1SBdgx
 Supplier#000233265        | S3XwxGumXgGdfOov3cwSaI YAHCdNcsCImmDk
 Supplier#000233324        | IyTduPeuWf5n20b1
 Supplier#000233445        | hXgyqd4,esgAAjzAemN
 Supplier#000233483        | WNPR9AM ys
 Supplier#000233511        | aWxi7LaPajiCM9YQu04i4iuqq28m6
 Supplier#000233574        | gG8ZMZploPYgmtyh
 Supplier#000233684        | i1Rs4ww6JNYkZJDtKKM72
 Supplier#000233706        | 8Kytc9P3dynFL jTy2C
 Supplier#000233737        | uo6be482U4bphttRgD2NZPsrgc oKoNV5s3Wwbm6
 Supplier#000233753        | YLsv0UwUV28oDlUVbluvDEDdmmJ7JmJZpJEm
 Supplier#000233754        | feDbF5lKKjhU6R
 Supplier#000233755        | KheM48khsqQ
 Supplier#000233780        | h5xo2YPGnP1 sRSBJO6WPKeVTaNIR3qxaMlV
 Supplier#000233803        | m53x0SeHLBKpMKXZZsmA7lrlGTR3X77UYoI
 Supplier#000233858        | ENCUKF8x05AkBYasgyqR6i8qNN97Q
 Supplier#000233872        | bKcxKUfSnS3LIIr6mx92u,HjifZbcP
 Supplier#000233948        |  3veB4JvYA1CTkTTCduPb8w
 Supplier#000233962        | 53Ujx6nmFJN18mOxnbmS46a3xE1
 Supplier#000233964        | xsyJGeMGna
 Supplier#000233983        | zqMfVfeLU3z6BBOBPZvslu FiO,mgE8T877S
 Supplier#000234005        | j54YjWy7W8F,
 Supplier#000234100        | loP9PwqwqZY2dRy4y,r8tm89KOOYK6
 Supplier#000234185        | M6k2bVYTIcQt5bComr8g8jd6l ZlehGXsId
 Supplier#000234256        | 8CYkgM0F,L5AJMsOW9,6PlN9O2IW2fO3IcbtmXcQ
 Supplier#000234265        | uLT8NzRYLWmlY2TO
 Supplier#000234333        | XHveb0heCbeDejEZ5zBT
 Supplier#000234431        | o8FBccIW1XTulBvnZrjcF
 Supplier#000234713        | 9r4Sk,,MF9X9oL1 
 Supplier#000234755        | n5FpXEjAVQ0
 Supplier#000234819        | 7uzysxSRgR9CHT4eOo
 Supplier#000234821        | ekhUA,NjNya,JH9IG9C2bQKvShaP9NFm
 Supplier#000234872        | E2q4Px4GiMEkHHunjtGFih6sVh
 Supplier#000235002        | dW9oZBfqmUxRP5HhGnVI
 Supplier#000235027        | fM4sjrWpDMGe1MEBgOU75T84s2sWR2
 Supplier#000235047        | Ov1ENoG28OWdaS4l4asMD5Pnp8XKKXdimmvXg5RA
 Supplier#000235092        | a,dPKUU35VBrn47nzdA
 Supplier#000235101        | JsQDeub5H5mT24Wifqgz05yqFJmeGtD3
 Supplier#000235170        | LkRp9Xl,8zn4pNd0d6lHFi,fo
 Supplier#000235171        | c8SDd0w5AAwBj7JxQwH0XC
 Supplier#000235183        | AwHdbgDtzUyPPUf3FduqRHrkPEYqRx9sLyqmKFut
 Supplier#000235186        | sVDnxWc7U6O gi0naIZVJjW5E3BRpj2,YfFCUNu7
 Supplier#000235240        | kn6jfZtgHw 4Io6sg5 1ZDtwFH5M7Op
 Supplier#000235357        | p5KOQ2gJhA63M8hxXx8lbBpaO4
 Supplier#000235420        | wmhdVkuE7OMWmstZUCa2W9BQO0c
 Supplier#000235446        | 5zpTjfo7Y,
 Supplier#000235709        | jR3yw2SBwgv9
 Supplier#000235738        | EimDWJ0SQw7Ls1wGXsAsgPYkKgLxQF2b3Oe
 Supplier#000235855        | UtsrpCkHgRvRlCp9TlrFfn9eNA4NXw
 Supplier#000236025        | IoSWtzbSdkdSQl4yXMO3f9d1jSANy
 Supplier#000236116        | L893,0LmkiiNlyvoi67OUZ04dXZ,tpeH
 Supplier#000236122        | dgLj9riG yNLKzd,NM
 Supplier#000236127        | qYHMWTFKlUua
 Supplier#000236145        | xgpMRTOYvAM01xIEqIgUSOH6jrkAx491iff9W
 Supplier#000236167        | Qwni7E6FsDG8QPYscRIXl6XNGnbx4eirF 
 Supplier#000236188        | kcFi7Rz56Qzz7uh p4iXkQk
 Supplier#000236218        | fQkhcJ8 QpsmF 10
 Supplier#000236238        | 1UuXdWedk6CM7v l0PNDUn,RSKAoX9LFrtg
 Supplier#000236332        | sA,j6qyXuHPMJGN
 Supplier#000236396        | uB8ftZ8IrM
 Supplier#000236553        | HCAfnd0owZ fr,Cp2hb
 Supplier#000236602        | UJTvxaXwGXjvln76,9c1wXjiv6MM
 Supplier#000236652        | eRYslXWAQE6suYTetz4oD
 Supplier#000236696        | h8Eb2fBQt,LD9BP VEH
 Supplier#000236698        | s,wX,FeMWHcdYX3PbeIXXY,C7
 Supplier#000236701        | qgC mS641E4zytmeq rC8wwRTe6khN4
 Supplier#000236721        | o0xNPD7EUY5lhtHFDOMVAvSJI585KJlN9G
 Supplier#000236724        | ice0c0tSeeB1t4yL cy,jT6kIgvE
 Supplier#000236733        | 0Hnv6JVv5oRLM0cga
 Supplier#000236771        | YlR3PHIZOurRcq SOB sy UbhHXBWbHo7Mi1
 Supplier#000236850        | pSiBCbkf Ux7VMrwt8lfFqUwRQP46U9XctF,K2Mq
 Supplier#000237010        | uofDJm7wv9ANBFK3
 Supplier#000237019        | JI,Z kgXdrrAsa
 Supplier#000237053        | QkicIq0pwQlmU6d6UiZdJHbjy7CbArgh
 Supplier#000237117        | SUOhakHtlbR8sD
 Supplier#000237211        | IzKpFPe6oeUjqcqTcqhMC DSicx ,fxL3f,zDUz
 Supplier#000237222        | 20DtkVOuOKPvewTk14,m3nOTaTCCSaQNk6kX
 Supplier#000237249        | hBHRkzuMUCB4aLP
 Supplier#000237363        | x,M4q0yr toCXU9mt4tgTq
 Supplier#000237422        | CnUqhVvzfJCgdORVu4v1Odci6oiS5
 Supplier#000237425        | RPa6XB5U4TVIGGc4MyAzan1doaJ w3H4hbvvW L
 Supplier#000237478        | FsiwKtPwc8cUHZdIns,cuZgODH84KJqS4
 Supplier#000237532        | VMpE8v1YLLmheE7vMDyq3Sp1ZuI4JyeA,
 Supplier#000237546        | euURJobJJitGEwGmvfxbsrHF6sw
 Supplier#000237573        | zvV3kc6MQfxmeLLyhT88852NjSpc0TPBoUV
 Supplier#000237578        | kGydvWdrdtAUzBLZ3AtuG6NKE oQ
 Supplier#000237940        | I nz 8IB34BhgEeVHVLOXm 7O9c3t8yt
 Supplier#000237970        | pW8,CZLz1Rllgnj
 Supplier#000238077        | a,nQSmaaJxjpxJw89S3pH0V55ZE85iiS1 2Dm
 Supplier#000238106        | 8iQabw6EJ9SaBGSatGPpurN,ohjakn
 Supplier#000238139        | 93IOJedjWbIHNL1KtShPB9x
 Supplier#000238179        | ejr6JxphGpcn0BNxM6Eqb1NMwmHe6MRB
 Supplier#000238214        | cshFYeb,9DkloImvy3hCR4iTKRvQiAP
 Supplier#000238248        | YyaLe9svxaNhl7xPuI 
 Supplier#000238345        | 3r0zgvfY3pI2F7uWMFMHeippCL 
 Supplier#000238421        | BE 0u8MzoD8TRo9
 Supplier#000238425        | uWYCHyrbTOS F1BWJNj,z60L
 Supplier#000238426        | M0GkrDTkGh3JuU8vxaNJhIs
 Supplier#000238507        | t,xh49usQn6WI7kl7RHRJ8ZRVvtzS
 Supplier#000238519        | zLTvyPVjNzwLRcM95V,BdbrIo1K
 Supplier#000238640        | L D6Jzka9gRdmQlq9ctHtvSwA2,xcqGoJLg
 Supplier#000238642        | mtgInsB6YI3ung9xQh3E2ZW0spQt4V5HKRFoBtA
 Supplier#000238659        | 7z2BzH5fCq7ptGQ6DHO
 Supplier#000238688        | dX  dbfVw0acyt2Rn YpTnLqSeu
 Supplier#000238722        | V7F6GvA1wx1Jn0x29PkDmTH8NZX,1b7h
 Supplier#000238799        | cX1UiMmzHZcrKTALRbJnkxjGx,cgj
 Supplier#000238866        | 02H7HWxZWmqQVxwiZtxGZZd6y9bg2fK0qAo
 Supplier#000238947        | Qrq9ZwS1YptBkQEUoWPM
 Supplier#000238971        | ,kFyi9fGpclnhEFHs
 Supplier#000238981        | 8dsZylPUwWBIsKYyh9tSUyoJ6fMLKZhkfLL6ti
 Supplier#000238995        | 0nQKI rFAHPvEEmSWvgjKcvNhyD5vx8
 Supplier#000239027        | wIF 7sSecJfNYjeV
 Supplier#000239031        | gmsVhdAlFaw
 Supplier#000239050        | gWa3qUocFRAdsr2fMKdPGZCW5MjS,HT1ClSn7
 Supplier#000239155        | f3fT8LzmTCMw5H,fzvrimnqV
 Supplier#000239247        | dZhQqGW 2uyjMLRNN,z15AH5kFBUYz6Blykcl3
 Supplier#000239422        | 4L4Rgp6BpDQun pautitA9nUqs7jJd
 Supplier#000239455        | yuMqeI95SoQPOED6nODWJv
 Supplier#000239510        | rjFkrechMef8spHDKOEc28ujSpOecqo
 Supplier#000239519        | za62aCZUwHObDpQ2AK7tGD v
 Supplier#000239541        | hHxFnkeHQwYyvLO4DjH3JRWlDdRrpooWOv,j
 Supplier#000239593        | CdDvS1DbUi52TrBjSBnyOx2vAou
 Supplier#000239604        | q6fA7Ounw3ZBmRDjPiGpFnwqTK3yFTjp0mE
 Supplier#000239629        | 4RE5k3SLKoj 68C 6
 Supplier#000239638        | jprC4Liebe2lsmAz9mEDr
 Supplier#000239645        | kifvF4mhCMDjRW,XEpNY27kKZlo
 Supplier#000239724        | NXyD2AL5NAubl659SNz1psH1viygZQqgqD
 Supplier#000239741        | FNjQiDjowIs79ficHZy6
 Supplier#000239930        | grTKFSnUa4uJ w9woAc9M71I7nxs1
 Supplier#000239936        | hckI7Adthdb4lezGEUY7gDHJgNwX9noj1N
 Supplier#000239944        | F2MMBSKK5niYYYA cCpP9Fj4NV4v69JF
 Supplier#000239984        | 5,6W6Y4tCcM5Z4d6rodkx
 Supplier#000240027        | dMqW3HhINDV6YfsIstTxlHpYM0
 Supplier#000240033        | yOQEMj8KLyjRDDHzc8,zS1m1ntZ00yQLd0Nief
 Supplier#000240050        | yFA6cgs2dm0o7XUArKPpW
 Supplier#000240061        | ZKy966cx4PczJCe1,oMymw9oo8wbDIUGu
 Supplier#000240077        | r,PDKBBTOaK
 Supplier#000240087        | RcafppEM,r5nE698JCnLxj,
 Supplier#000240141        | fj4cE3mkYvODBEvqzwxBAcMGEMqt4AC2v9R W
 Supplier#000240214        | 6A5D2s9chIEM1dYYXgdD43PuOtNdRwMtWuYq
 Supplier#000240236        | x84FCbwnznKl0M81
 Supplier#000240339        | DnFAMxDvppCv52RlBKLtgbSzG
 Supplier#000240743        | Bel4s9gDyQKi To6xL2K 80jYqw889Z
 Supplier#000240826        | VYV0IqzmYcQkDI3DJOT3LbloWutZyNH
 Supplier#000240827        | hGG5QGzHgCtZaAhsilATSCsUjKZz
 Supplier#000240891        | 5HrwZHei7SiKc4qaijI4a31zkEqwDSQOOoJSW
 Supplier#000241265        | D5uiactlrTvCxvift4QkhNlA
 Supplier#000241281        | wpWJZVvALlHxs7
 Supplier#000241299        | 4yoGMLCmSS twlEtFN,eRYBhiOeSfe1ddMCBci2
 Supplier#000241334        | xUeVysdxuFC4dzP,2OY8cVgDstptLhwH3TcDupi
 Supplier#000241487        | 0pNpegE10mBiRKwKQ9qQWOYdCPkbz4JE4
 Supplier#000241625        | DcYZolcYTXroLdhuVrsOy2nBLQbnHEfqwX0N
 Supplier#000241635        | boOSKDfglCurPsZPsnc2ApbyYwZEvqg
 Supplier#000241638        | UQBwa0ugTT60PHY
 Supplier#000241692        | QWndRe7w8NNd5EmDL oZMhrtCeAjBwPWfwGmCx
 Supplier#000241695        | 0b0Zluj5vdF3VEtQ0jdDvIYWW vOa0,zzol
 Supplier#000241778        | 67BjHhggYdpRrSgzZBNd1KKpA3
 Supplier#000241783        | rP EuKm,3T4YDNv4wTwG7dEl8
 Supplier#000241894        | ILyWxsTwAr4O1uo2b5FQ0
 Supplier#000241988        | B6mOis8sMEa0EiRcJCdpsZeV70THNdHtyBYV8
 Supplier#000241991        | HXADshZy5D0Jaz8
 Supplier#000242010        | 8Sms3mmySbaYltAmjHLXuH92nXyU,QLy3xvk
 Supplier#000242151        | 2r70L669tJGIu,BB0EqDNaq7Ho 2EdkOsxk0L
 Supplier#000242159        | V,gyEYBWtALB
 Supplier#000242167        | ZTJrMB0LREKdGUDYZw3266NaExvrE
 Supplier#000242181        | c3Eqhsx0iG lc76cFL
 Supplier#000242245        | 1,CJJTTi6mb kafdtzuv
 Supplier#000242338        | t8JQKejGA4F72e2z 
 Supplier#000242419        | 92qAJtyAnxQJU2U2iT6Ehs
 Supplier#000242462        | bUey5M,5QwCpEUmtX2CXrpfRM8x
 Supplier#000242487        | GM8HIEIGPx5Ht3iORwEbo
 Supplier#000242492        | t,BH1zltOEOH4t88jeYa4IZQjznD
 Supplier#000242595        | Wg5JItguDwlKMx 9T0dy43kx7hoHnYGfm7p8iFy
 Supplier#000242622        | QhSCJmeDABi,dB
 Supplier#000242631        | xfRurdozR18W 4tWBvXsK4zgiOPJFS,
 Supplier#000242753        | DL6523m7NamYFB
 Supplier#000242831        | jxLx0n2RcxQB 2PMfgrfdEq7Z4hVAd2alDutbV
 Supplier#000242835        | Q5aflh6Yy,8mRqP8SGQRN
 Supplier#000242959        | GjoNv8,kdCJna2t0BnMyKaUFiEv
 Supplier#000242987        | b4dc9YLZVzAEDTlRpWVb49Z5w,S
 Supplier#000242993        | tYSHW ZDr5v 1Bt0,gBHdMfRPLN,BhNT 
 Supplier#000243118        | LfnJkbFAqrmwynzGRqBVQ79m,FF QfNoXKYS
 Supplier#000243167        | F3fzKSD87eSpuIOkxob
 Supplier#000243328        | 0byRA4PO7k8EESeNbGoTz wPnVgslu,
 Supplier#000243533        | iWj2gheMZeOInL5BPUzxqAvAr94n9juWZ7
 Supplier#000243605        | RIY8 t3f7JGch2JnbmNl7GYtobF2K
 Supplier#000243624        | 4H9gkpMewtai97W5RZ
 Supplier#000243630        | Y62ZzG3KrSlXFykEl7Ws2V24
 Supplier#000243774        | 5RdFWReNpb0rmmw5sbqdY
 Supplier#000243778        | 39q4qIxVHWCCDYfegTQ24fE7jn7MtXMx3dIj 
 Supplier#000243817        | 0wDIlY5DB2VkKFIKAqNN
 Supplier#000243890        | LM,r IWw9P7euCJCHaM,0N6L8nEL4hsO
 Supplier#000243893        | ZGwFTKnVIzDYIWI
 Supplier#000243894        | U7YDaZovb91eiwD7Qrg
 Supplier#000243996        | xHqFmkUu8tnDp
 Supplier#000244108        | 31n9G3gjWBpgqXurh5jairw
 Supplier#000244150        | MIYNsmjVHbP7F2,rzC3jgG58
 Supplier#000244165        | gdJbhI4ojtgZUmbtH6iHW71s6Sw5GCCp
 Supplier#000244215        | Tebb2,hGN4WYY3o1,e6Vwj69WzJFmio8yJZ1k55
 Supplier#000244304        | WbAl5CVroBVvUarOHD1b6l8CqYdqXp70597kRr
 Supplier#000244313        | fVJEVTFXtApusCrBHKBj5kB
 Supplier#000244340        | Spm4FydwnskfZbwWbB5DV14KllcdbVSiwQkF
 Supplier#000244456        | rFVCMFSnuEp8oeC7C0zLhXrQUq4IX,L7wvud6
 Supplier#000244503        | Vw460fsrbVdrjjf1fbim2Vi4,1u3116
 Supplier#000244526        | pEYOFMT,1PkOjL
 Supplier#000244612        | xwN4AA,QGcZw7LdIix5ncgOEFegti7co
 Supplier#000244636        | EUMK4r4mpv byNTacaJuxeW
 Supplier#000244664        | F49MByVy5OWoRjQ2oaLKB
 Supplier#000244743        | oZz8qX2gvZunOJ0v5mO2miTHUc,mMT
 Supplier#000244779        | Tju0o55Pn oGwIEBVrwJiIS28TrgOEiu5xjJIh l
 Supplier#000244781        | vK55SjwRBpxboOEhmQiOjLESmdU8RLyyzppy
 Supplier#000244817        | xfNeFaO5HgKyUBFtQdhdB
 Supplier#000244826        | WuKSQT,um1BamBS
 Supplier#000244983        | AZ4M9,O9iSegLe0q6Kxy5mTn9,
 Supplier#000245060        | 81gpAjAmY9JMqQeSZNaJXToilXXe6gjez0l54Xx
 Supplier#000245123        | uuIAhMQo96bwdqbPXUfgKpfW0X0G95Qj1
 Supplier#000245167        | HxAv5vJISEcu79BhH79 eG
 Supplier#000245237        | 2XDGP0qHbL lvVeXTjWx ja ume
 Supplier#000245281        | RZQDWZdaTyKln3aZV
 Supplier#000245292        | W8BzzC3LPo6z0T4n3ZngkGyD6wrqF0 JE2
 Supplier#000245444        | bL 3S43 DbIwsi9cpeY
 Supplier#000245449        | 4BaNXzqfXpYb1PqALBzilCtn4aZZxIVaNvSBLb
 Supplier#000245453        | Y3Qr,17xbABwTzOmZPckgBsGPepZyYwBgKGXOIL
 Supplier#000245480        | hei1tBavoXLU
 Supplier#000245493        | kKmt7UQuZItznlOHVusLVo5W7jPd4IK2w8
 Supplier#000245511        | 6ocPneY9ubMWE8siScX tw8mYfq2
 Supplier#000245546        | cUXGbHfa43OJruUI5u4C,QDU6YVPkaLSxlzt
 Supplier#000245634        | XNWl7lRW9hI R38nKsLGckmb0
 Supplier#000245731        | esY3MU1YW6GFUnF
 Supplier#000245776        | aUqD40PjJiPbUk,10bQ75gIrs
 Supplier#000245824        | u  g7AaxOgrm
 Supplier#000245838        | WHoxuiQWthdCxbcCsXCBJhXN3e
 Supplier#000245868        | D0bVOAKgxMzXWOluMl3V6MMa3 ufj370v5
 Supplier#000245942        | 2cuS,YwEo0GLaZ80TKWYM3rp
 Supplier#000245996        | t2qmOrLSf1
 Supplier#000246053        | kJ rG0sY8mQF
 Supplier#000246058        | HuuRS7 cZ2MEqlrmPaaleyPuxD83R n5bMIDQG
 Supplier#000246121        | rkVX2e17S9ahdkC
 Supplier#000246124        | XFAcOjoJTJu2JrNtT9ndNv6 WoV3B5PXk
 Supplier#000246262        | t38Gu0I,ff,R0yMJXBfrl5gYvM8 aekiR
 Supplier#000246263        | UG4u060uwpHoEBtg4hZfezMOD
 Supplier#000246302        | NRbKDshsi,CeCZ3DDGKK2,TGih9K14
 Supplier#000246397        | NSMpJo7KSOsjSQM
 Supplier#000246479        | 00fAu9T564B8oMryAQT3q8h03q
 Supplier#000246487        | vGDKxQrNz I,BhNZy
 Supplier#000246640        | LndWjywkPxw,CQNdeipwNOc0g0ILz I
 Supplier#000246693        | sj CVJfFJHwh5ohSaQgb12OVL
 Supplier#000246709        | ZmLpozyuFjoV0V
 Supplier#000246722        | RrtBTrKTWW8
 Supplier#000246768        | Q1cKisDN,AJro9j1MlK424
 Supplier#000246770        | uAkeu0 V,2zW,Gu,vIxPS1FO0TgcyYMpx2
 Supplier#000246888        | gKBL9bwZcW rLMcSxkAuFF4Nqg
 Supplier#000246898        | SgojwcnL81
 Supplier#000246922        | ,aVIS6io7UznSU0Az4Wry,pEQv VDcyv1IccIW
 Supplier#000246941        | yGM8 gMrJX3qyZ5vfyYEHDfGu9O2nJjs3wA
 Supplier#000246992        | canbKPNOJgqhxzPoGxRrbu26cWH
 Supplier#000247111        | anCMikBLnztjsrPXcTAiq
 Supplier#000247118        | CRv3NSrWxPHIe,UcJYLbRyDwCGwlSFzd
 Supplier#000247156        | sc9Zz jwwkJUK3 qyrokn0CCrodePZdnq,3Pr
 Supplier#000247174        | D7TzO XnBiwMtqr9XJ03nyMBQILQqpZ
 Supplier#000247216        | tns2RfHiCWaeutb0QjGDaz2 5dv
 Supplier#000247236        | nROpEnw5,TlBNZ
 Supplier#000247242        | iZbC7jQeU3
 Supplier#000247299        | n03Z8Pzf7ubC470ER8c1Q41EqnFnp9HaMkA
 Supplier#000247434        | 6peRDS3tYSJcuqGOptLP
 Supplier#000247450        | yCYm9kukfIIKz9inP2acFp2FxmBusB,BBC
 Supplier#000247650        | z4cgNQzWhUeyWKjt
 Supplier#000247661        | AgYR5hIahzrgPiM,02p47
 Supplier#000247744        | XvqV4mcS48GN8VPtzNqf1MVh4N,pvYluXz2Lu
 Supplier#000247753        | md,ofHD7,FqcbJAE6 Y0nP7kC5e4hl
 Supplier#000247786        | fVGD3jY7zMXFMZZbI0BnPgl3,t2L44r
 Supplier#000247799        | pgty16lUL,Tmgv1TbA0SHchAUmBo7FxJ
 Supplier#000247810        | GZjKHHBJCXUAM, 2xiTCKyv6K,1q
 Supplier#000247819        | ikLTtHUqozOjw0yzTI NOjsd8l0f52u
 Supplier#000247865        | BtGM9WRBclR tLx vOBYKuzspgRoEpM
 Supplier#000247881        | XGxCddNn,6ZZZZGrv7eErU9hVpi4ZJj
 Supplier#000247931        | DWLtnWJRs9KkoET OHNVY mkoMY0Q8GtqgqNU l
 Supplier#000247935        | 3Rgg VkwSF0whamS6CUzTrUc
 Supplier#000247956        | J8sZI43QeDorPceul,r8,3rlJa
 Supplier#000247992        | q4zi9jkmSAZjG5Fye6MTALfqA0etwfxZ5pk
 Supplier#000248122        | k yhJQrIc0qT K9y4nZHHlBs
 Supplier#000248181        | se4RGJMFf3pF F7FnR1YwgZHL8 uhN
 Supplier#000248215        | 3pT3UjhSdFB sIu KaFLbPdGhniXTGM
 Supplier#000248290        | Wib1ikyiYNsnLeY5Mo,I7O,0xqL3NcufpTI
 Supplier#000248329        | wXx6LBjkX2BvxTI
 Supplier#000248402        | RoHQbBuHr1OckYfx2G3Kn5xrIDM3dli pqotu3
 Supplier#000248445        | 82XOyH3fqQ62hDXs
 Supplier#000248565        | gjWGJXCUxhWqzztjQMFzajw4
 Supplier#000248566        | Sdxo4eHXV2WfXn6K
 Supplier#000248567        | C9UHNc28kGAKO9NRYgOIh7uHM1 5olbGOsD6yb6
 Supplier#000248651        | GAYN9IcHbBa5U38liS2RoPI4FEtksXHNO1
 Supplier#000248805        | hKmYbBJkutlRml6wejziYk1eP17AZdHIh3IE
 Supplier#000248860        | ZmvdGQ56Bz2Cz9E3csBc5
 Supplier#000248872        | O5rh7IvdxLn,YuxrN8E
 Supplier#000248975        | r NZm0nSh3s4Sw8Wv
 Supplier#000249175        | 0yGZqLuFp2Tg
 Supplier#000249299        | gLfXhYn4d arISz5yOUVB4Vby0q
 Supplier#000249324        | uu58ob31mOLzCIqt2qK1YdTu8Zok
 Supplier#000249403        | Z8YEKgLYRNOu9j0
 Supplier#000249415        | 1ncYf3AJTe5i1gjX,
 Supplier#000249496        | HnsiuFufoYWuU8EL
 Supplier#000249517        | lrFTl6eGdjNI0hH
 Supplier#000249621        | IdKcoufP2UJY7Aizqteju1AeVtx
 Supplier#000249643        | APVycHO15BlKEtN2obX8h4ifOTJrhN
 Supplier#000249719        | D0BlWxWGLzTpnw6bbayt0KVtQ6g
 Supplier#000249742        | y,pQGngVXltJq
 Supplier#000249752        | ,fhtPJhXsNXCepeOnof3rlf9Xzt2qurdsX7a
 Supplier#000249772        | Jf9A2JSVuDOwYQf,aHHz2EQ3I4y
 Supplier#000249804        | B6mkUtntTdSpTCA71cdcICO
 Supplier#000249843        | aldlnnuGv2RGKhdz6v1KdGIeKeYEX0bB9JTN37q
 Supplier#000249912        | C3PktEKuN4dWHC LqJ6RYuN7wNztq
 Supplier#000250000        | 5Q37E65CZXaxD8uD3q8InjGNVm
 Supplier#000250034        | 8IwXpP1ELxmYnBHCPIthjehHiD20vC5 L3Z5pi6d
 Supplier#000250109        | DXSvQyjft5Ddgu1O,AO
 Supplier#000250145        | ate9zVM9ObY7d
 Supplier#000250152        | Fc09rGqTipO2ztI3U
 Supplier#000250162        | lyYHiTr0ktF
 Supplier#000250200        | 1 jtpfLjXulKuCKUes
 Supplier#000250265        | kYEMHt x1 ,ZDmc9AL d
 Supplier#000250354        | QGZtbeXzTIorqBwVS7B7DHDt
 Supplier#000250381        | Olwj,F2XhrhosJ3IsBuppuV2O
 Supplier#000250411        | kIXnpYfu7wunHoa,
 Supplier#000250429        | CzaW17k9hoLDZ Z
 Supplier#000250469        | AWib0CJpompJtcyNBZhSB2Vfi0DWifNL1DPQ
 Supplier#000250525        | yGevfU668iD4VWb
 Supplier#000250580        | xzX1CATf5LUrie
 Supplier#000250591        | gHLdfnRLIB9uiSW05EjP1Gv8ixQnQP
 Supplier#000250611        | BjazwEvuCMbC4UQZ aFuphM,iCsa DpisOLM
 Supplier#000250619        | 5EJLOE3zD124fe
 Supplier#000250782        | 6V7oY,PB4atqwL,TM0grKtDX9LNmBh
 Supplier#000250814        | lKiKbA89yLQcGcmfpN qnA,INNvGkcamzFaoGbD
 Supplier#000250857        | 6NhS69dRuurJMHR5ujRDg0YN
 Supplier#000250958        | 286KVrVBMAF
 Supplier#000251066        | nrVsjDpAOdqLFyAh2baOJwYnPUPoq0,uAI
 Supplier#000251072        | AItjjSOFvso lz0to1Q,lCXYXiNU
 Supplier#000251080        | cRgIWdY3zGZRXz4Rp5
 Supplier#000251113        |  x6cTW n5N7y
 Supplier#000251186        | yk5mreuff4WO6DZ98Ikm,tOmn1T5BA9lRg
 Supplier#000251222        | tqZxh2jhdMTjsUjFXAUhJnosG 3V3FD
 Supplier#000251315        | BNQUQt4UsD4DYeWnAxpmGAo29teb7hbZXkO
 Supplier#000251365        | cTbMdhLeBKqryHwD8a5g4utDVs
 Supplier#000251417        |  fsJp7ASVNsRMp1EN
 Supplier#000251462        | uBdhSoZLa99wa3FaGWV fk,c
 Supplier#000251488        | 9Q KwneZLICkH nQVmO wXM
 Supplier#000251551        | CcFwh6OhEn mY0pZSJKaeaDZXmsj 
 Supplier#000251713        | UizN3eWOignP02XATO PPxcQJbT0IjyNr1i6tKDR
 Supplier#000251743        | GzZOLLe7MxW
 Supplier#000251775        | 6Ev0TZiuQ9n
 Supplier#000251806        | NyatrdFLW7B5nCuGUXv
 Supplier#000251817        | q6YObuCpNTvDbAWQrPhxiXRwe9NcXmg5
 Supplier#000251831        | QIgbwIPKiI3KTcm5C97iVOOHjuE2qsYT
 Supplier#000251861        | QKwQxr9KFGs
 Supplier#000251928        | vu5d TA7pDpxDosbznU8FHjnhWENQ,l1t97bY5
 Supplier#000251956        | UzRcRlR8cE0mNCN 
 Supplier#000251988        | CUZIfJd9xPbgKVGxf,eeJU,12Bs
 Supplier#000252051        | MLAj9FzCxSVl2
 Supplier#000252180        | ppVOx0OuH7vhxbNz7ReKDiQAz6cI
 Supplier#000252220        | TMAAOnca kViNLzr32DwNzdOLj0KIoHEO
 Supplier#000252292        | 2,vPrHouWShV DzS8ZPPCc8F
 Supplier#000252319        | y7FcoMss8 pb3C
 Supplier#000252343        | 6jYsSQSuAl, jeBd iSRc,wHMG7Ka
 Supplier#000252382        | XL1nTUcqgC,pJg6EQAaiF0B
 Supplier#000252428        | VEPFrPOCEafKllTrXB,G7F2cd2H
 Supplier#000252503        | 5g1E4hnz7LNgNnf
 Supplier#000252530        | A2aQBWeFvh
 Supplier#000252556        | a,7BFcKpW1ZTPzmMcrmqDaP0SETf3Sl1
 Supplier#000252568        | D1ryLFf7CvasvvoKMnUQ
 Supplier#000252682        | 9Hqns5zVx9j6gmE7U tiR,f3lOA5u
 Supplier#000252702        | KSHmfzLsxiKmd7e0C947UTs
 Supplier#000252832        | dTrp,Hs4DLi79DFQokM
 Supplier#000252852        | DL,Pv5jSjmeIKuVVD92wMlkMkbuukzTv4e
 Supplier#000252972        | gKglp80AuuOH07Lv O81
 Supplier#000253044        | foq6J8zfUlcLdyGlQ
 Supplier#000253134        | 0rTt5CxRbF1sOreW 0xCKf
 Supplier#000253198        | mIDm1UGpsvE,htr1tuwBkYktqb2LFbm
 Supplier#000253266        | hH0BjY5A,yGqY
 Supplier#000253309        | FEFKN7RuE3aEfz2J,XwQyO0NwoypMIXzf
 Supplier#000253344        |  qO8djT0R2P4XwRXsh04bi2CzucM8wClZJuyL
 Supplier#000253375        | XiZJGHtsEXE3RMC0fOFiID PAr8V0hM6Rx
 Supplier#000253440        | umhs,9vzgp1A5n
 Supplier#000253486        | Y0g0NaOCIvS4FJ5ZfwGvvw
 Supplier#000253488        | wIH e79vp7R
 Supplier#000253702        | L91DNP0C6GQH5
 Supplier#000254005        | Gn1ooWbJfcu5UEP1NaeAoFhMGQnclpGc2 co3aYa
 Supplier#000254013        | U6wCks6Jwhp0pF
 Supplier#000254046        | uVi4hHTP2,SD
 Supplier#000254109        | RbE97ZpxuQdjFmyOVlZH303JC
 Supplier#000254146        | B3OF 6TO5z3McVaVtyJUvtrtHwcpm 
 Supplier#000254207        | Noh6c08103zSnCUfWWHie3,HmwUyx
 Supplier#000254218        | ZCTZg1C48NarxNA1B
 Supplier#000254242        | DlmuLyr8XMAtO9BeC
 Supplier#000254253        | ZErDLhUER9ZHUOKAHfRBEM0
 Supplier#000254254        | yuBJVVCrVzKRbH5JQetmwFUzmv 6XIRzmx2NWs
 Supplier#000254281        | 6qGSB7FgDCZuvJYPzWdXX UjJZwgQ
 Supplier#000254289        | F,ttKGcSKzXNt8JV5G8MSzrHsNP
 Supplier#000254297        | 9j5eoTe hqK
 Supplier#000254358        | YKg3ZTPuzavLd
 Supplier#000254369        | W77,,XmMCmoeWiBB8UZOdnYd9yBmILnb
 Supplier#000254461        | yHDhnTY2mouD3A5sBRs6I9 6
 Supplier#000254466        | qNSwFuqjqu5P8wd9ywFN8eA5UI8wMDu
 Supplier#000254498        | X  U077uPeoqrfQgWDCBHNuHOh eaB
 Supplier#000254566        | h5uEXcERqJYBS3erOi0q
 Supplier#000254634        | IsdMae0G21or4G h0JnFH0
 Supplier#000254635        | y9W J,r3EySYB5bZ9YWIrg2UrooA,uW2zMbxA
 Supplier#000254638        | Z,GruCFD,Tqpdgfyj7JE1op0d06
 Supplier#000254693        | jmPemBZ7ldV13yBOJB9SD
 Supplier#000254700        | THZI0j THFUd3WLwhN9
 Supplier#000254748        | gNiSvQ59BMt0ntndEP4v5eIs
 Supplier#000254959        | HzmQcRePRe6y et1bNrtIHEkGIKn
 Supplier#000255025        | BE9,cde6,rKFTVmo8tS1SjZ2ay
 Supplier#000255052        | wEZvRJW1Y7LRA6H8ba,RpfK84rO
 Supplier#000255090        | QPSp0Q7gja91RJ5ECxGgVuK9mwWr
 Supplier#000255121        | g4mp4ubPMrZDJYRgv8zcdU4aucX6bDs2CbY,YJTO
 Supplier#000255206        | HPoBaYtL0CVa9TSHPeLTFXG42gS
 Supplier#000255220        | V g8rqH8Ula62qfq8tsYjr8BWzh
 Supplier#000255239        | 71BcZheGjtcbJWpeJVqi21ZNqB YWZG
 Supplier#000255262        | Yc6xGSULz04lB,KjEyFBC8
 Supplier#000255277        | sZOPsBveYLjlaEua
 Supplier#000255288        | eyLexqbEGF7IMaGyuX2rV
 Supplier#000255387        | ByYRz8H4rRWhtH,lsdYO6R9lfPYqcXAnsYxWS
 Supplier#000255409        | xkbP5LJR89pbGsPzVWemm 8oHRxYMQYm2lje
 Supplier#000255414        | 4lWyIi laK8dDA
 Supplier#000255483        | w4Bh0MHA cnedDsaJND2V2Ov
 Supplier#000255595        | ,lIr,fiDw59EaOWTMUKU0pmJi8NYU9BwNflt3cp
 Supplier#000255728        | grcItq07q7sPSAphmFADlqXjV9QAtbqvyU
 Supplier#000255855        | 2KfH5jW3oBI26KTyDKrncyUURFF0Pu
 Supplier#000255861        | r26m456 b68hPO6zmWy
 Supplier#000255891        | e33O2GgZAG3v911k8Pxk0zM0XQc
 Supplier#000255948        | oBgNWHsbAbZSmxgop2ZClXkCkOlIHzJ6PR
 Supplier#000255954        | FPiD8IcZBdKiRnQRuMN9I7pw
 Supplier#000255966        | b4YBNf9iJjkCQuvbKzhrnBS
 Supplier#000255983        | 8njvymUsla1fjn77o8XSK5OWf
 Supplier#000256008        | ,TSUJl5l4w,8CXgSSBat45mBcHL7LET106sa
 Supplier#000256163        | vPBNjUqtLeJ9,
 Supplier#000256185        | vKO4QvvVK1c6wEdJeQGdwCD
 Supplier#000256217        | ZR0RDi yr0 Lzi0XSxH9SV Occlp XZS
 Supplier#000256224        | ACoBl e0bjZOJDJbWgta kv7b9adNrcSwtttEWwM
 Supplier#000256247        | NvYKzx9 Z7b6Y6,TLvmWBTrKgd
 Supplier#000256262        | US1WFcGUDOY2X1VXkG,iXT3
 Supplier#000256281        | 4qyAplZBJgPrTX,BPf8
 Supplier#000256347        | erE9JChDtCsBCWltErsrH
 Supplier#000256513        | O9Zx7fXX8F0nGWkmAxS33UjkF3jCOWWHTk
 Supplier#000256519        | AKPrH7NSSZF66q2f1XTiBIBpBExe5eAKyEZv
 Supplier#000256520        | sIJFfVLsgu8aJMMpqygTnb0YZA, U53jLx
 Supplier#000256536        | 2aK19syM6C0P
 Supplier#000256547        | fIwYQzE6oH5Z7VIDFX2We t93HrgOEiimwjpmn
 Supplier#000256591        | ImcKbVkqlm N PgaGoEuo7Fe6OQNlO7adqwuOoQ
 Supplier#000256663        | 5TX2 IKE03jlHiwyKbT
 Supplier#000256699        | DQgcfgSLptu0VJoKQf36t
 Supplier#000256727        | 7tNOAfwS63e6Lp044KAFe7hFrGvWOTu6Vc
 Supplier#000256760        | Ok,E,5pHPGn3GQqvYWX4t
 Supplier#000256873        | ZEHBO3XZoSbBaT1hjHB4d
 Supplier#000256904        | oOf4c5UVhKLIy0byGqsWo tyzfwV2KnwBhBg3Wmo
 Supplier#000256955        | 8Um3e7VKLj
 Supplier#000256959        | ezYBa04FIY1kZ0xLfSG6nd5UDCzR6B
 Supplier#000256990        | IjjSOyQqK,UKtLYRp9k23NtMT1z146t
 Supplier#000257033        | A4QLqa441dwQtiiJ8bpKZ5uWW8hKrZG8V
 Supplier#000257044        | Iry5hTyll5MCScBX,Fy
 Supplier#000257139        | bN7j15B6x4JIQahFCQvQLIZUWzc
 Supplier#000257140        | s4RexYl6p1r2GgB
 Supplier#000257194        | KIr7QkW6,NwB1PqVdygkCwL9
 Supplier#000257209        | lJnL5kl5BxxQ
 Supplier#000257250        | Dejh1oBxgBPOzC
 Supplier#000257389        | RolII5 HbsAjQz3gq 3S7aCeaF2c
 Supplier#000257497        | hHDFBpL,z6q,VWmjIt0ieVwUS
 Supplier#000257576        | 3PwLajf0U9AnKIoFxlN
 Supplier#000257601        | 2y0rN4sBDio1i6 
 Supplier#000257618        | p75zai5kk28TNA m1J
 Supplier#000257800        | mIprh 9fXNR
 Supplier#000257801        | xcwJV0wP8adJWiiSRu1F8QleGhtM
 Supplier#000257857        | 3HrLR M9SDuQQCGvKGFGT805m8kp
 Supplier#000257872        | XirOpVT65gKx6kI0k2ZUE,hhiS6scTx5
 Supplier#000258302        | BkXxwB63DMG7T6cL2AWxhaNX 
 Supplier#000258306        | j8b 1cNGB2nK6PXc
 Supplier#000258541        | kslGlnMXbC7s54OKnoLQlvZfPp
 Supplier#000258771        | Ah3x4eeUy3d,0x0HHja
 Supplier#000258806        | lek3YtzXOMhP,y0cqP BSd6,eFZt
 Supplier#000258906        | a O7,0UpRqvv4959dBVgUl37ci1D
 Supplier#000258911        | Ybn8Iam11KgUw8Qu2qRe9HVKMgittu
 Supplier#000258937        | fm,A786 u9JG0
 Supplier#000258955        | n,wyXWEu5c
 Supplier#000258976        | jJ9qj6 rKTM
 Supplier#000259008        | PJFBPk2Gvm3YF
 Supplier#000259150        | 8,Ui46gHU0ViNjJLl0YdA9e fcLO,LfYLK4
 Supplier#000259158        | WQgesgcYDAG7rtBPTVXTXdrc6GdA,DI 
 Supplier#000259160        | 6SnxwN421smpN7jm4s3yGHQ,PlRzJD4lf8rwZw
 Supplier#000259221        | Ik1c9Z4yKOEs6u71v9KM3vIzkIONYIr9CEZHe
 Supplier#000259268        | gB76SvxdQCkyjN6PXlD4U1jsZ
 Supplier#000259288        | 8taztdpAeYXrWY0gDz37Wct1Sz7Hrve
 Supplier#000259375        | 740PZR7SX9
 Supplier#000259397        | ifVHs S1Nl2Qy85a 
 Supplier#000259522        | HdEUmw98RWHBPl34InEnFyUfM2yUf6K4mdUJ4
 Supplier#000259525        | x0n,kAZ4Oa6R9wGCSr
 Supplier#000259528        | bx2,A2niJd5CsnR
 Supplier#000259567        | D jnKgyRkh0TqYVnVAsn
 Supplier#000259663        | P8y4SoYSw7LQk7aquGM9jbVf
 Supplier#000259691        | pLqH7rZlBxNyTksiK
 Supplier#000259762        | e RBkdXt3CL6HG,jzubFPA64HOhOuEAR3HnRr
 Supplier#000259976        | OJ2Ph1MbUU6MP0ol
 Supplier#000260001        | 96CGYstWC77IGK6wgfZjbEPoYn2
 Supplier#000260009        | 7PQTHMK4X2iHn2J86
 Supplier#000260234        | 1UlpshEH33
 Supplier#000260255        | asNpoSPZcs5eF6l3GlU7KIpFyaiR6I
 Supplier#000260330        | UPlB85ONIcRX1SdKudxJN 1rj1GwVt
 Supplier#000260372        | ofoK4LFE6RFbnDc
 Supplier#000260492        | BGmLGDuhkCKC0VX
 Supplier#000260582        | NPFCcM97v5xChfI
 Supplier#000260612        | ErOQUnvvlwLcx0HfDqeXqOWNId8RR
 Supplier#000260623        | zqJSUtdWYoBF88JwXDrq8
 Supplier#000260691        | w5oRTy4aKfIpFYDb93apJkq,tYNOpSzv9MqEgTO
 Supplier#000260820        | xdK82Ui2B4SXH w
 Supplier#000260843        | AatLpOD1W3yFXF1z31
 Supplier#000260883        | CA7JOi8zakKhg
 Supplier#000260945        | 1UIZsuFk5qcrpQGY2NCjQ2y7PD
 Supplier#000260984        | 8pyUWuWOR2R54,70Qob2Sg2AXwk
 Supplier#000261011        | j,e7HNIfMvmzZlYZwOtmhxj3Ivg4WZHV4r9R8
 Supplier#000261013        | wWknq,,hUzK,TAnLXCqv7r,L8Em vUErQ3hHbH46
 Supplier#000261073        | lri1FqS3eT
 Supplier#000261183        | jvRr9l3h2M7x0ca 3OrnJfGX4U,F0qw0IrBLr
 Supplier#000261191        | 7OVmLTf1Gi9uJkv97FSW14Ujl2bcJqLI
 Supplier#000261206        | hfdyEibz2mAa 
 Supplier#000261237        | 4u43rltKa30UXPU3vqy0l7bpd,OKQdc
 Supplier#000261311        | eEuDLITn7mwrFhFE0pt4yhO
 Supplier#000261464        | f znUfeZXo2QaTOn7HzznGYl
 Supplier#000261484        | iDAxb1wMwxM bCAr6
 Supplier#000261526        | p8Q4ZjpJsBSkNr1aS1YCMMVOb
 Supplier#000261531        | 73,YwCz8TQIZXeDn
 Supplier#000261780        | WJvPW5XoUmJL74
 Supplier#000261860        | JnW8MgffvvLHFq41Sb3
 Supplier#000261884        | oeDIAIamuMleifoWnIV
 Supplier#000262035        | KquFgybYp2nfthJmUElFZjhIsoRhtPY0u
 Supplier#000262051        | pqNBtGkK0QGhtbl3o8QOTyyF
 Supplier#000262111        | aWgdouItn3BxbW6M9vfvnsVYrOeFZv
 Supplier#000262126        | JFgUxio184QwbymfEoYEDMMiSeFsd e6gx7FifaI
 Supplier#000262139        | ewn,9KdcQvmHCq9
 Supplier#000262290        | TUb8p5e8JPCDBLYThLMB5izYjI4vX8v
 Supplier#000262292        |  8BSTkni,fHyBKPKUuN0Fw7h9k
 Supplier#000262297        | 1cZdSj536RYDxjJT
 Supplier#000262334        | ,SYqxF2TJLi41,Ajq8M
 Supplier#000262335        | yI4hr4IdHwVMM2WTDBumXPRPZaR7FFkgu
 Supplier#000262472        | rgkwBaJzCLfxGl pMznUEe,NpkvqVsVMh2Lji6
 Supplier#000262499        | eDIKjLprSm P3YQ22uRQ63A8Oh
 Supplier#000262542        | afHC1P7Xhu
 Supplier#000262556        | elBBQdVdsGL1K8,cvNQeawotfxZydIhycs0ZrTvH
 Supplier#000262586        | sq,cUQtQw2R7DTXxKzLVnTiVAwFdPK0
 Supplier#000262624        | Hjb4bertQQoxk2FAT7r7b5nOzSheN
 Supplier#000262807        | YJISXtb3bbj0OK2W,gWll5,HZ
 Supplier#000262997        | 7jvxGhEiyCTUfeuyo NKb zL85
 Supplier#000263021        |  RtKLm5x818gZCzGFWcmaE,8ulT
 Supplier#000263081        | n,Xzdz9xAso
 Supplier#000263085        | YyIDVbRQgpfOzHlnhyI
 Supplier#000263102        | DzHCLyVXA8L1GvBDHls7m8T5z7emn
 Supplier#000263182        | TlDFd V48RpHH23ToUBU
 Supplier#000263206        | 8T3NIwn7oQJZGRfYWvnypjT39emDRpiDxtpC
 Supplier#000263311        | M0cWaZmrfY8JHpuYM3KJtzL986yHIV
 Supplier#000263328        | wWZvA9qV6NHh kQCwu2HxQ2qZzBMuEQ,Z
 Supplier#000263505        | pPH5h0MLXKMihFY4YmzCiOXwRxDZZ69Y,M40dfiB
 Supplier#000263552        | 621IIQcaF8tYFsS9UKla6U2kl6,t3
 Supplier#000263578        | i2fV4s8s2p9xFEf0sxs6DaXgHBy
 Supplier#000263665        | CsGPqwU Y,8,Q 3Whit0jnsGaUdB
 Supplier#000263708        | ijaF,irdSoo0PBa6Mczmk
 Supplier#000263709        | XB5wuRhOwXtMgV9I7Eazh, P,09yt84ICL3S
 Supplier#000263720        | rhQNedxJ377DfIzW8GyZGSMJ3gZeFMmZX1aphk
 Supplier#000263851        | aBRJdGxq3biOXFI4jX4FuiMRSiLB9gwxdwaLHm,g
 Supplier#000263885        | xwelbLaUkOgEQLOFfz
 Supplier#000263886        | RejVGpqsgrSfllWECQZugXWN7tq9rhP
 Supplier#000263894        | pTva3rLfVUZQP,JB66eW
 Supplier#000263917        | HQTV5FZo GHtIrxObc0PuAI,tyz9s6lXdha 0s
 Supplier#000264037        | NH8ozt0AknWDm2tWih7lZGZeD2RbLQVJnR0vXqi
 Supplier#000264047        | YQ1oaSPWbH GObNBuPLVr2eAFehr9khm3oSoQ
 Supplier#000264087        | onqArChIJY7kGOPkzIOJD
 Supplier#000264178        | SViEllCrCfflM4XOaY
 Supplier#000264184        | E,izoLj3ht0rRWDoFEgY1,R
 Supplier#000264204        | Z 0Dc5EDKuQr
 Supplier#000264325        | uEXDhbBHeo71rxW6c0
 Supplier#000264386        | K51 KWn8qrUW0dGM7ILB6xhp0SD5
 Supplier#000264395        |  UmjcTN yKnJGHwOpqe
 Supplier#000264458        | 0F5M QFl4nlLwmPC,LO3,rc7fOl5
 Supplier#000264468        | edGNVScsLhmtMY7t9f
 Supplier#000264481        | byRTjVo4UR
 Supplier#000264720        | a4MpEsHSzIX3P
 Supplier#000264808        | i5tQNZulDO7fQ
 Supplier#000264885        | evdx7nuYsy6
 Supplier#000264892        | eh6jG49jj D0L
 Supplier#000265055        | ZobXdNn6jRhPcJhrYK
 Supplier#000265175        | 42nhEPUtSdRvSdxtr8E0Hq
 Supplier#000265209        | RWQNUThPMm P0oPOZD,dcp,y3jyIQp,p69D
 Supplier#000265230        | cY7EXsjlDjK,vN4bmoLEMM
 Supplier#000265340        | 59Kw9hgSWOk4eGIjSbWL
 Supplier#000265443        | lvUHzs6fIz1EyoXdZ0M
 Supplier#000265445        | dj4sIRkeIAZV2d7hW9VNdfD4
 Supplier#000265489        | pT7sNrhEpSxPrAK9xUHf6sFPnfpRP6RX
 Supplier#000265507        | hHbodxXjB9dbQ,GBmeA77ubs0TYd8DS8Mb6BE9l
 Supplier#000265537        | mrUg xQVohcaT2CPuTE BMyKNFj
 Supplier#000265572        | MAj7a1QuE4zsLuEQUl4cMy3k8kXqJaUViA vmBb
 Supplier#000265584        | m bSOxPPZv
 Supplier#000265594        | ZsH7TDdGFHqo4VVq9A
 Supplier#000265602        | o8nMPjXlMeiU9U,tyvlVL
 Supplier#000265654        | uDEpnH7,3hxjVPIQpqWxCK
 Supplier#000265695        | SKW9HPGkE hEVRvrIEye,ClSI
 Supplier#000265763        | Q31QhAPiEUegGdbXsHpPuQwD7EAS6w LXKG6
 Supplier#000265773        | Azao1593XLRt2tE
 Supplier#000265795        | Uvc4Tau8JlnYAN5BGieEspQbDV
 Supplier#000265798        | r1TMNmZXJ7GckeW
 Supplier#000265902        | PoxWlpEUX1E
 Supplier#000265931        | 8wFTgePoxg8CSWKW439jW50
 Supplier#000265943        | Oezmdbb1ZsR
 Supplier#000266006        | Rvu3BoAUYqFQ4tQFf xBlFaQT6
 Supplier#000266042        | 5kZn2kG6IAgrnPCRhNOD
 Supplier#000266124        | xcQcqhtBAv lcmbWPL1MXfnY5vuo Q
 Supplier#000266172        | DIQ5jX3tsyX4Pju9wUgAE BHTITt5
 Supplier#000266345        | ee4bR5CK1kyPWYlvRuDWXYQY3
 Supplier#000266376        | V rN6G2QCANLdqZen
 Supplier#000266404        | JdGL5zOt MKebfv8i7eaz4Cq0
 Supplier#000266450        | elbVCPqJQun60MJnr3h6AZ3rDTNzMqM34KcpcQir
 Supplier#000266470        | l,E2EIPPwT
 Supplier#000266591        | quWNxAXFw5 w8J68lrXXku6IwHi,Zz2 1vN
 Supplier#000266626        | RmDXyk36aw PcWV
 Supplier#000266698        | Nwu uAyK8YHsxX2gBLOzWUbvIGblKoFTFzQb8
 Supplier#000266708        | 8PBfKdW,pGoAhyT1KG
 Supplier#000266744        | K0,Ead9oynWxnN4bg917O3P Y71hzeQKT9
 Supplier#000266747        | i73vDrkFFM3xofV1feKtl983sKs6gUOHzdORF8qI
 Supplier#000266808        | e3vAzgn5Y8xRobxTkjGQYDe
 Supplier#000266869        | abSzyINhJS9On2qCNQS P Ve45pnTDkYS6F
 Supplier#000266895        | Mfqj1X8uhgmvU1sC0lwRjJiIzf2Uf
 Supplier#000266912        | qwhF5SghrwsnvipFF2G6H2c9h
 Supplier#000266913        | nbkgg4zMyHy7J1wQHTQzfl1YrU8HDQbogvgffV5
 Supplier#000266916        | 7r31mQM0FJJMsNqHq3zRr5lmK
 Supplier#000266924        | p2 wRusInx98cvpv HEdjutS04eYs D0QgLO P
 Supplier#000266926        | YT467sB6Jc mk7vb1JMVHxOGm4liD9BqlANli
 Supplier#000266974        | ,W7tRP9pfqfEu
 Supplier#000267020        | SwN2CloivdT7Kjj9 UWzCVZ97azfEeyJlNLx3JCO
 Supplier#000267244        | zwclQ9JP7hkt,AtCDEWzUs N512r2zUlG8hBb0JY
 Supplier#000267260        | QkZz3kJd4sbUUK
 Supplier#000267305        | hK34kWWIMQHFgmjVERNV
 Supplier#000267324        | 13voZ0Qe1ghIXsOkJgaS4
 Supplier#000267371        | CPX6ACRqe4QYRIBsQAYkuLLqVy76V9L2ysSqRYKA
 Supplier#000267386        | wye4mbD26LNX0s2THlYa0RSdN
 Supplier#000267390        | DqyTSrFWlwxn0CvnlshX50GC88HtdFbXIKQ
 Supplier#000267427        | x0dXr9g1Xun NHzFmCj7iWH3Lhj3bsSbSfq4baAW
 Supplier#000267442        | qch5tVPdBid
 Supplier#000267492        | ZboSBejJLo2MSezd9Hmmvvzywn5wmi4Vr3jfk
 Supplier#000267526        | Y9FgfTaoJvWQedcpGJPB
 Supplier#000267565        | slwseq6sKvngjXyqc
 Supplier#000267582        | 8qtUMEaQpDA XonftD
 Supplier#000267705        | waaozvr8ltuvBooIFe
 Supplier#000267715        | VR6numPW96s3GW
 Supplier#000267723        | p0C9Z9ulydYAsPOctN0iZrd2deeFm
 Supplier#000267804        | 9lRKxrLD sNU2bpxBgCzABKTq7KT
 Supplier#000267826        | IUdgSc3FN3v5C0HUBgokXAh
 Supplier#000267859        | 5JxnnHfaoz6MsFteovDR
 Supplier#000267883        | N2VEcQGH9hcbDQ9ddg9yogTZGhyhCdHOU
 Supplier#000268041        | S4UfKRxDlR6of6GuxYKOaPv5T
 Supplier#000268045        | jiPeukRK4502sMxHceT
 Supplier#000268084        | IjPgqIYuoRptrGnxY1TdiZ,aQtfVAr,YJ
 Supplier#000268090        | LIZMgoSucQuEvYwj2
 Supplier#000268216        | 8cptBvkZ1MTRNkYEB
 Supplier#000268225        | A1ePkY2,et
 Supplier#000268235        | qcqHwkXHiJS3ioMy2OJveEqtVTcX,2G
 Supplier#000268298        | 39jy7HWDg03
 Supplier#000268315        | I4IhRvMIjzK5rpeAgWoRydXMbBL3WCumb
 Supplier#000268334        | 2 x5uE3XLXnYvG
 Supplier#000268423        | A0xSCK,rYz8mY
 Supplier#000268441        | ,3CmezK5Hj8N5ovEcGmKR
 Supplier#000268600        | YXESCG55F8GIiuylSk41HFb3n
 Supplier#000268647        | thNi1Ji1gHx5
 Supplier#000268662        | hGCyrhKfxwul2HVpJjp2SDUa4u
 Supplier#000268762        | 2aW1cCD5mdzJCxzC
 Supplier#000268819        | 0jmFl9em5 e qeTi5ryhFq6RBHk,e9tZfn,o
 Supplier#000268821        | U2gwv54BleSjQZ8EvL
 Supplier#000268823        | ZF,BetqGqy,TJZbGYPb7EN
 Supplier#000268876        | lzs5ijZYckKlMBpAn,Bkfp5
 Supplier#000268884        | PxONqniOUj
 Supplier#000268887        | YEMe4 nZh48MphctZK5JD9S
 Supplier#000268910        | BdBCyUUVzcVV
 Supplier#000268919        | vfFHImL79GDRCjDueS6URmRgUNIBNSEk0laAED7
 Supplier#000268923        | y9VHs0PpqlEkAL8nBbpeXT2QRL1R9 8G4b
 Supplier#000268968        | 2Zi0WGMtQa9B
 Supplier#000269027        | PwkN4dZNDVWXHxKa8Nz
 Supplier#000269029        | xR r,EfBFyPrkxwPLgYdJYZXiDu0WciJBVrXJ2
 Supplier#000269062        | FIBK1TLtvXDSb1G
 Supplier#000269075        | Amg69CqlL9
 Supplier#000269126        | 2fy58xznxAvQHLtFpgew6wZP,k7u9Mr
 Supplier#000269242        | eOq2Wnn0cTH5POorl0PefYQ3W1 zeJRq4
 Supplier#000269343        | JFtKpz7Xn,LOvH
 Supplier#000269356        | j46y2boeC72YGLdRI
 Supplier#000269399        | iewrT964GZuvB0vjTeXmmMwCzc
 Supplier#000269429        | MGPSyOheHMKazpkUvky1BM0Q
 Supplier#000269490        | 5uEPyUOmRKjpiwGyyLZGFAWXIhgr4
 Supplier#000269503        | s2pco6Nb3u10fbmwI9gwoIaBMNof6u
 Supplier#000269688        | MAT1U o5PtPfPMoWcxf2gr6oUbUt,Ca3e3ce9r
 Supplier#000269873        | VV4eygo8Juvd
 Supplier#000269888        | ZobCu,U6w2ehzQY6KZ0Vp41rnHF Q
 Supplier#000269994        | XFmN0TLzvCSfSDg3gy4r5TyZ3CFLTtvu2P PzgR
 Supplier#000270260        | ctCdzh,wPc4t23O C
 Supplier#000270325        | d6vy8RaikocmqKRlmTKsbpHRxSp5
 Supplier#000270328        | R 8UUpk3Wa31s pHDj
 Supplier#000270350        | LzuCVe7Z9llimmIzyBR7Ru
 Supplier#000270360        | b84QiKwVeIRHCCCBzJFl1R1D7F9c
 Supplier#000270365        | m8jTCDkMCMAOs93IXFGBvpFrmC69rVlwBO
 Supplier#000270405        | ,1QpwA6rQudnpwvhkr 
 Supplier#000270424        | 9tXdvfz7,6b3PnEifHAHaow4ucx iMRP4P38idv
 Supplier#000270447        | NIZY6uLBwZWf0y CmkKtbiV9QtLUDYRa
 Supplier#000270457        | fBK8Jw8xbVhXXEB4tO2jeEjm5VvE0AGYRhda,
 Supplier#000270459        | 6QakqmIWCBnT,L0,qAn30qf
 Supplier#000270558        | d2Np2 Auy0sbmeuNwky9sSDTjgXNOZkbH6k9ndW
 Supplier#000270601        | dELlsMbjpmxrQXd8
 Supplier#000270649        | 5l,7k2VR7Zov
 Supplier#000270725        | cppqJXRy2mbI5gRIfpaWwDFGB SL8l0Sd
 Supplier#000270803        | VBia6HiAsT1ec5qQq
 Supplier#000270813        | ,KaTwf6XeZy998
 Supplier#000270822        | bnmHp8Wt d77eJzg5HWZ F
 Supplier#000270840        | mDQOxuGP8PYV22UAn5d853MXzwsuP
 Supplier#000270923        | x14kSjKEHQ9e15x3uC3IZ
 Supplier#000270946        | VvzayRScL1V2p4pbV6dgFXkhyj
 Supplier#000271048        | kMEIIoiiPK8TkJbDhtHN54,W
 Supplier#000271097        | CUG3K1eAYLt6
 Supplier#000271206        | ,M6JIUMKRBaXlYN38Bcbds7Lo76XM3rp sKcsdqS
 Supplier#000271285        | cnqcjpPYuwAg8Xz,FTs3bauBmNU,Ugzl
 Supplier#000271296        | cjQ 7 00EpXrg1uSzn3suO6wT
 Supplier#000271350        | XZSIYARJ8qTwY7G0 1GSDCiC3cVva3wDC
 Supplier#000271375        | IUwMdpMfS5FxKeKdVJy8RR
 Supplier#000271421        | pVYQiBuKlqV,9C3apENvJba
 Supplier#000271452        | iYJDPFFu3Q9AjF qBY
 Supplier#000271461        | Ivw7OH4zBTEKz4jPrN6iym BPmzokX rCWcSuO
 Supplier#000271541        | SZkIvZn4xT88L3PpkAj5xQ9Ipzu3Nw
 Supplier#000271618        | UHjQJx9M8MDqUyQDAXjvkDWbKIUmoB w8B6bot48
 Supplier#000271631        | 2urmnQbF73qe6ngPDIzxXIQAEjRKYfK
 Supplier#000271831        | GJLCNt,IICSBM8npugr1
 Supplier#000271921        | ZmPpiXiT4V7WNrn
 Supplier#000271947        | 3EKIMeN1VzV0FFrwMg,uN
 Supplier#000271969        | 1NblZcxW8IDK764vRErz,8wbOOVkA
 Supplier#000271987        | 43K3iUI9TiSOJ,ntuOtxKf,Tp
 Supplier#000272000        | txIfIdwGWT8 jt0xJMXfyUHBxnhSoVxzKqnzo
 Supplier#000272023        | xUvExRaTSoEqB,UnQr1I64
 Supplier#000272094        | 84iPwCdRO1TUGxm3cFgDQOZRJQXpDDniPRa0E,s1
 Supplier#000272162        | qpylaLcXWtobSYC
 Supplier#000272200        | PlGEfd EP9uvufxc0pgCgpYl1dTK
 Supplier#000272208        | IwEeL5EaSmm8BbM1GoasN65lG4aSKHYTNYcbK6,
 Supplier#000272213        | g3TbTJetHRYZ3Lk9E5BpIGQjxaP RwdJWY
 Supplier#000272379        | y7hArIzdNnWGp631mr36KE
 Supplier#000272384        | qQ ZOTy2WQtbkpz0Na
 Supplier#000272390        | ddS33VjFmGHRe1cbNUznLjArlC7yyZNfXIu
 Supplier#000272417        | SzxtNL foCs3UxfDaP
 Supplier#000272438        | 8fghhIqLZ9BLNs,2aSlyomF7rZHo2UdX6AxeT
 Supplier#000272465        | AXafVKcF3B8iOZ
 Supplier#000272479        | bMxQdOoRRz3X
 Supplier#000272508        | pR59O 1cvoA0G
 Supplier#000272560        | 2rl4gA4FlyIjnrACkP5Q6PdKa5zCkQ9w
 Supplier#000272590        | lcs nz8BCy4zdfcX1KJJ9gA0OydKRtGl9D
 Supplier#000272705        | I8zaPR50hZ3xXJyOu9mmlaOjiMKpwdZ1
 Supplier#000272765        | 96NL3BBBO,M4xu8YID,5b
 Supplier#000272855        | 01CO03yOaMqzMycin7
 Supplier#000272980        | CEdDo0LDoDgsiQ
 Supplier#000273121        | WNPCvyxCpjeclqHm8WNRyRb6Sa5riU2P 
 Supplier#000273192        | nRUrHUEMPjPpHr8pMFEwD
 Supplier#000273246        | cOQQN1Ri3pILA9LVo
 Supplier#000273283        | YVwTXNypdt6MWJE,Lo
 Supplier#000273293        | 7Lmzi2xNG2rmZuU6,M7Q
 Supplier#000273330        | Y8S2L9Cdu,7Dv8n8KqESs9bH
 Supplier#000273406        | VoExRVjbXY8woZ5Rtqk11cfNnP4pN9b1Wm
 Supplier#000273415        | 4AgVYSQNneqlqD
 Supplier#000273446        | zes8gQzHHoovME1rky311VsE70E5Bm
 Supplier#000273490        | ebpdDrleelIdqma4O0Z2Wut3G,Hy
 Supplier#000273493        | EUkPngDEsJsq6T
 Supplier#000273590        | C0lbG3niVGDGxGnn,3qChWLdIx
 Supplier#000273655        | XSDdfb6RD62YcmgaOGzRrL43lmF6mqSBmK
 Supplier#000273723        | EFePV3CtSErnT0
 Supplier#000273794        | ,IZZ3h0s8gae8NnBhXcI
 Supplier#000273831        | 8MVr8ARRArSzQCNMxpyWJ1Nt6HttXRfWut,
 Supplier#000273833        | tvh70jNm2R97NI xkL2
 Supplier#000273850        | ImQIM8BsmW
 Supplier#000273943        | DmRbsVoJJGtVboWdczwc,XlUSuL,OO,U
 Supplier#000274191        | 9k7ijsDRZUJ4QX
 Supplier#000274205        | T3o9tlsud96rtQ
 Supplier#000274234        | LowmmPf2jLbY3Om
 Supplier#000274247        | zBY4Kkbjd0kJYB 0ecrPY6JAgVryKxiudX
 Supplier#000274282        | UlnH1CDMAEvDsd,
 Supplier#000274342        | dwqh0TKV6tzjMI3Fg2KD ixVnIpgX8u7c
 Supplier#000274346        | zwn47yiyUbQOJrNu7
 Supplier#000274382        | gUtLBGxyV1ywP0PQ 8t36uYRn0 B8yKZR61CCi
 Supplier#000274398        | CJdWf9x9i78es1K3P0qzb5zb4,gxE
 Supplier#000274474        | o4 38z4QPvl1XsFj2Zll
 Supplier#000274510        | TBCNaZeg,NOt801yS4K9pihCEkQOH7HzOv8Y5
 Supplier#000274518        | gZSxGtJUMcBokJ4zE4Gv1 UhDEeuzPx
 Supplier#000274551        | Tp4IEpjBvVEWG
 Supplier#000274552        | 3OjTCmC1nPyF2EagpIVvXR0CNOCoizT3T,L35,qm
 Supplier#000274567        | YZDDhLyDy7rSW4oz1m5T6ZKq3otpGAlgJFCA5,
 Supplier#000274601        | vkX7CSABMmXUudXOO0KTT3wY1RCnJYghwYrxOeAP
 Supplier#000274731        | UqJ4PZilV4 uBJNqxxVGE9bUlCnfvptLYXqG3Z
 Supplier#000274748        | S6n9yio9j8pE34sxqEpIFBKaFwKdrGji
 Supplier#000274847        |  OL40vHLHyN4MCoHlt8O7TCgN5
 Supplier#000274851        | B9cZH8OFD,QQl,gSgE
 Supplier#000274961        | ,v0xH8Jcag
 Supplier#000274970        | bt94pQzafgkh5uZLk3VdvyXZ7Z72cz
 Supplier#000274992        | CCCbRlrghAFIQLm0sCEOnCCOQ7PgD6  
 Supplier#000275071        | auoiAjtmoZYxAMHKNRRh,Q3KsLCi
 Supplier#000275241        | EEqUZr8G5oAoK1V0dt2v5PY2ZK5QRXdOPK
 Supplier#000275247        | 2wvvzsKh9z zYhpwO4XWbgL
 Supplier#000275285        | LbVdExWyF3lrUVpGpRZUSuf0DjcLxng
 Supplier#000275327        | 8XVwvWi0mZ 0EC48Pg26FB 
 Supplier#000275375        | Zm3Z6vW0 hlC1L897WSW24g
 Supplier#000275492        | WiyG8uilWwf1yjYk1LakhhC8jkGA0WY6h
 Supplier#000275590        | xQo3 uLaKQf1
 Supplier#000275604        | EXbS8 ZtykN6nJCn,NQ,ILsx
 Supplier#000275617        | 8u5ig, DqYOj6mtHGQimYmwfI
 Supplier#000275662        | bo9eskCE07ZXeLWMMFBSEENGbFyj2pFOLpHpNcwx
 Supplier#000275735        | KsSuM poOwE
 Supplier#000275863        | IbIufUNqG8XxB92GkoAC8Rrm9tWuFyw0ew2
 Supplier#000275931        | GIq7aF8eTxOf28OG,163gTQ
 Supplier#000275936        | untd6rdVqTCqoHymTL
 Supplier#000275960        | Z5mXnCaTdDGjC
 Supplier#000275976        | r7KVAEa3GzTqucZ8xx8ZLP
 Supplier#000275998        | 63wWuPobtr
 Supplier#000276000        | DrNEZDyPVfsgIWvZz
 Supplier#000276027        | xaEyTxd6DhGN3
 Supplier#000276094        | l,JO5rHRTkIa8zuOFMQqRFs6wu9RiYssJ9
 Supplier#000276102        | au9ovSdbvZrz VH0tfl9RV6dE9c6kMnMtAkY
 Supplier#000276110        | 7Wcj0iANBNcWpIDys5OGiW6rPWoSSV9wKN o
 Supplier#000276182        | N1YK0qHq3MTY0nTtITZ
 Supplier#000276217        | gBsEWyCZk1
 Supplier#000276234        | oayaPmcihVFpC0hc
 Supplier#000276245        | szgf1kd84esls7uzB0yPPpacfg,X,
 Supplier#000276263        | 5XwLb mYpM0FKZnVjYkuZrOLhDkNjCru34
 Supplier#000276296        | Mbnb6fVgQhrqGGVztCl Ap,IDOjl 
 Supplier#000276356        | Qv2e8 xLMuvIVYsJsW48k1Mn6FMbabcwrqvuHwHl
 Supplier#000276457        | MRAfAG3euxifz
 Supplier#000276463        | WpIBOyWMtV4f6zy1CsV
 Supplier#000276551        | G 6wZ9l8uwwF t8 7j7eBoAIuTusPkfDHzo
 Supplier#000276687        | Pe9lMjoeGCo
 Supplier#000276722        | jShPXLke,4cgEaSUE
 Supplier#000276824        | ms1ZbGFTHcFlalvA5XdJMfquehCwZj
 Supplier#000276828        | Su8x7m6sVdmh2EIL2ojOVISeA8wQ9 Lr6
 Supplier#000276838        | YX8UHGcXthLgyGdJ2pNzS0me6HM
 Supplier#000276856        | Qevfwa,Ii3grwFDAjhENRVE,Oiyrph
 Supplier#000276934        | 7MJbAYFvBG2c67anKYE
 Supplier#000276985        | pGIzaj1qLDBM710UJJwBt6rgt6vTX3uAG
 Supplier#000277064        | VS4b hCPHosdLHyFPlDmrEOVW
 Supplier#000277098        | ZtQ1y04e0gfRTHE6
 Supplier#000277128        | Ap0ZjWAUq0ezhaowsP6NIS
 Supplier#000277131        | 41jGcRkTeZ
 Supplier#000277161        | IQs ODvohEtfm
 Supplier#000277250        | RbpXMMMNUFAfF5KSqwoSzcG
 Supplier#000277255        | c,TxA1NoXBVIOfXmfqmrefN4q
 Supplier#000277273        | q1QZCAx3m x,zSrHAUcs4Uk
 Supplier#000277386        | Q6xKFHs7v oJYsCZFqlCT97f
 Supplier#000277394        | g9uiVKUcF87Pby2bsvcv76sk
 Supplier#000277464        | 9TgXPOH6PYB0ubZrSIQQCZP
 Supplier#000277476        | tojnIt1Vy2jAf
 Supplier#000277486        | xqIitV8dks9Js6ZjRmw
 Supplier#000277506        | xRI6MgN4OqsWBIqhB,9,lQnsp
 Supplier#000277518        | aGHzn8XSDvvmdVBrOa80rP3dxZrTAHZeT7g
 Supplier#000277554        | 96vxtMu4I4VoCOnUkXHOdDfmvX
 Supplier#000277561        | ssZW86csbZWSGnJO2F2ei
 Supplier#000277599        | gla,SkciNGJJu7yKPYmq
 Supplier#000277692        | GSRp6K3ioLBbiJ
 Supplier#000277772        | EwtdVPv 0A1mrLTteLsQK8xXhScUxGeitPhOWpRB
 Supplier#000277798        | xUajquT2jwX9TpEeYTEaNRgHZO1yZpMB2qP
 Supplier#000277834        | 0tqVBfPNTQ6SLD
 Supplier#000277865        | A6MV,puRPx2RzdZg000rRt01t98sxOBmrxi 
 Supplier#000278082        | ZLf,xeH35Dasec8Cj2 
 Supplier#000278084        | JzlEahkjsIjmJkztpunn1TFKlD
 Supplier#000278113        | fgiUtT9yDJdFcxmxzr3D,YaUsozqKEF2YAy
 Supplier#000278184        | HrKnqDNeEgW1dG
 Supplier#000278270        | DpwNQ8,BqychaPUl
 Supplier#000278293        | AMlv5xOcfE7IEGmwP3lx
 Supplier#000278355        | g 0zrZqJE68qFtSop
 Supplier#000278561        | 7s9F5hSLk,,f1HA7
 Supplier#000278578        | fMAvdeKwSyM9fRvVwc5sniipou1gh
 Supplier#000278678        | NEZ4ohPax3iwxvWra
 Supplier#000278761        | R,aHXPO1XOY3d,oQP5,Yb6Pi3bRZJ1F,,
 Supplier#000278817        | ryCA4 BZMNQs0KyYyfvBRczGmR
 Supplier#000278845        | gImEvo24aA QaFQrDQ3lnN8Uy
 Supplier#000279093        | UO NkNxOwIzGGW10QRb
 Supplier#000279100        | 7puAE,bhgLOEvh02alfN0SXXnzbci7GsDXUvg,
 Supplier#000279125        | iiYuWqD9LZ,YfMmPmto
 Supplier#000279151        | h0doo5v,ZWxeThruID4PP8XuIIEI2otmx
 Supplier#000279275        | me13A7XsRWM9IEoQesgL0wUAIfV1vWUKzJhw,M
 Supplier#000279350        | TCI4ZTr0E7wrmMxvNeUBpSFq
 Supplier#000279395        | 4vf3iTMynha6kJY8 qvdg93UPZMMD
 Supplier#000279428        | DgOfHzcguE8deK7
 Supplier#000279500        | blYPgXq1m3Q25fcOZAQb4oc9Ctf
 Supplier#000279523        | p1LQXM5Yl7lfMtmiWHIzXU2MRDDXM99MeFrXC9cK
 Supplier#000279528        | 5Jm5iR4thXhUyFb0PFMhT9Vxa8wOJeO
 Supplier#000279612        | dPIRaBh UBnr5An6
 Supplier#000279627        | fsIdrGrgoI0ji3YY
 Supplier#000279632        | 2ZKuPi 87SKwKqNNVXNcrSJroi2rLq TNbyNTy
 Supplier#000279741        | nEy9ER oE83HKPG9rlnDI 7W
 Supplier#000279788        | cMlGcJp x9ifsue4
 Supplier#000279828        | MdbVtDQ8noL6Sh pJcu
 Supplier#000279960        | 9tdZVTot,BxzHZyAOxBZoOISSYiet8e
 Supplier#000280049        | JKZJZ9jzvzIyPJNVT2DAXdGeShN
 Supplier#000280074        | KTHMtsTA2C a5FpZxlNU3kbPhNYU6tBacw
 Supplier#000280193        | 8ydJz AUzXA6QCSndiFXbcNj4gyoxCfy7N
 Supplier#000280194        | HfDy3NKIRVCAsCRxho4Mviv2Q7MHBw xhRi0
 Supplier#000280304        | zTQUVAxiQGTeIjS0,qbo04jrvbp
 Supplier#000280400        | 3XfU3eUt8KDAqyorqdPQ
 Supplier#000280450        | vQ5jbuLsx2aoV
 Supplier#000280712        | tmYVp bi5a1EmEMbDH
 Supplier#000280841        | Zn8Xmg3bW8tFZiGdWY555q49yvmp WPtvYi,y
 Supplier#000280930        | 0XkQC8KldACz77iDTmhbd JgW
 Supplier#000280961        | NLl3KISX7mxP622,67dS3QT5kLcMem W9q0vDR
 Supplier#000280964        | 0ErYXuQEADYAldTUyvxR0g1zlCl
 Supplier#000281010        | yz0sWnHNlTkXuOy,D
 Supplier#000281059        | 4u,r9dUGTleGSep0qQZ
 Supplier#000281224        | LPZctSxd6XxFRa3k3lpn
 Supplier#000281322        | TsRAwHQnZOatjB0JC9,aiP
 Supplier#000281429        | 0sXHi5CrOolZKnFsgoS2mD03
 Supplier#000281472        | uHG98q4CMBOgOaJdpYrmnc
 Supplier#000281512        | ZEJvaJCbli20DuTOYvqNVXq0dKVJAEnr,3
 Supplier#000281543        | 8bdpfSVwi n
 Supplier#000281673        | GRPan9,YYrh7dxJdqHVh5Fh cyt,oaKty1ExN
 Supplier#000281726        | x58kpLdvnP6th64ukGhbPy87fpxHkqXuOSLy,
 Supplier#000281899        | B30i4mNGcjcgJZC3es 8
 Supplier#000281960        | bTOOA,qzX89y,Ul
 Supplier#000281964        | I6m1E,wSjw5XO
 Supplier#000281979        | QEjYciM9PSTpFMw51LRh5BCW0F
 Supplier#000282013        | 3u5Fht3i23CS6jcpQMLIQiWJ 4xalv7rIXJ
 Supplier#000282034        | mbkphwrG1fK8,O1L
 Supplier#000282132        | sDFzL5JugBfJlOM18wdxt,nKwfll5UY7W C5N
 Supplier#000282206        | osXYcDRWbv4,4jSiua2OoJlcY n3tOdlw
 Supplier#000282301        | Q,q8VhGKEU3I8C1yGEuc24Aj5wI1FoOtiC4XZa
 Supplier#000282313        | HWMr06qIl,ksv7uo,0i1YR02yHfu
 Supplier#000282322        | bq47DIdPmoOfSEfBOhGVXM1hWzRuFP5a6c09 Z 
 Supplier#000282353        | 24BhirbGyavJ0UnjUGIXRAjy1M7Q6oJ,6DEQn4
 Supplier#000282423        | 1TBSXc802Kw AKRxXjOaZgSVD
 Supplier#000282454        | QLLmUGwBv8lacVy8lG
 Supplier#000282613        | oQZg92ZJ aChyFPx1Zee1rZ1Y
 Supplier#000282661        | hYVV P3JgIYyDK1aZJ04JQ0KsHV
 Supplier#000282729        | WYWthwM0Kc2u3PdYP,Vwr,E
 Supplier#000282750        | jmlS Vvh7,yRh4flR5HHctYOJL
 Supplier#000282853        | A9BbRq,sfvE1e6jT
 Supplier#000282859        | 0X4O dHClxJ76FPuBiIqu0MKGKsMJcuhKWekQg
 Supplier#000282881        | faA0CANvu9pvnJC9EMq1ORByu93Y9i8f
 Supplier#000282946        | dk4mnebi7 1dYQPKF r5cxeVb9DEVC5yG
 Supplier#000282994        | D1NGTow8uMxtGbwR3j
 Supplier#000283003        | m06sMfL1I8I1wCDatsbtnyEtDsiW62NPyWD
 Supplier#000283128        | yb73rW1 ie
 Supplier#000283162        | jnhMZLTV6Yl,ci EC7h
 Supplier#000283221        | gI5z1D4HKAxJMuexRHkPaXveDlQIASg9dC
 Supplier#000283224        | EPNverlsr,i YI,pN23,i1,gT7eElP3QQ
 Supplier#000283307        | u1XP5ENxZge9RrkSuGCsDMMbTmKuX
 Supplier#000283316        | Oh7cuqvfb,az0hx3ofCUrGMRKmu1L
 Supplier#000283338        | khe 1Onwvf J7Jq
 Supplier#000283361        | DUCvRAwbCFoAl,mcF6YiVoKvH
 Supplier#000283398        | hAlK8HuEc7i0Twaf9gj,
 Supplier#000283445        | BZWxBVTMdqQ
 Supplier#000283543        | Ou0Mj25kQFwxNGms2Tw55f6sXsvvERUuTca4p
 Supplier#000283555        | KZec0syTMcGVnR,VML2wvMZnQOFNAHYb2tTILg
 Supplier#000283580        | U9AiuAi7rxQOunnEcUrnucz9uyhsU
 Supplier#000283732        | 3WEWTl2hZUscVGeUCm,HK25eMl
 Supplier#000283755        | pFGBlYL5kxe UQyJslwTnxBwO620 
 Supplier#000283766        | AOx6ptBHn1T5y1RGwPvcffHmT
 Supplier#000283816        | ViK4aqbawylsTgGh mmu2 a00D2TlGHDRK
 Supplier#000283826        | ppr5p6xAtwYIkCU5xK
 Supplier#000283848        | pr8cpDNfU0CxOxUcTXxsze6Vn5SkUpTO
 Supplier#000283907        | D j1unWOVDGADqHKjVo69ygTSQoQYm8N9f8bt
 Supplier#000283975        | ,7QJe1901HkUXb
 Supplier#000284019        | Dizh7IeHai6
 Supplier#000284057        | JX,LlpYwERLp
 Supplier#000284145        | sx9RXBUGZKj9xVRE6e
 Supplier#000284156        | PIgWtvEGyQ9OoPBy9rs7p8wtUxcUwN
 Supplier#000284160        | I8wZI9UaETqrzG3O9J yqLbkpvHjr3D45h
 Supplier#000284197        | bXFFyeIsNOvuBg5pBdDasZob6sPNbpslCeD0TG
 Supplier#000284297        | iYGnXyVEoLpj7CqfV
 Supplier#000284402        | NuPPIUOX1aJbr861zuqeANUbbdBfQy
 Supplier#000284475        | PX4mVNHWIWHQHorIF
 Supplier#000284551        | Eg9l3x2KNAmNXu
 Supplier#000284567        | JIJDHkzC3XOdD7qoZYh94t3Fdau3MuW
 Supplier#000284585        | Fue19ORi1xybOZquZlNxjV6EGP
 Supplier#000284639        | A BjtoEeR6oDh
 Supplier#000284954        | ZQgjG1,9HfwX1NkRuQsuNJ
 Supplier#000284964        | ZBQndWWa,JLsWgfhtUGBsCOYhk8RYY
 Supplier#000284968        | 91THIYXNFzLUxFW4w2ItNLJGuPi95J
 Supplier#000284992        | wr5u1WHPz3FVX PSgdUj215akiqg
 Supplier#000284999        | 8yeGE5QyQmCvvd7Y2y9DgLPbv8OCaqhHxprZ
 Supplier#000285068        | waXxJnNBZiFpMWRIe6Fa
 Supplier#000285129        | zcfSjNwBSeG5EyGfQfkmDwz9v, bc6OArP
 Supplier#000285154        | czmJrUpMzEI
 Supplier#000285216        | NFttYhGdq473rY,UvbarS
 Supplier#000285227        | X6vEg7ijDZuETv9bi
 Supplier#000285257        | YJcVXybXAnQVRuHY8gDr 0uBC
 Supplier#000285259        | 4O4JP05WIKjurQ4dmK1GB1ITlMbXStzCNtdFLIn
 Supplier#000285274        | m9uEGn3AGn0ShfQD70r,UkgXbXpszXchtT,5Bc
 Supplier#000285281        | pitDvQw7zU4MY9QdWuWbO
 Supplier#000285312        | 250YurcDvA5glPktTKTVc
 Supplier#000285353        | fqMz26ru40w1rhnYBAfwJolttbhdr2oxmURYim9f
 Supplier#000285411        | 4RyWtfbwW,0gBZyuPNJ 2SIzXbCew7w2dt
 Supplier#000285447        | W5GKWWXtt tMD Rmziff4,WgTAzITCNkn3uy
 Supplier#000285457        | AZYy8vMT1nyH7 L4QZwtpztj0 SRQ
 Supplier#000285497        | fRTlrEeC3hodNNbyJkv5oC3X 7oopnZ2ygayUSs
 Supplier#000285518        | 3OZ,IBLc4Y95INp7LvsiwtfmUSLbR,VS9bJuT
 Supplier#000285540        | JdUDC4U09 ,c69W8CUWho7gm9w,ZxNTgl
 Supplier#000285578        | wTEs ,yOVwlbARNyp,srsx6
 Supplier#000285608        | 61BXIDEDz3ob983Le
 Supplier#000285674        | EkCiPG,qk4uS2Yen,LW0EKcZe6gK4
 Supplier#000285808        | T tSkliWSLME9NJzvR4P 4k2BGkU EdVy9obq
 Supplier#000285865        | XfrL68wP3nU0vgHXcw0tuly8KHmOLFXd8
 Supplier#000285905        | ,rtZOK v nps vLr9rrNCQ6R,tkDYpEYhC7kBgu
 Supplier#000285943        | 6WOse0,x7LrTBI95bEYCKsr7IVjmUUyk3i3
 Supplier#000286029        | tLXU22fk200jQfw wdQtz4
 Supplier#000286042        | Pj1Dyr0UKWKE
 Supplier#000286118        | LIO8QGZL4sd1nqCb
 Supplier#000286123        | Hbwu0wdrla7t
 Supplier#000286126        | OM9fcUtNgvht4QMjZwACcV4RH
 Supplier#000286167        | GuOOAvTVj7jt3c0nyZvtf,KvTLH6OpTyg W2nRP
 Supplier#000286281        | djke05TXPKT7F
 Supplier#000286385        | YHJAJawsbREaZEST3s4K61W R2Tp6qb4
 Supplier#000286498        | mnC6vWeyb28EVazKT4J7cbd5lZwM6aV
 Supplier#000286502        | 5qmz Kuph,a7mVMUNJ4huR
 Supplier#000286523        | 1PXOyKRZBTcul457AByQxTo1iv0uIFWteza00
 Supplier#000286569        | ABxFCl9nug05fgl0DBCqk
 Supplier#000286571        | Mb8zgdc6VTorJKwxWl9lUWXt8P
 Supplier#000286690        | 9tiHbTSuyr
 Supplier#000286752        | XHemnbIUJelW1PZ421Bhf93
 Supplier#000286882        | 9HpX5oTkZTeowt
 Supplier#000286896        | G9NVO8v78iucWAhMS3
 Supplier#000286906        | 0JiKOzAGs8nofVzp65t
 Supplier#000286912        | tUsiq0uLyzDnlBX6,H
 Supplier#000286940        | 718AjQRnsVVc,XLbMjUvRYkR2tNVW8IHl
 Supplier#000286962        | XaY25km,dbV
 Supplier#000286996        | UrMzbaFhbvtxiaaeod6kuF
 Supplier#000287004        | lb8HjBpjnEr
 Supplier#000287031        | HALyrJSQ55coU5
 Supplier#000287042        | eWZ8QY,J4azYqix1LlBHPJOp8DC8wMErtSIv33i
 Supplier#000287120        | jncKcqlTnYupYa
 Supplier#000287170        | zS76Kmy9XLxwpH3pZCu0WkKjFaysMA,R
 Supplier#000287219        | qqlKU0l9wYUIEM4Xme2bBRA8QTuzczK5ZU
 Supplier#000287251        | nF2tvgW0B3QF5YOiD
 Supplier#000287378        | zJvC7FQRXkig3AUwmBULebs6
 Supplier#000287428        | 5WY2H7Q j,R,RHIooSuvC0vxyj5om7ncle5sOuvR
 Supplier#000287658        | u2A1GYADAG0947DHFkgneQkz,DJzOl
 Supplier#000287665        | wyRoaegqq4,el OBAf4adHlpw69afu
 Supplier#000287975        | 5VdXbX8bDN9En5k6tM3eVDbL0i
 Supplier#000288088        | SV5n243yjZF8g
 Supplier#000288112        | CrPYA4BWjd9U4
 Supplier#000288126        | 7GT07n6,yUvMsDixz3sXw xEGLASJAn
 Supplier#000288170        | XX ,iWgW0RuxobIGBXk8,OdS
 Supplier#000288177        | mOCBcZHquNKJkRhZpWYg,4tWRN
 Supplier#000288183        | X2U4,GoNwttYGfdzylxi2TxvL7NZTCwnmK AsPqe
 Supplier#000288315        | dOKDxEsJwjqPv5S 5WB46SKB94pGyuO 1M elA
 Supplier#000288360        | jp Ef5BGkIK4s4irPtDbJKIJKnPbKkYCv8ONEPD
 Supplier#000288412        | O86gwY7KWyfAekQfLj1j j
 Supplier#000288438        | 4uC8FiX4QXbhL mr7F,d p,c8uagtbvwG
 Supplier#000288671        | DYI5ZufiEfNDo
 Supplier#000288690        | lgiZHMjYGodogM,
 Supplier#000288721        |  vVMF7TOSpL gofdivDGRByKlVk3ESdV
 Supplier#000288757        | BzWwtq9,SNWKZCc 5pfn1q0
 Supplier#000288765        | TIlX9fu0G48T,8V IEZgbATWPIhC7qJNor5 
 Supplier#000288825        | HOqSmrjVwORY1K7vXlIfxaWtcpR4s69EAYR
 Supplier#000288938        |  C3LVbka6ynnRZ,HlJRhROY2
 Supplier#000289017        | mubPsWnaMaLperPdM9zp3ZmquDYX5sq6ocv
 Supplier#000289064        | fAHAuB1AuY,s5d
 Supplier#000289081        | 09fAGPM1G,JaZvXzGJZKujIk2LH
 Supplier#000289171        | an76Mx hSXHfc
 Supplier#000289256        | BJWfcHf5eHX,n3B2Ikj0zAWxiLEYBc
 Supplier#000289268        |  CtuCDH,OLetvsB7jM84
 Supplier#000289482        | bSgoOxc6PDgWY69RNeL4466YlT
 Supplier#000289501        | 7jmTEByMCctXK2xSw
 Supplier#000289510        | to63l fZ0x5PAp6Aj
 Supplier#000289518        | ZkejYYsyn3vntoqrYZ7dNhLB
 Supplier#000289528        | F7WO4SEjFvbDkf
 Supplier#000289609        | yAbF l8F81Q1KK8Xj7CKYf4M
 Supplier#000289731        | R9gUv3281PY5f jJSwS
 Supplier#000289788        | QzTVM7j6rupe3juOZPOsASjuJ
 Supplier#000289849        | GX1yj, yIdWMqjN tEt9LAeO81KpX4aO5aiLA
 Supplier#000289977        | dQUySAn21KIiYkUKpVGJ8yWQd,WX d
 Supplier#000290090        | qHSBv6qGGoH9ekRY
 Supplier#000290101        | 7iXxPKkStYtYAGIOxFYio
 Supplier#000290208        |  wpM8EsPx lnakIbyMI9241G
 Supplier#000290241        | jUyEizfOasxzPmoNtp3
 Supplier#000290251        | JhWMplQB56HzVoFb
 Supplier#000290266        | 14tYg728rVyIvqE5aGYH00zgTQHin1weRKb07m
 Supplier#000290339        | D3n4arbQ2,wtar05
 Supplier#000290448        | VZeTY0IEBVDcBhXKkY5M4 fGjxW54
 Supplier#000290449        | ZOK,5NCR Cn984,7QhSkuAeG0oC
 Supplier#000290504        | X4vu8FR7OYN7wjXBgpoAgMhhEPJphT
 Supplier#000290544        | lzxpdHP0VEcu9J1
 Supplier#000290550        | C5SpaxjuhdKjjIC
 Supplier#000290564        | 3hSBxbEqW bgMhK6jbtz7i223UGtAbVmImrS
 Supplier#000290570        | IYz9WvFw3c15MRIp ri90MK57X
 Supplier#000290586        | tRUpjcu9CSPckD9RTHgVQt1XSMT, O5Kh5
 Supplier#000290716        | u32BaJdrA9qWId3RD7o7s5OYeun
 Supplier#000290726        | i3t9F9,7HoR3lAGJHxYnUhAsuVaX1 F
 Supplier#000290743        | uBeGkqSm7 mgI58qbrKiHTca I
 Supplier#000290770        | uLMxiHQGh XXufwrKj92gp6vqOGf
 Supplier#000290809        | reA3 QnG DX
 Supplier#000290818        | l8btquNPlzvELpTkXtRP1e7MbtYKue5
 Supplier#000290889        | smK22FgEwtyWhOC5HCEb
 Supplier#000291033        | H5Q,ei1CesBk0E0T1sjgZOH
 Supplier#000291154        | weGvnqyGg,2lmpQbC
 Supplier#000291212        | Y IYRmU0c8
 Supplier#000291258        | PkdeREfkddvHj,z844d6kql
 Supplier#000291274        | meV8gWd9NjXyzilXyF
 Supplier#000291282        | 7MIL 5FT2QALMH86ja,BmprEku7rpb
 Supplier#000291289        | 9sRB2fZjyDIxUFa130E7,7mbw7L9v382SUEgiczp
 Supplier#000291336        | EKeAX,L03lZkXY9XR IEylkF
 Supplier#000291391        | 3g28NoC37sI2m615Or6
 Supplier#000291500        | v1VCF38rRl4Nqd7D0dPkNKt4pCzIvz,ovPse0pv
 Supplier#000291517        | gJ8ApDpBlCN inpdSSeOKs1L6c5v
 Supplier#000291699        | jKDbGTWrSXqA692E
 Supplier#000291764        | wtuW07YiX20XG
 Supplier#000291852        | UMpl3iOV EGaJduBpMmA
 Supplier#000291870        | 3vQLT,YGIwdGxQYvuou
 Supplier#000291942        | dmPtmJqMtLS2tsquHofBs5
 Supplier#000291966        |  ikb SNlYnoStBIAm
 Supplier#000291980        | S1tUUI2hRu7LpQXuPBYGb9st,CBH9c6u
 Supplier#000292036        | JchCyL7ylR8SuOg3QsI,
 Supplier#000292049        | qTlprLDe1ssbJF6sLW4Y53IDq660eSmXYVY
 Supplier#000292075        | OrXSYJECvJ8bXAM11bt
 Supplier#000292177        | S2tVk8xox2LYwIc2vRG4ycdMncyk0WMKrghZc
 Supplier#000292218        | Dp1aaWDJQdLOTFohJqHB9WDtqvG1Bt0g,2I892LG
 Supplier#000292256        | aBnY3Cdx,DAdXF0lFdFcb4zEx9zpSA nomSdtjp
 Supplier#000292303        | y7 i1MIMaNc,B5HaXo1Q
 Supplier#000292327        | 0Audqbi3p9GmnIhfn1g
 Supplier#000292341        | Z t,YnelL 82I
 Supplier#000292455        | PFi,aXgC,NAuewvU3,U7nSivc2c4jJVXNLg
 Supplier#000292472        | rXWDj9TPlzH82MT,bS
 Supplier#000292535        | tgLhPDnLnyBcbvc
 Supplier#000292553        | U6EJCEIdI9CVaH0AixBfhfkLcWcMi 7xSRXQJnIH
 Supplier#000292660        | jfYQ5ZbT s
 Supplier#000292829        | 21kvAyVn12 
 Supplier#000292884        | I tIrGneM,spDPnlNHsZDAkQyfHxMw5nB6Jm
 Supplier#000293029        | nnksL7U1DsphU8kgy4TGuJYJh
 Supplier#000293087        | 3eQ3jEpVcjNZvXzC
 Supplier#000293130        | 3rhbek7icN QWDSvHHUu0Yk82M8rRozGpgXmET
 Supplier#000293243        | ZlBw0e7fQLreLjHLDotSK
 Supplier#000293335        | HYQkDXUnCUuJKRiGGi
 Supplier#000293365        | KbQa7LGokIDw6u4gJv,Xi
 Supplier#000293419        | d,37L2b8DeDh5
 Supplier#000293435        | Tg2,GMQqGRs0rl4FZdClEL,
 Supplier#000293496        | 21JP4xScwL1o4joatYxSJrOhS9WO
 Supplier#000293497        | dzClMz9b5 L9QNa6Kh FH AIsrm4B7K
 Supplier#000293517        | k4TqSibNUN79LC OhAj3 Gyybk
 Supplier#000293604        | 9Hse97,9gM1ErJ9hmJs0,
 Supplier#000293634        | jRNFgvmffmVdm8XqNt2PkMvsO9ucr0L7WCA9
 Supplier#000293780        | 3E0yGRDqmLwppIeoYQDOhg8NF
 Supplier#000293804        | x,mZa13Z7ZMS9SuTwi1BQsR 
 Supplier#000293853        | Zkty6VKG331DIlXOjA0FZ8M5,DcDG3lt79R
 Supplier#000293888        | P6WsClfUAsabCqztPxAxiIkk
 Supplier#000293936        | dGGLrilrtd,ZIPFEzPnVtoW
 Supplier#000294057        | QVLfyhSCSpQ,u5uJMafNOa6nIRLXkcVaYwh
 Supplier#000294173        | qghQEoJF6 6 QYih7oYHjqr7FH6mK4
 Supplier#000294240        | mxsOdsMR61KGHpKjueA5rkNWNFzgrNtb1pkVfz
 Supplier#000294367        | Ii08XbsI4qVZ,Ta51tFZk5
 Supplier#000294558        | wVTyndj7gbIe2IPgPy ubh6OeMV5OcPL9nYi
 Supplier#000294581        | 8OAv7E2h,TCeckJcXdnTmwRdpRxB 4,M
 Supplier#000294682        | rz4vDenM SY86vp
 Supplier#000294694        | bk4Wnc,9FojkI BrlHTMd5G2v0iw,RyGmRuqBZ
 Supplier#000294717        | cO1EqG7Dnci3QDgPaK3i9XXnjD0i4S4Rxl
 Supplier#000294732        | 5ZS774rbW BXHPL
 Supplier#000294793        | GFSM7 bzhUR9KIKdv,U
 Supplier#000294796        | UhhJTP0MWZdia41PiLDGCDpyrZeRUB05ihxF0
 Supplier#000294854        | I8NYNo39UZnhlTfjc0qi3PrDFHgZvwcif
 Supplier#000295040        | xZVuD oPhg2PsjS
 Supplier#000295056        | j494FiE4EABXM25dBtattoqyBsOaZmUE87wkR
 Supplier#000295129        | z0UIOQaXloXiZGEOsuPqw5pDa1EMjQoH7hsl9lWj
 Supplier#000295158        | E8Kj8rh2,R
 Supplier#000295264        | 8zSOLJFD051tDSE
 Supplier#000295328        | Wft8HdB,TwOs65n81OwXKkHQ8beQaco0ruL
 Supplier#000295399        | ,UtGHMCAVaF4FIv4H
 Supplier#000295442        | w44Lah2TXjHwnvnIK7nJfJ,NUro6XZ,k
 Supplier#000295512        | zk7i1nKw0XyQNlF,35p
 Supplier#000295523        | xUsKfOy0eR1GMLo73m4M
 Supplier#000295565        | Y uMzhlUkmTdZr9UUE
 Supplier#000295609        | eFR45m65JYsO2
 Supplier#000295641        | YyrOCyfS6OifflfQoNkijAiXgKX
 Supplier#000295741        | rL7xf0vWW2r
 Supplier#000295925        | UYwiERhqfYYN1ZpRvD9LpY1FMPiwDkJXFToO3
 Supplier#000295980        |  Euwdn5OgcAI0
 Supplier#000296023        | 3MBmuw2nu2iz
 Supplier#000296074        | AllfeaZhHsFGozLV2LBs
 Supplier#000296164        | fkOovfH5cFqFyFceAFPSMJjqC7grOI
 Supplier#000296257        | FRI73pfDqvpGw
 Supplier#000296269        | l7q4Ne,UAz
 Supplier#000296278        | 1usMkX,cG4zDByIupxfqx4 byXTsIaf
 Supplier#000296416        | DOtx0R7sqkv
 Supplier#000296603        | 39RyxnP0T5u9NuT ii3sU
 Supplier#000296610        | zYp8UXwKpeP6McakjNOu6AH
 Supplier#000296646        | mKSeaO8Jf7Ek6tMaYlCgADGRbAxGX
 Supplier#000296673        | 3kA8lU7NZ0t8PsC02lZ,Yd
 Supplier#000296676        | fDtzFafLU6FioFDrw8hhiKRgF5LS
 Supplier#000296772        | RcFGSRCinFyEsraxJq0JUOFFKfswg
 Supplier#000296784        | RoBlUg,5kn,GxLtRzyuNS
 Supplier#000297083        | mUOT0XZl47u6,D5
 Supplier#000297108        | ha2dBs1lNDsLGJTaVX GUF9SPU7uc,N4DV
 Supplier#000297111        | X2OqfVR6j6G,TI3fR
 Supplier#000297143        | S8xFs2rs xv
 Supplier#000297155        | unUrCUk1ReUvjm
 Supplier#000297158        | i63Kh42AmqVnYmv5Vdf6z0dd6M
 Supplier#000297178        | lgqCfynPvRfefMtCWvkI
 Supplier#000297306        | 3imSEr sX5n
 Supplier#000297326        | 91M44zCw ,akKMcIxi0
 Supplier#000297382        | R Jj4tBbHoJQrqVASS4PNUxGGNfckPwW
 Supplier#000297411        | XEq85vfSfA1v2PDKcsTU6ZjQk61mfXY
 Supplier#000297540        | NRpcKHuZpy7TGBjUnock sBk,gIkXV
 Supplier#000297585        | xiSNXfetlhqA
 Supplier#000297614        | 3T2Qrle967LPdwuy meusni9bla5RO Po5,Mkh
 Supplier#000297637        | MlT4SgxpCyuPEuodxgTpJeZU4Oo95k,ud jXj0
 Supplier#000297676        | chlEsvqhgF,i,cnp7f2k3ssfnV06Qo,J
 Supplier#000297683        | GymCTLSDgBtE7trpLj3X9I8U8sA
 Supplier#000297691        | d67p1bXEmEg
 Supplier#000297733        | 8J6X3FWT8t5bUu9duaTfd506Buwj,Mz9
 Supplier#000297797        | zwWOaequgb2zOxj
 Supplier#000297851        | MXXbwjzRNynjH
 Supplier#000297963        | fphaQVrUtstj
 Supplier#000298127        | nlT,mBOIyxG17Gz6972eawzxccQdN,Au8esRUik3
 Supplier#000298241        | Sq,ZwAuz0Zu2O 3kobnPkktINWP0J
 Supplier#000298395        | IPLzUe8wFuRcbrGpbnq
 Supplier#000298398        | oBTtR5lAVx2j
 Supplier#000298566        | pPwDrD6t2Hr9RDTn2 zJWZ c
 Supplier#000298587        | DS7jmQjvSSkKd,cy42MHhlOm0Owj2 qP6ipr8
 Supplier#000298612        | 4xdPdvVz9arPh
 Supplier#000298726        | gGYTYrNDcV 4hGcmt1gR7AZJE
 Supplier#000298749        | T5JYmXw7jF30qq2vl0y f476uBUCEm2
 Supplier#000298780        | IzVl,5YQ4kXhUP37DjJSjQ9 xRe8itpXJ
 Supplier#000298804        | v45wkmcpjPrdTXgD9
 Supplier#000298870        | zJOulOe1ydzbjMwYgVzNC
 Supplier#000298904        | 6bO BwwAV9z4TfT8LKd
 Supplier#000298906        | 6D8oF0gm1DwW0VU049aNC,Th5jy6e
 Supplier#000298948        | sZ9Nx5IFpVhIxtFTrO
 Supplier#000298991        | l0i0i9EgT734wq7LW4q0vPy50MQ2WKTQPBV4VK
 Supplier#000299008        | o35P26mSqVeRaX Jr
 Supplier#000299048        | swDlqw8r0CWkilw,gO,QTWLK5DSUr2MCVUIL
 Supplier#000299057        | q7SnTVESa2cXptPErc7m3mIhW9 TqC45qX4
 Supplier#000299164        |  RNx89RkMyeRip7qyq 3T
 Supplier#000299257        | N6oshFhpZNAeEvv
 Supplier#000299352        | u 4g2C33waI5A2BbSWpKn4
 Supplier#000299364        | cRcQgzDD03d2JJrxp3W9bVvUNy
 Supplier#000299395        | eBTClBfW,snXVunBAY8UNcpAw1uFX
 Supplier#000299412        | htegM7YB4s KThZ7ggcbWMP,ZVVx
 Supplier#000299672        | FDdGrMvH9Mq
 Supplier#000299740        | hjypxAmLZTa0UbDXdlBa1qY
 Supplier#000299773        | sXXxgHWxb4Nx
 Supplier#000299825        | Xqxhyi2BvCpfuYpdwqgupIWvD2gcUpKG20Vm
 Supplier#000299847        | 7UqZSPcb8EuUeQx6PiryHjGEITuXG
 Supplier#000299878        | pTbIII75bQe EI
 Supplier#000299880        | OHeKdZtkYIus7a2qb3EJfQC1usLb3XZ0t
 Supplier#000299892        | Y4QG25Jz,3XCnYCgcT6Ai3meMnaQ0JPQL8s
 Supplier#000299998        | RS4i9mixYEdynLqePjPjBFN,dhSbiGSBtE
 Supplier#000300130        | iqNTIP7jZrNuCf5Xz298FGC,YvuUdeM
 Supplier#000300158        | B0SW0uRTFCoeCSKfsItQfef8dupvlJ3MoDdw
 Supplier#000300275        | 98VPPhpIcNLv3ACR04UO5cUceAbfZrEnD4QhRl
 Supplier#000300278        | BhC76qrWqUnWpHe HKcKbXs1Xg
 Supplier#000300359        | 2Tb2NhQ XrqUuH0GlM
 Supplier#000300387        | tfmrpfRLIsLkMRQtP,
 Supplier#000300664        | of,2zfHtIAVt8g6TOzvRlw9Qpcp5jk
 Supplier#000300758        | BT4eiXxB JxHn2ek CsglrIqb
 Supplier#000300793        | FfBDceQnjUwumneoXvfmFE d
 Supplier#000300837        | SymF6Uzq6s
 Supplier#000300847        | 5bKnWg14AmNWy2vz0Zzlhg0MoT
 Supplier#000300908        | 1clPs8f3DNsyTEOKdrZWpEO
 Supplier#000301085        | 2GK1wllaeFPd WHAGBzePoV2Dgb7OkPVnxVtyl
 Supplier#000301092        | rCb9Xzrt9f7
 Supplier#000301156        | VJ3cHqlgDiuZxp9Z
 Supplier#000301209        | HGbeENYVtbIEPCuEwLOG 
 Supplier#000301245        | xc1wPejWp4h7NzPUEhYw3TeCWQiwOWIjLAiY
 Supplier#000301258        | mtJMbhhqvKwAGGx0Q
 Supplier#000301304        | j9KdzyxMnHaXpen9f1
 Supplier#000301338        | 0 Xq8,9gmsYNFHncrCqjRgjCNtUGOJ78Vc7
 Supplier#000301392        | oNvUMIvAaNK2BXUfTnFn5lI TP4VWKKi5
 Supplier#000301446        | q7Ej,8Tli,7T3KE
 Supplier#000301523        | ,UFbIODwLj1bRaDr,3oTxT10SmcuJDGQVV3E
 Supplier#000301546        | O0O9OKRlOh elL1fgxmW
 Supplier#000301737        | 9IMSHXG2uGtKvjugwzPhJCBn0cr4vRwlY2piOl
 Supplier#000301781        | gN66XL,QvCHwQsr
 Supplier#000301822        | aWNT u7c5,qlYLG2NYV54PrR,9652
 Supplier#000301927        | wOPP2HnXmZtwL7WniojNWUXe,5LcsK5fAomGk
 Supplier#000301959        | 1jCpi4eMu4l2yfHhLgOyu4NP3yzK8qK o0
 Supplier#000302120        | D5BX2PabRRWa4KcvvcLrfTswdg0L,4ILfn1WT
 Supplier#000302164        | Vwjmp3gAuL,zo8KOihF2Xd
 Supplier#000302178        | lKlIgufXCNRO1YmIlkBPK1dCVjf0ed6rIw
 Supplier#000302200        | EW4FVJY7Q,HVwZnIBiRx QLfT2M1yOEFNYHXdr4
 Supplier#000302279        | zgyVL5Q Vr1FItOViP00MRc
 Supplier#000302426        | ws2Y5rw8dwWdSP
 Supplier#000302480        | lfloyKjEMzs
 Supplier#000302545        | OKORt2Pbf h0cCf6do1Xd
 Supplier#000302626        | Wa5LbttOt,AEWP
 Supplier#000302648        | 2hfDyZC01QYLYasom,x3hU83j93QktnE
 Supplier#000302719        | 6up2inrHJORr4lGw
 Supplier#000302799        | 2bdTlPzabrRt,1hgHN1yZs,B4E
 Supplier#000302817        | ,CE4n8V,e6okSLcdZ3fPOK3sv,OUr1Kx
 Supplier#000302826        | sVFhB,mlsFbe6IRlkMXXzghWVD9eMy7
 Supplier#000302898        | 3U8og8xW6OsxSSwVXFlKSYt2 aYub4oicJzk
 Supplier#000303077        | s1,gtwlfmn7Ol
 Supplier#000303092        | xLseWlw8yf44uCc2dW7hL n
 Supplier#000303129        | vQfYWjk 9huEcwCJfrpTsEX1tlL
 Supplier#000303166        | WbPp8BYynOXDquHxXO
 Supplier#000303191        | SnTjL29,TP8iqdxJOcM8r0uq
 Supplier#000303236        | Sfclce7l3hW9nt1mxFG5
 Supplier#000303319        | quzEiwt2zuTUfr3S AIDsPKBrqqNnstlMSF
 Supplier#000303325        | 0DokaTEJeKrbPY4mBxh5WyqeYhJ8tk2pHt
 Supplier#000303338        | Ia9628Ilhre1VqB4flVzxBzuGIRknAN
 Supplier#000303406        | l9UGZOzZGT5nFU tFhzyhEyOt
 Supplier#000303420        | TeSXLgQyc,7WdfS,lrhYOdFzG9y
 Supplier#000303547        | 98dQHbcka8RB4Xca6OtO5fjl
 Supplier#000303636        | 8wZMi7T k2KS8wEcBxURm3MAX7XyPxn
 Supplier#000303648        | 5SCuQaEJQXDVUG1freRLLtf6L
 Supplier#000303659        | dNbspP GqT94gEBbwHUqjpMlAAiCuT8z,v
 Supplier#000303707        | IEXBc0,E18SyrTFdJu996 O
 Supplier#000303754        | MNSU1bvLF4G46zTWDPf8AG 8OSzI
 Supplier#000303837        | fTEQHy0H8ZBp
 Supplier#000303983        | Pv5Hn,YznVRvFB1VteygG5c5cpMxEBW JzzC7
 Supplier#000304139        | sGqDtgX1RwRdPScJOrMl6rCYDqlWWcNNJqdI
 Supplier#000304140        | TrYG3pjxiddyECVBQic23cPBFXW6jSJSA2W 
 Supplier#000304151        | biY 1m3GpgtxST5tfLXo T
 Supplier#000304203        | FmxzfV81cU5B7,2AFszdLKIXn6klh950cPB5FAW
 Supplier#000304242        | 27duCBDJ4IlHANPPCr8
 Supplier#000304301        | kS OtKrRlj2T
 Supplier#000304315        | oZeICOutSnsd,uAGYwEHdXwfaEbwjLv
 Supplier#000304449        | VzlxgEK4AylTS0R1WBivdYgGfNYRMFXEppb
 Supplier#000304466        | 0kg,AmjMk6NXavTMrtP1,tytSTUK6JrX
 Supplier#000304530        | cHJdfWriwufux9
 Supplier#000304577        | 1cgjQn110jIyacElAs UktceiZdyEdvI0
 Supplier#000304707        | aYg2MqJGN9lWzTsM,Ky9REeF4SBaJI1gyzRf
 Supplier#000304752        | Psoxkw2Qrak
 Supplier#000304761        | myvqcAlNf1
 Supplier#000304914        | AdmIjHk6 EvYvT6Jy9hvAnUwg8ktUJOt
 Supplier#000304919        | iNlEckD3oXthdxhkSw C5OsN
 Supplier#000304997        | fnI,zpCIxK9M0iZ
 Supplier#000305190        | 6pmEZUOnSsnNTdhKiIWlmuhON
 Supplier#000305198        | bSK7cZWYE69xd8S,HSlduH4nFB
 Supplier#000305240        | aLXa09f8oW0W,qYJSu8YR7TyZ
 Supplier#000305274        | Al,uiT6Ta8iBhkwZ,qpHAa
 Supplier#000305324        | m,XmPyiuFSkaiTNiKhEq2gkMdbmXXhf4xbrCOtoI
 Supplier#000305333        | 0MdPSeBZaMP4 XUZzEAfubz5DWZlp9
 Supplier#000305340        | n4tqmprw7YlXTkZ4DDQvtLK
 Supplier#000305355        | R6o8yEhHN5
 Supplier#000305430        | lE43GxrZTO
 Supplier#000305446        | IDVvA4bmvww
 Supplier#000305560        | kPjOdd9dptXIFa6CI1orEhKE2
 Supplier#000305659        | kvJPzp3wsGMHnA9e8GN
 Supplier#000305890        | 9ej,ElLAgJqRQF
 Supplier#000305925        | sdOorYDcLd64
 Supplier#000305934        | GmCs42XLyRxqyxzHlwkXhevTH9Gqf
 Supplier#000305981        | OXLTTczGZ28CzuqVoRpejZ2qBNSN2
 Supplier#000305993        | cm7mim8gzI zZw4V8GbLBjII9O
 Supplier#000306057        | CYgwfZAv6yt,FinS1VnD
 Supplier#000306097        | g6UNdLHmLKXf1
 Supplier#000306202        | abl2wyIz64yY5cmYlwM1d3x
 Supplier#000306307        | NGP4bUFjCvjszubQlqI4FnowMSTGvJC
 Supplier#000306377        | pJd1Mw8hWQRRegvroxIveojpGZmVK1
 Supplier#000306410        | 8hp9SJUva4i H,w4LD
 Supplier#000306423        | WV1970 knkvyToT,CACeNDz9ZorDI,KS
 Supplier#000306486        | xnp LtWI1Bp7n4dLdkiPWs VQZM VC5s
 Supplier#000306545        | ObBPBraznZ7Q5jqWOXvbgvAqOE5KFahxJ
 Supplier#000306598        | qBFAiol8mxKi BVAEO4B4WDnTv4HW7TQbNbImI3D
 Supplier#000306652        | IdvKCFN6JCN1wUX7GO9wXUXwKsmg
 Supplier#000306702        | GCDvQnP7 6Ta31TLCsC
 Supplier#000306758        | MSzpdLU5rOafZFfE VYtb5GwJy oh6,ytb,q9c
 Supplier#000306952        | KaFd6N2AXHpMXzo28bH8tg
 Supplier#000306954        | 7EOgHN4LEMK5Q
 Supplier#000307001        | QgBMYs6bSGtR44Ba1QlTpp2mHC8nffK
 Supplier#000307012        | MfdHPGQBa5dOkt 
 Supplier#000307041        | M3ktFGcDZStslJvaZv11
 Supplier#000307194        | Ya9Dptaq0YfXHmR4LWO3FG
 Supplier#000307199        | pjEVArhwPbquY69fdVU2OwC QHrl4zu4po7QF
 Supplier#000307253        | 1pWd9WxyCDHpSsCaXSodYVia,tCSJDX0p
 Supplier#000307339        | jiDQX6QsBCC8Vsy
 Supplier#000307398        | kUv5nYr0W lQEK3TuKinCLjOV
 Supplier#000307435        | EoHbDQ2TPmykGEnEmpK1hE6G5pPVtVU5k17R6l3F
 Supplier#000307451        | kR3K h6Gr2LoRiMN3r8d7nXUuoGnq2iI
 Supplier#000307518        | 1iI7NR j46LBHLkzJNh0CBrw0d6P
 Supplier#000307611        | z2JFKxgswWV0Qs4T1YA
 Supplier#000307641        | W822c2gM,E5gDuERylsFHBLtS0o
 Supplier#000307715        | nIfNB,WdWk2529buwO0Mz7jmaY6vR
 Supplier#000307788        | 6HWnPP3TWTUVJZO5RFjv,nuoByEEgASDoESpNh
 Supplier#000307800        | O1xBImiuGtI5wu3YHQXZJ1JVqYa4dNTXn25atMvN
 Supplier#000307804        | BbWWJa5xNV7SedDa
 Supplier#000307816        | 9ncwdUkfe1Y3Qq2y6t jAKsmacHemd6
 Supplier#000307852        | y0OGt1ndwoARlkNviKRW6,sXzO3Vvo3QU7zi
 Supplier#000307907        | rFfxZrldoczWNlERQNMqzGouax6iz
 Supplier#000308027        | RZtAQz1y 2kg2z75Y5A1HDBZORu4kYq
 Supplier#000308077        | 0fpfnpQLGbC9hA
 Supplier#000308118        | CVspwDjwTWX 1HO0H8iJF
 Supplier#000308137        | BF4cOA3btCUOl2u4T
 Supplier#000308160        | zLTTSHBk1XF W9, clW8
 Supplier#000308354        | SGRdbfcRjz,T3XLc6CxHnh
 Supplier#000308366        | tv2PSUChV2
 Supplier#000308390        | uqbeyc,inUIqfWk47Hdha
 Supplier#000308583        | qiidjFasY5exJK9fPjxkENRqS
 Supplier#000308639        | UrGu1ulCwvDRQUIgtrILpQt5F,
 Supplier#000308713        | TpPGUTLPeyL1c2zQDu jarNEgFVQTdO4Yma
 Supplier#000308745        | VuNp rlfoLq52zI09pTaJJ6ivWJlAb7phJV
 Supplier#000308821        | Fsvrg0TsvzxdQnoP3Kmqu,gw88F7ehVV5Y
 Supplier#000308860        | nt6t71f6bGAxeiKhpj rkMcxq
 Supplier#000308891        | GIrNh6lObjJZBk0pvu
 Supplier#000308905        | E4ta6lPGoz6XUqCfpjAa 468a7
 Supplier#000308948        | JwY7adunFLa5VU5Vdu3FldlPQCIs
 Supplier#000309053        | PO W9tFu,Wttudrdv7VKCFg47ZNzPKj
 Supplier#000309074        | Tu67xt1jSfW3
 Supplier#000309081        | SAuQfqD P N8H,EllQvkz NJObary4
 Supplier#000309178        | ,flMjFen30qP79ObVg wWqp
 Supplier#000309242        | CgZki5kVE1REFgA
 Supplier#000309292        | TYUIx0,BhuP
 Supplier#000309300        | gFE6w1bjBNPkKPC6N1TaGo8
 Supplier#000309371        | MyDaPBp1tkxI qhzlGup0
 Supplier#000309388        | ZlDKFcxwb2ckC8ssezcqdaxRlt5YYvZ0y
 Supplier#000309428        | 0KjmMYaropE6m7trMDYOtd8u,
 Supplier#000309702        | NQxQmJ5K93dR4IMjKOjPjb7TYWyA qbCP,YjNo
 Supplier#000309737        | YfViu2nNZSuVWq9kHQG0jR5xTW O6VTQ 
 Supplier#000309880        | 1xwfp6ZXzSn8mw2zeEjXM1GKajVocI0
 Supplier#000309896        | APwqeQVdxkOngevybmIo7YHrH8hzVu08A3yAVmaq
 Supplier#000309906        | JZQhrImDRFKkvvLQyYqtn54oju,pokO5Eh
 Supplier#000309934        | na2sqFdGWSLXchoscyvdtAJ
 Supplier#000309966        | t36vw2POJ5
 Supplier#000310317        | SjhXdQEPAeDPgBJHgGb2HgCd8nwd1Kc
 Supplier#000310327        | bIZESBi8iMGn8,fqSXJbkuRMmD1hoYIB,uKfea
 Supplier#000310358        | h3fRNpayF00BiM
 Supplier#000310390        | ujGo lK2kcM9przX gFJ0AjCr3lm6Ka 
 Supplier#000310575        | Tts LbVBKNd0PiPVYwmTFVwG
 Supplier#000310599        | FrCzWvEf86bll5vTPC 
 Supplier#000310601        | 2SDYJhbbQXSmW9L1AK2,m vs
 Supplier#000310650        | K2BDCFinulnXyRoqD
 Supplier#000310743        | xCEhKwA584GWTNCg W4A
 Supplier#000310751        | zfa6iSeQGf6CdD,BkjepCS3P
 Supplier#000310781        | 7ZKIFCPugkJg6ePT7geyK2
 Supplier#000310866        | 6rWRquT6KeVAjT
 Supplier#000310880        | LrFNJYRsAVMZwY0yP0wqO
 Supplier#000310946        | o,B6GMccEkCWD2demXaL4m
 Supplier#000310947        | CPviev4IyrOqMERCLMLjIOgrJ
 Supplier#000310989        | N,w8le8ahKeNOV2WU4QxLO3rUMPa5
 Supplier#000311152        | i02nSYxlf17m3vyJbyC8rGM16e5Zs
 Supplier#000311180        | 8Ld SiLmn7vfto6ps9C0UzVwDgq NrulDSX
 Supplier#000311202        | Gjqg7v9wHB,
 Supplier#000311283        | 6mbhIfrmVUnL7naGRDQYueGWgJ7zkCqe,i5qlup
 Supplier#000311319        | ZJsMdsMJLPIlRaEBIX3wlhBXHJVfBtaX1u
 Supplier#000311373        | Dg5V1HQcWWaF DSDjTN,ZHEwaLssC484Zvif
 Supplier#000311410        | A7hE,Q4teJyisQle85o5hs
 Supplier#000311418        | 0zX74Sm7I2M72ClU
 Supplier#000311507        | Y8WBtk1EPoPqm0Dusq,OmJCUhQPUJN5KvjWr04O
 Supplier#000311698        | 4Csa 2fjvOgUdPwNoPHLNflM9e x2V0
 Supplier#000311742        | rfQAbXfz0X5aHDPsc8 EKrSzeeJiN
 Supplier#000311753        | JVwYExlpfpBYv6qqTBOwS
 Supplier#000311865        | KrQpr 85vt9vaYcu8Pci1toezARFSl8oxmeJO
 Supplier#000311981        | 8FNj9GFisH5q3FU3aQ imUt36e6V
 Supplier#000312058        | nzhXiAgrAio7tpyVNVHaIHa4qjcu
 Supplier#000312125        | 7y9NAczpAkX7 oEbKvRMohq8u9L7GNaLN
 Supplier#000312160        | Hh4t6t0YdW N,fdQzQTzlRgUyN5DSGb 51tXXs
 Supplier#000312231        | X0tb,A7vLo3QYW 0HN
 Supplier#000312246        | 9FSb7WHp5Z2RzwXMX, aYRFlV 15FgPOrdqaf22Z
 Supplier#000312250        | dU RsQXDi0jXU,uAq6
 Supplier#000312330        | bMrUChedGry4qtKOqrEjNDmv 2FJM
 Supplier#000312375        | ykONAZRj30id4kAeWVsT3alRNSZ0JpHbT33vf1n
 Supplier#000312622        | zihtwD sCB0dj01MUTNQDq7Y6m9vBrK
 Supplier#000312699        | 23h,L8wLlRMY1Pbww,Kc47H
 Supplier#000312777        | 8STKvqghYoLbFZ11GMSI8Gkl
 Supplier#000312797        | oUTK7Wmv6M6ZUkvlju3Gy1zatYXzOXl
 Supplier#000312823        | pUQ,q15KyO4LdUBDO5aWt3TVm6tfm,1evPE7Wo
 Supplier#000312839        | Ll0FMyfd,dP,AJhMhnXyYr
 Supplier#000312977        | sLOTZN6QvT5A7OJMwpbNd4Eofced8
 Supplier#000312994        | zk8qrY 8,F4
 Supplier#000313201        | d4QVArXx5X8b0lg50DwWykFDPq
 Supplier#000313251        | r7 Ahf nKvZsGlgIT06Im7Di6JDs 5
 Supplier#000313319        | M2bsM0P2otGxyal28
 Supplier#000313322        | ybk05HkuOlgo9
 Supplier#000313338        | mHfZgDx2baYwa4p0wgAkD30g4O2RZ53DmyVDw
 Supplier#000313404        | nYMBcAUB9s0
 Supplier#000313422        | OHqozoaEbx6ywBTv6
 Supplier#000313434        | Ym3Jy7M,OG
 Supplier#000313436        | lEIHUAUY6dRSnEwi27Xgr Br
 Supplier#000313446        | PDo6rHw2LEThjz6ZfSrwJu
 Supplier#000313466        | GGmXKZ4 Diql
 Supplier#000313509        | oLnbc01tbZhzMLMaDz ,Wl48pVAlHlg8
 Supplier#000313531        | ZasWjo53zuIpQZ56ZHUSL5 gi7vu
 Supplier#000313534        | 56EFA2lVdxMYAgc
 Supplier#000313555        | HnigX9sa8psHwIJj6O MH6TBRgRxn
 Supplier#000313569        | vkZwBkxNdty07egpWoiEEOjgsFat1,jm
 Supplier#000313761        | Q9kadIhtNfeqgBbJzhvGYqVWxwbWF
 Supplier#000313948        | 0YK pbXVH1UHdFWRz7Pav9iIX9ATTndcw
 Supplier#000314017        | BcqOisNv VD8Pn6aa3XnCNs
 Supplier#000314110        | MM365IZY9VsftOfcv,3i5FllmhJpFYhF29a
 Supplier#000314132        | Gxn6JvZacawgtm225mtnLU,grBtjYc9VX1
 Supplier#000314159        | LdwIKyjTBmOLfcXhpn,OKBGo5655z
 Supplier#000314236        | TqPpr3tXkpwKJfbZcTWfbbk Qkw1Jj369dr3
 Supplier#000314259        | ,f7bYjwPsMsXaw7SA1qhDGUn9kAIHz
 Supplier#000314364        | CoDL62MiYcwr8bP
 Supplier#000314466        | j4TUQ 1JNMOSrkZlGnzDICNuwtml,
 Supplier#000314473        | iKAjNA0xrRCtsUOXjzxNWl8
 Supplier#000314482        | rjaboL5MZqkPrdpkt34n
 Supplier#000314523        | K0lHevhN1r3ocUMBrXwynoKtUCNA5Mb1d7Ohl
 Supplier#000314578        | k,KDm25oiCeqeMalA5,4KPbj
 Supplier#000314682        | hPzDhXUJlNfsJgEwTSjCzAjTjPKCvCreXZwxhH
 Supplier#000314784        | JUG iyZZ4wfhmRXoL5i MQx
 Supplier#000314842        | NNgnM975Wj4NkW,,P ePgPl
 Supplier#000314889        |  EyAhJdfJpwsqtYjiN
 Supplier#000314921        | qIiz86lg6HyJgF
 Supplier#000315044        | lTDF7fvuleY
 Supplier#000315045        | NGUona4nkc4P2QRDOQQzCj75gt4I1KSTGy
 Supplier#000315052        | 4IxW2RPXfuGboJJuyugljpF3qsWlN
 Supplier#000315175        |  8U,NhbSPDQIJ5iPn1Ku9hhheuHFdpq
 Supplier#000315193        | b77jFUEEL0HNOaDWf3CJiG96hLz
 Supplier#000315227        | ac269tA4Efu,5OFvLrFfKUnvgT0SYu4G3V60Ktq
 Supplier#000315230        | kC0pmysgL1JxLJCX1 9DE2TkC4CV8
 Supplier#000315243        | yG2FSkpOA1RfTrJT98gr
 Supplier#000315261        | p4kcgavbFh2sxJrw35fmQNoThoq
 Supplier#000315319        | vGyXz2t6SK7nM,JpcGWHPe0cG0fM
 Supplier#000315373        | w8H5CqoG87TriTSuZlMu7P62LxUtbUPSDo
 Supplier#000315383        | TY4pAz6kCss50goeCg6i4HCPEE
 Supplier#000315452        | 8ltZQkjm8A4NDoO uNYa9jRiDzHp
 Supplier#000315523        | ArNPsp9CCF5lgp8G
 Supplier#000315555        | Ft4UH6m53,qXFL2di
 Supplier#000315561        | lWcrdKsHvy7ZHhM42FTv B2BnLxpQ6GbF
 Supplier#000315625        | H1 eroZQmdKDdTEYt15Eafw4BBiEIDp
 Supplier#000315726        | KwF8y5mSjhYn3GS6373b2L
 Supplier#000315801        | 0Tjtgbzje1
 Supplier#000315829        | ,EOffoWk60yoNxYm06ROvT3
 Supplier#000315855        | EO0VnK1TE3RxdTEeWKDDCEC1A86tjcQ
 Supplier#000315874        | 9L8Oo4Wo,sDfYEaEweigO9qwyh
 Supplier#000315878        | wus8u1wcJWRtG
 Supplier#000315921        | dfvkC,DenQAyH5C9HEO8gZ4
 Supplier#000315948        | CttoSNn8xT8Xst4KuKqiQCHFHm 
 Supplier#000316027        | 76VaNBTnue tdiasCa
 Supplier#000316081        | RQtsaK6zwU2gWy
 Supplier#000316107        | PPZ86H9rFweZ90AanMVbX
 Supplier#000316123        | TldIMP7Gan
 Supplier#000316176        | xJyYWQjAFuWZTG0MNf16CCoqMzh7S7S7dnq0H7
 Supplier#000316188        | pL4Hk5pXk2yMr,9CADmM
 Supplier#000316192        | EXUP7sXvtmR7SKsBIGPsHaf3fp4Z3rtQMwKSLb
 Supplier#000316352        | fsLbzJD3u  fUchDjych
 Supplier#000316388        | Z712RmmjQb5YcHqxvVY
 Supplier#000316428        | Iz7d3I1KWESvAV53FddsqLrYh6q14sDgDd o
 Supplier#000316436        | xRHTGRFvaSNTG2Abrbj AE9tDX,2h,4  FlB,T
 Supplier#000316469        | ALudBmc 8uDsyorh1aZ8azeUVDcNravJfr
 Supplier#000316520        | Pt16kkATFUVmcMHBJ
 Supplier#000316605        | nyaaxL64lP1c6
 Supplier#000316631        | 2ya8MqpH5nWB2eo3WS
 Supplier#000316641        | qSwnLuEOSJay
 Supplier#000316681        | itsdUKgbHUIpn10bQsDBn 
 Supplier#000316700        | XvaKUJT8Jg3nAv4tn3c2 Z,7GPM3N13fcZ0yr1,
 Supplier#000316709        | toT1zgHsY2et UmeOOkDFIcKLihEOVl3UqgUql
 Supplier#000316804        | NiehY ,z0RtN8HdaOQS1E
 Supplier#000316832        | MooVkagcqK4gB77Ll2eszzq8FbcFQ7cBuqs0
 Supplier#000316842        | a MUeopc7BeQo8Gr1YLCs
 Supplier#000316895        | MrjrqugtcTiBfnfUpa1xT4ijT2WWKffC9xQmWrz
 Supplier#000316922        | YtISL9vk5RRsW6K
 Supplier#000317016        | pA7XVSYGG1GR,BSH1HayCcJK StLcLONJbB8VsIi
 Supplier#000317021        | WkCeOtP U2lJ8Ptn3WuBGoJA2e6fT02
 Supplier#000317053        | TtbYedQee XKPol9un4
 Supplier#000317113        | NPpMVLGOP3Oe Lw,NDVMwx KtekowS7nAhoM
 Supplier#000317156        | PkCSDXL7T Dx1
 Supplier#000317191        | jLJyIJCc WEkgJurjp058r
 Supplier#000317244        | iKan4ky25wIL,sbDddHGqm
 Supplier#000317262        | 7nytQFpyFvYuXKrPqzPbmvi1m,
 Supplier#000317310        | pSkJZk0sES4OlUyswhb0QipygDSrwTImFRd
 Supplier#000317345        | vmNdMh5HxrfAn,GOpL9exR26  nS
 Supplier#000317354        | JvzNKN7u75GybSHEvWSedzLD1,FFARNKWDt
 Supplier#000317510        | vjWl8qXQ8RkT7ecZxjSgNXUEGs16M9wIv 
 Supplier#000317581        | xgrjMFDbr 2Qwcu n31DKYvrHwpcCEhMUDO0eTqV
 Supplier#000317709        | zkH8vCH4KzvTrVuJdbL38HWgwMC
 Supplier#000317711        | amx4OA11hD C2 c7NvGc,yuCNEKN6t6IUSyV6
 Supplier#000317741        | oCVjpg0U5YOzLXlxc5P6vQl
 Supplier#000317760        | mZhNN0A8eNs3FJtt EA7X7y
 Supplier#000317861        | N8fYRDH8ibWcWE7nBXUiw5XoKrP7bZJqnN
 Supplier#000317877        | HJJmkZ7z9tiz0CRITL
 Supplier#000317888        | m eG8CoBZfY35i0a2dKbAxI7pvD94Tkh Y9
 Supplier#000317981        | HpEraW3nlyOV3rnyg2y3Gk
 Supplier#000318156        | NNOnL75qyXSBMJK9kjA ffd
 Supplier#000318164        | NunTroijuKrSWqZWcl
 Supplier#000318298        | Bz3B65nPKOW8oviitbXIWXQ m
 Supplier#000318327        | KS3A5Ovvr7JijH4nPmZdp
 Supplier#000318376        | GaMZasQCxEFq,zXg1Kyf2FIEFr7TkLjz sVc7M
 Supplier#000318410        | P7,hPFgsnvm,mZ4kMi7kaxii7Lk,XjA
 Supplier#000318435        | KQ08QmOukb2CU KfpRk3nN
 Supplier#000318442        | ynzB3PARh11V1n
 Supplier#000318475        | U7BYO3MxBP9Lk
 Supplier#000318554        | Bdyt41Xt3DcRTFB3irR8HwuRcTp
 Supplier#000318576        | ,zQ2rAEW,5 Xx9oTXzMJON6opzs2w9eTiyX8qC
 Supplier#000318610        | uDE3MlX,EQimUmDb
 Supplier#000318652        | H1BErg,318BcjZeAFezaUH
 Supplier#000318672        | X,NjpcmOQtfz6,rhJdhoztI
 Supplier#000318732        | KMuzuJAjCSQ1m9OXF
 Supplier#000318752        | yiJv6sA0QPa5CHczoSa
 Supplier#000318779        | aK0k jNud3TuDf9
 Supplier#000318830        | 7yNAke3qUfzG,CHi924W
 Supplier#000318881        | Sa2RuwILO,
 Supplier#000319008        | JCJmfXUXHpHEfJGeTbgYBrmv
 Supplier#000319028        | Cvf,ZpQOYhOp8SZsqH,,4Ki
 Supplier#000319303        | U0MdZ5Qw2hIjhWFczcZNB9HhGmH8xNtB
 Supplier#000319322        | UxSwdaozmN7es 0QaUJxdB9CxAxe9L2
 Supplier#000319330        | W7nMvyhuKrmIcSfm6kF
 Supplier#000319403        | R8NvVDhLCLyXxR
 Supplier#000319411        | nKK3EFeWImBv2
 Supplier#000319437        | YZv3Y9,c4yMjm
 Supplier#000319505        | 3Za,5PeFpg3omx2
(5739 rows)

