 ps_partkey |    value    
------------+-------------
    1275116 | 19679459.60
    1356640 | 18657267.92
     125632 | 18411545.78
     273069 | 18055644.27
    1325271 | 17531175.73
      23805 | 17263299.00
    1211443 | 17104491.14
     437483 | 16973170.10
    1505630 | 16870811.95
    1171278 | 16828576.78
      63805 | 16782712.78
     758530 | 16749437.49
     664761 | 16721775.72
     208131 | 16713518.59
     986524 | 16617169.16
      45986 | 16578991.52
     359503 | 16571679.96
     685632 | 16511746.89
     500095 | 16497907.12
    1275371 | 16495555.98
     809350 | 16469207.01
     213847 | 16406003.94
    1215144 | 16390104.21
     974891 | 16327026.73
     454544 | 16309623.76
     246692 | 16287030.40
    1576759 | 16263043.83
     939704 | 16228116.61
    1356997 | 16158008.09
    1108220 | 16151554.85
    1326651 | 16144336.04
     877122 | 16101733.46
    1545848 | 16075864.07
    1188239 | 16025232.19
     277433 | 15999085.81
    1323959 | 15991073.82
    1407843 | 15987570.56
    1351982 | 15966661.14
     306663 | 15915050.50
    1022026 | 15879399.36
     987631 | 15671026.92
     546305 | 15652284.46
     989927 | 15594380.61
     313403 | 15584304.98
     177498 | 15582990.49
      11812 | 15574549.35
    1387203 | 15560705.10
     844216 | 15435822.78
     868033 | 15346917.24
    1587361 | 15320611.28
     109644 | 15301767.06
    1334899 | 15061904.85
    1287126 | 15059993.10
     459492 | 14992490.50
     102171 | 14972734.86
    1143694 | 14972312.10
     562828 | 14965610.92
     420791 | 14931912.75
     454217 | 14889587.95
     637770 | 14828863.65
     627373 | 14809060.15
     214927 | 14804075.03
     612432 | 14779407.03
     571451 | 14775275.04
    1465666 | 14773195.72
     564581 | 14768817.75
     566339 | 14760599.84
    1430532 | 14755255.03
     745820 | 14723033.92
     246623 | 14713251.03
     785459 | 14707093.52
     733434 | 14705221.72
     186936 | 14668577.64
    1428695 | 14640229.29
    1360658 | 14575987.02
    1493068 | 14573598.50
     949205 | 14538859.62
     434262 | 14533174.57
    1485684 | 14531745.12
    1509831 | 14530854.71
     420058 | 14517939.64
     777438 | 14503601.90
     351461 | 14502003.74
    1173482 | 14500719.58
     320788 | 14480012.96
    1452456 | 14473664.82
     411723 | 14469227.98
      58629 | 14452426.12
    1085556 | 14451460.64
     574255 | 14448791.58
    1133163 | 14446449.19
    1314528 | 14425898.36
     693193 | 14424126.99
     971716 | 14417966.54
     858046 | 14410016.06
     927394 | 14399318.15
     495151 | 14381715.72
    1129604 | 14354290.82
    1296257 | 14346694.74
    1311466 | 14307150.37
    1138083 | 14294686.62
     903948 | 14255119.92
     175692 | 14228685.22
    1154763 | 14206430.88
     659069 | 14188443.95
     635685 | 14156890.91
    1572432 | 14146451.19
    1047735 | 14140008.22
     434492 | 14109278.42
    1456688 | 14103305.73
    1126898 | 14089900.86
     645648 | 14089646.07
     152848 | 14082733.78
     705461 | 14054594.32
    1502795 | 14044690.32
      98142 | 14031082.82
     325524 | 14017079.08
     948896 | 13981069.29
     692187 | 13979042.36
     642419 | 13975059.24
     766598 | 13974806.81
    1253449 | 13974001.66
     318292 | 13968210.95
     699098 | 13956547.10
    1016866 | 13938896.08
     819120 | 13851750.17
     128808 | 13843462.73
    1515959 | 13836850.34
    1473924 | 13827223.83
    1226338 | 13806988.01
     320261 | 13805051.68
     493469 | 13801816.44
      33215 | 13784238.48
    1109529 | 13765445.88
     119118 | 13739357.16
    1111292 | 13736067.09
    1106672 | 13731771.25
     764216 | 13686635.04
     717099 | 13685540.53
     875431 | 13675458.88
    1122782 | 13646448.40
     125001 | 13643913.17
     244906 | 13643729.86
     871530 | 13620619.57
     325435 | 13619168.42
    1594557 | 13601829.56
    1398132 | 13594126.14
    1481923 | 13567317.21
    1093178 | 13565093.88
     753489 | 13561408.84
     443745 | 13559237.70
      21126 | 13554684.35
    1533515 | 13540846.90
     236516 | 13522414.12
     990034 | 13510277.95
     322714 | 13509835.06
     534441 | 13493017.50
    1138744 | 13486615.80
     427880 | 13484673.12
     917099 | 13472195.66
     295418 | 13468610.78
    1399072 | 13464348.20
     172898 | 13463253.57
     848790 | 13462783.85
    1135144 | 13453053.12
    1534165 | 13441847.83
     821634 | 13441068.52
      12670 | 13433420.10
     312915 | 13426592.38
     180781 | 13413810.61
     960903 | 13412425.14
    1268169 | 13403789.55
      75754 | 13402944.84
    1431379 | 13400875.08
     222714 | 13391494.73
     565889 | 13364122.26
     589360 | 13353457.77
    1256776 | 13349551.61
     555182 | 13341569.73
     924201 | 13336393.11
     995164 | 13335616.94
     309586 | 13334652.60
     533481 | 13331116.52
     821647 | 13323564.32
    1527227 | 13315074.21
    1576149 | 13311087.96
    1212752 | 13308777.80
     587089 | 13302457.83
     259500 | 13275413.79
     223750 | 13266220.36
     366620 | 13261707.72
     786827 | 13244723.69
    1071172 | 13243779.88
     825777 | 13227781.06
      94689 | 13226316.40
     422580 | 13208143.91
    1167261 | 13205683.72
    1533678 | 13189311.90
    1088327 | 13183867.45
    1233217 | 13180414.74
    1184077 | 13169619.34
      85719 | 13161482.69
     915629 | 13146378.91
      38213 | 13122595.44
     739179 | 13111344.63
     356867 | 13103412.00
    1460115 | 13092595.12
     172653 | 13090996.88
     685418 | 13061954.28
    1445412 | 13040912.79
    1441577 | 13037086.00
     817568 | 13034058.47
    1014852 | 13031700.66
     153695 | 13009740.60
     240791 | 13002719.04
     351102 | 13001712.66
     443237 | 12993194.36
     139693 | 12990390.79
    1064448 | 12988624.08
    1518946 | 12979534.81
    1058763 | 12978629.96
      15886 | 12974563.71
    1187482 | 12971898.63
     927170 | 12970931.39
    1063695 | 12958805.50
     500397 | 12949171.53
     141150 | 12943303.60
     974784 | 12939444.84
    1167047 | 12935640.50
    1564500 | 12933112.29
    1366788 | 12913140.24
    1363303 | 12908824.08
     567254 | 12904471.59
     162716 | 12899620.28
     547889 | 12896890.54
     223518 | 12889005.29
     334257 | 12863235.62
     442333 | 12862937.41
    1034632 | 12855971.36
     412436 | 12855397.89
      47070 | 12846277.11
     345528 | 12841842.68
    1285404 | 12839821.56
    1541907 | 12831551.95
     174532 | 12829578.56
     398173 | 12819022.64
    1540763 | 12816743.76
     844710 | 12814435.89
    1444881 | 12811570.20
      82813 | 12801847.83
      11627 | 12788499.50
    1418350 | 12783193.76
     668382 | 12783178.44
     533016 | 12782868.53
      37427 | 12774019.21
     250328 | 12764088.18
    1110828 | 12761533.07
     651933 | 12749563.50
    1159745 | 12739084.64
    1238129 | 12737798.05
     412845 | 12735697.85
    1331485 | 12733834.19
      41808 | 12731491.82
     637326 | 12730633.30
     775727 | 12726589.64
    1213320 | 12723401.52
     547882 | 12720251.95
     484368 | 12718210.10
    1403337 | 12709751.64
    1200669 | 12704640.79
     518879 | 12695610.91
     135262 | 12690311.00
     307251 | 12682211.11
     251188 | 12676665.63
     212423 | 12643162.45
    1385622 | 12636509.76
     690840 | 12615001.86
    1198022 | 12613712.57
    1376484 | 12612698.58
    1567580 | 12609368.39
     510836 | 12604607.17
     965905 | 12600468.68
    1133675 | 12595458.60
     218032 | 12594630.89
    1572569 | 12593827.63
     280814 | 12577691.14
    1569632 | 12576469.27
     129645 | 12556704.66
     893111 | 12551641.67
     387382 | 12549549.83
    1189413 | 12535424.92
    1142898 | 12533359.18
    1251185 | 12532897.00
     337427 | 12527734.20
     442585 | 12515721.61
    1280206 | 12513857.78
     198802 | 12504455.64
     228548 | 12503239.15
     127051 | 12496533.19
     106821 | 12487410.82
     219339 | 12485637.28
     747591 | 12480295.32
    1367493 | 12461081.13
     672179 | 12454795.78
    1525989 | 12450504.85
     809052 | 12448819.88
     976534 | 12444699.14
     688390 | 12442681.06
    1128995 | 12431658.72
     213194 | 12426658.67
     934546 | 12423617.63
    1536108 | 12423072.81
     614196 | 12414511.00
     414805 | 12404076.80
     367653 | 12402745.37
     420794 | 12401771.39
     578634 | 12399325.86
    1240368 | 12396802.68
    1181068 | 12391693.75
    1353659 | 12386124.27
      13659 | 12382832.10
      90586 | 12382735.95
     822565 | 12379542.80
    1282840 | 12378368.64
      98354 | 12355157.28
     674489 | 12342619.55
    1475338 | 12338104.80
    1461634 | 12320815.77
     635492 | 12320800.20
     536522 | 12319416.81
    1561308 | 12315401.72
     550793 | 12309769.19
     598169 | 12306606.47
     941074 | 12297049.48
    1064432 | 12291941.12
    1135555 | 12290139.16
     702708 | 12283427.75
    1176951 | 12278277.18
     193700 | 12277356.67
     618622 | 12272934.24
     919693 | 12272443.14
    1440236 | 12259999.55
    1396270 | 12259922.92
     427992 | 12259176.90
    1536506 | 12258730.36
     504923 | 12255864.93
     569353 | 12245042.90
    1537876 | 12243588.80
     779119 | 12241773.65
    1594632 | 12237353.64
       6761 | 12205009.15
     463437 | 12200917.33
     799005 | 12198085.72
     841375 | 12197426.84
    1178385 | 12192998.78
    1116177 | 12191841.58
     332802 | 12189342.67
     997508 | 12177980.77
     960502 | 12175137.33
    1436091 | 12174984.24
    1026368 | 12168475.38
     700968 | 12162979.09
     528147 | 12157841.33
    1504863 | 12154305.53
     776363 | 12151572.71
     147495 | 12137083.95
     349396 | 12135713.45
     426165 | 12130951.76
      33155 | 12121889.39
     198860 | 12111776.72
     592897 | 12109421.38
    1546489 | 12105011.64
    1569298 | 12104147.91
    1365508 | 12102877.00
     351880 | 12097175.00
     517190 | 12091995.62
     445909 | 12088317.00
     649198 | 12084130.61
    1151217 | 12080957.12
    1110768 | 12078889.92
    1068194 | 12069220.70
    1309861 | 12057652.67
     217329 | 12055314.69
     256270 | 12049416.06
    1411876 | 12047005.68
     610472 | 12038864.79
    1116135 | 12030567.20
     986344 | 12027106.35
    1074531 | 12012302.45
     125845 | 11997768.35
    1029791 | 11997540.35
    1240887 | 11994677.28
     631957 | 11981819.54
      33713 | 11978600.76
    1071218 | 11975484.24
     183007 | 11972229.01
    1200845 | 11969482.25
     843782 | 11963670.87
       4674 | 11963645.76
    1505979 | 11955348.80
     933133 | 11951074.28
     694635 | 11950160.46
     288906 | 11945147.65
    1467468 | 11944999.00
     402889 | 11931332.90
    1293650 | 11929654.46
     324497 | 11926692.72
    1317500 | 11922377.94
     796315 | 11913002.35
     706538 | 11910268.03
     239753 | 11909712.82
    1529422 | 11909045.79
    1096967 | 11907360.86
     862535 | 11897324.53
     806623 | 11895799.92
     342555 | 11891257.35
     770007 | 11890766.58
     459186 | 11890396.65
     894669 | 11890024.50
     280812 | 11885945.51
    1130540 | 11884356.60
    1429740 | 11881105.45
    1165275 | 11875511.43
      34056 | 11874432.69
    1106305 | 11869784.11
     161455 | 11861173.32
    1022147 | 11860023.81
     569820 | 11859643.12
     853072 | 11852250.12
    1305415 | 11851165.73
     826658 | 11848285.01
    1188512 | 11846138.57
    1001029 | 11842062.52
     825525 | 11839323.74
     621263 | 11837009.81
     403520 | 11836469.70
     293072 | 11833514.50
     408544 | 11832884.31
     289400 | 11828903.72
    1054205 | 11827674.00
     820441 | 11827017.46
     753301 | 11825570.42
    1109421 | 11825285.60
     690973 | 11823803.88
    1440535 | 11821588.33
    1376583 | 11817248.17
     382851 | 11816909.36
     781886 | 11816375.16
    1566628 | 11814330.66
     753063 | 11807799.01
     746350 | 11804847.27
    1361075 | 11803293.78
      46822 | 11791299.60
    1006536 | 11790157.76
     818861 | 11786183.82
     239733 | 11784696.20
    1156418 | 11783047.46
    1339492 | 11782330.26
    1037317 | 11781917.95
    1183697 | 11778718.82
     739014 | 11768067.24
    1131344 | 11768009.88
     444072 | 11758422.00
    1411540 | 11757086.70
     870413 | 11744024.05
     444477 | 11728404.15
     357431 | 11728215.17
    1562645 | 11727912.28
     196774 | 11709475.14
    1056955 | 11707025.24
     748667 | 11706942.34
    1179473 | 11705247.26
      25807 | 11703061.46
    1232694 | 11702781.37
     689200 | 11700719.24
     848159 | 11696982.56
     207842 | 11691997.29
     130865 | 11691312.31
     336863 | 11686732.90
    1490439 | 11680283.21
       9834 | 11677834.91
    1444954 | 11667843.64
     987259 | 11664232.24
     458776 | 11658333.52
     931552 | 11656358.16
     496744 | 11648536.32
    1132651 | 11646074.52
     491384 | 11639991.00
     106620 | 11638415.60
     653821 | 11634771.42
    1415100 | 11633226.24
     360480 | 11622910.21
     325303 | 11622856.95
    1069101 | 11611278.92
     325631 | 11610211.47
     805239 | 11604480.84
    1557047 | 11598713.54
    1590785 | 11596037.77
    1007486 | 11593506.26
     785609 | 11593410.49
     861192 | 11582998.64
     565648 | 11581489.18
     373312 | 11581341.82
    1369434 | 11580944.88
     867608 | 11579638.33
    1592451 | 11578215.66
    1477627 | 11576205.80
    1559677 | 11569380.68
     553893 | 11568800.16
     363216 | 11565260.69
    1056045 | 11557654.54
     214500 | 11548168.36
    1386008 | 11545116.71
    1554594 | 11526092.90
    1566570 | 11525150.60
     906292 | 11524751.77
     797182 | 11522191.46
    1394909 | 11515559.14
     439869 | 11513656.84
     384534 | 11513620.02
     525639 | 11505132.76
     737224 | 11504234.95
     475906 | 11502553.52
     633464 | 11499948.83
     946015 | 11499665.20
     942832 | 11490805.81
     339363 | 11477127.74
     280436 | 11464050.28
      44299 | 11462155.10
    1371574 | 11461172.76
     517131 | 11458314.79
     147889 | 11454639.55
     551113 | 11442635.86
     380924 | 11440184.70
    1176588 | 11436078.16
    1475265 | 11425061.70
     777947 | 11424579.06
    1276469 | 11423151.09
     569803 | 11417911.08
     267652 | 11414192.07
     646818 | 11412215.40
    1326988 | 11408729.70
    1318801 | 11408249.55
     115465 | 11407925.80
    1441950 | 11405631.92
     276240 | 11401864.14
    1211263 | 11401108.80
    1150500 | 11397992.85
      67655 | 11386833.04
    1065973 | 11380969.48
     495188 | 11380736.49
    1095666 | 11374879.86
     732661 | 11372836.80
     315659 | 11356202.00
    1331832 | 11356192.91
     597312 | 11356068.10
     547655 | 11354912.10
     547078 | 11348412.29
     866656 | 11346264.67
     597425 | 11345262.68
     887115 | 11344842.02
     717013 | 11339644.07
    1452349 | 11337201.60
     628169 | 11336045.16
    1511497 | 11335172.09
     746012 | 11331883.76
     991461 | 11329643.48
    1124433 | 11328739.71
    1099793 | 11327129.94
     437451 | 11325170.85
    1221162 | 11316148.55
     502804 | 11310677.75
     717097 | 11303180.97
     876957 | 11298986.60
     365618 | 11298023.70
     849313 | 11294348.26
      51864 | 11288927.67
    1531645 | 11287692.32
    1442343 | 11287146.97
    1264269 | 11286264.50
     458705 | 11278200.16
     777371 | 11277176.78
      56883 | 11269970.96
     711627 | 11269135.70
     242806 | 11263828.15
    1523266 | 11263783.20
     654224 | 11262750.14
     818964 | 11260685.18
    1132739 | 11259489.26
    1278183 | 11248970.45
     525829 | 11247262.59
     326666 | 11246307.33
     688737 | 11242333.71
    1107181 | 11227559.16
    1145501 | 11226667.21
     801355 | 11226599.51
    1121335 | 11226569.21
     399511 | 11226042.28
    1148137 | 11224705.20
    1193057 | 11221817.30
     204835 | 11221102.58
      50251 | 11219411.11
     768314 | 11218820.32
    1004674 | 11203392.56
    1114428 | 11197320.71
     146567 | 11195867.49
      53713 | 11193670.78
     310559 | 11192883.28
    1332423 | 11191718.28
     639329 | 11186345.76
     345535 | 11181481.46
     146923 | 11180639.56
     816324 | 11167746.48
    1471461 | 11165032.88
    1406563 | 11163497.52
     246615 | 11153106.36
     101148 | 11149091.11
     422348 | 11147099.07
     527613 | 11144988.14
     704825 | 11139931.76
     666573 | 11136434.87
     808370 | 11131290.22
     826179 | 11128889.56
    1224747 | 11121365.43
      39832 | 11119711.74
    1596762 | 11109130.90
     605454 | 11105996.40
    1372094 | 11101933.38
     903840 | 11100412.31
    1385525 | 11100329.64
    1512814 | 11089440.62
    1418004 | 11076895.44
     597940 | 11072371.15
    1226691 | 11071052.81
      15990 | 11068845.45
     571873 | 11068502.20
    1129213 | 11060526.91
     767352 | 11056650.08
     723082 | 11054985.41
     372027 | 11054721.36
    1053042 | 11046447.26
    1260085 | 11043828.96
    1374039 | 11037580.53
    1477433 | 11035208.44
     792104 | 11031675.37
     577123 | 11030922.56
    1158499 | 11029570.13
     919303 | 11019815.03
    1260484 | 11014248.23
     297436 | 11013880.31
     496955 | 11011902.42
     293730 | 11000995.19
    1094404 | 10990388.48
     477615 | 10988756.08
    1423057 | 10981029.07
    1367186 | 10978904.38
    1321466 | 10974142.92
     919345 | 10964404.17
    1177987 | 10961926.14
      50261 | 10961189.90
    1083708 | 10959446.49
     383257 | 10958203.62
     500827 | 10957991.13
    1325429 | 10954051.58
     707187 | 10951376.74
     987486 | 10948419.80
    1438263 | 10942805.97
    1005660 | 10940809.84
     420399 | 10933671.10
    1389838 | 10931404.02
     197095 | 10928770.72
    1448358 | 10927461.31
     188905 | 10926522.28
    1529834 | 10924738.04
     248144 | 10923318.47
    1532757 | 10922809.26
    1435242 | 10921579.27
     301591 | 10920996.93
     392525 | 10916204.52
     194056 | 10911106.75
     638167 | 10910896.08
    1429392 | 10909616.01
      78629 | 10908055.94
    1540544 | 10905324.93
     656583 | 10896164.86
    1531879 | 10894445.91
     501888 | 10894077.92
    1285641 | 10893341.88
    1354222 | 10891381.16
     772095 | 10884767.14
     883726 | 10882738.36
    1027462 | 10877409.75
     512806 | 10874974.86
     146557 | 10874447.77
     909441 | 10871264.14
    1314506 | 10868107.34
     584972 | 10867271.85
    1191330 | 10865369.00
     242828 | 10862577.99
     550063 | 10858607.74
     339123 | 10858112.52
     710848 | 10855560.62
     734325 | 10854544.00
     733480 | 10853323.22
     537137 | 10850947.17
     574327 | 10850772.85
    1357918 | 10849393.41
     545429 | 10849376.60
     407260 | 10849242.81
     415941 | 10849155.76
     758768 | 10849011.80
    1405026 | 10848309.60
     127598 | 10847045.64
     711517 | 10846967.25
     968523 | 10846347.79
     247522 | 10845870.29
      29197 | 10845385.25
    1049216 | 10844331.17
     902673 | 10843121.73
     439181 | 10840914.74
     576770 | 10839304.14
    1488634 | 10839191.65
    1164565 | 10833210.87
    1104878 | 10830873.08
    1042689 | 10827666.78
     483085 | 10826275.24
    1020904 | 10814358.30
    1377295 | 10806517.63
    1496471 | 10802619.91
     456259 | 10798055.37
    1554166 | 10794530.99
     992992 | 10786944.75
      57099 | 10783835.04
     851947 | 10782170.40
     627363 | 10778640.05
     530411 | 10777166.72
     861150 | 10772569.07
      51846 | 10772072.04
     709638 | 10764364.78
    1521057 | 10753861.92
     349151 | 10751264.68
     871564 | 10750070.76
     839052 | 10749542.88
    1281229 | 10748385.66
     454169 | 10741001.40
     105795 | 10739048.23
     426669 | 10728068.02
     635137 | 10727742.90
    1123717 | 10726841.91
    1545535 | 10725781.76
     609396 | 10723961.97
     728954 | 10720136.40
    1058590 | 10719449.63
    1522890 | 10715869.99
    1519483 | 10713855.86
     636791 | 10711000.73
     751853 | 10709690.70
     652913 | 10708427.65
    1136019 | 10706885.07
     411353 | 10698894.09
    1257045 | 10695893.83
     784692 | 10692504.34
     563100 | 10687078.70
     662692 | 10680803.79
     243845 | 10678792.19
     363253 | 10675060.74
     885699 | 10674875.77
     798168 | 10668412.77
     914308 | 10660222.46
    1162454 | 10660136.60
     876524 | 10656671.21
    1151444 | 10655739.02
     609632 | 10655680.30
     602297 | 10654048.44
     707647 | 10652073.63
     203262 | 10651617.70
     347510 | 10651572.99
    1404466 | 10650026.40
     118181 | 10646805.47
    1529347 | 10646610.48
     757431 | 10644410.53
     410674 | 10639557.22
    1548535 | 10638772.22
    1382996 | 10637786.78
     250426 | 10637598.12
     702888 | 10635263.90
     111403 | 10631939.40
      33191 | 10630877.95
    1070268 | 10626473.28
    1013214 | 10626235.35
    1265597 | 10625841.46
     537196 | 10625411.19
     636737 | 10624457.22
     114957 | 10619355.42
      70382 | 10616304.78
     744368 | 10610778.62
     352806 | 10610632.82
     725626 | 10610415.39
     606674 | 10609136.32
     428058 | 10608158.53
     226622 | 10606175.79
     582968 | 10604057.73
     966280 | 10604003.74
     790294 | 10603826.70
    1594288 | 10600258.72
     456981 | 10593487.86
    1475051 | 10590962.48
    1025672 | 10585084.22
     246681 | 10583817.52
    1010757 | 10582971.33
    1344298 | 10578423.86
    1256047 | 10576719.66
    1289890 | 10576544.76
    1476977 | 10574258.64
     526926 | 10573748.92
    1544175 | 10573733.84
     946475 | 10573727.64
       9197 | 10568761.60
     353187 | 10566219.16
      97327 | 10564548.00
    1048233 | 10563747.99
    1097593 | 10562196.34
    1571430 | 10561811.64
     680960 | 10554972.32
     822688 | 10548921.77
     712425 | 10538684.52
     565501 | 10538319.99
    1297013 | 10536854.72
     967619 | 10533179.13
    1589777 | 10532463.02
    1443654 | 10531323.44
    1525335 | 10530616.06
    1127280 | 10529760.57
     379901 | 10529405.68
    1488702 | 10525652.37
     803762 | 10524001.83
    1164764 | 10522032.28
    1306522 | 10520985.50
     270198 | 10518161.46
     550255 | 10513864.71
     386470 | 10511186.82
    1343858 | 10509985.58
    1318129 | 10506692.30
      14560 | 10504291.92
     406628 | 10501553.26
     954352 | 10499130.60
    1189073 | 10498669.53
     990237 | 10497424.00
     598615 | 10496930.34
    1307866 | 10495893.92
     684477 | 10493232.85
    1054518 | 10484330.54
     243373 | 10480325.08
    1011282 | 10479325.88
    1204302 | 10478148.79
     499112 | 10477260.12
    1386327 | 10474979.17
    1028516 | 10474887.61
    1443247 | 10473292.92
    1287321 | 10473273.05
     911495 | 10471286.00
    1457337 | 10469656.12
      99030 | 10468668.66
     824807 | 10467011.24
    1507896 | 10466874.61
     615736 | 10466393.66
    1085616 | 10465832.88
    1419701 | 10458620.46
     479859 | 10457174.74
     406511 | 10453766.36
     962911 | 10453761.94
      59052 | 10452559.78
     189236 | 10448737.73
    1104235 | 10447529.28
     937977 | 10447168.24
     924942 | 10441865.52
     873968 | 10441327.24
     125373 | 10439026.69
    1229216 | 10438418.34
    1555952 | 10438308.96
     999525 | 10438238.88
     174319 | 10437380.42
     553075 | 10428726.57
     781605 | 10427643.74
     474060 | 10423518.12
     973428 | 10422271.04
     762698 | 10419750.17
     718648 | 10418556.02
     711864 | 10416620.64
     474252 | 10406227.20
    1189592 | 10406221.80
     476529 | 10405670.53
    1324606 | 10403875.99
     330370 | 10402577.20
     905975 | 10401204.61
     197135 | 10399242.07
    1268909 | 10397885.42
    1231585 | 10390259.64
     969915 | 10388630.64
    1097207 | 10385119.66
    1281434 | 10381323.22
      29055 | 10377754.88
       3708 | 10375016.01
     981010 | 10372296.80
    1571368 | 10372003.74
     894319 | 10370420.96
    1050855 | 10370360.77
     150086 | 10370036.52
     844456 | 10369090.35
    1320636 | 10366274.93
     136577 | 10365561.47
     157875 | 10363341.66
    1347450 | 10361645.17
    1362369 | 10359832.40
     110683 | 10359179.69
     428374 | 10357305.88
    1292760 | 10356430.75
     148095 | 10356417.05
     166666 | 10355071.08
     962255 | 10354773.25
    1501334 | 10352804.11
     296807 | 10349173.66
     717329 | 10339309.25
      24087 | 10333819.89
    1097133 | 10333518.19
      78994 | 10332024.54
    1470792 | 10326727.67
     741124 | 10322871.79
     223443 | 10319487.30
    1255960 | 10313920.98
    1270848 | 10313521.79
     349630 | 10311331.62
     946367 | 10301431.20
    1381092 | 10301182.28
    1354915 | 10300547.85
    1541088 | 10299017.17
    1035276 | 10292110.50
     929834 | 10289760.56
    1529275 | 10289077.98
      37620 | 10286089.00
    1475822 | 10284601.40
    1136511 | 10284412.86
    1522948 | 10284370.89
    1156972 | 10278415.41
     519846 | 10269043.45
      84031 | 10265858.82
    1131306 | 10261615.65
    1537622 | 10258193.67
     706589 | 10256769.34
     405177 | 10256604.35
     500806 | 10254421.43
     621243 | 10253567.20
     276525 | 10252470.72
     201493 | 10246091.57
     383640 | 10243375.75
     306009 | 10242955.74
     282249 | 10237388.96
    1478771 | 10237118.31
     192435 | 10233684.71
     566127 | 10233377.60
    1027283 | 10229070.37
     724492 | 10226804.94
     806488 | 10226082.41
     882482 | 10225055.31
     832679 | 10224525.84
    1192145 | 10223930.18
    1285344 | 10223474.28
    1576724 | 10223439.37
     424269 | 10223139.52
     793425 | 10218872.32
     307480 | 10213876.05
     718189 | 10211333.76
    1543587 | 10206522.80
    1410495 | 10205969.89
     122946 | 10204964.34
     262536 | 10201968.33
    1547203 | 10200731.31
    1345287 | 10198912.91
     672143 | 10198511.46
    1573472 | 10198316.74
     153198 | 10195437.16
     108486 | 10192956.11
    1581132 | 10190156.34
     880143 | 10187293.77
    1440761 | 10186852.56
     421562 | 10185423.66
     399015 | 10184828.28
     933006 | 10184130.65
      74341 | 10179628.19
     995388 | 10179011.43
    1133065 | 10173789.66
    1065657 | 10173293.70
    1031498 | 10171888.22
    1126380 | 10168117.10
     918474 | 10168066.75
     934948 | 10165595.15
     583789 | 10165544.34
     131404 | 10158456.12
     105638 | 10157349.89
     886681 | 10156975.44
    1055678 | 10154084.67
    1312897 | 10153909.99
     465426 | 10153701.52
    1297484 | 10151692.64
      30382 | 10150297.85
     396875 | 10150068.40
    1495840 | 10149587.20
     955308 | 10148832.65
     968896 | 10148823.37
     966546 | 10146795.04
    1045642 | 10144215.72
    1238205 | 10137783.16
     882843 | 10137009.84
     968133 | 10132496.42
     631580 | 10129850.54
     596290 | 10129293.32
     917086 | 10128973.72
     616038 | 10126863.56
    1465561 | 10126708.53
     897955 | 10125625.67
    1011177 | 10113109.20
     513475 | 10113037.19
    1393395 | 10107688.12
     893058 | 10107422.25
     106501 | 10106053.86
    1051433 | 10102754.72
    1165483 | 10100188.60
    1177366 | 10093749.80
    1395378 | 10092984.52
     142807 | 10091332.48
     953100 | 10088176.59
     203645 | 10086918.42
    1155089 | 10086688.26
     862529 | 10086569.95
     144759 | 10085302.28
      34454 | 10076888.75
    1074767 | 10074338.61
    1084213 | 10074235.71
     726545 | 10072343.94
    1372648 | 10070656.46
    1556408 | 10066079.89
     499692 | 10060936.98
     687647 | 10060580.98
    1569796 | 10058587.79
     388487 | 10057074.24
    1029255 | 10056193.62
     991594 | 10047692.71
     238034 | 10046561.44
     734351 | 10046238.87
     503355 | 10044583.33
     257785 | 10043343.75
     776799 | 10039714.71
    1461349 | 10034269.09
     796304 | 10030306.73
    1138761 | 10029120.31
     166804 | 10023274.94
     744016 | 10023210.30
     783247 | 10022537.22
     488382 | 10021299.33
     196376 | 10018586.92
     847868 | 10017465.60
     594258 | 10013203.99
     286874 | 10009808.67
     896693 | 10007954.55
     429308 | 10006440.45
     769443 | 10004349.84
     948442 | 10003686.81
     176744 |  9998826.81
    1574269 |  9996718.76
     259502 |  9995539.04
     957052 |  9991220.40
     910190 |  9988952.88
     961611 |  9988037.58
     998686 |  9987665.73
    1483211 |  9985837.56
     608394 |  9985196.24
     902282 |  9985048.56
    1532902 |  9984446.04
    1534909 |  9982808.91
     121149 |  9981479.62
     274056 |  9980123.92
    1122389 |  9978820.96
     275338 |  9973052.98
     127877 |  9971610.68
     981607 |  9971052.00
    1049860 |  9966924.18
      83643 |  9963565.26
    1094231 |  9958451.86
    1190526 |  9957897.93
     487053 |  9954549.50
     786915 |  9953352.70
    1152273 |  9950952.15
     130511 |  9949345.12
     981349 |  9946664.82
     372777 |  9945115.57
    1171149 |  9944005.64
    1007036 |  9943958.94
    1242786 |  9941363.44
    1317679 |  9940779.17
    1318597 |  9937830.71
     902368 |  9935915.46
    1371706 |  9935467.01
      83833 |  9935338.86
    1468684 |  9931789.94
    1387345 |  9931310.94
    1566020 |  9929775.52
     964177 |  9927568.55
     706916 |  9924439.39
    1147247 |  9922967.71
     786624 |  9921605.20
    1597427 |  9920378.61
    1438021 |  9917399.47
      25435 |  9914727.72
     949635 |  9912517.10
     269919 |  9910387.44
    1314883 |  9910289.74
    1355465 |  9909008.61
    1104475 |  9908781.61
     355068 |  9907342.12
     153205 |  9905969.40
     420363 |  9904004.61
     543094 |  9902437.85
     531574 |  9901134.60
     208434 |  9900047.78
     599825 |  9900001.94
     147650 |  9899897.70
    1509992 |  9897831.90
     476762 |  9896915.47
     629853 |  9896415.11
     109854 |  9895943.57
    1120686 |  9893195.97
      68466 |  9893058.91
     300817 |  9891439.16
     835886 |  9891205.88
     839345 |  9891199.20
    1161307 |  9889838.54
     931971 |  9889538.45
     850372 |  9888303.60
     658773 |  9887685.05
      81251 |  9887601.53
    1274220 |  9886941.73
    1581769 |  9885231.28
     660788 |  9881797.05
     681376 |  9879575.21
    1049646 |  9878216.36
     251670 |  9876915.55
     254554 |  9876019.55
    1365225 |  9875847.57
    1171487 |  9874366.43
    1497578 |  9874237.06
    1466633 |  9873033.45
    1271701 |  9871141.14
     806005 |  9870074.40
    1057609 |  9868501.32
     615069 |  9868410.11
     500614 |  9867405.94
    1563591 |  9867403.94
     901211 |  9866427.17
     312145 |  9865945.62
    1563594 |  9865799.58
     763448 |  9865595.76
     206141 |  9862997.44
    1291864 |  9860125.57
      17427 |  9859654.92
     274198 |  9856373.90
    1596089 |  9855756.61
     361337 |  9855323.53
    1380448 |  9854570.64
    1254310 |  9852766.56
    1033191 |  9850823.05
     441459 |  9849370.38
    1566530 |  9847365.78
     202100 |  9846325.98
    1279500 |  9844293.40
    1105983 |  9842849.64
    1522701 |  9841556.40
     390901 |  9840377.35
      94924 |  9840272.21
     360796 |  9840221.10
    1250273 |  9840077.50
     301343 |  9837361.39
    1265866 |  9837287.04
    1435283 |  9836441.72
     244488 |  9834240.46
     827486 |  9834165.58
    1326344 |  9833950.79
     716221 |  9833812.02
    1013577 |  9833598.04
     966683 |  9833589.75
     775754 |  9833426.96
      32441 |  9833076.25
     649962 |  9828159.40
     969199 |  9827351.64
     353408 |  9826347.24
     466005 |  9824957.10
     530200 |  9823154.27
    1283986 |  9822960.36
    1541440 |  9822800.52
     205431 |  9821563.85
     368091 |  9820776.37
     107553 |  9819081.90
     520798 |  9817903.23
    1393468 |  9817423.76
     332072 |  9816702.00
     574595 |  9815975.82
     937637 |  9815140.39
     434285 |  9814058.90
     621633 |  9813850.50
     397915 |  9812799.55
     763248 |  9812577.24
     377419 |  9810342.52
    1061383 |  9810104.51
     694497 |  9809099.96
     293412 |  9808337.90
      35024 |  9807523.04
     871625 |  9806460.20
    1279473 |  9802776.64
    1466543 |  9801460.31
     887475 |  9801179.64
     575144 |  9800773.72
     856294 |  9800417.38
     425679 |  9800407.82
     840859 |  9799567.80
     838375 |  9798368.35
    1489157 |  9797186.41
    1453810 |  9797090.37
     193097 |  9794835.84
     330443 |  9794410.60
    1077678 |  9793478.75
     195952 |  9793292.61
    1397849 |  9792636.30
     953081 |  9791410.53
     168135 |  9790996.23
    1564792 |  9790193.03
    1331297 |  9790092.95
      15717 |  9789902.10
     465359 |  9789868.84
    1390890 |  9789039.92
     927968 |  9789020.11
      25577 |  9787529.36
     148516 |  9786944.44
     941034 |  9786721.95
    1385009 |  9786410.64
    1096433 |  9783351.87
     444528 |  9783063.75
      37445 |  9781868.64
    1503758 |  9781435.08
     152510 |  9780457.18
     219204 |  9779819.16
     142896 |  9778830.10
     841140 |  9778032.15
      54011 |  9775740.00
     199282 |  9775707.72
     957933 |  9775519.92
    1423610 |  9774096.36
    1524834 |  9770969.07
     786066 |  9769542.84
    1315997 |  9768255.14
    1388661 |  9767412.66
     876965 |  9767102.22
     222320 |  9766579.68
     101887 |  9765848.56
     684990 |  9765508.90
    1202529 |  9764432.40
    1552670 |  9764286.40
     285911 |  9763426.80
     142983 |  9761971.91
     486908 |  9760635.56
    1065811 |  9759099.24
     322716 |  9758926.96
    1210986 |  9758047.39
     954658 |  9757995.24
    1251293 |  9757814.34
    1446472 |  9757799.74
    1373387 |  9757433.06
    1198806 |  9757135.18
     940968 |  9755474.12
    1026839 |  9754684.34
     923851 |  9752729.22
     951563 |  9752345.53
     889276 |  9751180.06
     210684 |  9750833.98
    1492752 |  9750751.20
    1323307 |  9750017.61
    1253713 |  9749077.80
     387251 |  9749040.47
    1507054 |  9748535.34
    1003308 |  9747781.68
     761705 |  9746536.68
    1493161 |  9745615.83
      13726 |  9745320.76
    1449019 |  9744878.58
     817498 |  9744768.14
    1274222 |  9743662.80
       7843 |  9743482.44
    1184419 |  9743197.12
     647631 |  9742941.18
    1012423 |  9740984.40
     801360 |  9737678.64
     174493 |  9737351.37
     957202 |  9737177.03
     166138 |  9736696.36
     398178 |  9735048.12
     955865 |  9733323.60
    1454861 |  9733051.72
    1134869 |  9731770.90
     135754 |  9729829.03
     472102 |  9729771.84
     994305 |  9729731.29
     931893 |  9729477.97
    1006977 |  9729258.75
      89296 |  9728360.55
    1339704 |  9728344.74
     782836 |  9728274.69
      86086 |  9727596.00
     206278 |  9727130.10
     398395 |  9726932.26
     367118 |  9726278.64
    1415706 |  9724411.08
      53443 |  9723905.03
     839171 |  9723645.65
     751585 |  9722829.12
    1136118 |  9720452.56
    1315787 |  9718705.14
     631508 |  9718273.24
     928390 |  9718252.78
     536358 |  9716964.77
    1193439 |  9716006.06
     741781 |  9715802.80
    1116634 |  9714878.60
     497191 |  9714849.54
    1470863 |  9714732.86
     621873 |  9714656.00
    1221765 |  9714130.58
    1526118 |  9714080.64
      30754 |  9713970.40
     657859 |  9713459.00
    1050542 |  9713303.18
    1589878 |  9712713.36
    1015480 |  9712022.58
     437666 |  9711833.35
     508963 |  9710109.50
     669770 |  9709594.85
    1298953 |  9708813.78
     186806 |  9708741.36
    1179032 |  9707808.25
     891515 |  9707100.00
     214251 |  9706765.96
     910310 |  9706330.24
     261501 |  9705540.40
     805796 |  9705091.41
     931458 |  9704909.60
     601375 |  9704096.85
    1427447 |  9701923.77
     660804 |  9701646.95
     339884 |  9701229.45
     342618 |  9699573.46
    1504665 |  9698426.28
     202944 |  9697368.90
     318795 |  9697261.74
    1290629 |  9695480.00
    1390794 |  9694663.28
     679264 |  9694090.14
     619693 |  9693924.76
    1557104 |  9693736.13
     804314 |  9692570.16
     285497 |  9691838.31
     304782 |  9691730.94
       4841 |  9691513.02
     179488 |  9690336.07
    1516414 |  9689023.15
    1577731 |  9687371.40
     925324 |  9686876.16
    1264810 |  9683828.60
     654668 |  9682689.96
     747782 |  9680537.40
     866539 |  9680107.34
     771893 |  9678368.77
     670762 |  9678020.80
     452158 |  9676721.41
    1209498 |  9676116.02
      90044 |  9676065.60
     288383 |  9676050.51
     642268 |  9675527.26
    1511136 |  9675291.34
    1149806 |  9675053.46
     669622 |  9674708.64
     755220 |  9673723.44
     801069 |  9673501.95
     678531 |  9671674.00
    1544893 |  9671540.67
    1431242 |  9671190.30
     912995 |  9670557.78
     499413 |  9670208.40
    1507042 |  9669710.34
     682997 |  9669652.99
    1528176 |  9669265.55
    1072859 |  9668563.36
     937436 |  9668440.22
     202886 |  9668219.09
     280801 |  9667610.00
    1128526 |  9667211.16
    1157193 |  9667036.71
     685106 |  9665943.30
    1260767 |  9665922.96
     690122 |  9664822.60
     587867 |  9664606.90
    1584720 |  9664510.88
     995040 |  9662591.68
    1076982 |  9662322.79
    1551458 |  9661184.76
     862537 |  9661039.20
     105000 |  9660436.06
     443909 |  9659990.16
     377097 |  9659660.08
    1418613 |  9658580.64
     695135 |  9658508.88
    1289284 |  9657785.31
    1089396 |  9656760.00
    1098220 |  9656746.54
     607372 |  9655755.18
     267093 |  9655680.40
     339688 |  9655514.17
     884902 |  9655137.60
     465518 |  9655022.70
    1056793 |  9654812.82
     379793 |  9654419.00
     235014 |  9653737.19
     870318 |  9653588.84
     100482 |  9653560.12
    1090507 |  9652893.00
     360272 |  9651980.80
     248092 |  9649178.55
    1566093 |  9648902.91
    1096013 |  9648588.75
     570507 |  9648411.37
     812923 |  9647684.20
     125525 |  9647158.05
     811313 |  9645331.20
     909233 |  9644712.00
     543323 |  9644676.12
      72569 |  9643526.90
    1144285 |  9643210.60
     975240 |  9640624.38
     221373 |  9640493.63
      88133 |  9640044.26
    1274769 |  9639198.52
    1334104 |  9638012.13
     861241 |  9637483.98
     982123 |  9636821.16
     540983 |  9635867.07
    1169471 |  9634762.78
    1381400 |  9634707.00
     289989 |  9632149.17
    1212087 |  9630231.73
     165642 |  9629358.08
     588717 |  9629066.77
     268617 |  9628734.24
     313195 |  9628639.60
    1480272 |  9628508.34
    1221096 |  9628252.56
    1449779 |  9627326.04
     972032 |  9627033.68
     847171 |  9626453.04
    1359195 |  9626262.77
     406377 |  9626131.55
     207376 |  9625852.39
     157933 |  9625487.08
     487641 |  9624939.63
     629847 |  9624195.41
     466545 |  9622733.14
    1535729 |  9622421.60
     383337 |  9622303.90
     222326 |  9622143.36
     257874 |  9620386.65
    1090842 |  9620057.49
    1057495 |  9618893.10
     993711 |  9618611.10
     766373 |  9617898.24
    1234886 |  9617309.73
     780609 |  9616292.79
    1119192 |  9614484.90
    1261046 |  9613723.24
     651178 |  9613472.48
     567369 |  9613294.60
     762971 |  9613234.15
    1155038 |  9612809.37
     162579 |  9610889.04
     138135 |  9608634.21
    1086510 |  9608415.44
     944759 |  9608356.84
     697786 |  9607301.17
     810115 |  9607004.20
     956332 |  9606670.62
     802845 |  9605410.05
    1365719 |  9604740.51
    1582816 |  9604344.05
    1106878 |  9603855.60
    1060849 |  9602487.73
    1095506 |  9601628.68
    1476223 |  9601481.25
    1145654 |  9601113.10
     589471 |  9600695.25
     883717 |  9599743.80
     306701 |  9599348.28
     969757 |  9598592.00
     734805 |  9598487.92
     253280 |  9598350.17
    1581334 |  9597892.50
     335903 |  9597754.66
    1098040 |  9597621.07
    1201061 |  9596673.78
     657075 |  9596019.38
      84792 |  9593873.67
     881355 |  9593721.02
    1463280 |  9593300.78
     175502 |  9592904.70
     704293 |  9591284.44
     911320 |  9591063.30
     217423 |  9590947.98
     300842 |  9590070.71
    1256118 |  9589815.48
    1307857 |  9589284.60
    1137637 |  9588022.44
     162892 |  9587800.90
    1313475 |  9587554.83
     304869 |  9587307.24
    1502304 |  9587200.64
     534953 |  9586647.16
     897235 |  9583922.48
     605903 |  9583862.32
    1238198 |  9583647.41
     545465 |  9583442.10
      89594 |  9582921.10
      17620 |  9581160.91
    1201198 |  9580195.29
    1448064 |  9580175.22
     977952 |  9579726.75
    1111031 |  9579348.48
     934123 |  9578807.66
    1570293 |  9578793.45
    1030005 |  9578304.00
     745235 |  9578181.54
    1500409 |  9577964.20
      87503 |  9577444.61
     833869 |  9577435.86
     911831 |  9577245.30
     609298 |  9576132.48
    1377609 |  9575427.82
    1331683 |  9575324.66
    1125173 |  9574720.48
    1299872 |  9573951.92
      36259 |  9573854.17
    1268516 |  9573099.48
    1465387 |  9573040.80
     375496 |  9572018.91
     609846 |  9571404.05
    1475688 |  9570491.28
     988464 |  9570467.40
     482482 |  9570178.24
     563784 |  9567975.00
    1592132 |  9566726.19
    1155080 |  9566542.95
     759837 |  9566087.32
    1145622 |  9565886.31
     849590 |  9565644.78
    1368661 |  9565569.01
    1273823 |  9565267.07
     931729 |  9564870.96
     635412 |  9564153.88
     541940 |  9564023.70
     758895 |  9563872.00
     567060 |  9563027.40
     185657 |  9562481.40
    1016518 |  9562289.28
     132847 |  9562266.16
     956636 |  9562207.68
     441043 |  9561717.76
     284779 |  9560999.43
    1297934 |  9560824.94
    1335838 |  9560341.85
    1090159 |  9559818.28
    1482318 |  9559413.33
    1280473 |  9558824.22
     630696 |  9557556.15
     864012 |  9557544.15
     542593 |  9557243.18
     631185 |  9556340.64
     227774 |  9556123.89
    1539718 |  9555898.73
     664876 |  9554520.80
     573688 |  9553860.24
    1045626 |  9553807.08
      93650 |  9553563.04
     817847 |  9553418.31
    1246973 |  9553110.51
     351522 |  9552576.66
     335633 |  9552571.20
     488960 |  9552440.62
     782326 |  9552375.09
     873215 |  9551190.18
    1416287 |  9550060.48
     425360 |  9549165.95
    1590894 |  9549144.36
    1361571 |  9548903.91
    1449331 |  9548599.96
     372117 |  9548236.62
    1575829 |  9547684.72
     857291 |  9547067.04
    1111701 |  9546148.04
     435861 |  9545863.58
     316810 |  9545824.18
    1028400 |  9545676.00
     792726 |  9545672.72
     398417 |  9545506.75
     174577 |  9545483.72
     918159 |  9545463.54
    1492475 |  9545102.60
     961353 |  9544989.42
     395519 |  9544958.64
     819269 |  9544629.12
     273229 |  9544516.86
     268954 |  9543703.76
     696843 |  9542984.13
    1058596 |  9542575.68
    1011486 |  9542563.59
     179735 |  9542404.25
      66538 |  9542167.31
    1477181 |  9542155.59
     600793 |  9541822.16
    1010832 |  9541728.99
     834332 |  9539732.74
     860115 |  9539327.74
     580423 |  9538758.72
    1170123 |  9538299.54
     547635 |  9535633.14
     310261 |  9535305.78
      60890 |  9534644.70
    1430480 |  9534536.88
     393315 |  9533923.02
      65245 |  9533716.78
     600796 |  9532706.06
    1330605 |  9532701.00
     210782 |  9532030.80
    1250243 |  9531918.60
     265537 |  9530866.22
     912637 |  9530110.41
     236538 |  9530088.48
     996422 |  9529463.50
    1110793 |  9528545.16
    1266437 |  9526715.56
     824907 |  9526427.42
    1008208 |  9526164.32
     372283 |  9525681.40
    1243305 |  9525137.26
    1149216 |  9524577.45
     434892 |  9524195.95
     630233 |  9524190.59
    1175116 |  9523901.22
    1127623 |  9523678.50
     347092 |  9523374.26
    1438655 |  9523351.20
     179542 |  9523147.59
     803334 |  9522826.80
     230599 |  9522323.96
    1379099 |  9521606.40
     199169 |  9521013.98
     657423 |  9520974.34
     515455 |  9520161.48
    1166756 |  9520115.00
     617196 |  9519788.60
     469089 |  9519500.21
     319285 |  9519177.36
     428131 |  9519110.22
     233075 |  9518971.31
    1093713 |  9518960.72
     979331 |  9518749.19
    1380856 |  9518082.57
      74966 |  9516258.30
    1095529 |  9516049.00
    1513191 |  9514823.29
      91107 |  9514802.48
     630324 |  9513354.24
     797326 |  9513166.51
     325618 |  9512936.64
    1190548 |  9512647.41
     127715 |  9512471.25
      82255 |  9511444.40
     563202 |  9511083.60
     266648 |  9509937.62
     399747 |  9509035.03
    1115295 |  9508430.12
     708492 |  9508131.86
     789912 |  9507875.28
    1220121 |  9507489.12
     467435 |  9506988.32
     432857 |  9506817.84
      79336 |  9505994.40
    1427187 |  9505950.10
      39515 |  9505122.64
     991213 |  9505042.56
    1496639 |  9504980.94
     779483 |  9504118.40
      21926 |  9503976.30
    1431898 |  9503419.80
     516810 |  9503062.40
     263912 |  9502892.44
     363874 |  9502183.27
     188127 |  9501958.58
    1475227 |  9501177.18
     773356 |  9500886.45
    1233176 |  9500523.98
     524488 |  9500453.20
    1042409 |  9499815.57
     504567 |  9499620.00
     401885 |  9499613.13
     590858 |  9498921.76
     354948 |  9498878.25
    1093191 |  9498653.08
    1270494 |  9498196.44
    1020238 |  9497928.42
    1577791 |  9497304.16
     299506 |  9496115.88
    1442813 |  9495800.67
    1514637 |  9495736.80
     711156 |  9495097.86
    1271982 |  9494881.61
    1212873 |  9494141.22
    1476604 |  9493918.56
     122912 |  9493097.41
     114415 |  9492668.23
     724792 |  9492176.25
     774623 |  9491781.15
     127087 |  9490714.11
    1279181 |  9490384.80
    1201105 |  9489328.20
     621576 |  9489185.20
      25895 |  9488491.20
     824032 |  9488351.07
    1047601 |  9488341.92
    1069764 |  9488247.06
    1353404 |  9487735.94
     102945 |  9487665.07
     389332 |  9487310.55
     159068 |  9487132.40
     833379 |  9485510.58
    1532422 |  9483372.00
      96984 |  9483331.24
     543777 |  9482523.80
     199939 |  9482233.00
    1119654 |  9480926.15
     604674 |  9480900.00
       9803 |  9480239.31
     515807 |  9480010.35
    1329758 |  9479487.68
     386662 |  9478634.24
    1465917 |  9478427.96
    1178991 |  9477468.32
     668466 |  9477325.41
    1256986 |  9477317.15
     596960 |  9476058.40
     335572 |  9475752.05
      40636 |  9475002.03
    1333349 |  9474729.87
     342687 |  9474585.12
    1130360 |  9473449.35
     572776 |  9473115.00
     237095 |  9473044.96
    1481021 |  9472047.47
    1175249 |  9471844.62
      49197 |  9471167.26
     305240 |  9470753.37
    1293268 |  9470258.07
      75172 |  9469279.44
     185655 |  9469275.49
    1168281 |  9469225.41
    1517483 |  9469091.26
     979735 |  9468458.38
     234103 |  9468111.69
     295475 |  9466834.79
     199544 |  9466737.80
     397483 |  9466527.99
    1062726 |  9465091.87
    1562837 |  9465003.17
     547979 |  9464648.04
    1115138 |  9464171.79
     849848 |  9464065.81
    1043734 |  9463049.63
     530844 |  9462440.40
    1117243 |  9462285.25
     131956 |  9461521.50
     546683 |  9461298.16
    1037245 |  9460806.30
      61336 |  9460736.40
    1011331 |  9459676.14
      33464 |  9459377.37
     930201 |  9458814.48
    1296437 |  9458758.78
      40684 |  9458679.52
    1505672 |  9457794.45
     359193 |  9456715.59
    1379030 |  9456660.01
    1505646 |  9456028.72
    1068137 |  9453853.06
    1525315 |  9453700.92
     485435 |  9452079.03
     132737 |  9451967.16
    1522954 |  9450380.18
      34947 |  9450251.59
     316162 |  9450120.90
     242528 |  9449903.14
    1528209 |  9448056.00
      43726 |  9447938.03
     511390 |  9447031.60
    1541079 |  9446671.50
     639489 |  9446139.56
     574651 |  9445986.52
     179688 |  9445789.86
    1428149 |  9444341.42
     644162 |  9444158.22
     523035 |  9442622.16
    1554436 |  9442220.43
     444929 |  9441048.78
     540254 |  9440478.77
    1553400 |  9440083.51
    1322610 |  9439897.50
     386716 |  9439768.52
    1240780 |  9439086.66
     575561 |  9439038.79
    1200356 |  9438032.96
    1089834 |  9437766.41
    1338064 |  9437266.25
     926465 |  9436977.60
     185035 |  9436611.25
     799151 |  9435661.86
     426204 |  9434726.25
    1275956 |  9434566.84
    1519524 |  9434482.65
    1057876 |  9434454.42
     579454 |  9433345.04
     131234 |  9432120.00
    1179412 |  9432017.21
     259300 |  9431920.75
     554417 |  9431683.82
     184482 |  9431486.10
     792856 |  9430651.44
      64077 |  9430426.32
     954952 |  9430149.36
     637085 |  9429691.37
     872762 |  9429687.08
     109927 |  9429434.74
     333722 |  9429014.28
     266826 |  9428915.52
    1281607 |  9427706.73
    1226064 |  9426656.01
    1203652 |  9426280.00
     744400 |  9426212.88
     437046 |  9426205.80
    1269789 |  9425885.52
    1066690 |  9425595.78
     534264 |  9423239.04
    1514130 |  9423113.40
    1204807 |  9422897.72
     718020 |  9422587.20
    1276747 |  9421626.59
    1592798 |  9421568.00
     904931 |  9421189.55
    1333059 |  9421057.70
     942440 |  9420360.48
    1524529 |  9420343.84
    1409752 |  9419532.17
    1037409 |  9418425.50
    1244553 |  9417977.24
     917966 |  9417968.04
     117480 |  9417050.76
     453509 |  9416633.61
     525791 |  9416174.88
     551378 |  9415946.87
    1588190 |  9415184.24
    1256185 |  9415129.92
     378466 |  9414699.34
    1056698 |  9414059.71
    1134460 |  9413937.69
     212341 |  9413553.92
    1214512 |  9413324.80
     788900 |  9412388.15
     232896 |  9412203.28
    1348576 |  9412047.45
    1076151 |  9411890.60
     163530 |  9411585.60
     265063 |  9411072.93
     959325 |  9410954.70
     635645 |  9410805.70
     555656 |  9409954.40
     889378 |  9409803.90
      12913 |  9409136.70
    1412457 |  9408952.09
     885161 |  9407970.36
    1323172 |  9407959.40
    1486571 |  9407633.60
     311193 |  9407579.80
     279254 |  9407509.56
     437003 |  9407192.93
    1396198 |  9406529.84
     398537 |  9406285.26
     986965 |  9405798.57
     876259 |  9405735.67
     879475 |  9404919.88
     693659 |  9404754.66
     577418 |  9404750.81
     387477 |  9403799.13
    1532885 |  9403387.20
    1555558 |  9403245.76
    1423657 |  9402799.27
     108976 |  9402668.46
     820781 |  9401847.88
    1191864 |  9401670.49
    1490877 |  9401311.54
    1326596 |  9401261.76
      47053 |  9399707.66
     158091 |  9398887.68
     907875 |  9398254.88
    1015825 |  9398148.48
     791110 |  9397875.60
     387288 |  9397629.12
    1546625 |  9397491.35
     632427 |  9395711.85
    1417866 |  9394818.83
     371978 |  9394809.06
     545312 |  9394731.40
     361478 |  9394210.09
     814089 |  9393899.54
    1409144 |  9393453.36
     472655 |  9393129.54
     745918 |  9392974.74
    1527792 |  9392856.36
     329473 |  9390742.60
    1020815 |  9389861.55
    1189528 |  9389078.38
     735555 |  9389019.00
    1548217 |  9388403.45
     676290 |  9388328.37
     804596 |  9388325.03
    1326900 |  9387539.18
    1020891 |  9387447.12
     802080 |  9387271.50
     476244 |  9386030.68
     628303 |  9385653.12
     942574 |  9385066.84
    1441273 |  9384592.14
     352746 |  9384439.24
      44830 |  9383750.04
    1104006 |  9383568.15
    1100171 |  9383459.75
    1348418 |  9383095.68
    1096667 |  9382833.36
    1484917 |  9382562.24
    1185689 |  9381953.88
     141532 |  9381845.29
     832100 |  9381795.68
     281657 |  9381769.58
     922162 |  9381496.02
     373059 |  9381340.98
     492770 |  9380763.20
    1422860 |  9380251.34
     525311 |  9379852.34
     615110 |  9379443.78
     965318 |  9379132.38
    1556962 |  9378594.57
    1104079 |  9378576.90
    1272478 |  9378506.40
     657637 |  9378240.00
     599752 |  9377696.56
     984666 |  9377468.16
     623008 |  9376617.04
    1046144 |  9376460.94
    1110566 |  9376173.15
     372566 |  9375860.43
     524727 |  9375509.91
    1303014 |  9374359.12
     808486 |  9374122.80
    1053396 |  9373389.90
    1010324 |  9372157.65
     517591 |  9371971.84
     157601 |  9371712.36
     288174 |  9371183.36
     516725 |  9370934.82
     838347 |  9370866.32
     901589 |  9370432.60
    1407096 |  9370207.30
     687528 |  9370123.50
     668258 |  9369700.47
     249828 |  9369550.84
    1153034 |  9369296.60
     609248 |  9368923.44
     732055 |  9368187.84
     362638 |  9367965.77
    1493412 |  9367501.18
     105430 |  9367322.77
     294335 |  9367078.56
     440133 |  9367050.39
    1386342 |  9366665.25
     846358 |  9366549.87
     996206 |  9366151.87
     696518 |  9365329.10
     717299 |  9364657.76
     374162 |  9364503.24
    1291099 |  9364327.18
    1353163 |  9364326.72
     804022 |  9364158.46
    1593134 |  9363671.40
     440492 |  9363179.00
     610528 |  9362894.70
     187238 |  9362768.33
    1480320 |  9361121.70
       6240 |  9360353.60
     346014 |  9360186.00
         73 |  9359505.27
     647060 |  9359469.77
    1424459 |  9358586.46
    1591092 |  9358411.06
     835973 |  9357141.00
    1349998 |  9357026.04
    1145508 |  9356431.95
    1117668 |  9356024.22
    1366127 |  9355891.57
    1584858 |  9355166.26
     428380 |  9354579.30
     537515 |  9353877.02
    1514919 |  9353685.94
     167236 |  9352973.84
    1090840 |  9352945.06
     506356 |  9352733.70
    1089828 |  9352460.64
      86159 |  9352086.59
    1462854 |  9351551.34
    1190865 |  9350999.16
    1040946 |  9350534.82
     123353 |  9350343.89
     751846 |  9349938.84
     725899 |  9348354.36
    1429612 |  9347197.12
    1430884 |  9345692.38
     987186 |  9345202.44
      16967 |  9344971.91
     736254 |  9344696.46
     682449 |  9344366.76
    1251430 |  9344080.22
      14899 |  9343383.84
     941823 |  9343138.80
     634218 |  9342559.20
     657601 |  9341875.04
     712106 |  9341865.72
     462960 |  9341578.68
     139121 |  9341564.55
    1052045 |  9341338.95
    1579306 |  9341100.22
     667637 |  9340958.88
     856853 |  9340897.54
    1438537 |  9340545.41
     584141 |  9340025.22
    1505225 |  9339119.40
    1464140 |  9339084.00
    1543776 |  9338442.00
     269415 |  9337816.80
     402925 |  9337522.20
    1564317 |  9337288.38
     812645 |  9337256.18
    1424523 |  9337231.56
    1146752 |  9336930.40
    1424223 |  9336816.50
     774151 |  9336542.60
     641086 |  9336178.83
    1215474 |  9336163.34
      30316 |  9335342.96
     502628 |  9335119.70
     631461 |  9334839.63
    1283981 |  9334699.44
    1290289 |  9334641.61
     213286 |  9333853.59
    1274613 |  9333083.79
     466077 |  9332648.52
     544226 |  9332396.53
    1096032 |  9332137.12
     546686 |  9331676.10
     178184 |  9331232.30
    1360777 |  9331217.86
     404283 |  9331072.52
    1442468 |  9330800.40
     506554 |  9330644.96
     668001 |  9330342.84
    1047386 |  9330170.40
     669810 |  9330068.34
    1286755 |  9330008.80
     644445 |  9329252.55
    1320481 |  9329012.33
     600794 |  9329004.30
    1341019 |  9328808.74
    1523578 |  9328425.40
      26344 |  9328291.86
     320009 |  9327288.81
    1214670 |  9327175.64
     236742 |  9326538.00
     566530 |  9326194.50
     565353 |  9325884.76
    1585735 |  9325418.40
     722409 |  9324678.88
     553593 |  9323495.64
    1550642 |  9323215.14
    1260931 |  9322885.00
    1478966 |  9322845.93
    1083436 |  9322484.80
     164207 |  9322242.69
     188129 |  9322193.83
     424216 |  9321749.55
    1151102 |  9320674.16
    1553675 |  9320585.58
     574179 |  9320324.61
     309263 |  9320081.34
     729365 |  9319585.47
     500441 |  9319184.84
     874754 |  9319064.04
     950294 |  9318184.40
    1574947 |  9318061.95
     443690 |  9317810.69
     583596 |  9317661.07
    1119879 |  9316934.30
     841498 |  9316539.28
      39243 |  9316410.38
     359064 |  9315612.80
      56538 |  9314837.84
    1110779 |  9314588.31
     400185 |  9314383.08
     569382 |  9314288.08
     286918 |  9314176.50
     999202 |  9314036.80
    1345551 |  9313613.68
     710818 |  9313349.40
     328054 |  9313295.77
     985708 |  9313277.60
    1169535 |  9311921.40
     402188 |  9311731.92
    1220971 |  9311296.80
     491548 |  9310715.16
    1323216 |  9310316.66
    1091208 |  9310236.64
     359755 |  9309386.09
    1436467 |  9308931.26
    1484216 |  9307841.76
    1178443 |  9305973.60
     145454 |  9305664.82
     710080 |  9305460.63
    1296187 |  9304325.51
     711923 |  9303567.36
     501251 |  9302928.06
    1133807 |  9302890.13
     509827 |  9302644.08
     219116 |  9302508.10
     905420 |  9302420.16
    1187587 |  9301790.52
    1177182 |  9301717.05
     956160 |  9301593.75
     659880 |  9301419.42
     612461 |  9300720.54
     112779 |  9300514.23
     791661 |  9299959.78
     325619 |  9299343.75
     932330 |  9299319.52
     691470 |  9298706.20
     219657 |  9298651.67
     764762 |  9297186.72
     628607 |  9297041.90
     243307 |  9296378.20
     548695 |  9294995.98
    1435500 |  9294000.28
     485627 |  9293956.70
     493899 |  9293388.32
     776769 |  9293268.96
     525001 |  9293086.20
     655246 |  9293014.50
     673916 |  9291653.16
    1107237 |  9291425.16
    1063644 |  9290569.42
     417319 |  9290205.54
     621481 |  9290067.60
     404593 |  9289764.36
    1393134 |  9289235.20
    1543786 |  9289120.50
    1569522 |  9288873.72
    1098763 |  9287557.58
      40860 |  9287317.59
    1464841 |  9287165.86
     236965 |  9286568.49
     590308 |  9286148.22
     826522 |  9285561.44
      16473 |  9285140.70
     674404 |  9284666.92
     257309 |  9284231.25
     637810 |  9284002.56
    1223220 |  9283786.70
    1446938 |  9283513.65
    1182079 |  9283454.30
      43644 |  9283252.81
    1580549 |  9283233.52
     970380 |  9283198.86
     481207 |  9283115.00
     469331 |  9282949.28
    1596553 |  9282670.74
     863823 |  9282246.72
     449084 |  9282068.80
    1560871 |  9281900.38
     518138 |  9281647.32
    1567761 |  9281498.24
      36967 |  9279796.57
    1176017 |  9278949.38
    1246023 |  9278290.56
    1308082 |  9278285.68
     701664 |  9277849.71
    1583307 |  9277079.04
     675629 |  9276167.21
    1256313 |  9275589.00
    1176799 |  9275302.42
     490761 |  9275020.65
     548303 |  9274564.19
    1340939 |  9273882.29
       4830 |  9272677.81
     385672 |  9272067.18
       1396 |  9271418.31
    1403002 |  9271166.85
    1525177 |  9271072.80
     797990 |  9271014.85
     804320 |  9270839.13
     310596 |  9269526.00
    1132792 |  9269303.85
     175566 |  9269043.84
     403784 |  9268997.56
    1326757 |  9268312.62
    1291909 |  9268196.04
    1568317 |  9267883.95
     981902 |  9267870.24
    1317294 |  9267866.32
    1339667 |  9267540.48
     785426 |  9266995.40
    1512525 |  9266685.12
    1233776 |  9265716.09
    1485657 |  9265001.20
      78806 |  9264309.12
    1259832 |  9264283.50
     638347 |  9263338.08
     600508 |  9262144.86
    1225344 |  9261809.82
     988071 |  9261695.70
    1206938 |  9261671.22
      58399 |  9261620.30
     423719 |  9260174.09
    1235086 |  9260059.28
    1597439 |  9259503.36
    1487589 |  9259410.23
    1547063 |  9259107.84
     405530 |  9258674.85
     757654 |  9258569.20
      79118 |  9258108.33
     587519 |  9257914.92
     936086 |  9257770.25
      74025 |  9257582.58
    1008281 |  9257217.43
    1356591 |  9256886.16
     382951 |  9256840.60
     970346 |  9255916.17
     806597 |  9255821.90
     962819 |  9255331.80
      99864 |  9255207.66
     316819 |  9253542.15
     525795 |  9253387.55
    1591854 |  9252464.80
     787459 |  9251647.65
     815437 |  9251123.92
    1173781 |  9250791.72
    1325639 |  9250595.25
    1112132 |  9250347.50
    1390566 |  9249996.90
    1214622 |  9249405.66
    1196953 |  9248448.42
    1067817 |  9248437.22
    1016993 |  9248227.96
     343662 |  9248157.40
     778148 |  9247340.70
     530787 |  9246805.06
    1255050 |  9246333.07
    1154089 |  9245681.03
     414758 |  9245318.24
    1561891 |  9245082.70
     853433 |  9245016.99
     945660 |  9244582.40
    1250865 |  9244077.30
     233429 |  9243754.82
    1386692 |  9243680.05
    1014947 |  9243583.61
      65177 |  9243414.15
    1279431 |  9243393.60
    1576807 |  9242992.60
    1367146 |  9242964.88
       3851 |  9242577.80
    1000067 |  9242272.25
     435452 |  9242225.91
    1195645 |  9241256.92
     804644 |  9241071.39
    1269592 |  9240656.25
     676688 |  9240081.96
     546589 |  9239910.68
      64830 |  9239904.33
    1544170 |  9239628.00
    1275049 |  9239242.14
    1145670 |  9239034.34
    1267797 |  9237763.47
     325003 |  9237291.25
     479331 |  9236976.65
     897075 |  9236793.23
    1539726 |  9236128.58
     682435 |  9236049.90
    1341454 |  9235510.10
     601919 |  9235238.25
    1250394 |  9234553.90
     326616 |  9233760.20
     314304 |  9233487.60
    1592403 |  9233401.50
    1475789 |  9233347.04
     908272 |  9233173.34
    1114157 |  9233103.04
    1426487 |  9233073.64
     519122 |  9233059.50
     712878 |  9232567.60
     836595 |  9232191.01
    1365831 |  9230672.13
    1099131 |  9230667.60
    1553197 |  9229189.53
     579691 |  9228917.52
     791742 |  9228838.78
      94394 |  9228170.26
     517386 |  9226832.45
     694442 |  9226078.17
     500792 |  9225863.16
     133193 |  9225661.56
    1070321 |  9225433.63
     317401 |  9225360.32
     996429 |  9225190.52
     588280 |  9225072.84
     150760 |  9224881.20
    1261240 |  9223637.33
    1392665 |  9222607.85
     893352 |  9222389.87
     269214 |  9222381.00
     648753 |  9222225.67
    1405885 |  9221947.08
     904557 |  9221245.71
     205308 |  9220678.28
     675580 |  9220509.62
    1079485 |  9220220.15
      71657 |  9219526.56
    1086969 |  9219174.03
     854232 |  9219140.82
     692689 |  9218671.73
    1118070 |  9218654.94
    1166902 |  9217993.91
     211626 |  9217760.90
     999238 |  9217112.66
     932734 |  9216061.92
    1593018 |  9215934.39
    1444302 |  9215683.61
    1199487 |  9214780.48
     265666 |  9214719.26
    1580667 |  9213764.48
     891246 |  9213203.64
      13191 |  9213153.88
    1130415 |  9212976.65
    1090335 |  9212513.28
     579296 |  9211992.30
    1312155 |  9211462.70
    1365895 |  9210702.20
     991629 |  9210334.54
     712726 |  9210060.60
     736089 |  9209641.07
     793607 |  9208536.25
     446683 |  9207951.35
     431901 |  9207939.54
     468525 |  9207681.70
    1395521 |  9207620.24
    1533899 |  9207498.63
    1312850 |  9206712.76
     248397 |  9206533.18
     873163 |  9206481.17
    1313627 |  9206176.36
    1082430 |  9205686.28
     718028 |  9205309.26
     488670 |  9205181.76
     812315 |  9205046.76
    1434793 |  9204927.43
      99791 |  9204811.00
     974521 |  9204265.00
      82977 |  9203431.90
     224428 |  9203261.21
     314465 |  9202799.34
     364991 |  9202704.70
     275309 |  9201690.54
      99240 |  9200023.23
    1313775 |  9198841.95
     716465 |  9198505.24
    1020905 |  9198378.80
    1537601 |  9198103.32
     339568 |  9197588.40
     251244 |  9197505.44
     992262 |  9197188.16
       9873 |  9197144.19
     913617 |  9196709.85
    1064517 |  9196570.00
    1525378 |  9196152.79
     795898 |  9195750.97
      85500 |  9195252.57
     866199 |  9195242.13
      81220 |  9194800.86
    1408413 |  9194678.50
     359560 |  9194608.86
    1120564 |  9194504.70
    1305441 |  9194262.48
      31627 |  9194131.80
     446230 |  9193425.08
      23789 |  9192973.50
     538011 |  9192136.64
     277372 |  9191621.54
    1470150 |  9191464.70
    1072431 |  9191373.24
    1210088 |  9190524.00
     377911 |  9190095.64
    1426042 |  9189651.24
    1458363 |  9189311.88
     855273 |  9188684.34
     100655 |  9188172.80
    1557099 |  9188122.68
     818399 |  9186771.72
    1416748 |  9186463.62
     803674 |  9186118.20
     753217 |  9185003.64
    1302817 |  9183826.56
     417075 |  9183294.61
    1053386 |  9182887.58
     211266 |  9182793.44
    1338754 |  9181183.58
    1298946 |  9181052.22
    1026632 |  9180597.18
     905159 |  9179909.11
      41906 |  9179601.44
     720362 |  9178757.33
      13406 |  9178193.57
    1588224 |  9177172.87
     790242 |  9177068.04
     721204 |  9175868.92
       9236 |  9175786.10
    1583278 |  9175094.60
     562300 |  9174574.96
     641068 |  9174206.06
    1585597 |  9174177.76
    1552292 |  9174021.12
    1007601 |  9173686.41
    1296954 |  9173464.94
      90024 |  9172909.76
     906151 |  9172005.07
    1599509 |  9171968.35
     491609 |  9171815.12
    1358629 |  9171609.60
     249150 |  9171603.75
     632192 |  9171473.30
    1280174 |  9171109.75
    1241721 |  9171025.19
     187054 |  9170577.38
     549586 |  9170412.41
    1498301 |  9169472.96
     944187 |  9168334.00
    1381520 |  9168176.26
     952757 |  9167374.50
    1322127 |  9167150.08
     562148 |  9167150.08
     361916 |  9166734.78
    1304442 |  9166287.60
     333183 |  9166071.74
    1427476 |  9165569.13
     558030 |  9163438.46
    1367130 |  9162627.11
     383987 |  9162203.41
    1168123 |  9162145.20
     656901 |  9162035.82
     432482 |  9161756.49
    1167921 |  9161541.60
     229858 |  9161460.32
     754332 |  9161243.27
     414179 |  9161194.75
     785994 |  9161125.92
      26560 |  9161064.80
    1541381 |  9160341.96
    1481646 |  9160224.94
     414257 |  9160208.19
     598381 |  9159871.08
     638464 |  9159856.77
     796015 |  9159829.20
      11846 |  9159753.69
     875866 |  9158815.42
    1142972 |  9158697.92
     348094 |  9158374.56
    1492796 |  9158102.67
    1565447 |  9157388.90
    1395456 |  9157037.80
     755963 |  9156678.18
     274543 |  9156654.16
     354752 |  9156525.00
     978520 |  9156282.69
    1290322 |  9156047.04
    1242104 |  9155838.56
    1339971 |  9155750.80
     285690 |  9154222.88
    1260054 |  9153823.77
     195253 |  9153763.10
      82369 |  9153201.75
    1530156 |  9153192.84
    1428785 |  9152446.40
    1321325 |  9152199.00
     614011 |  9152149.46
     321591 |  9151921.80
     404072 |  9151302.57
     247869 |  9150638.55
     196280 |  9150615.72
     821316 |  9150344.04
    1115490 |  9150188.85
     921324 |  9149505.54
    1401856 |  9149415.17
     176381 |  9149138.81
    1428112 |  9149071.38
     361489 |  9148917.93
    1417261 |  9148848.72
     745977 |  9148812.44
      40728 |  9148280.96
    1109159 |  9147773.40
     886629 |  9147601.40
     861746 |  9147181.73
    1431286 |  9147073.47
     290585 |  9146990.45
     125165 |  9146961.20
    1425466 |  9146154.12
    1437071 |  9145557.80
     537380 |  9145539.98
     353139 |  9145364.16
    1297429 |  9144818.76
     273727 |  9144815.74
     713610 |  9144774.24
    1588436 |  9144769.55
     513785 |  9144504.40
     725770 |  9144488.75
      83090 |  9143801.31
    1475858 |  9143655.78
     385840 |  9143569.02
    1006725 |  9143379.27
    1426509 |  9143149.23
      85248 |  9142945.30
     412873 |  9142670.36
    1419793 |  9142400.60
     522684 |  9142059.13
     860782 |  9141952.60
     111739 |  9141600.00
    1490102 |  9141487.42
     176824 |  9141403.40
     227869 |  9141268.50
     795698 |  9140931.28
     407255 |  9140327.20
    1232645 |  9140122.82
    1049840 |  9139847.86
     552682 |  9139625.55
      45622 |  9138837.95
     237750 |  9138816.65
    1296009 |  9138627.60
    1016408 |  9138056.17
    1515446 |  9138048.95
     425021 |  9138008.25
    1253068 |  9137828.70
     614433 |  9137270.92
     801624 |  9137002.95
     801045 |  9135925.12
     161641 |  9135787.68
     869786 |  9135224.18
     800958 |  9134864.05
    1229781 |  9134712.49
    1543056 |  9134384.58
     169980 |  9134321.43
     252501 |  9133529.22
     963318 |  9133231.03
    1202706 |  9133016.50
    1195547 |  9131807.28
    1025039 |  9131786.00
    1214870 |  9131761.10
     491352 |  9131033.52
      34441 |  9130803.36
        875 |  9130326.89
     617525 |  9130313.55
     499674 |  9129301.06
     339339 |  9128405.70
     350728 |  9128005.49
    1495941 |  9127828.68
    1333991 |  9127514.38
    1012056 |  9126940.55
     145433 |  9126679.83
     337751 |  9126038.90
     612393 |  9125828.32
    1540529 |  9124961.15
    1283437 |  9124247.07
     993844 |  9123799.70
    1344484 |  9122298.35
    1558781 |  9121953.36
    1341604 |  9121866.92
    1403040 |  9121836.07
     315811 |  9121768.46
    1105301 |  9121659.30
       8712 |  9121616.36
    1256626 |  9121601.61
     368324 |  9121491.50
     803776 |  9120992.94
    1437317 |  9120347.79
     651445 |  9120163.60
     554357 |  9119945.76
     353080 |  9119593.90
    1049067 |  9119448.73
    1215724 |  9119225.50
     874557 |  9118888.02
     532940 |  9117296.40
    1523735 |  9117102.80
     843756 |  9116987.12
     273309 |  9116982.89
     975441 |  9116856.51
    1003494 |  9116749.95
      43547 |  9116728.77
     670698 |  9114690.69
    1491715 |  9113901.16
     390675 |  9113349.60
     704294 |  9112876.48
      19032 |  9112819.41
      11501 |  9112770.53
     369632 |  9112707.04
     603690 |  9112608.55
     828692 |  9112566.33
     911238 |  9112510.68
    1175740 |  9112350.64
     508188 |  9112311.84
    1210812 |  9111842.85
     356154 |  9111804.52
      96894 |  9111550.89
      61943 |  9111527.33
    1063194 |  9111361.96
      98910 |  9110980.57
     592276 |  9110453.10
     136760 |  9110375.82
     893121 |  9109661.87
    1165657 |  9109462.60
    1186490 |  9109078.93
     450200 |  9109055.70
     319437 |  9108203.02
     925170 |  9108148.85
     288091 |  9107858.70
     881666 |  9107373.30
    1002562 |  9106292.13
    1081241 |  9106076.76
       8881 |  9105747.66
    1127614 |  9105526.57
     743879 |  9105355.72
    1266538 |  9105257.70
    1143053 |  9104467.59
     951957 |  9103984.20
     940908 |  9103729.32
    1571383 |  9102988.92
     653209 |  9102879.48
     302342 |  9102582.58
     912993 |  9102230.11
      30457 |  9101591.44
     248146 |  9101274.00
     571164 |  9100898.84
     479537 |  9100565.88
     110403 |  9099695.90
     599236 |  9099279.99
     867468 |  9099214.74
    1414926 |  9098483.64
     844409 |  9098294.40
    1434244 |  9098280.38
      47600 |  9098167.06
     828920 |  9097940.40
     949334 |  9097453.44
     317871 |  9097440.00
     303730 |  9096256.74
     249443 |  9096189.10
    1428424 |  9095918.26
      43805 |  9095551.02
     977847 |  9095422.48
     782578 |  9094986.56
    1551632 |  9093958.72
    1010908 |  9093051.10
    1393404 |  9092756.76
     864720 |  9092724.27
     524080 |  9092552.70
      52261 |  9092548.80
    1455861 |  9092532.81
     522671 |  9092478.57
    1434272 |  9092406.06
     708807 |  9092221.38
      25535 |  9091959.57
    1132670 |  9090792.98
    1082717 |  9090636.30
     357295 |  9090564.60
     129455 |  9090531.89
     168550 |  9090507.71
    1434180 |  9090102.48
    1124171 |  9089227.35
    1509404 |  9088688.04
    1570416 |  9088529.46
    1439561 |  9088502.67
    1165438 |  9088429.19
    1171838 |  9088282.35
    1591683 |  9088229.70
    1583610 |  9087680.58
     667778 |  9087635.92
    1236523 |  9087570.11
     713489 |  9087322.95
     161129 |  9086825.60
     921369 |  9086534.65
     229419 |  9086175.00
     134259 |  9084740.06
     918828 |  9084558.60
    1259747 |  9083163.96
    1177588 |  9082966.52
    1270431 |  9082537.77
     483246 |  9082501.48
     854507 |  9082112.80
     503868 |  9081913.47
     977014 |  9081825.60
    1089439 |  9081670.37
     741211 |  9081540.89
     648946 |  9081518.04
    1587599 |  9081371.51
    1124764 |  9081032.79
     624360 |  9079940.40
      80219 |  9079112.88
     618001 |  9078978.48
     687748 |  9078166.35
     284671 |  9077950.70
    1124528 |  9077210.25
    1388944 |  9076933.15
     682961 |  9076897.69
    1095226 |  9076008.69
    1354134 |  9075894.69
     530877 |  9075116.26
    1285311 |  9074778.47
     186938 |  9074126.25
     309592 |  9073942.28
     970757 |  9073343.58
     168812 |  9072923.34
     331898 |  9072711.96
     689706 |  9072383.12
    1599736 |  9071472.88
      34515 |  9071423.14
     434643 |  9071221.78
    1282255 |  9071032.80
    1058814 |  9070952.32
    1106054 |  9070881.60
      13510 |  9070435.00
     649766 |  9070411.40
     535692 |  9069029.52
     252277 |  9068526.00
    1576070 |  9068222.30
     145732 |  9067961.28
     620679 |  9067856.10
      30025 |  9067687.44
     165317 |  9067455.24
    1258989 |  9067057.44
     137371 |  9067056.12
     649001 |  9066649.04
     975464 |  9066621.30
     740388 |  9066523.95
     119921 |  9066422.88
     981126 |  9065868.69
      27671 |  9065850.65
    1420510 |  9065783.88
     913073 |  9065744.84
     215047 |  9065401.66
    1485265 |  9065310.66
    1138552 |  9064680.38
     113363 |  9064548.64
    1185194 |  9064413.93
    1595467 |  9064207.89
    1122909 |  9064114.78
    1544841 |  9063924.16
     852113 |  9063626.86
     897361 |  9062832.12
     552500 |  9062019.68
     154875 |  9061644.90
     594321 |  9061101.12
     468838 |  9060261.80
    1287058 |  9059933.26
     825631 |  9059533.60
     293268 |  9059357.16
    1180876 |  9059166.72
     158702 |  9058967.80
    1520531 |  9058893.02
    1400145 |  9058847.84
    1000879 |  9058708.32
     720961 |  9058506.12
     239169 |  9058441.19
     755888 |  9058148.38
     885807 |  9057715.44
    1443482 |  9057404.59
     653718 |  9056370.00
    1002276 |  9055846.80
     961367 |  9055301.79
     656850 |  9055099.50
     286853 |  9054766.92
     973205 |  9054766.11
     919742 |  9054500.40
     631709 |  9054428.00
    1452254 |  9053790.48
     749236 |  9053751.76
     727601 |  9053542.80
     294325 |  9053169.82
     640485 |  9053149.50
     710559 |  9052402.80
     233520 |  9051871.35
    1599074 |  9051802.50
    1025708 |  9051768.25
    1183878 |  9051700.32
    1386141 |  9051603.54
     792000 |  9051077.44
     661887 |  9050707.35
     196850 |  9050638.50
     898890 |  9050561.73
     801613 |  9049836.10
     884168 |  9049783.60
    1017630 |  9049560.30
     167949 |  9049287.60
    1539205 |  9049158.13
    1431235 |  9048998.56
     155263 |  9048635.31
    1125234 |  9048445.32
    1135923 |  9048083.72
     417064 |  9047921.92
    1571906 |  9047731.51
     805527 |  9046706.70
     812669 |  9046458.23
     692782 |  9046267.98
     877253 |  9045927.54
     642890 |  9044694.50
    1377001 |  9044529.40
     510097 |  9043417.24
    1001261 |  9042532.42
    1584628 |  9042367.14
     137280 |  9042355.34
     916062 |  9042351.22
    1321791 |  9042047.06
    1281293 |  9041399.86
    1110294 |  9041021.35
    1445040 |  9040392.56
     175192 |  9040153.98
     306527 |  9040008.00
    1048402 |  9039805.95
     872872 |  9039676.72
    1320010 |  9039436.65
     722894 |  9039020.40
      61791 |  9038584.20
     678779 |  9038436.96
     950679 |  9038072.00
    1121049 |  9038020.89
     953639 |  9037645.74
      46891 |  9036799.48
    1175334 |  9036798.74
    1324287 |  9036122.36
     948715 |  9035980.10
     523633 |  9035185.83
      57317 |  9034896.80
    1149689 |  9034630.36
     113285 |  9034454.93
    1081366 |  9034063.15
     587142 |  9033361.92
     419864 |  9033005.97
     911621 |  9032642.59
     614337 |  9032343.86
     285533 |  9032273.25
    1279650 |  9032266.43
      81676 |  9031999.40
     403247 |  9031712.93
     656153 |  9031352.17
     672996 |  9030809.28
    1480886 |  9029725.56
     103352 |  9029544.93
    1494787 |  9029239.40
     254944 |  9028932.48
    1368166 |  9028618.01
    1022870 |  9028269.30
     357987 |  9028269.25
     809296 |  9028062.16
    1471812 |  9026495.14
     462800 |  9026140.42
     195501 |  9025531.20
     294169 |  9025300.50
    1336063 |  9025192.15
     951368 |  9024915.90
     265670 |  9024760.98
     545905 |  9024602.51
    1338211 |  9024484.65
     973321 |  9024439.71
     676554 |  9023822.50
    1168897 |  9023769.48
     936126 |  9023710.74
     524317 |  9023321.75
    1249339 |  9023173.56
    1462785 |  9023028.00
    1040919 |  9022887.97
     131737 |  9022786.12
     647337 |  9022716.40
     952694 |  9021772.16
     487253 |  9021673.25
      45577 |  9021458.36
     696579 |  9021391.80
     509522 |  9021387.63
     797005 |  9021129.29
     668602 |  9020893.30
     313726 |  9020418.13
     226450 |  9020268.24
    1473394 |  9020181.47
     895439 |  9019252.98
     334450 |  9019252.50
    1496807 |  9019132.56
     867878 |  9017915.19
    1042969 |  9017593.92
    1126113 |  9017552.96
     671925 |  9017268.36
    1014296 |  9017139.78
     291683 |  9016246.85
     710370 |  9016077.12
     108465 |  9015831.00
       6656 |  9015710.18
     118381 |  9015480.32
     677445 |  9015381.05
    1311130 |  9015304.50
     650865 |  9015223.50
    1588376 |  9014797.12
     557034 |  9014796.00
    1161658 |  9014713.34
     461116 |  9014402.11
     755627 |  9014344.17
     366038 |  9014059.26
    1411717 |  9013848.00
    1273048 |  9013432.64
    1560035 |  9013413.60
       2989 |  9013412.04
     639830 |  9013387.80
    1283800 |  9012985.50
      58054 |  9012145.65
     560435 |  9012072.30
    1178325 |  9011213.75
     170866 |  9010702.65
     243167 |  9010008.00
     202136 |  9009882.48
     464914 |  9009546.66
     534497 |  9008890.56
    1511160 |  9008598.69
     477070 |  9008539.49
     609471 |  9007977.25
    1378802 |  9007503.50
      93328 |  9007211.20
     161306 |  9007202.82
      78891 |  9005693.25
    1466627 |  9005153.32
    1527304 |  9004859.28
     979028 |  9004816.61
     402311 |  9004504.06
    1441057 |  9004001.88
      83377 |  9003205.54
    1158702 |  9002588.28
     899629 |  9002576.01
      62451 |  9001821.40
     303494 |  9001681.90
    1329547 |  9001638.74
     131131 |  9001504.25
     634248 |  9000834.36
     368083 |  9000821.20
    1059734 |  9000633.47
    1475575 |  9000521.10
     705545 |  9000158.91
     390086 |  9000112.25
     968893 |  8999846.55
    1487505 |  8999841.24
     230905 |  8999617.51
     390852 |  8999240.26
     687365 |  8998601.65
    1446799 |  8997880.32
     800180 |  8997801.48
     270417 |  8997451.06
     336978 |  8996976.45
    1275267 |  8996596.80
     908203 |  8995841.52
    1453899 |  8995663.44
    1360187 |  8995486.41
     179301 |  8995429.80
     710417 |  8995181.44
      69038 |  8995020.21
     477994 |  8994836.43
     630906 |  8994628.30
     832595 |  8994381.90
    1202398 |  8994023.46
    1095481 |  8993934.66
    1242027 |  8991880.06
     406367 |  8991789.95
    1512075 |  8991751.52
     599538 |  8991524.88
     706810 |  8991097.80
     943482 |  8991028.50
     197577 |  8990646.85
     391845 |  8990343.30
    1285684 |  8989968.14
     453070 |  8989724.32
    1249978 |  8989542.42
     789611 |  8989289.50
     863610 |  8988404.20
    1330219 |  8988117.60
     212213 |  8987649.20
     565567 |  8987273.93
    1112187 |  8987203.20
     546562 |  8986905.31
    1090849 |  8986508.28
    1408660 |  8986150.88
     104916 |  8985965.04
     375798 |  8985899.48
     968403 |  8985548.97
     306403 |  8985364.41
     261419 |  8985364.06
     970659 |  8984846.36
    1435007 |  8984547.44
    1306656 |  8983578.10
     837374 |  8982934.80
     384753 |  8982819.72
     750971 |  8982592.30
     626481 |  8982240.16
     222420 |  8981794.57
    1361072 |  8981552.40
      77047 |  8981489.79
      93597 |  8981080.09
     377466 |  8980244.90
     775372 |  8979856.05
     650067 |  8979516.00
     368354 |  8979434.60
     246190 |  8978901.12
     623610 |  8978801.99
     821766 |  8978778.54
     953384 |  8978217.12
     812429 |  8978163.70
     454055 |  8977806.44
      79755 |  8977788.90
     572821 |  8977573.65
     934341 |  8977455.01
     163212 |  8975718.29
     812203 |  8975615.80
     661592 |  8975183.49
     315464 |  8975142.54
    1115692 |  8975138.20
     335061 |  8974872.17
     919577 |  8974709.66
    1206683 |  8974349.26
    1447667 |  8974221.55
     733274 |  8974116.02
    1513492 |  8974067.52
    1205642 |  8973466.86
     895144 |  8973430.36
     800577 |  8973201.38
      44792 |  8973200.47
    1502037 |  8972415.09
     247469 |  8971115.82
     595659 |  8970222.36
     776812 |  8970096.06
     174943 |  8969197.60
     927945 |  8969021.44
     303105 |  8968782.24
      33528 |  8967387.97
    1350342 |  8967348.80
     805177 |  8967342.70
    1571301 |  8967052.74
    1297602 |  8966509.65
    1386761 |  8966145.52
     831640 |  8965964.28
    1541335 |  8965825.28
    1560569 |  8965604.34
      22585 |  8965528.80
     135627 |  8965361.20
     645773 |  8965337.72
    1465507 |  8964688.16
     113142 |  8963639.38
    1534436 |  8963582.94
     477122 |  8961954.69
    1174518 |  8961431.57
    1563034 |  8960743.02
    1376554 |  8960713.06
      70590 |  8960671.44
     446544 |  8960574.08
    1276554 |  8960383.52
    1584102 |  8960211.13
    1207235 |  8960151.87
     646794 |  8959852.80
     213093 |  8959554.33
    1055729 |  8959364.20
     809828 |  8959266.56
    1040545 |  8959236.78
    1480160 |  8959224.48
      54517 |  8958884.58
    1480343 |  8958836.80
    1278265 |  8957795.20
     192173 |  8957700.09
     490088 |  8957656.22
    1321544 |  8957142.84
     549858 |  8956851.48
     726484 |  8956793.25
    1208003 |  8956607.04
    1400422 |  8956028.40
    1117652 |  8955994.73
     495811 |  8955869.44
     500169 |  8955676.49
     956948 |  8955403.86
      62504 |  8955245.97
     101106 |  8954771.13
     670114 |  8954427.42
     892451 |  8954421.75
     820684 |  8954095.59
     396265 |  8953712.12
     363452 |  8953326.38
     763708 |  8952436.08
     748272 |  8951931.22
    1104307 |  8951914.78
    1450283 |  8951870.50
    1559841 |  8951827.80
     840011 |  8950156.32
     455179 |  8949776.68
      17577 |  8949484.80
    1549485 |  8948751.97
      43702 |  8948732.00
    1042456 |  8948052.75
     614793 |  8947747.20
     849158 |  8947369.20
     632120 |  8947161.60
     445831 |  8946850.70
     841703 |  8946695.80
     208836 |  8946591.50
    1126375 |  8946493.26
    1592031 |  8946330.12
    1259526 |  8946319.14
    1196965 |  8946271.02
     780967 |  8945470.20
     286038 |  8945001.76
    1547652 |  8944956.60
     231771 |  8944592.20
    1064008 |  8944540.00
     814341 |  8944468.75
     492843 |  8944297.02
     186660 |  8943583.87
     636960 |  8942855.32
     925975 |  8942818.36
     257203 |  8942778.36
     880976 |  8942709.48
     522803 |  8942702.95
     201589 |  8942530.74
     608687 |  8942255.28
    1116499 |  8942150.66
    1038545 |  8942061.20
     562987 |  8941980.69
     907036 |  8941938.76
     518821 |  8941912.62
     734193 |  8941721.25
    1571647 |  8941692.32
    1311438 |  8941048.04
    1487852 |  8941026.90
     467650 |  8940045.72
     178174 |  8939769.80
    1119026 |  8939421.60
     462443 |  8938559.63
     863403 |  8937949.34
     321470 |  8937837.72
    1135847 |  8936417.38
    1082855 |  8936245.11
    1108797 |  8936038.72
    1592720 |  8936029.25
     509815 |  8935908.63
     982798 |  8935865.60
     926682 |  8935653.10
     117528 |  8935251.72
    1154602 |  8934878.32
    1202956 |  8934368.48
     206619 |  8933887.29
    1163194 |  8933847.50
     234530 |  8933769.91
     240625 |  8933760.00
      29803 |  8932980.91
      16522 |  8932525.16
    1077512 |  8932514.78
     218975 |  8932239.60
     959533 |  8932074.00
     792598 |  8931870.41
    1302941 |  8931566.52
     724050 |  8930699.28
    1057844 |  8930059.39
    1324402 |  8929565.16
    1087979 |  8929407.17
     761941 |  8929187.10
     945224 |  8928060.72
     165439 |  8927404.78
      90542 |  8926997.58
     693006 |  8926968.12
     443782 |  8926950.15
    1586825 |  8926733.76
     954454 |  8926409.43
     128256 |  8926291.70
     121432 |  8925874.80
     919761 |  8925132.24
    1315480 |  8925047.24
     316783 |  8924822.10
    1185500 |  8924713.26
     501101 |  8924654.97
     637451 |  8924419.26
    1286312 |  8924399.99
     147878 |  8924257.16
    1208179 |  8923835.60
    1078365 |  8923813.92
     984075 |  8922868.20
     129585 |  8922829.86
     945523 |  8922238.71
     817658 |  8922144.00
     430075 |  8922064.20
     546443 |  8921727.57
     506537 |  8921682.36
     173537 |  8921334.32
    1024232 |  8920978.55
    1412412 |  8920890.00
       4034 |  8919546.30
    1499832 |  8919487.26
     738759 |  8917675.34
    1132978 |  8917642.48
    1456967 |  8917640.48
     279755 |  8917156.07
     282582 |  8916805.25
    1213659 |  8916027.00
     334177 |  8915876.40
     160792 |  8915874.07
     121778 |  8915251.52
      43759 |  8915053.98
    1535666 |  8914723.84
     813518 |  8914630.10
    1357317 |  8914560.50
     781442 |  8914543.44
      40097 |  8914200.41
     734937 |  8913933.00
    1154941 |  8913686.79
     774973 |  8912749.25
    1433166 |  8911426.17
    1046682 |  8911169.36
     782695 |  8910949.47
    1408455 |  8910766.33
     935854 |  8910381.80
    1304200 |  8910113.04
     577965 |  8910022.74
     621156 |  8909728.10
    1125375 |  8909523.24
     818371 |  8909437.25
     905670 |  8909370.72
    1106721 |  8909059.56
     633321 |  8908997.90
     406382 |  8908947.36
     610867 |  8908793.88
    1056165 |  8908543.63
     531112 |  8908381.30
     148331 |  8908302.60
    1050803 |  8907969.29
    1432139 |  8907822.77
    1454641 |  8907624.00
     280489 |  8907277.06
    1414232 |  8907100.97
     600672 |  8906782.98
    1434729 |  8905855.82
    1439001 |  8905685.83
    1150468 |  8905584.63
    1571372 |  8905016.75
     630904 |  8904862.23
    1599431 |  8904788.69
     625965 |  8904204.01
     251226 |  8904126.22
     640214 |  8903973.45
    1462862 |  8903600.40
    1181061 |  8903548.98
    1001729 |  8903385.20
    1279134 |  8903085.09
     618325 |  8903034.35
    1047053 |  8902895.70
     475001 |  8902877.10
     620641 |  8902706.26
      80478 |  8902697.28
     108031 |  8902310.69
     765643 |  8901154.75
     999815 |  8900867.40
     727369 |  8900080.12
     904443 |  8900003.80
     687653 |  8899479.00
     495941 |  8899474.83
    1508608 |  8899376.20
     768215 |  8898615.75
     842004 |  8898556.16
      22832 |  8898539.34
      51673 |  8898067.25
     520186 |  8897734.40
     875200 |  8896892.55
    1104417 |  8896636.98
     254164 |  8896444.88
      89447 |  8896399.82
     964895 |  8896259.64
     135171 |  8895547.62
     711085 |  8895444.74
     134118 |  8895117.50
    1586477 |  8894941.25
     721279 |  8894781.65
     171051 |  8894667.18
     276215 |  8894665.51
     392480 |  8894225.12
    1154529 |  8894130.76
     243204 |  8893535.52
     688654 |  8893220.21
    1023666 |  8893131.24
    1021521 |  8892899.55
    1037251 |  8892375.14
     667652 |  8892080.20
    1298786 |  8891944.85
     848229 |  8891925.47
    1096630 |  8891880.48
    1284541 |  8891101.12
    1437474 |  8890979.64
      99374 |  8890648.34
     297653 |  8890059.19
    1167032 |  8888995.64
    1369199 |  8887875.10
     849659 |  8887575.27
    1177085 |  8887321.65
     953444 |  8887239.72
      76376 |  8887073.42
     123758 |  8886961.56
     826350 |  8886959.06
    1364312 |  8886789.20
    1224419 |  8885655.99
    1064456 |  8884673.60
     951824 |  8884564.36
     817956 |  8884315.65
    1273054 |  8883997.98
     425633 |  8883791.41
    1056597 |  8883048.11
     164839 |  8882944.40
      41571 |  8882224.26
      25908 |  8881939.68
     328185 |  8881881.36
     874147 |  8881649.56
     548804 |  8881495.08
    1315233 |  8881261.74
     421170 |  8880545.16
      16574 |  8879845.70
    1448678 |  8879786.34
     840044 |  8879637.84
        612 |  8879623.72
    1212607 |  8879468.06
     838934 |  8879385.60
    1229362 |  8879108.20
     362698 |  8878842.06
    1365638 |  8878455.15
     626278 |  8878161.24
     909175 |  8878002.16
    1134458 |  8877894.00
     957073 |  8877630.30
     499040 |  8877433.08
     493978 |  8877309.75
    1126756 |  8877165.00
      42258 |  8876608.65
    1096047 |  8876252.07
    1106533 |  8876234.48
     397577 |  8875960.00
     879102 |  8875704.25
    1292790 |  8875531.50
     193270 |  8874921.06
     103706 |  8874903.51
     716758 |  8874435.60
     725318 |  8874410.51
    1382282 |  8874342.54
    1096749 |  8873956.00
    1531779 |  8873934.20
     803255 |  8873790.85
     284798 |  8873741.00
     110789 |  8873699.64
     105048 |  8872802.01
    1501175 |  8872630.65
    1119648 |  8872621.81
    1231170 |  8872371.63
     167941 |  8872330.04
     257617 |  8872089.59
     118737 |  8871941.38
    1264777 |  8871226.82
     408526 |  8871105.68
     492290 |  8870805.60
     536951 |  8870760.57
     367325 |  8870565.60
    1503201 |  8870298.15
     417307 |  8869925.75
     313783 |  8869575.65
     887578 |  8869202.74
     394061 |  8868412.00
    1026371 |  8867799.68
    1067294 |  8867575.53
    1549342 |  8867221.35
    1460903 |  8867102.40
     248701 |  8866644.24
    1395666 |  8866355.14
    1330270 |  8866260.54
    1108427 |  8866132.90
     796572 |  8865837.71
      87317 |  8865812.82
     348247 |  8865594.88
    1191113 |  8864927.61
     168233 |  8864860.93
    1596562 |  8864008.40
     194270 |  8863737.30
    1227081 |  8863592.68
     796638 |  8863521.03
    1383940 |  8863460.00
    1163034 |  8862210.86
    1381485 |  8862145.98
     180971 |  8862007.20
     583244 |  8861992.20
     460745 |  8861744.65
      54675 |  8861626.08
     844230 |  8861601.90
     157625 |  8861145.44
     761790 |  8860706.80
    1080992 |  8860497.24
     310441 |  8860057.68
    1381063 |  8860037.56
     630747 |  8858649.05
     378017 |  8858563.82
     360571 |  8858339.65
     774632 |  8858177.12
     571935 |  8857469.71
    1084176 |  8857455.00
     204890 |  8857280.31
    1174136 |  8857272.50
    1297253 |  8857167.38
     605786 |  8856991.40
    1523632 |  8856819.87
     760199 |  8856468.61
    1013452 |  8856275.80
     418763 |  8856049.93
     783932 |  8855913.85
     227499 |  8855501.44
      33286 |  8855429.46
    1294504 |  8855334.00
     790745 |  8855271.18
    1034028 |  8855246.20
     170265 |  8855165.34
     110414 |  8855114.19
    1493634 |  8854522.16
     313507 |  8854372.03
     164198 |  8853379.86
     677531 |  8853250.90
     945181 |  8852846.11
     740550 |  8852226.30
     912445 |  8851886.45
     970876 |  8851865.00
     122625 |  8851672.24
    1288614 |  8851401.72
     783805 |  8851398.84
     169413 |  8851216.96
    1503443 |  8851167.48
     143673 |  8851149.23
     148911 |  8850962.32
     610317 |  8850718.64
     497743 |  8849405.48
     851753 |  8849362.14
     130200 |  8849117.90
    1593157 |  8848232.26
    1403519 |  8847054.33
     834994 |  8846783.85
     444504 |  8846448.72
     774493 |  8846210.18
     676784 |  8845946.05
     980851 |  8844946.80
     394914 |  8844766.95
     752482 |  8843784.58
     495243 |  8843698.72
    1359107 |  8843582.10
     721497 |  8843438.82
    1123247 |  8843333.76
     758571 |  8842960.08
     311058 |  8842170.58
     858117 |  8842106.00
     768031 |  8841701.25
    1427056 |  8841266.94
     360243 |  8841261.93
     328907 |  8840987.19
     766980 |  8840963.56
    1528459 |  8840414.10
      50075 |  8840332.16
    1397103 |  8839889.19
     460679 |  8839872.80
    1284402 |  8839822.41
    1406932 |  8839195.98
     685412 |  8838687.99
     755056 |  8838526.32
     706004 |  8837994.78
     580240 |  8837805.46
    1476960 |  8837630.08
     273311 |  8837525.92
    1098780 |  8837292.83
    1052578 |  8837279.40
     129400 |  8837126.48
     811259 |  8836429.17
    1507492 |  8836421.58
     948932 |  8836315.95
     508464 |  8836153.48
     923034 |  8835983.75
    1086362 |  8835959.98
     881451 |  8835949.88
     290255 |  8835697.90
    1303789 |  8835568.92
     656743 |  8835522.93
     307658 |  8835422.00
      37822 |  8835175.44
    1555167 |  8834519.50
     490731 |  8834255.78
    1411196 |  8833894.32
    1592084 |  8833411.37
     324594 |  8833361.94
     158203 |  8833124.50
     380207 |  8832610.48
     425424 |  8832572.82
     645040 |  8832261.06
     615952 |  8832215.79
     662712 |  8831946.97
      35016 |  8831883.60
     115248 |  8831859.40
    1266368 |  8831711.97
    1480596 |  8831589.42
     469781 |  8831474.48
    1447856 |  8830509.96
    1036847 |  8830449.25
     845369 |  8830447.60
    1238819 |  8830391.85
    1236792 |  8830354.86
    1553013 |  8830234.14
    1486289 |  8829711.12
     105386 |  8829534.63
    1431920 |  8829072.74
    1370443 |  8828756.60
    1268884 |  8828490.64
     516750 |  8828264.79
    1210348 |  8828011.50
     714352 |  8827971.06
     994219 |  8827649.06
     825617 |  8826941.40
    1338777 |  8826673.16
     709246 |  8826541.20
    1391132 |  8825849.20
     837396 |  8825207.05
    1336762 |  8825147.10
     593489 |  8824487.59
     271918 |  8823976.35
     446618 |  8823901.24
    1030844 |  8823486.61
    1345703 |  8823004.75
     909864 |  8822992.14
     891202 |  8822846.17
     546498 |  8822820.20
     143443 |  8822656.68
     442156 |  8822476.60
    1464911 |  8822354.10
     815141 |  8821747.07
    1177606 |  8821671.45
     820755 |  8821538.79
    1048375 |  8821449.73
    1163013 |  8820934.56
     894854 |  8820829.50
    1406794 |  8820709.26
     721202 |  8820386.40
      10380 |  8819937.62
     334947 |  8819901.86
     595035 |  8819264.76
     329890 |  8819168.20
     642925 |  8819052.42
    1117146 |  8818188.05
    1317246 |  8818037.25
     837823 |  8817986.32
     710457 |  8817941.76
     458247 |  8817895.75
     590504 |  8817291.12
     744860 |  8817164.28
     508208 |  8816698.82
      47059 |  8816402.10
    1383283 |  8816206.42
    1315833 |  8815900.42
     867651 |  8815082.06
    1184474 |  8814874.86
     805120 |  8814331.68
    1518145 |  8813097.95
     279586 |  8812619.96
     522036 |  8812560.96
    1162874 |  8812414.37
     617588 |  8812173.77
     276889 |  8811923.40
    1570031 |  8811490.16
    1156127 |  8811259.20
     927598 |  8811151.94
     735745 |  8811024.30
    1057414 |  8809913.40
     537122 |  8809847.55
    1353735 |  8809523.80
      11390 |  8809422.35
     413406 |  8809122.28
    1500148 |  8808422.70
    1449255 |  8808415.00
    1366378 |  8808350.25
     271183 |  8808039.90
     896744 |  8807665.84
    1054339 |  8807403.84
     616253 |  8807202.26
     150294 |  8807194.62
     646398 |  8806271.10
     595582 |  8805606.16
     782885 |  8805364.16
    1304791 |  8804500.65
     785051 |  8803993.86
    1437046 |  8803394.30
      50382 |  8803381.86
    1040102 |  8803278.05
    1274426 |  8802815.30
     149775 |  8802715.67
    1439199 |  8801349.47
     652924 |  8801331.55
     709826 |  8800651.35
     865031 |  8800607.60
    1090515 |  8800462.50
     980151 |  8799999.62
     818869 |  8799611.31
      61092 |  8799505.72
     214557 |  8799445.60
      78539 |  8798336.19
     514161 |  8798133.45
    1281636 |  8797216.24
    1568906 |  8797063.92
     127623 |  8796087.96
    1407880 |  8795974.40
    1162326 |  8795623.20
     707502 |  8793460.29
     995115 |  8793449.55
    1214163 |  8792992.95
    1094415 |  8792754.54
    1540766 |  8792654.36
    1128070 |  8792593.95
     330933 |  8792361.58
    1415907 |  8792252.28
     304298 |  8791989.62
     321160 |  8791116.98
     242845 |  8790994.80
     217110 |  8790939.64
    1079374 |  8790833.78
     975517 |  8790318.18
    1039491 |  8789769.90
    1420079 |  8789763.36
       5318 |  8789370.32
    1520000 |  8788628.60
    1126924 |  8788499.20
     873455 |  8788233.40
     227138 |  8787680.28
     427054 |  8787541.53
     256971 |  8787305.45
     189561 |  8787304.50
     555145 |  8787092.02
     120377 |  8786972.74
    1151905 |  8786799.00
    1426551 |  8786559.54
    1377752 |  8786526.80
     739323 |  8785548.15
     236980 |  8785011.51
    1199317 |  8784527.00
     754277 |  8784514.20
     953409 |  8784511.14
        261 |  8784244.07
     948615 |  8783236.32
     514774 |  8783120.58
     433950 |  8783052.16
      69914 |  8782807.20
    1378840 |  8782623.58
     105557 |  8782294.29
     621620 |  8781911.68
    1236063 |  8781541.68
     411714 |  8781026.80
     806835 |  8781011.99
     550786 |  8780981.79
    1111473 |  8780899.49
    1451794 |  8780717.52
     294131 |  8780698.74
     389843 |  8780398.24
    1134532 |  8780106.86
     942695 |  8778986.62
    1087187 |  8778978.90
    1496213 |  8778841.44
    1006659 |  8778017.54
    1242499 |  8777982.50
     124109 |  8777901.68
     708059 |  8777696.65
    1218776 |  8777295.00
    1371669 |  8777007.88
     681740 |  8776434.08
    1041575 |  8776354.08
     671629 |  8775940.11
    1214651 |  8775879.19
     157924 |  8775828.72
    1500890 |  8775809.90
    1505293 |  8775715.25
    1121266 |  8775509.04
    1261062 |  8775273.36
    1557084 |  8774916.54
    1274396 |  8774674.00
     174454 |  8774592.78
     731177 |  8774440.16
     964905 |  8774349.72
     535374 |  8773810.50
      67260 |  8773498.50
    1460998 |  8773464.43
     805375 |  8772572.44
    1454166 |  8772202.98
     748380 |  8772020.44
     110823 |  8771597.52
      68715 |  8771302.80
      27489 |  8771057.28
    1373198 |  8770460.96
     940093 |  8769854.25
     334812 |  8769545.20
    1287510 |  8769336.20
     265986 |  8768986.20
     870457 |  8768976.50
     370732 |  8768692.80
    1003984 |  8768587.68
     548936 |  8767730.88
    1052446 |  8767705.17
    1275635 |  8767531.56
    1181615 |  8766847.10
     278620 |  8766740.43
     237915 |  8766669.21
    1563676 |  8765709.72
     632675 |  8765673.94
    1374810 |  8764639.44
     929005 |  8763927.48
     476456 |  8763823.53
     872383 |  8763393.60
     156756 |  8763386.72
     163266 |  8763329.25
     459696 |  8762948.32
     265186 |  8762861.12
    1194222 |  8762638.50
     845627 |  8762318.79
    1182041 |  8762104.16
    1345972 |  8762070.75
    1078827 |  8762054.19
    1443746 |  8761986.15
     335008 |  8761890.40
     803242 |  8761588.48
    1038034 |  8761523.10
    1195010 |  8761304.40
     836496 |  8761004.40
    1344342 |  8760977.68
     606602 |  8760917.76
    1356648 |  8760675.00
     496412 |  8760187.04
     497915 |  8760019.93
     101270 |  8759607.45
     814454 |  8759405.00
     153069 |  8758955.04
     654298 |  8758015.05
    1493319 |  8757894.30
     933194 |  8757414.75
      42626 |  8757164.22
     952850 |  8757118.52
     279709 |  8757024.36
    1254172 |  8756620.38
      96856 |  8756135.82
    1506597 |  8756087.05
    1599694 |  8755656.78
     297730 |  8755617.90
     730186 |  8755596.08
     220790 |  8755580.71
     216572 |  8755505.85
    1486668 |  8755352.27
     500148 |  8754751.13
    1048104 |  8754234.72
     141663 |  8754161.15
     506533 |  8753977.67
     440019 |  8753661.40
    1409595 |  8753476.68
     811448 |  8753370.68
     724333 |  8752708.89
     296554 |  8752671.98
      59243 |  8752620.59
     264303 |  8751848.54
    1113497 |  8751580.50
      24235 |  8750977.20
    1108317 |  8750956.39
    1418580 |  8750829.02
     389807 |  8750010.36
    1060630 |  8749860.30
     573027 |  8749819.50
      57013 |  8749802.02
    1005440 |  8749266.92
     120186 |  8749242.15
    1343354 |  8749012.32
    1090353 |  8748522.00
       2756 |  8747825.52
    1135315 |  8747620.32
     977620 |  8747312.57
     373109 |  8746997.88
    1139499 |  8746885.80
     734583 |  8746774.00
     921330 |  8746731.24
    1572149 |  8746723.18
     836960 |  8746363.70
     398655 |  8746336.48
     190378 |  8745328.44
     819161 |  8744939.02
    1076365 |  8744914.92
     309589 |  8744767.44
     909609 |  8744735.04
    1245777 |  8744574.15
     325276 |  8743648.00
    1465209 |  8743424.56
     865508 |  8743255.36
      84563 |  8742785.04
     837102 |  8741504.75
    1301760 |  8740642.48
     638395 |  8740515.03
     438989 |  8740451.25
     202825 |  8740443.00
      16160 |  8740262.76
     883937 |  8740188.94
    1360444 |  8740021.90
     219498 |  8739876.64
    1045167 |  8739671.04
     878771 |  8739616.37
     804830 |  8739081.87
    1012075 |  8738441.56
     604364 |  8738167.42
    1236797 |  8737919.40
     652796 |  8737630.38
    1375740 |  8737461.54
     953110 |  8737099.61
      16420 |  8737034.00
     753504 |  8736625.80
    1102082 |  8736610.08
      60606 |  8736488.67
     666668 |  8736345.94
     691461 |  8735776.45
    1371906 |  8735395.12
    1124329 |  8735285.13
     983630 |  8735261.60
    1106042 |  8734928.42
     867855 |  8734576.16
    1487681 |  8734566.72
     646745 |  8734227.84
     188893 |  8733486.96
     128993 |  8732975.67
    1267481 |  8732456.30
      44476 |  8731947.42
    1000724 |  8731835.31
    1581232 |  8731706.00
    1187180 |  8731661.12
     898137 |  8731411.92
    1182697 |  8731094.96
    1405497 |  8731019.15
     809796 |  8731016.21
    1320627 |  8730990.16
     705989 |  8730821.44
     370276 |  8730489.60
    1316880 |  8730076.48
     474459 |  8729689.50
     863323 |  8729199.68
    1137602 |  8729059.77
     685361 |  8729056.81
     566330 |  8728884.00
     635969 |  8728576.02
    1195066 |  8728454.66
     442844 |  8728092.85
     607653 |  8727956.64
    1434133 |  8727582.15
    1507925 |  8727488.80
     676161 |  8726531.85
     378867 |  8726233.60
    1403410 |  8725521.90
     896380 |  8725024.00
     735275 |  8724967.10
     225265 |  8724949.38
    1465425 |  8724936.22
     300158 |  8724427.80
    1323842 |  8724273.66
     188814 |  8724182.40
     145317 |  8724042.20
     825516 |  8724006.65
    1392720 |  8723932.56
    1113795 |  8723608.85
     407346 |  8723224.50
     727908 |  8723176.80
    1030010 |  8723047.50
     542483 |  8723025.70
     663329 |  8722872.20
     823515 |  8722287.20
    1567402 |  8721919.56
      64837 |  8721674.95
      10151 |  8721672.55
     281743 |  8721657.04
     844024 |  8721511.64
     785638 |  8721252.54
    1137097 |  8721070.08
     356203 |  8720900.43
     781037 |  8720608.81
     727126 |  8720381.88
    1233938 |  8720280.36
    1299155 |  8720029.48
     295524 |  8719492.05
    1094544 |  8719396.07
    1027187 |  8719039.64
     254430 |  8719005.51
     605420 |  8718676.20
     633968 |  8718530.50
     909103 |  8718174.48
     533421 |  8718125.24
      45245 |  8717832.64
     245246 |  8717591.09
     839696 |  8717432.58
    1237720 |  8716853.64
     883417 |  8716777.20
    1485270 |  8716688.64
     571351 |  8716545.10
     881597 |  8716372.04
     277224 |  8716000.86
     521323 |  8715792.60
     955307 |  8715092.36
    1543648 |  8714877.00
      41335 |  8714773.80
     922522 |  8714474.88
     225651 |  8714247.24
     274267 |  8714161.64
    1103974 |  8713984.34
     634517 |  8713789.18
    1096447 |  8713758.76
    1088970 |  8713391.57
    1513656 |  8712790.68
    1344729 |  8712641.40
     142889 |  8712453.76
     287875 |  8712396.27
     452729 |  8712333.00
     808622 |  8711793.36
     909236 |  8711290.78
     759188 |  8711256.10
     848663 |  8710799.76
     594428 |  8710650.63
     261400 |  8710379.14
    1127625 |  8710012.16
    1067735 |  8709816.97
     988959 |  8709696.58
    1381079 |  8709213.32
    1004761 |  8709160.95
     464268 |  8708891.14
      97499 |  8708733.99
    1546378 |  8708485.59
    1012663 |  8708274.75
     196535 |  8707839.57
     195244 |  8707557.32
     228398 |  8707287.30
     754737 |  8707264.00
    1307893 |  8706286.68
     630341 |  8705885.88
     838029 |  8705859.04
     388277 |  8705756.10
     977711 |  8705568.00
     244101 |  8705354.50
     479879 |  8704993.31
     572298 |  8704933.64
     719022 |  8704738.86
     496542 |  8704460.80
     224665 |  8704230.48
    1199077 |  8704181.88
    1304727 |  8703988.04
    1364726 |  8703693.57
    1160877 |  8703108.92
    1050740 |  8702965.74
     303642 |  8702749.82
     399729 |  8702743.84
     425177 |  8702400.00
    1074660 |  8701961.70
     295496 |  8701488.77
     388436 |  8701311.84
    1221530 |  8701218.03
     175336 |  8700839.16
    1597821 |  8700658.05
     839725 |  8700062.89
     178028 |  8699973.46
     841650 |  8699686.08
     802534 |  8699394.42
     190412 |  8699196.80
     557414 |  8698563.25
    1444773 |  8698486.05
    1577408 |  8698213.87
     167380 |  8698115.24
      87053 |  8697603.92
     325235 |  8697272.98
     363854 |  8697172.76
    1350166 |  8696779.84
    1218244 |  8696775.08
     987382 |  8696209.41
      76059 |  8696168.64
    1365041 |  8696097.27
      61263 |  8693697.60
    1137993 |  8693593.67
     166624 |  8693571.39
    1036182 |  8693551.65
    1153997 |  8693506.14
     152044 |  8693220.60
     397633 |  8693150.70
     982513 |  8692699.32
    1497979 |  8692628.39
    1435012 |  8692278.91
    1366874 |  8692254.53
    1504338 |  8692030.76
     453193 |  8691019.48
     535813 |  8690913.96
     932424 |  8690401.68
     119936 |  8690363.43
    1495988 |  8689812.48
    1120479 |  8689753.75
     324220 |  8689608.40
     619143 |  8689476.56
      17326 |  8689329.16
    1498435 |  8689226.00
    1137734 |  8689177.80
     265380 |  8689064.40
    1241051 |  8688899.75
      85273 |  8688812.74
    1402994 |  8688748.36
     226665 |  8688519.40
    1395611 |  8687983.08
      30433 |  8687901.24
    1090707 |  8687562.66
     235049 |  8687451.04
    1246419 |  8687347.20
    1424987 |  8687014.35
     375951 |  8686365.60
     457660 |  8686184.00
     111111 |  8686075.97
     156094 |  8685753.12
     755440 |  8685598.25
     653576 |  8685508.79
    1065614 |  8685431.74
    1011740 |  8684865.80
     857287 |  8684705.40
    1367191 |  8684607.03
      47510 |  8684290.41
     455696 |  8683803.28
     189533 |  8683693.24
     916826 |  8682995.10
    1530532 |  8682593.70
     910566 |  8681706.00
     335688 |  8681515.16
    1016276 |  8681510.04
    1115013 |  8681481.90
      16724 |  8681211.86
    1519386 |  8681017.36
     699472 |  8680943.25
     548732 |  8680932.00
     256200 |  8680731.52
     556086 |  8680614.68
      98627 |  8680418.46
    1202066 |  8680281.40
    1260146 |  8680136.50
    1367369 |  8679969.00
      96124 |  8679794.58
     815735 |  8679727.90
     374341 |  8679703.60
    1341030 |  8679365.74
     169439 |  8679029.58
    1531901 |  8679026.72
    1424301 |  8679023.54
     133516 |  8678543.12
    1188938 |  8678325.42
    1593653 |  8678187.61
     978629 |  8678073.53
     706482 |  8677877.12
    1245456 |  8677724.64
    1245271 |  8677695.72
     233223 |  8677646.84
       5996 |  8677371.78
    1190919 |  8677364.40
     336165 |  8677240.65
     507036 |  8677199.30
     824272 |  8677127.95
     378295 |  8676456.70
    1220823 |  8675835.00
     977433 |  8675568.32
    1085821 |  8674925.16
     793103 |  8674849.35
    1017415 |  8674834.74
    1136404 |  8674556.35
     635683 |  8674239.60
    1215876 |  8674110.00
     474046 |  8674055.06
     354793 |  8673547.12
     735942 |  8672497.68
     466819 |  8672242.88
     204416 |  8671870.62
     622396 |  8671755.75
     812484 |  8671658.94
     353308 |  8671272.20
     880092 |  8671081.56
     161392 |  8670911.84
     850123 |  8670848.55
     593435 |  8670594.03
    1315555 |  8670442.97
     233278 |  8670359.31
     532843 |  8669664.09
     865166 |  8669642.94
     836798 |  8669329.52
     247200 |  8669279.52
     719331 |  8668917.36
     288406 |  8668375.50
     412739 |  8668221.09
    1371421 |  8667905.12
    1257122 |  8667880.34
     545714 |  8667664.60
     739629 |  8667361.80
     311113 |  8667195.90
     381770 |  8667111.00
     559196 |  8667008.68
     918819 |  8666779.70
     451988 |  8666710.80
     872484 |  8665946.52
    1410776 |  8665447.20
     628400 |  8665066.74
      92221 |  8664819.60
     869309 |  8663476.03
     254764 |  8663087.46
     589119 |  8662924.93
    1141079 |  8662858.16
    1033339 |  8662649.24
    1413138 |  8662017.60
     492873 |  8661986.77
     220111 |  8661941.51
     297562 |  8661937.96
     227655 |  8661781.44
     434749 |  8661664.92
     641497 |  8661551.40
    1504380 |  8661488.10
     842661 |  8661463.44
     271470 |  8661424.98
    1507601 |  8661366.95
     886623 |  8661210.75
     586950 |  8661128.72
     683992 |  8661080.35
    1486342 |  8660931.90
    1531270 |  8660065.83
     518833 |  8659966.48
     844299 |  8659070.42
     630584 |  8659012.79
      91452 |  8658887.16
     891163 |  8658874.40
    1578670 |  8658813.86
    1087662 |  8658782.90
     796481 |  8658338.08
    1532366 |  8658323.28
    1218190 |  8658079.90
     216519 |  8657680.64
     110112 |  8657445.30
    1066547 |  8657024.46
    1409309 |  8655477.30
     409629 |  8655261.00
     521331 |  8655064.76
    1530231 |  8655004.32
     274332 |  8654932.55
    1109789 |  8654456.36
     431244 |  8654114.75
     734766 |  8653836.03
    1272737 |  8653789.53
    1479737 |  8653468.80
     920480 |  8653462.70
     284824 |  8653243.53
     179784 |  8653021.34
    1364830 |  8653019.31
    1347238 |  8652946.28
     862147 |  8652799.64
    1210688 |  8652779.46
      18833 |  8652669.40
    1152665 |  8652631.28
     566654 |  8652503.47
     804817 |  8652378.60
     321619 |  8652286.77
    1137568 |  8652078.50
    1329986 |  8651926.08
     420655 |  8651916.64
    1061994 |  8650664.54
     896215 |  8650388.78
    1054873 |  8650309.26
    1069821 |  8650304.27
     298356 |  8650173.73
    1164098 |  8650063.20
     741573 |  8650019.60
     749491 |  8649739.35
    1433631 |  8649506.25
      29620 |  8649078.01
    1188224 |  8648844.47
     968117 |  8648677.53
    1545219 |  8648355.52
     108907 |  8647970.80
    1498727 |  8647597.70
    1555151 |  8647563.57
     245653 |  8647218.30
     205240 |  8646184.36
    1441138 |  8646094.48
     302496 |  8646068.20
     506434 |  8646037.78
     954516 |  8646015.16
      56473 |  8645889.96
     157567 |  8645702.25
     112791 |  8645515.20
     953507 |  8645423.80
    1558729 |  8645219.97
      94559 |  8644378.65
     191891 |  8644258.14
     585413 |  8644157.62
    1139863 |  8644094.55
     638730 |  8642333.70
     538904 |  8641916.24
     510194 |  8641787.56
    1404351 |  8641371.06
     197009 |  8641188.40
     895941 |  8640979.87
    1205847 |  8640408.59
     384694 |  8640289.92
     869167 |  8640067.42
     965307 |  8639436.80
    1121903 |  8639356.40
     685501 |  8639030.08
     226716 |  8638825.25
     410031 |  8638717.50
     469851 |  8638432.92
     160095 |  8637926.48
     770070 |  8637660.00
    1562797 |  8637460.80
     267892 |  8637457.30
    1385242 |  8637370.98
     302122 |  8637170.25
     934367 |  8636507.32
    1390433 |  8636309.04
    1233098 |  8636276.60
     301332 |  8636220.83
     690857 |  8635956.00
     604288 |  8635604.78
    1189013 |  8635130.68
    1383716 |  8635086.70
    1522451 |  8634917.10
     139559 |  8634716.64
     827070 |  8634360.00
     462420 |  8634190.06
      90209 |  8633961.05
     686973 |  8633880.00
     255335 |  8633513.98
     781009 |  8633152.60
     463443 |  8632911.82
     375113 |  8632733.27
    1533675 |  8632473.10
     686762 |  8632449.72
     238052 |  8632320.40
      77433 |  8632222.08
     953047 |  8631900.54
     664755 |  8631228.71
    1027834 |  8630939.80
     565626 |  8630881.60
    1470175 |  8630639.91
    1148667 |  8630545.95
     178789 |  8630544.55
       5655 |  8630045.64
     862524 |  8629103.31
     778156 |  8628922.88
     929390 |  8628890.14
     415881 |  8628586.44
    1279313 |  8628529.05
    1047130 |  8628270.66
     406334 |  8628257.16
    1597590 |  8627203.69
     255518 |  8627016.30
     402310 |  8626589.31
    1235489 |  8626213.97
     550082 |  8626197.03
    1285640 |  8625981.03
     785652 |  8625466.27
     358702 |  8625304.28
     789951 |  8625284.76
     195416 |  8624883.96
      96376 |  8624880.73
     296538 |  8624828.16
     471510 |  8624407.68
    1417201 |  8624379.91
     832883 |  8624322.54
      27701 |  8623996.56
    1435229 |  8623963.04
    1548044 |  8623521.64
     707020 |  8623366.92
    1542967 |  8623314.50
    1083612 |  8623278.90
     242411 |  8623188.12
     952942 |  8623100.74
     185177 |  8623029.36
    1286650 |  8622907.46
     673102 |  8622856.60
     446373 |  8622297.81
     490427 |  8622274.41
    1155900 |  8622069.30
     478869 |  8621840.64
     270339 |  8621743.68
    1114958 |  8621698.02
     400513 |  8621591.40
    1211482 |  8620711.96
    1365750 |  8620680.00
     981076 |  8620615.08
      94399 |  8620524.00
     824243 |  8620201.22
     329451 |  8619877.96
    1440459 |  8619835.20
     923420 |  8619683.08
     501906 |  8619523.44
    1151461 |  8619436.70
       3337 |  8619306.36
     617121 |  8619160.00
     352851 |  8618902.11
     883261 |  8618432.30
    1156161 |  8618314.00
     885796 |  8618165.40
     385620 |  8618116.76
    1451635 |  8618047.89
     848650 |  8617767.32
     463364 |  8617732.16
    1198862 |  8617576.14
    1037189 |  8617279.30
     948915 |  8617272.50
     216493 |  8617180.52
    1011726 |  8617028.61
    1005730 |  8616376.14
      64418 |  8616357.35
     702702 |  8616123.32
    1232655 |  8616039.55
    1573144 |  8615977.95
    1127076 |  8615864.64
    1478879 |  8614712.12
     377183 |  8614037.43
     348092 |  8613859.79
    1156275 |  8613654.92
     626030 |  8613243.60
     778105 |  8612529.18
    1477961 |  8612176.76
    1592535 |  8612149.32
    1318328 |  8612111.57
    1110012 |  8611995.36
     261639 |  8611976.78
    1199201 |  8611953.06
    1189641 |  8611199.80
     141593 |  8611041.52
    1143890 |  8610903.31
     775585 |  8610562.62
     717325 |  8610292.02
     982704 |  8610225.75
    1545635 |  8609784.36
    1364320 |  8609712.97
    1464109 |  8609606.46
     129077 |  8609577.60
     343720 |  8609571.63
     929194 |  8608935.78
     113484 |  8608574.72
    1439526 |  8608540.63
     335492 |  8607946.60
     691022 |  8607782.40
    1411275 |  8607749.93
     170138 |  8607748.62
     343854 |  8607521.16
    1176331 |  8606838.75
     128715 |  8606833.62
    1496569 |  8606720.90
      42055 |  8606656.86
    1232901 |  8606395.35
     549529 |  8606231.16
     601378 |  8605425.42
     186955 |  8604886.85
    1565816 |  8604757.24
    1484162 |  8604748.80
    1196575 |  8604602.08
     405411 |  8604528.80
     286686 |  8604289.22
     702715 |  8603994.69
     119242 |  8603974.06
    1280502 |  8603717.47
     603247 |  8603700.00
    1225327 |  8603328.63
    1323427 |  8603206.20
     389681 |  8603040.87
     105714 |  8602900.23
      85637 |  8602683.84
     130408 |  8602566.55
    1209336 |  8601584.12
     315128 |  8601494.92
     536886 |  8601126.20
     765417 |  8600861.92
    1170574 |  8600654.04
     314222 |  8599162.10
    1292400 |  8598801.61
     854190 |  8598749.25
    1134203 |  8598549.98
     256693 |  8598505.65
    1525565 |  8598481.20
     866908 |  8598228.04
     633762 |  8598154.66
     108149 |  8597562.50
    1139215 |  8596425.05
    1518223 |  8596096.02
      93881 |  8595485.48
    1176986 |  8595476.81
    1171618 |  8595188.14
    1222544 |  8594923.80
     597130 |  8594775.77
     470742 |  8594678.60
    1091436 |  8594663.52
     379017 |  8594014.00
    1498994 |  8593985.01
     565338 |  8593713.63
     771220 |  8593560.86
      75555 |  8593031.88
     537029 |  8592669.36
     899292 |  8592103.09
     702537 |  8591886.90
     450416 |  8591737.26
    1296641 |  8591572.88
     283243 |  8591224.04
     589227 |  8590878.72
     252203 |  8590813.89
    1366516 |  8590566.47
    1417345 |  8589854.52
    1110241 |  8589606.80
    1429172 |  8589114.14
     695606 |  8589101.42
     338798 |  8589101.40
     341656 |  8589053.28
    1187266 |  8588904.02
     752407 |  8588584.41
     473816 |  8588550.48
    1410840 |  8588356.86
     841654 |  8588043.94
    1162964 |  8587775.38
       9227 |  8587350.42
    1547851 |  8587192.97
    1045387 |  8587146.32
     560083 |  8586854.55
      87747 |  8586452.71
     508676 |  8585975.84
     588114 |  8585872.36
    1254109 |  8585750.40
      48018 |  8585391.71
     611925 |  8585297.50
    1103088 |  8585293.40
     323266 |  8585139.37
     172081 |  8584964.20
    1192647 |  8584946.37
    1225500 |  8584839.64
    1558254 |  8584686.48
     651645 |  8584632.90
    1114383 |  8584625.00
    1494893 |  8584475.13
    1599993 |  8584397.07
    1204538 |  8584220.03
     785639 |  8584025.17
    1596060 |  8583891.68
     540702 |  8583861.68
    1322393 |  8583592.74
     784615 |  8583459.92
    1054219 |  8583305.10
     293295 |  8583270.65
     110539 |  8583202.09
    1561717 |  8583144.84
    1381010 |  8582851.00
     806054 |  8582708.36
     898955 |  8582703.00
     121631 |  8582396.79
     418203 |  8582390.25
     869776 |  8582353.56
     739502 |  8582308.02
     346478 |  8582047.11
     853295 |  8581698.52
    1187603 |  8581656.02
    1563795 |  8581627.24
    1405849 |  8581156.50
     137876 |  8580641.30
    1451468 |  8580328.90
     701143 |  8580218.52
     157763 |  8580130.40
     822815 |  8580041.80
     530574 |  8579736.45
     207663 |  8579683.63
     915773 |  8579554.32
     958920 |  8579076.00
     125635 |  8578708.95
     700819 |  8578145.00
    1425830 |  8578122.98
     710816 |  8577879.00
     932855 |  8577693.09
     258533 |  8577484.16
     783536 |  8576733.76
     686530 |  8576292.00
     345369 |  8575897.42
    1454298 |  8575823.52
     897462 |  8575738.50
    1116549 |  8575342.96
     679112 |  8575270.55
     716859 |  8574931.47
     177712 |  8574895.36
     917491 |  8574553.22
     254261 |  8574026.20
      24654 |  8573938.56
    1032510 |  8573772.90
     640658 |  8573594.20
     365431 |  8573233.38
    1346275 |  8573191.98
     341025 |  8573151.36
     968273 |  8572786.58
    1378755 |  8572682.78
     104745 |  8572553.28
     254861 |  8572480.42
     629392 |  8572298.68
     464988 |  8571942.72
     421935 |  8571796.80
     453674 |  8571784.20
      15116 |  8571779.10
     170821 |  8571273.06
     432823 |  8571171.31
     590152 |  8571057.08
    1209309 |  8570652.82
     117129 |  8570315.87
    1492812 |  8570304.92
     479541 |  8569952.28
     333667 |  8569943.70
     821913 |  8569927.88
      69114 |  8569561.71
     174605 |  8568835.87
     606614 |  8568700.70
     548153 |  8568455.51
      95351 |  8568330.89
     499554 |  8567618.22
    1379530 |  8567538.42
     691949 |  8567498.76
     703637 |  8567497.95
    1008212 |  8566888.20
    1397105 |  8566693.14
    1467414 |  8565704.60
      74758 |  8565391.87
     834333 |  8565350.04
     671849 |  8565151.30
     322864 |  8564876.44
     258538 |  8564814.06
     409288 |  8564491.76
    1465500 |  8564243.49
     981782 |  8563723.63
     435540 |  8563598.64
     386752 |  8563593.61
    1310316 |  8563287.04
     212782 |  8563266.53
     531828 |  8562985.30
    1315916 |  8562645.38
    1203809 |  8562624.48
     120368 |  8562239.12
     285378 |  8562000.70
     139628 |  8561915.12
     190032 |  8561620.55
    1189839 |  8561606.04
    1121930 |  8561510.80
    1161482 |  8561229.54
     192421 |  8561208.16
    1268731 |  8561185.90
     563725 |  8560450.73
    1248794 |  8560248.21
    1049500 |  8560121.79
     980222 |  8559907.62
     593586 |  8559526.20
     519106 |  8558970.20
    1017283 |  8558879.25
    1474898 |  8558843.89
     464441 |  8558822.96
     772606 |  8557890.96
    1162379 |  8557686.86
    1150429 |  8557506.14
     874634 |  8557012.24
    1513676 |  8556774.38
     480187 |  8556408.96
    1377777 |  8556216.24
     128094 |  8555783.86
    1198014 |  8555475.74
    1473677 |  8555470.00
    1514746 |  8555080.44
    1032417 |  8554654.80
     862258 |  8554508.40
     851142 |  8554104.45
    1480003 |  8553820.38
     757164 |  8553796.96
     745165 |  8553455.92
    1513628 |  8553194.91
    1059067 |  8552695.52
     415625 |  8552586.24
     901012 |  8552423.62
    1447895 |  8552411.10
     727578 |  8552144.77
    1479794 |  8551797.12
     877802 |  8551717.76
     207256 |  8551641.50
     737717 |  8551533.13
    1172885 |  8551464.17
    1583028 |  8551458.12
    1192884 |  8551101.60
     474417 |  8550928.40
    1369836 |  8550707.20
     362292 |  8550679.56
     776880 |  8550566.64
    1556127 |  8550367.68
     547247 |  8550305.18
    1472636 |  8549845.72
    1220058 |  8549704.60
     707035 |  8549302.72
    1062831 |  8549116.26
     182337 |  8548869.39
     812283 |  8548762.59
     785217 |  8548676.10
     862947 |  8548608.25
     879367 |  8548469.55
     242698 |  8548224.80
    1245288 |  8548191.51
     976967 |  8548022.36
    1521802 |  8547998.72
     856218 |  8547827.96
     513193 |  8546960.34
    1292801 |  8546888.70
    1075427 |  8546881.60
      69509 |  8546583.80
       3034 |  8546571.73
    1138457 |  8546188.88
     993587 |  8545516.11
    1094011 |  8545474.56
     930520 |  8545464.90
     942866 |  8545290.77
     971207 |  8545084.90
    1588118 |  8544804.80
     891164 |  8544454.62
      46360 |  8544387.10
     865602 |  8544027.55
    1007839 |  8543517.84
     319928 |  8543298.96
     666529 |  8542583.10
      87298 |  8542165.98
    1078777 |  8541662.51
     697593 |  8541386.11
     527269 |  8541182.34
     283007 |  8540766.00
     736324 |  8540589.20
     690743 |  8540323.68
     732848 |  8540225.33
     965919 |  8540188.24
     941358 |  8540180.18
      97760 |  8540112.62
     181855 |  8540058.50
    1434896 |  8539423.00
     324792 |  8539398.04
    1281512 |  8539280.84
    1458858 |  8539140.42
     731455 |  8538961.60
    1445788 |  8538715.18
    1138036 |  8538658.82
    1144692 |  8538635.23
     799562 |  8538161.94
    1574838 |  8538081.11
     323547 |  8537524.44
    1576471 |  8536034.08
    1160243 |  8536032.72
    1017314 |  8535796.50
     282812 |  8535646.60
     109049 |  8535569.21
     552954 |  8535423.44
      51194 |  8535353.45
    1587876 |  8535326.60
    1465413 |  8535024.84
     697372 |  8534751.32
      77620 |  8534750.82
    1361808 |  8533603.88
    1282647 |  8533569.57
     495741 |  8533309.80
    1141208 |  8532805.39
    1449499 |  8532770.96
     289299 |  8531954.70
     575255 |  8531614.54
      62255 |  8531321.00
      85429 |  8531304.65
    1326791 |  8531161.92
     654251 |  8530566.46
    1083307 |  8529831.88
    1277717 |  8529824.94
    1560433 |  8529739.35
    1173534 |  8529254.13
     791830 |  8529000.00
    1518978 |  8528861.57
    1337082 |  8528845.75
     387668 |  8528785.74
     834224 |  8528582.27
     658771 |  8528517.60
    1404215 |  8528432.91
     404295 |  8528404.60
     766906 |  8528155.84
    1310290 |  8528108.59
     636180 |  8527553.89
    1260968 |  8527457.25
     395143 |  8527407.66
     865991 |  8527293.60
     832273 |  8527174.03
     198312 |  8526278.02
     467290 |  8526000.00
     657403 |  8525096.42
     399700 |  8524897.04
      92481 |  8524790.79
     580012 |  8524459.26
     136974 |  8524351.56
      19205 |  8524089.57
    1113968 |  8524030.32
     594017 |  8523973.92
     512181 |  8523916.44
     741986 |  8523898.76
     521883 |  8523856.44
      88146 |  8523545.28
      37431 |  8523479.61
    1520233 |  8523473.43
     531463 |  8522752.63
    1251816 |  8522529.60
     135461 |  8522182.88
     473069 |  8522163.75
     278311 |  8522030.25
     660399 |  8521948.19
    1056015 |  8521767.52
    1036007 |  8521652.03
     699014 |  8521511.58
    1374746 |  8521391.58
    1564344 |  8521275.91
     456691 |  8521166.20
    1356132 |  8521035.10
     144167 |  8520296.55
    1012855 |  8520254.48
      47842 |  8520248.10
    1256937 |  8520008.52
    1513817 |  8519909.70
    1305564 |  8519718.00
     670313 |  8519353.57
     894758 |  8519085.91
     635886 |  8519047.32
     297819 |  8518989.92
     510275 |  8518876.58
    1348118 |  8518817.74
    1458686 |  8518751.84
     513418 |  8518664.70
     759309 |  8517940.86
     571915 |  8517791.58
     620495 |  8517459.72
     458649 |  8517262.53
    1272028 |  8517255.82
     674940 |  8516802.32
    1020589 |  8516406.97
     395512 |  8515793.70
     436883 |  8515331.59
      24027 |  8515195.40
       1502 |  8514630.32
    1523520 |  8514162.72
    1246726 |  8514122.64
    1177774 |  8514072.84
    1274417 |  8513974.89
    1310710 |  8513953.36
     248104 |  8513778.12
      58336 |  8513433.88
     113733 |  8513363.42
       7289 |  8513280.60
    1057183 |  8513011.75
     611829 |  8512829.97
     383947 |  8512483.52
     843740 |  8512272.23
    1205234 |  8512227.60
     228715 |  8512156.79
     125983 |  8511665.40
     613179 |  8511651.40
     235018 |  8511633.90
     890232 |  8511578.09
     198651 |  8511238.80
    1568582 |  8511017.01
    1340717 |  8510943.00
    1099243 |  8510473.16
     854116 |  8510020.35
     500213 |  8509836.12
     240094 |  8509532.79
     458178 |  8509350.85
     162806 |  8508906.05
     657934 |  8508846.94
     608724 |  8508688.60
    1375134 |  8508653.34
     477577 |  8508552.57
    1572792 |  8508503.04
     402539 |  8508181.87
    1475991 |  8507641.40
     677037 |  8507080.80
    1565639 |  8507042.85
     994258 |  8506588.39
     911914 |  8505888.93
    1496299 |  8505649.80
    1367227 |  8505249.72
      86718 |  8504976.44
    1236392 |  8504822.41
     170806 |  8504684.86
     686951 |  8504569.80
     229411 |  8504351.83
     277877 |  8504327.54
     912558 |  8504200.84
     932664 |  8503890.51
     983963 |  8503693.44
      57396 |  8502772.50
    1254207 |  8502291.02
     980839 |  8502226.92
     516026 |  8502085.08
     231842 |  8501935.68
     358297 |  8501757.56
    1068771 |  8501692.50
     116373 |  8501584.96
     927186 |  8501104.75
     283942 |  8500551.91
     979876 |  8500390.60
    1235491 |  8500276.29
     294689 |  8500203.23
    1246706 |  8499787.56
    1362549 |  8499766.88
     982859 |  8499728.80
     153225 |  8499434.28
     525363 |  8499160.64
     632484 |  8498774.72
    1352430 |  8498232.00
     314667 |  8497114.92
     954340 |  8497098.24
     739878 |  8497052.04
     808643 |  8497017.42
     366482 |  8496566.19
     160810 |  8496403.30
     269873 |  8496227.74
     736520 |  8496150.30
    1140651 |  8495759.61
     642055 |  8494620.54
     173275 |  8494618.56
     597038 |  8494273.89
    1506589 |  8493843.66
    1205627 |  8493718.72
     822315 |  8493638.40
     974876 |  8493444.12
    1232595 |  8493435.36
    1201701 |  8493173.68
     169445 |  8493147.01
    1306826 |  8493115.56
     329849 |  8492748.65
    1104931 |  8492376.52
    1195091 |  8492242.00
    1551930 |  8491887.18
     811718 |  8491862.24
     509914 |  8491339.16
     923686 |  8491027.20
    1460991 |  8490791.10
      49435 |  8490691.68
     511712 |  8490584.43
    1565373 |  8490485.48
      39737 |  8490484.97
     650080 |  8490331.20
    1476600 |  8490198.89
     199690 |  8490145.80
     958460 |  8490061.08
     213324 |  8489738.00
    1527490 |  8489725.71
     994722 |  8489666.61
     852565 |  8489581.75
     169918 |  8489424.00
     237932 |  8489130.21
    1506545 |  8489111.67
     730438 |  8489103.91
    1361533 |  8489073.41
    1345373 |  8488844.10
     838852 |  8488674.81
     617802 |  8488597.95
     655633 |  8488434.50
     538064 |  8488287.50
     913846 |  8488269.79
    1185861 |  8487976.00
     912872 |  8487627.55
     735464 |  8487404.64
     633334 |  8487280.89
    1085768 |  8487259.44
      57307 |  8487071.92
    1075864 |  8486907.00
     733115 |  8486745.69
    1389140 |  8486670.64
     779476 |  8486629.52
    1105682 |  8486281.83
     473240 |  8486184.72
    1161935 |  8485948.34
    1037552 |  8485886.40
     414767 |  8485774.56
    1003319 |  8485747.36
     211131 |  8485563.45
     393647 |  8485448.40
    1089321 |  8485272.10
     208487 |  8484746.24
    1530705 |  8484714.19
     407008 |  8484062.02
     326858 |  8484044.96
     590411 |  8483967.36
     161374 |  8483954.95
     826928 |  8483383.14
       3458 |  8482849.38
      96351 |  8482694.22
     830963 |  8482659.64
     113468 |  8482519.20
      10493 |  8482339.12
     500430 |  8482306.56
     237686 |  8482281.63
     386254 |  8481877.80
     670324 |  8481255.12
     620557 |  8481124.30
    1289457 |  8480942.46
     934554 |  8480374.59
    1136883 |  8480144.40
     756322 |  8480059.35
     297760 |  8479878.53
     736491 |  8479773.12
    1049785 |  8479741.08
     722789 |  8479479.01
     347978 |  8479235.52
     521802 |  8479148.40
    1186091 |  8478981.60
    1208353 |  8478917.30
     536582 |  8478779.75
     731574 |  8478313.20
      90127 |  8478220.10
     269533 |  8478207.78
     140657 |  8478180.90
    1311849 |  8478176.00
    1393295 |  8476851.85
     191465 |  8476742.61
    1404657 |  8476587.30
     197959 |  8476352.64
    1223216 |  8476052.00
    1243616 |  8475478.56
     131862 |  8475025.00
    1458177 |  8475000.56
     918169 |  8474810.82
    1174510 |  8474754.57
     963074 |  8474382.54
     795042 |  8474240.36
      50240 |  8474094.53
    1134479 |  8473833.98
    1276791 |  8473714.55
     340483 |  8473572.81
    1560724 |  8473103.99
     304034 |  8472978.02
     909857 |  8472306.32
    1520197 |  8472279.36
     898504 |  8472106.72
     567135 |  8471578.44
     792615 |  8471442.69
     916769 |  8471065.83
     473390 |  8470575.75
     668239 |  8470221.76
     344526 |  8470199.43
     404560 |  8469843.84
    1405686 |  8469657.24
     505020 |  8469565.38
    1524089 |  8469303.84
     564932 |  8469290.75
     785764 |  8469013.00
      91471 |  8468874.56
     345537 |  8468782.30
    1211451 |  8468724.84
    1424056 |  8468330.25
    1515956 |  8467986.98
     473215 |  8467569.24
     339149 |  8467401.60
    1599483 |  8467390.99
     102814 |  8467159.15
    1197663 |  8467076.52
     374155 |  8466997.50
     585806 |  8466976.86
     965003 |  8466954.63
     760417 |  8466775.26
      11178 |  8466774.80
     675952 |  8466437.34
     789020 |  8466390.21
     164227 |  8466139.08
     913489 |  8466062.13
    1106589 |  8465794.96
    1029837 |  8465540.86
     851617 |  8465282.62
     575515 |  8465054.76
      89542 |  8465026.30
     545639 |  8464951.72
    1434545 |  8464665.00
     743749 |  8464642.56
     252021 |  8464374.50
    1051657 |  8464301.20
     406530 |  8463716.64
     281012 |  8463669.55
    1339955 |  8463393.40
     290525 |  8463210.60
     154338 |  8462673.89
     954408 |  8462414.80
    1215063 |  8462365.34
     535050 |  8462345.15
    1445895 |  8461827.85
    1540130 |  8461539.96
     250629 |  8461467.40
     130885 |  8461463.76
    1562128 |  8461288.88
    1118755 |  8460948.96
     978979 |  8460244.10
     626120 |  8460137.12
     157988 |  8460123.20
    1358745 |  8459719.02
    1226863 |  8459558.43
     592561 |  8459172.64
    1129362 |  8459010.78
    1190183 |  8458538.40
     152866 |  8458374.44
     136089 |  8457686.60
     667873 |  8456974.94
     708002 |  8456199.74
     590873 |  8455776.81
     169774 |  8455769.57
     140377 |  8455546.68
    1008883 |  8454437.10
     260157 |  8454369.60
    1178232 |  8454302.28
     802646 |  8454043.25
    1367647 |  8453993.76
    1057393 |  8453959.24
     154606 |  8453799.20
     876846 |  8453645.75
    1579589 |  8453237.76
     894441 |  8453144.70
      38793 |  8452786.92
     806918 |  8452500.93
    1462111 |  8452370.70
     616563 |  8452085.67
     128314 |  8451756.00
     430447 |  8451168.92
     503948 |  8450858.03
     721620 |  8450628.75
     142829 |  8450469.00
    1550367 |  8450378.25
    1125788 |  8450286.00
     164162 |  8450178.40
      26770 |  8449625.64
     136331 |  8449567.96
     258788 |  8449520.64
    1400812 |  8449471.52
    1531709 |  8449142.76
     129233 |  8449088.04
     594945 |  8449025.90
    1064824 |  8448418.90
     473046 |  8448402.62
     921060 |  8448187.32
     521740 |  8448168.02
     805579 |  8447831.70
    1333491 |  8447512.16
    1238947 |  8447491.52
    1237614 |  8447088.20
     587874 |  8446793.40
      39537 |  8446619.67
    1028548 |  8446609.60
     231996 |  8446224.18
    1233084 |  8445972.70
     401408 |  8445809.30
     770200 |  8445806.46
     206510 |  8445715.96
     734975 |  8445613.80
     283466 |  8445165.93
     585249 |  8445083.33
     967247 |  8445076.50
     303407 |  8444893.40
    1097165 |  8443955.40
    1034417 |  8443515.96
     460246 |  8443435.29
     523626 |  8443350.28
     805377 |  8442588.36
     136013 |  8442354.46
    1106810 |  8442162.25
    1168506 |  8441945.00
    1417300 |  8441836.20
     126280 |  8441833.28
    1023359 |  8441808.00
     831816 |  8441800.57
     624284 |  8441576.71
    1080893 |  8441189.46
     853286 |  8441037.00
    1458449 |  8440806.70
     715028 |  8440665.20
     317146 |  8440533.08
     823091 |  8440330.00
     528446 |  8440276.00
    1040379 |  8440170.20
    1314184 |  8440167.75
     518801 |  8440031.60
    1108139 |  8439960.99
     330580 |  8439907.20
      90996 |  8439648.64
     593385 |  8439528.45
     998318 |  8439409.44
     686628 |  8439320.49
    1314579 |  8439229.84
     818365 |  8439228.01
     877700 |  8438808.93
     331970 |  8438712.04
    1072259 |  8438678.32
     195935 |  8438584.96
     437117 |  8438383.20
     256801 |  8437900.32
    1382088 |  8437892.40
     719808 |  8437886.38
    1383814 |  8437773.10
    1544889 |  8436525.57
    1493846 |  8435952.14
     950535 |  8435938.14
     538385 |  8435930.92
    1216259 |  8435889.47
      22489 |  8435844.90
    1270382 |  8435823.08
    1557269 |  8435544.84
      50161 |  8435214.36
    1154137 |  8435098.26
     639204 |  8434757.76
     459113 |  8434727.32
    1383186 |  8434474.02
    1224610 |  8434401.36
     688063 |  8434186.42
    1510757 |  8434100.95
    1377658 |  8433409.62
     617000 |  8433325.68
     352841 |  8432468.52
    1274304 |  8432299.10
     881338 |  8432241.46
     846861 |  8431833.84
     530822 |  8431743.60
     748305 |  8431647.94
     145545 |  8431528.32
     639001 |  8431518.66
     227418 |  8431282.90
     844879 |  8430875.94
    1447260 |  8430754.88
     796272 |  8430690.03
     577404 |  8430655.48
     581112 |  8430612.43
     768651 |  8430531.48
    1193430 |  8430220.54
    1335960 |  8429468.67
     333650 |  8429384.11
     306537 |  8429261.20
     343602 |  8429253.36
     957143 |  8428961.94
     955719 |  8428953.78
     526764 |  8428796.64
     839503 |  8428770.11
     284533 |  8428730.92
     686242 |  8428130.60
     767009 |  8428069.38
    1108118 |  8427950.01
     412549 |  8427685.23
     195836 |  8427352.72
     279461 |  8426994.57
     615931 |  8426598.50
    1509456 |  8426333.96
     932888 |  8426152.56
     263956 |  8425902.60
     997979 |  8425809.00
     726148 |  8425731.66
    1414803 |  8425465.96
    1596480 |  8425341.10
    1005881 |  8425244.55
    1101890 |  8425034.24
     620437 |  8424962.00
     398024 |  8424830.70
    1156376 |  8424295.00
    1344393 |  8423868.84
     976232 |  8423679.27
    1014011 |  8423636.11
     629294 |  8423537.89
    1194028 |  8423359.69
    1090343 |  8423069.48
     349384 |  8422971.88
      77822 |  8422942.36
    1428472 |  8422928.00
    1538447 |  8422758.40
     326995 |  8422718.24
     952373 |  8422711.45
     191659 |  8422663.26
     533708 |  8422539.76
     437708 |  8422223.40
     865545 |  8422103.90
    1257735 |  8422102.76
     829861 |  8422030.52
     736133 |  8421346.48
    1201619 |  8421308.38
     430471 |  8421067.34
    1473409 |  8421043.36
     474156 |  8420749.48
     929758 |  8420561.76
      12403 |  8420322.40
     326136 |  8420163.44
     561593 |  8420049.63
     276189 |  8419513.95
     557870 |  8419448.93
    1013131 |  8419425.40
     395412 |  8419418.61
     474529 |  8419207.50
    1456318 |  8419042.44
      81594 |  8418997.01
     539809 |  8418828.87
     634402 |  8418665.22
     151379 |  8418579.14
     428949 |  8418487.14
    1054546 |  8418398.04
    1578926 |  8417834.55
    1047113 |  8417417.40
     243569 |  8417377.28
     595998 |  8417353.14
     271381 |  8417180.64
     431555 |  8417116.80
    1022888 |  8417027.50
     729510 |  8417020.90
     123007 |  8416987.48
    1044891 |  8416900.44
    1566171 |  8416810.76
     332203 |  8416616.25
      24674 |  8416399.13
    1162985 |  8416073.88
     963756 |  8415984.20
     893395 |  8415840.00
    1594660 |  8415508.68
     485570 |  8415214.04
     530415 |  8415192.72
     658875 |  8415079.26
    1436768 |  8414981.10
    1055146 |  8414636.24
     284201 |  8414405.10
     939032 |  8414352.06
    1545617 |  8414197.68
     445457 |  8413705.04
     421030 |  8413596.88
     148169 |  8413285.12
     664831 |  8413284.99
     170879 |  8413159.92
    1192869 |  8412871.46
     402661 |  8412712.65
    1286729 |  8412588.24
    1438162 |  8412512.57
    1525618 |  8412264.06
     655143 |  8411746.80
    1291319 |  8411568.54
     495680 |  8411546.71
     796765 |  8411504.40
    1456499 |  8411228.28
     885209 |  8411114.32
     811792 |  8410337.78
     292283 |  8410309.83
    1210529 |  8410242.72
    1525612 |  8410191.75
     802702 |  8409647.20
     184027 |  8409520.32
    1232278 |  8409311.46
     148163 |  8409301.35
    1465436 |  8409265.64
      83957 |  8408860.50
    1550104 |  8408669.24
    1485279 |  8408242.14
     709327 |  8408046.93
    1137259 |  8407304.26
     136032 |  8407035.45
      70574 |  8406293.57
     652867 |  8406068.51
    1516994 |  8405913.45
    1254514 |  8405818.68
    1479122 |  8405691.09
    1556427 |  8404659.56
     365670 |  8404463.97
    1177665 |  8404273.73
     124622 |  8404179.60
     513544 |  8403915.27
     200495 |  8403616.13
    1082613 |  8402681.38
     607187 |  8402576.45
     473466 |  8402036.48
     359544 |  8401993.22
    1235403 |  8401989.66
     895726 |  8401634.54
    1016696 |  8401436.60
    1042925 |  8401323.48
    1428936 |  8401204.35
      55467 |  8401186.95
     686268 |  8400995.91
     973601 |  8400569.25
     403943 |  8400344.64
     922940 |  8400088.92
     321231 |  8399486.07
    1155276 |  8399423.20
      86692 |  8399375.88
     675033 |  8399312.90
     272306 |  8399110.86
    1166077 |  8399109.25
    1129744 |  8399056.90
    1161359 |  8398703.95
     682585 |  8398641.64
     823055 |  8398585.38
     965997 |  8398335.34
      10411 |  8398272.72
     137469 |  8398162.50
    1581250 |  8397685.94
     658197 |  8397595.20
     389030 |  8397553.86
    1537028 |  8396662.91
    1574774 |  8396637.06
    1452945 |  8396597.16
    1130161 |  8396414.92
    1021068 |  8396100.00
     833376 |  8395941.58
    1372244 |  8395750.40
    1107675 |  8395744.76
     886929 |  8395506.30
     115517 |  8395352.46
     511146 |  8394720.32
     737782 |  8394704.01
    1010001 |  8394468.76
      76215 |  8394433.35
     244500 |  8394319.28
     938014 |  8394145.76
     666643 |  8394104.52
    1015293 |  8393872.84
     399327 |  8393871.00
    1324270 |  8393857.47
     740691 |  8393681.80
    1416799 |  8393526.89
     630844 |  8393512.05
     908113 |  8393184.90
     434517 |  8393037.53
    1448041 |  8393008.91
      66546 |  8392529.33
    1573999 |  8392489.07
    1064016 |  8392421.18
     122743 |  8392399.20
     352417 |  8392347.58
     741484 |  8391767.04
     994224 |  8391209.28
     784878 |  8390518.58
      92172 |  8390448.00
    1107007 |  8389748.64
     851978 |  8389496.76
     980800 |  8389369.12
    1191031 |  8389148.13
    1573614 |  8388966.15
     137695 |  8388670.08
     434760 |  8388639.75
     171170 |  8388425.60
    1349292 |  8388285.78
    1416736 |  8388278.80
     662319 |  8388192.00
     886916 |  8388140.40
     195184 |  8387743.71
     350603 |  8387527.14
    1461770 |  8387473.24
    1282545 |  8387281.24
     346319 |  8387222.16
     821306 |  8387183.34
    1471199 |  8387007.48
     379938 |  8386882.19
    1453198 |  8386865.98
     631928 |  8386834.40
    1239681 |  8386724.37
     441801 |  8386520.94
     631128 |  8386279.74
     451443 |  8386174.90
    1593659 |  8386006.81
     281628 |  8385913.33
     840463 |  8385716.45
     263317 |  8385694.32
    1505736 |  8385431.25
    1313688 |  8385179.84
     911935 |  8385119.28
     637546 |  8385065.50
    1125393 |  8384126.40
     555354 |  8383986.90
    1454929 |  8383805.78
      24595 |  8383372.56
    1168640 |  8383226.02
     413978 |  8383197.48
     998138 |  8382624.14
     647867 |  8382352.56
    1523221 |  8381944.05
     294087 |  8381571.93
     852664 |  8381063.88
     125558 |  8380705.78
     773072 |  8380537.71
     855052 |  8380364.64
    1031189 |  8380180.27
    1233854 |  8379958.74
     118132 |  8379924.84
     695837 |  8379785.18
    1376914 |  8379663.12
      54536 |  8379600.06
     453054 |  8379568.65
     954527 |  8379351.18
    1410294 |  8378721.25
     199901 |  8378670.72
     392466 |  8378639.46
    1265591 |  8378497.60
     195048 |  8378453.16
    1058015 |  8378429.10
     252745 |  8378236.80
    1046209 |  8378156.16
     718899 |  8377857.34
    1442234 |  8377741.97
    1550762 |  8377723.86
     299572 |  8377518.59
       8082 |  8377214.09
     107054 |  8377121.30
     825896 |  8377058.94
     834698 |  8376301.70
      91050 |  8376239.52
     389185 |  8375667.90
     900335 |  8375650.08
     961434 |  8375624.84
    1501313 |  8375254.36
      18702 |  8375198.79
     506473 |  8375176.87
    1378479 |  8374978.20
     629292 |  8374944.48
    1085869 |  8374691.07
     594035 |  8374537.98
     995900 |  8374463.68
    1136611 |  8374168.56
     135142 |  8374069.77
     481434 |  8374068.12
     951936 |  8373807.00
    1117915 |  8373635.28
     195408 |  8373616.55
     832522 |  8373475.64
    1240796 |  8373241.08
    1543480 |  8373141.98
     906820 |  8372826.27
     368021 |  8372786.72
     297957 |  8372786.45
    1270212 |  8372477.62
     865183 |  8372413.50
    1426397 |  8372219.80
     736437 |  8371904.32
     116021 |  8371476.36
     354167 |  8371301.00
     782175 |  8371148.50
     722845 |  8371026.12
      95949 |  8370873.18
     336256 |  8370812.84
    1169922 |  8370582.18
      10212 |  8370401.76
    1127935 |  8370187.36
     917425 |  8369979.69
     753056 |  8369471.96
    1173421 |  8369343.96
    1110529 |  8368866.10
     420397 |  8368863.03
     560730 |  8368384.15
     602329 |  8368377.92
    1410351 |  8368050.62
    1461948 |  8367707.71
    1378399 |  8367520.35
    1065771 |  8367302.40
     268224 |  8367018.02
     774740 |  8366838.48
      20787 |  8366485.59
     475195 |  8366445.85
     950848 |  8366326.32
     517784 |  8366215.16
    1187889 |  8366084.75
     576465 |  8366044.65
     936995 |  8365913.51
      71848 |  8365258.44
    1033687 |  8365242.90
     864490 |  8365184.64
     851650 |  8365109.98
     358387 |  8364998.52
    1036074 |  8364900.72
     342859 |  8364686.70
     966118 |  8364549.00
    1535610 |  8363601.12
     856249 |  8363531.32
    1215004 |  8363274.51
    1337073 |  8363161.60
     273075 |  8363150.17
     847489 |  8362869.76
     284576 |  8362614.40
    1273367 |  8362581.52
      46148 |  8362527.68
     922903 |  8362340.40
    1286496 |  8362099.48
     642823 |  8361917.20
    1432373 |  8361706.42
    1086226 |  8361540.52
     891406 |  8361491.60
    1551597 |  8361358.85
    1025588 |  8360904.00
      81669 |  8360334.95
     792610 |  8360195.00
     554762 |  8360184.09
     965889 |  8359175.30
    1292155 |  8359141.20
     780709 |  8358876.96
     327066 |  8358768.00
     246755 |  8358610.37
     800166 |  8358395.46
     453363 |  8358347.58
     447979 |  8357823.12
     881773 |  8357687.16
    1287914 |  8357379.68
    1495667 |  8357345.82
    1456484 |  8357278.54
     237870 |  8357020.55
      44377 |  8356355.35
    1201750 |  8356336.46
    1445490 |  8356230.62
    1501808 |  8356024.56
    1103858 |  8355738.48
    1426871 |  8355673.89
    1558009 |  8355605.37
    1371338 |  8355579.84
     183827 |  8355268.88
     139074 |  8355164.52
      71594 |  8355108.92
     845415 |  8354880.82
    1197937 |  8354805.72
     266899 |  8354786.44
    1246530 |  8354732.25
     126519 |  8354587.78
     830259 |  8354363.13
     849316 |  8354360.00
      71405 |  8354300.29
     842779 |  8354115.12
     723776 |  8353940.40
    1157099 |  8353761.00
     905525 |  8353753.80
     774920 |  8353029.95
     234435 |  8353000.26
    1365130 |  8352821.51
    1584394 |  8352737.15
     602781 |  8352619.80
     853225 |  8352520.54
    1110230 |  8352223.74
     640780 |  8352017.35
    1249035 |  8351634.30
     592601 |  8351599.61
    1033365 |  8351515.45
     717067 |  8351278.74
     848214 |  8351230.90
     688214 |  8351119.92
     604595 |  8351036.36
    1146912 |  8350962.30
     293400 |  8350441.37
     683423 |  8350438.05
     241761 |  8349953.29
    1319743 |  8349845.00
    1084518 |  8349787.35
    1499937 |  8349587.62
     682808 |  8349557.20
     603114 |  8349490.80
    1589241 |  8349415.68
    1280639 |  8349164.85
     172786 |  8348737.80
     571584 |  8348693.64
     594011 |  8348693.08
     294848 |  8348093.38
    1553729 |  8347853.36
     619547 |  8347737.12
     722541 |  8347498.19
       1280 |  8347191.84
    1082154 |  8347062.50
     817927 |  8346948.48
      42739 |  8346700.80
     787103 |  8346591.15
     635799 |  8346253.65
    1096544 |  8346097.76
    1084101 |  8345846.72
      85269 |  8345787.45
     654207 |  8345702.28
     400143 |  8345588.82
     290402 |  8345352.40
    1573640 |  8345235.51
    1016234 |  8344923.42
      51738 |  8344707.55
     975348 |  8344686.84
      40988 |  8344465.22
    1484456 |  8343976.21
      84475 |  8343890.80
    1416431 |  8343840.64
     637664 |  8343806.24
    1276243 |  8343789.57
     831937 |  8343733.98
     604233 |  8343484.00
     252773 |  8343353.92
     863518 |  8343327.46
     441895 |  8343254.67
     847353 |  8342981.90
     989914 |  8342940.60
    1150736 |  8342843.67
    1424340 |  8342620.92
     610067 |  8342462.08
     614742 |  8342412.80
     400449 |  8342190.40
    1102330 |  8342083.26
    1578629 |  8341872.24
    1268888 |  8341701.00
    1468339 |  8341502.00
     669555 |  8341216.94
     650212 |  8340990.84
    1517591 |  8340983.44
    1128393 |  8340811.74
    1556623 |  8340724.58
     799060 |  8340469.95
    1510086 |  8340409.44
     662275 |  8340257.52
     218992 |  8340231.42
    1073697 |  8340162.56
     445234 |  8339990.10
     580844 |  8339681.68
    1462894 |  8339649.91
     729559 |  8339422.24
     491585 |  8339205.84
     278816 |  8338867.32
    1515915 |  8338860.96
    1500546 |  8338670.02
    1512550 |  8338428.00
    1277439 |  8338349.29
     989135 |  8338292.25
      50559 |  8337837.45
     377695 |  8337768.30
     692026 |  8337490.14
     637439 |  8337446.00
    1383362 |  8337115.62
     825817 |  8336822.45
     232666 |  8336577.18
    1470338 |  8336430.72
     543240 |  8336284.00
     801637 |  8336049.66
     941625 |  8335851.30
      62379 |  8335822.04
     926230 |  8335661.10
     526371 |  8335524.11
    1321892 |  8334837.12
       7059 |  8334774.50
     338525 |  8334604.06
     334765 |  8334094.45
    1407516 |  8334015.90
     794966 |  8333874.13
     459924 |  8333594.28
    1294968 |  8333584.02
     473981 |  8333232.87
     343817 |  8333203.97
    1059039 |  8333098.00
    1538257 |  8332844.43
    1565857 |  8331928.43
     766486 |  8331920.80
     310421 |  8331668.38
    1562604 |  8331623.65
     843093 |  8331607.74
    1136779 |  8331469.02
     396854 |  8331429.89
     862749 |  8331429.15
    1109556 |  8331342.24
    1108443 |  8331336.57
    1234409 |  8331203.37
     636147 |  8331016.36
    1312512 |  8330736.45
     436376 |  8330412.09
     662719 |  8330003.00
    1018580 |  8329919.28
    1075265 |  8329797.78
    1408847 |  8329783.50
     476640 |  8329766.76
     152663 |  8329648.32
    1276242 |  8329158.20
    1073167 |  8328905.50
    1383754 |  8328887.70
     984598 |  8328803.90
     370906 |  8328783.60
     896770 |  8328744.28
     927267 |  8328458.67
     976770 |  8328299.31
     686922 |  8328002.52
     601799 |  8327885.30
     277396 |  8327800.32
     394295 |  8327796.24
      40824 |  8327768.95
    1223328 |  8327750.76
     389261 |  8327742.08
    1520181 |  8327702.55
      44240 |  8327684.64
     295413 |  8326757.70
     722800 |  8326717.20
     140821 |  8326469.37
     879885 |  8326160.10
    1032387 |  8326067.75
     352112 |  8326028.95
    1257730 |  8325466.88
     701254 |  8325442.10
     534551 |  8325088.08
    1301245 |  8324917.74
     443703 |  8324617.05
    1586656 |  8324231.60
     717253 |  8324189.94
      95704 |  8324082.02
      57498 |  8323795.90
     522043 |  8323522.76
     445787 |  8323351.20
      50121 |  8323341.30
     280051 |  8322863.28
     498177 |  8322731.40
     715371 |  8322573.84
     292102 |  8322453.86
     913132 |  8322298.20
     622782 |  8321777.92
    1289211 |  8321589.60
     682700 |  8321547.09
     141914 |  8321506.31
     451397 |  8321344.40
     495145 |  8321113.46
     300985 |  8321012.70
     629427 |  8320937.92
    1023235 |  8320840.56
     555557 |  8320559.57
    1579020 |  8319890.80
    1580162 |  8319750.14
     250851 |  8319467.97
    1595787 |  8319444.06
     431369 |  8319419.59
      95593 |  8319407.17
     217621 |  8319306.69
    1248836 |  8319180.24
     101940 |  8318977.20
    1284187 |  8318939.61
     966393 |  8318498.38
    1287053 |  8318489.16
    1486489 |  8318288.79
     641361 |  8318220.63
    1166297 |  8318201.08
    1584371 |  8318198.40
      34341 |  8317972.96
    1545094 |  8317794.10
     288073 |  8317785.18
    1101621 |  8317719.92
     250733 |  8317444.47
     239165 |  8317164.40
     715411 |  8316953.01
     532062 |  8316885.00
    1117326 |  8316601.44
     991029 |  8316586.32
     971341 |  8316526.39
     616235 |  8316453.60
     173309 |  8315750.25
     988092 |  8315266.44
    1173452 |  8315128.80
    1113969 |  8314651.25
    1256158 |  8314643.38
    1149948 |  8314572.00
     166654 |  8314332.64
    1464350 |  8314293.60
     374247 |  8314190.91
     816009 |  8313859.65
     506262 |  8313707.20
     449425 |  8313654.18
      29101 |  8313075.54
     554025 |  8312850.00
     546663 |  8312553.78
     613832 |  8312527.86
    1348911 |  8312451.96
     995886 |  8312250.62
     323371 |  8312014.80
    1282916 |  8311565.01
     694378 |  8311312.32
    1390297 |  8311021.25
    1269837 |  8310779.04
     756297 |  8310685.68
     119265 |  8310114.36
     756701 |  8310028.74
     902288 |  8309998.08
     390830 |  8309900.80
     535461 |  8309706.29
    1572795 |  8309381.54
     895484 |  8309281.27
     494182 |  8309042.50
    1553925 |  8308963.44
    1008872 |  8308913.60
     383772 |  8308767.89
    1376668 |  8308478.30
     174465 |  8308470.56
     649485 |  8308358.90
     412037 |  8307992.08
    1187023 |  8307593.28
     990603 |  8307580.40
     131492 |  8307410.60
    1067335 |  8307297.00
    1148727 |  8307125.66
     124473 |  8306998.11
     587258 |  8306560.71
     978137 |  8306447.66
    1546709 |  8306377.10
    1336599 |  8305843.92
     566147 |  8305759.44
     456085 |  8305514.91
    1264495 |  8305474.95
     117790 |  8305301.40
     871957 |  8305193.20
    1004462 |  8304294.17
     889412 |  8304194.84
     672809 |  8304078.90
     800813 |  8303373.28
      75507 |  8303304.57
     368951 |  8303064.55
    1146943 |  8302941.72
     267510 |  8302886.64
     612538 |  8302885.92
    1597750 |  8302812.45
     156497 |  8302610.40
     662590 |  8301803.86
     150601 |  8301641.28
     335160 |  8301573.05
     626072 |  8301543.44
     719729 |  8301278.43
     555772 |  8301271.14
    1185545 |  8301229.00
    1205312 |  8301166.98
     141885 |  8300577.78
     539899 |  8299479.96
     159934 |  8299365.40
     446813 |  8298986.64
    1582970 |  8298967.32
    1515423 |  8298880.16
      69101 |  8298857.38
     857075 |  8298447.04
     243047 |  8298310.23
     775602 |  8297903.25
     358259 |  8297778.37
     554590 |  8297341.92
     156863 |  8297208.15
      21396 |  8296272.27
      33710 |  8296051.28
     271621 |  8295799.26
    1549815 |  8295693.56
     721271 |  8295377.20
     507208 |  8295358.76
      84928 |  8295356.16
      31982 |  8295197.89
    1207142 |  8295100.88
    1045841 |  8295084.78
     635615 |  8294971.90
     954499 |  8294689.97
    1320003 |  8294364.73
     777588 |  8293988.60
    1067186 |  8293963.68
       7056 |  8293944.08
     180095 |  8293850.10
    1135554 |  8293356.04
    1007925 |  8293257.93
     793066 |  8293085.73
     225597 |  8293073.74
     590263 |  8292946.72
    1116260 |  8292932.18
    1274398 |  8292653.55
    1442681 |  8292651.08
     808967 |  8292384.54
     931561 |  8292057.02
     690413 |  8291883.08
     680245 |  8291739.08
    1015507 |  8291618.28
     568632 |  8291575.60
     937290 |  8291492.40
    1094454 |  8291360.61
    1519470 |  8291358.54
      77137 |  8291230.14
      36095 |  8291138.68
     749689 |  8291063.04
     912865 |  8290896.43
     217083 |  8290692.96
     614897 |  8290675.80
     911088 |  8290655.52
    1404917 |  8290443.00
     362532 |  8290124.37
    1138787 |  8290080.84
     189269 |  8289991.20
     510534 |  8289966.52
     247745 |  8289962.81
     759454 |  8289740.38
     486536 |  8289521.13
    1246951 |  8289518.73
     351247 |  8289484.17
     737025 |  8289464.10
     482646 |  8289235.56
    1050450 |  8289168.03
     596592 |  8288893.38
     366075 |  8288837.60
     368635 |  8288464.76
     994903 |  8288239.05
     951740 |  8288174.98
    1592525 |  8288040.75
    1468512 |  8287916.77
     404830 |  8287657.84
     500844 |  8287629.48
    1329570 |  8287514.21
     299492 |  8287309.20
    1578904 |  8287064.24
    1043995 |  8286919.68
     337583 |  8286150.99
     782700 |  8285888.52
     457713 |  8285737.60
    1210360 |  8285585.72
    1531751 |  8285528.95
    1393229 |  8285478.66
     256269 |  8285365.66
     731866 |  8285181.91
     535590 |  8285072.64
     181658 |  8284803.12
     680130 |  8284773.54
     251571 |  8284697.12
    1209991 |  8284669.15
     668848 |  8284595.01
     724220 |  8284590.59
     297481 |  8284505.62
     922249 |  8284498.22
     833633 |  8284361.40
     379040 |  8284105.49
     281067 |  8284021.44
    1162812 |  8283830.80
     444125 |  8283771.54
      68179 |  8283715.44
     453396 |  8283623.00
     144235 |  8283368.00
     251720 |  8283148.20
     668543 |  8282534.64
     364654 |  8282494.04
    1004441 |  8282153.88
     921561 |  8281968.93
     259205 |  8281805.12
    1526964 |  8281500.00
     410913 |  8281288.30
    1191006 |  8281263.25
     407666 |  8280244.20
    1397427 |  8279756.80
    1270261 |  8279446.57
    1221974 |  8279018.79
     205557 |  8278405.54
    1536662 |  8277852.70
     846957 |  8277228.99
     287943 |  8277178.08
    1452125 |  8277171.48
     588387 |  8277165.26
    1120584 |  8277124.94
     794517 |  8276857.97
     169830 |  8276851.80
    1149034 |  8276368.98
     419700 |  8276251.41
    1500425 |  8276189.67
    1125200 |  8275862.07
    1357482 |  8275649.28
      69786 |  8275644.09
    1221076 |  8275563.12
      74090 |  8275202.45
    1410842 |  8274922.04
    1126568 |  8274772.08
     233893 |  8274154.20
     265553 |  8274043.20
      69126 |  8273717.22
      66770 |  8273407.80
     840929 |  8273231.46
    1450786 |  8273136.72
    1478169 |  8273013.21
      21859 |  8272962.90
     451978 |  8272861.38
     934267 |  8272797.81
      43265 |  8272597.50
    1463610 |  8272383.00
    1086940 |  8272278.54
     478391 |  8271593.46
    1028900 |  8271589.13
      68755 |  8271578.05
     634933 |  8271468.47
     971995 |  8271125.44
     299027 |  8270988.60
    1117482 |  8270654.19
     561987 |  8270588.16
     276735 |  8270538.80
     625588 |  8270185.22
     996418 |  8270097.44
     734047 |  8269919.28
     567083 |  8269579.53
    1308622 |  8269262.19
     599582 |  8269262.08
     222553 |  8268822.54
     254784 |  8268417.65
    1339022 |  8268383.40
    1276393 |  8268320.48
    1587824 |  8268270.54
      17791 |  8267606.13
      70337 |  8267467.20
     909620 |  8267411.10
    1522845 |  8267146.68
    1162567 |  8267039.87
     386284 |  8266315.64
     375515 |  8266294.30
    1105989 |  8266191.32
    1092858 |  8265904.64
      11164 |  8265874.54
    1169683 |  8265342.51
    1515412 |  8265013.11
     912541 |  8264837.42
      58710 |  8264632.95
    1178622 |  8264564.88
     269446 |  8264533.25
      67101 |  8264244.00
    1118252 |  8264204.92
    1374618 |  8264152.00
    1134651 |  8264100.24
     674202 |  8264046.18
    1001502 |  8263500.14
     491095 |  8262680.72
     238138 |  8262654.45
     943063 |  8262468.06
     587521 |  8262393.90
    1532864 |  8261864.06
    1301700 |  8261647.60
    1294872 |  8261563.50
     230589 |  8261380.34
     846432 |  8261313.72
     843690 |  8261221.66
    1586036 |  8261044.30
     891109 |  8260849.98
    1020657 |  8260399.95
    1094867 |  8260375.50
    1099492 |  8260314.66
     253247 |  8260128.50
     884794 |  8260005.12
     556089 |  8259769.77
    1229222 |  8259583.41
     909381 |  8259525.95
    1097901 |  8259357.33
     518328 |  8259317.16
    1096590 |  8259256.98
    1075280 |  8259199.02
     415876 |  8258952.24
     856981 |  8258820.00
     961337 |  8258605.31
    1366612 |  8258549.13
     406641 |  8258364.36
    1436916 |  8258111.97
    1391724 |  8257857.30
     278019 |  8257826.50
    1548183 |  8257626.26
    1043281 |  8257327.00
     186500 |  8257190.75
     704658 |  8257131.45
    1370210 |  8257003.81
    1391594 |  8256427.07
    1406651 |  8256387.69
      47948 |  8256292.20
      93216 |  8255782.08
     375755 |  8255671.39
    1226721 |  8255447.35
    1066805 |  8254907.50
     441713 |  8254748.72
    1189787 |  8254740.10
     553371 |  8254690.96
     811958 |  8254255.10
     327496 |  8254154.28
     270331 |  8254086.93
    1337466 |  8253953.34
    1511131 |  8253639.52
    1180015 |  8252876.00
    1008994 |  8252561.90
    1481600 |  8252535.50
      40717 |  8252479.51
     738872 |  8252418.20
     183319 |  8252310.43
     563961 |  8252296.62
     155841 |  8252255.80
    1276450 |  8251827.84
    1469282 |  8251312.88
     100656 |  8251147.92
    1019796 |  8250805.20
     978955 |  8249885.46
    1566979 |  8249773.32
    1319737 |  8249098.13
    1311752 |  8248900.65
    1472718 |  8248635.00
    1376856 |  8248568.80
     173346 |  8248032.80
    1578324 |  8247967.35
     345984 |  8247932.94
    1105645 |  8247150.72
    1378241 |  8246999.75
    1568420 |  8246717.70
     167635 |  8246606.97
      24792 |  8246326.00
     573402 |  8245403.25
     649358 |  8245351.29
    1106267 |  8244363.59
    1548591 |  8244352.15
     880414 |  8244223.52
     359522 |  8244135.36
     697137 |  8244050.08
     299452 |  8243788.08
    1205416 |  8243391.60
    1097776 |  8243355.08
     344464 |  8243125.38
    1356493 |  8243124.56
     327122 |  8242718.84
    1066852 |  8242486.43
    1304098 |  8242290.00
       2082 |  8242069.64
    1026692 |  8242043.82
    1398742 |  8241748.80
     795502 |  8241746.56
     148935 |  8241626.70
     666234 |  8241553.92
    1351836 |  8241279.61
     464700 |  8240964.62
    1164351 |  8240526.25
     557717 |  8240401.57
    1527534 |  8240387.00
     106036 |  8240386.98
     856229 |  8240246.00
     413585 |  8240194.16
     408983 |  8240126.73
    1051921 |  8239934.56
     969642 |  8239883.16
     123786 |  8239581.24
    1296714 |  8239549.89
    1489204 |  8239463.10
    1051447 |  8239450.44
    1578148 |  8239101.50
    1044435 |  8239044.96
     168433 |  8238714.80
    1417393 |  8238648.85
      34269 |  8238498.66
     754925 |  8238348.24
    1041052 |  8238341.75
    1083016 |  8238297.72
    1157071 |  8238121.82
     926210 |  8238092.85
     482712 |  8237954.01
     177463 |  8237667.90
     748498 |  8237607.75
     353422 |  8237516.55
    1089777 |  8237105.18
     312849 |  8236700.64
    1434420 |  8236570.20
    1455941 |  8236549.00
     866140 |  8236335.78
     634137 |  8236244.76
    1104501 |  8236178.01
     667259 |  8236074.94
     756081 |  8235933.30
    1314393 |  8235911.76
     179541 |  8235791.70
     868297 |  8235207.40
     737773 |  8235078.50
     989358 |  8234975.30
    1386565 |  8234385.90
    1041932 |  8234287.32
    1209505 |  8234198.72
     730505 |  8234159.20
     258616 |  8234153.34
    1389165 |  8233942.80
    1232589 |  8233709.55
     442580 |  8233371.96
     183274 |  8233047.63
    1003242 |  8232760.02
    1547070 |  8232646.80
      72849 |  8232588.92
     114053 |  8232486.72
     397655 |  8232428.80
    1280190 |  8230992.83
     106863 |  8230758.78
     480668 |  8229979.84
    1299524 |  8229829.20
    1457390 |  8229729.60
    1120083 |  8229600.00
     912919 |  8228833.47
     177222 |  8228683.20
     863773 |  8228300.66
     262437 |  8228300.26
    1020705 |  8227231.67
     408977 |  8227195.04
    1258087 |  8227112.43
     450230 |  8227077.25
     319337 |  8226771.20
    1358648 |  8226738.56
    1288217 |  8226634.92
      68133 |  8226466.92
      52782 |  8226316.00
     128845 |  8226312.28
    1324500 |  8226079.40
     267132 |  8226057.60
     892795 |  8225935.56
     128879 |  8225897.00
     977235 |  8225791.88
     358891 |  8225436.87
     858766 |  8225104.44
     126421 |  8225011.47
    1293254 |  8224978.96
    1159215 |  8224496.16
     993526 |  8223909.48
     677113 |  8223860.29
      76859 |  8223501.42
     862708 |  8223468.99
       1243 |  8223299.16
    1487486 |  8223195.63
     924089 |  8222923.22
    1059288 |  8222791.50
    1373261 |  8222760.00
    1078732 |  8222508.96
     875042 |  8222345.01
     415154 |  8222253.60
     174261 |  8222013.06
     558845 |  8221973.55
     317485 |  8221768.06
     145620 |  8221371.60
     453711 |  8221308.26
     204395 |  8221240.30
     834901 |  8221038.10
     286006 |  8220932.70
     133485 |  8220893.74
    1103049 |  8220670.16
    1406021 |  8220513.72
    1545955 |  8220496.83
     951932 |  8220495.06
     791443 |  8220315.90
     491137 |  8219796.35
    1485141 |  8219631.75
    1065543 |  8219497.65
    1078692 |  8219033.55
      43745 |  8218383.37
    1132762 |  8218205.76
    1194502 |  8217888.85
     240143 |  8217671.28
     918247 |  8217630.06
    1054441 |  8217537.36
     436798 |  8217530.79
     269127 |  8217512.28
    1473403 |  8217354.53
     482038 |  8217043.89
    1092943 |  8216888.26
     909994 |  8216752.06
    1451302 |  8216660.43
      46015 |  8216644.58
     463724 |  8215864.52
    1051223 |  8215786.26
     424726 |  8215721.80
    1414203 |  8215601.80
     387904 |  8215510.50
    1559341 |  8215295.90
    1401596 |  8215136.02
     202478 |  8215045.80
    1100524 |  8215021.44
     283959 |  8214772.66
    1335513 |  8214427.20
    1049563 |  8214325.74
      30254 |  8214167.34
     228810 |  8213914.89
    1404659 |  8213749.74
    1263825 |  8213380.80
     212568 |  8213369.58
    1044419 |  8213294.00
    1288031 |  8212846.44
    1153694 |  8212756.38
     544795 |  8212613.35
      71716 |  8212420.48
     780579 |  8212318.23
    1370723 |  8212073.76
    1494897 |  8212048.51
     316086 |  8211980.80
     347409 |  8211687.13
     214640 |  8210542.05
    1031942 |  8210446.95
     806264 |  8210372.80
    1561113 |  8210284.17
    1586588 |  8210260.16
      97458 |  8210157.17
     694560 |  8209833.53
     799202 |  8209795.71
     399192 |  8209549.92
    1092104 |  8209525.92
     159357 |  8209156.20
    1195975 |  8209006.08
       7748 |  8208585.85
     455840 |  8208541.20
    1555941 |  8208356.93
     234335 |  8208288.20
    1208968 |  8208161.64
     291639 |  8207993.70
    1156262 |  8207856.36
      32670 |  8207777.19
       8528 |  8207699.37
     573699 |  8207319.76
     305427 |  8207194.70
     512563 |  8206804.31
     596805 |  8206608.96
     772111 |  8206444.00
     830192 |  8206205.82
     338536 |  8206168.96
      49786 |  8206104.24
     409971 |  8205656.56
     712682 |  8204615.65
     215463 |  8204353.64
     927657 |  8204328.59
     649845 |  8204294.52
    1316722 |  8204202.47
     782390 |  8204191.84
    1534744 |  8203773.06
     229923 |  8203747.80
    1399572 |  8203512.24
     296896 |  8203162.93
     386926 |  8203153.92
     214032 |  8202960.48
     704213 |  8202801.06
     845442 |  8202649.77
     569814 |  8202344.75
    1211864 |  8202248.26
    1269186 |  8201764.80
     645428 |  8201637.50
     308415 |  8201598.61
    1342799 |  8201572.80
     770861 |  8201460.54
    1547817 |  8201181.60
     293846 |  8201065.53
     806648 |  8200947.04
    1241052 |  8200735.35
     973320 |  8200483.20
     124554 |  8200415.46
     192941 |  8199819.20
    1520414 |  8199543.25
    1013307 |  8199497.62
    1593144 |  8199452.43
    1422281 |  8199432.72
    1065237 |  8199124.48
    1408635 |  8198663.61
     545229 |  8198601.84
     119914 |  8198414.64
    1102042 |  8198090.76
    1073367 |  8197901.76
     745176 |  8197870.17
    1570810 |  8197021.04
     371459 |  8196834.27
     312373 |  8196671.06
     993056 |  8196490.42
    1101254 |  8196453.99
    1190170 |  8196435.65
     377257 |  8196426.04
     884830 |  8196413.69
      49038 |  8195982.48
    1412103 |  8195095.25
    1173181 |  8194851.04
    1052913 |  8194816.08
    1042846 |  8194773.05
    1449646 |  8194697.99
    1163795 |  8194636.00
    1210240 |  8193874.08
    1171007 |  8193664.44
     878167 |  8193222.03
     971800 |  8193129.09
    1299363 |  8192711.68
    1231308 |  8192611.14
     416534 |  8192605.25
     700828 |  8192440.20
     731803 |  8192420.70
     176856 |  8191847.73
     336055 |  8191661.13
    1496203 |  8191592.64
     765556 |  8191447.76
    1213348 |  8191411.48
     201017 |  8191360.94
    1169145 |  8191100.22
     234793 |  8190939.75
     319238 |  8190865.98
    1298116 |  8190673.90
    1429073 |  8190655.62
     899162 |  8190557.22
     912593 |  8190292.88
     984823 |  8189729.20
     339836 |  8189667.90
    1131915 |  8189553.88
     398769 |  8189403.60
    1142258 |  8189162.90
    1038758 |  8189050.14
     922899 |  8188999.14
    1165903 |  8188912.41
    1095233 |  8188900.44
     805607 |  8188486.26
     417238 |  8188361.70
    1178026 |  8188220.59
      71591 |  8187982.17
    1517539 |  8187728.52
     515287 |  8187323.58
     382712 |  8186330.34
    1341348 |  8185597.80
     135161 |  8185511.96
     179116 |  8185462.67
     985918 |  8185380.56
    1428978 |  8185291.73
     826528 |  8185181.26
    1242810 |  8185080.33
     961266 |  8184713.04
    1405318 |  8184670.00
     190683 |  8184568.92
    1120717 |  8184541.02
    1575413 |  8183950.56
     669675 |  8183948.50
     940648 |  8183059.28
     485642 |  8182950.30
      96467 |  8182723.28
     598315 |  8182650.84
    1481927 |  8182610.64
     190082 |  8182324.30
    1586604 |  8181664.98
     407935 |  8181641.67
     129489 |  8181588.48
    1231841 |  8180789.31
     312615 |  8180692.40
    1145678 |  8180463.55
     528194 |  8180302.12
     914680 |  8179740.41
     698144 |  8179537.24
     583190 |  8179267.59
    1119428 |  8179008.62
     760580 |  8178982.40
     136742 |  8178894.99
     131232 |  8178684.14
    1566021 |  8178551.90
     766948 |  8178050.79
     357428 |  8178016.77
    1169547 |  8177771.70
     958793 |  8177657.26
     652349 |  8177579.14
     660618 |  8177538.60
    1152901 |  8177475.92
    1180364 |  8177385.75
     591213 |  8177197.14
     182377 |  8176995.25
     496148 |  8176976.61
    1144841 |  8176935.06
     644024 |  8176546.65
     441345 |  8176219.61
     198819 |  8176132.10
     458082 |  8175922.30
    1215714 |  8175560.70
     210376 |  8175542.88
     651657 |  8175518.82
     208328 |  8175517.06
      29157 |  8175101.22
    1171760 |  8175096.37
     856243 |  8175049.20
     641584 |  8174956.16
    1092289 |  8174689.42
     253507 |  8174645.60
     515449 |  8174000.01
     628455 |  8173603.10
    1193315 |  8173145.11
    1387153 |  8173062.48
     746911 |  8173061.82
     680771 |  8172800.06
     490236 |  8172787.86
     700290 |  8172286.65
    1016831 |  8172285.74
     746570 |  8172284.25
      37085 |  8172162.16
     788991 |  8172147.18
    1245582 |  8171729.98
    1517391 |  8171387.12
     887745 |  8171200.80
     343570 |  8171152.15
     829797 |  8171064.00
    1118873 |  8170886.88
     291140 |  8170823.08
    1463894 |  8170740.24
     805309 |  8170695.90
     172574 |  8170451.52
     955494 |  8170448.16
     724416 |  8170364.34
     415261 |  8170059.92
     573871 |  8170013.10
     425122 |  8169892.50
     672921 |  8169850.71
    1062257 |  8169832.14
     367600 |  8169151.56
     684228 |  8169103.95
    1267156 |  8168987.89
    1174258 |  8168479.50
    1000796 |  8168244.60
     882676 |  8168218.02
    1489197 |  8167988.70
      24509 |  8167171.32
    1573041 |  8166853.12
     149298 |  8166780.72
     821788 |  8166485.76
     799155 |  8166223.36
      53528 |  8166158.19
    1339406 |  8165965.08
     738818 |  8165758.42
      18282 |  8165729.46
    1042696 |  8165569.46
      45719 |  8165431.68
     552205 |  8165310.72
     684849 |  8165292.12
     269479 |  8165188.09
     988376 |  8164933.66
    1119400 |  8164609.32
    1360426 |  8164059.46
     865797 |  8164000.23
     155336 |  8163841.92
    1573077 |  8163326.97
     645168 |  8163275.34
     985961 |  8163194.39
    1468364 |  8163111.95
    1590808 |  8163073.80
     771692 |  8162587.97
     100375 |  8162354.40
     245375 |  8162048.84
    1410244 |  8161995.61
      47668 |  8161790.04
      67295 |  8161779.08
     827174 |  8161754.16
    1471925 |  8161553.50
    1282831 |  8161440.00
     296981 |  8161370.88
    1462137 |  8161240.32
     132541 |  8160680.00
     248963 |  8160648.72
     674740 |  8160575.50
     242070 |  8160529.72
     250261 |  8160366.84
     841895 |  8160357.48
     271320 |  8160298.56
    1041625 |  8160289.20
     275270 |  8160218.56
      72990 |  8159859.81
      74544 |  8159827.00
      23220 |  8159737.15
     534496 |  8159585.40
    1068883 |  8159395.40
    1077914 |  8159142.29
     354158 |  8158971.86
    1556740 |  8158867.38
    1329630 |  8158734.00
     224311 |  8158502.08
      53059 |  8158470.62
     682618 |  8158088.03
    1379055 |  8157469.10
     961451 |  8157229.92
      43851 |  8157101.40
     664439 |  8156841.80
    1192403 |  8156356.80
     820465 |  8156279.28
    1089157 |  8156118.00
     377329 |  8155744.72
     810182 |  8155345.20
     492557 |  8155150.03
     208394 |  8154660.28
     965405 |  8154555.09
     261036 |  8154442.80
     266957 |  8154431.70
     683486 |  8153889.30
     368884 |  8153779.15
    1034160 |  8153709.45
    1502082 |  8153485.56
    1331978 |  8153452.89
      13143 |  8153158.95
    1417768 |  8153052.12
     565443 |  8152892.80
     766037 |  8152844.88
     813205 |  8152841.19
     859492 |  8152632.95
    1429858 |  8152427.07
      73472 |  8152155.42
    1125882 |  8152012.89
    1361510 |  8151879.89
    1169406 |  8151608.90
     119565 |  8151235.39
    1465925 |  8151206.12
    1529165 |  8151180.60
     760944 |  8151082.03
     714295 |  8151033.75
      95941 |  8150938.38
     553214 |  8150538.48
    1012580 |  8150373.07
     331719 |  8150051.85
       7325 |  8149620.04
     943069 |  8149510.44
     944626 |  8149447.68
     591522 |  8149288.04
     147815 |  8149196.84
     609743 |  8149138.70
    1463818 |  8148459.56
     194842 |  8148403.20
     958583 |  8148326.97
    1440993 |  8147760.96
    1372868 |  8147752.20
     434555 |  8147750.40
     272880 |  8147729.10
    1220709 |  8147666.73
    1490321 |  8147570.20
     317188 |  8147076.73
     537045 |  8147033.16
    1088256 |  8146910.10
     554782 |  8146782.72
     292987 |  8146654.15
     507363 |  8146434.20
     721808 |  8146342.49
     761877 |  8145936.15
    1014270 |  8145817.54
    1574441 |  8145138.31
     407751 |  8145124.51
     505528 |  8144959.59
     486755 |  8144894.42
    1249022 |  8144504.90
     841886 |  8144490.41
     156812 |  8144368.77
    1170814 |  8144219.92
     123455 |  8144153.80
      10149 |  8144099.73
    1551578 |  8143871.12
    1348436 |  8143840.95
    1351249 |  8143685.83
    1168367 |  8143573.62
    1561707 |  8143548.00
     780341 |  8143286.40
     656591 |  8143194.40
    1130379 |  8143087.20
     785380 |  8143048.98
     173089 |  8142817.74
    1505502 |  8142162.48
     483341 |  8141638.62
    1116570 |  8141409.40
    1191079 |  8141344.77
    1476504 |  8141279.34
    1279001 |  8141048.04
     318806 |  8140937.40
     315152 |  8140900.89
    1015440 |  8140767.08
    1164357 |  8140748.98
    1196756 |  8140683.59
    1506428 |  8140189.05
    1517190 |  8139928.10
    1254724 |  8139811.05
     538914 |  8139779.32
    1505901 |  8139739.56
    1539186 |  8139223.78
    1033319 |  8139135.12
     168056 |  8139101.96
     469890 |  8139088.23
    1063948 |  8139079.98
     481336 |  8138918.61
     518794 |  8138742.88
      61102 |  8138596.50
     500180 |  8138562.24
     868184 |  8138517.14
     575327 |  8138267.36
     742155 |  8138080.03
     626233 |  8137916.66
       7221 |  8137652.40
     763139 |  8137647.18
     764617 |  8137624.65
     487416 |  8137616.16
    1078676 |  8137486.00
     531710 |  8137419.00
     492895 |  8137231.44
     971488 |  8137054.32
    1484588 |  8136870.69
    1460961 |  8136778.50
     693304 |  8136772.36
     795494 |  8136447.06
     943094 |  8136287.65
    1430656 |  8136106.02
    1011235 |  8135956.37
     231518 |  8135942.08
     759345 |  8135870.48
     365393 |  8135835.64
     958292 |  8135713.08
    1130920 |  8135644.48
    1312865 |  8134850.16
     869538 |  8134787.51
      50879 |  8134584.32
     288049 |  8133958.25
    1300880 |  8133815.52
    1452690 |  8133775.38
    1576002 |  8133707.91
    1532525 |  8133683.50
    1508731 |  8133679.75
     939521 |  8133608.92
     844761 |  8133102.95
      28029 |  8132994.60
     922863 |  8132981.80
    1087641 |  8132409.04
    1299058 |  8132136.87
    1287233 |  8132060.00
    1474167 |  8131999.59
     856674 |  8131995.79
    1146924 |  8131949.64
     338306 |  8131880.82
      24032 |  8131852.52
     563645 |  8131691.04
     637419 |  8131592.46
    1514248 |  8131571.82
    1499449 |  8131522.14
     581623 |  8131443.87
    1014183 |  8131253.10
    1470152 |  8130999.55
     473584 |  8130986.56
     712699 |  8130631.08
    1389612 |  8130620.68
     703239 |  8130327.96
    1583233 |  8130091.56
       4243 |  8130000.44
    1222402 |  8129961.35
    1377771 |  8129908.34
    1535643 |  8129783.82
    1048309 |  8129675.28
    1264770 |  8129447.13
     477772 |  8129262.71
    1318385 |  8129172.48
    1051867 |  8128957.67
     396319 |  8128855.02
    1065140 |  8128660.00
    1582431 |  8128594.46
     741262 |  8128579.84
     649439 |  8128088.91
    1433502 |  8128012.48
     707451 |  8127806.09
    1361757 |  8127602.72
     981317 |  8127358.47
     201388 |  8127133.56
    1227285 |  8127110.62
     339167 |  8127098.40
     358137 |  8126479.76
     604377 |  8126477.20
     674836 |  8126118.00
     241277 |  8125617.60
     225242 |  8125516.96
     631158 |  8125350.95
    1325343 |  8125242.68
     901514 |  8125150.77
     217700 |  8125149.70
     779706 |  8124925.16
     658010 |  8124559.21
     105917 |  8124505.32
     229026 |  8124232.16
     658371 |  8124039.68
     498307 |  8123967.36
    1127195 |  8123678.20
     600582 |  8123668.80
     998624 |  8123200.48
    1107379 |  8123096.60
     192635 |  8122687.57
     593299 |  8122643.07
     459526 |  8122557.52
     471173 |  8122550.87
    1397231 |  8122073.74
    1405605 |  8122024.08
     384674 |  8121998.25
     617945 |  8121984.55
     133980 |  8121855.88
     382988 |  8121726.80
     386624 |  8121479.80
     419191 |  8121439.80
    1327583 |  8121386.99
    1013713 |  8121371.31
    1464899 |  8121283.86
     762164 |  8121036.24
    1282004 |  8121025.50
     454899 |  8120704.50
     942420 |  8120691.80
    1438252 |  8120632.80
     582597 |  8120567.65
     196138 |  8120527.80
     949392 |  8120321.18
    1164612 |  8120278.53
     449449 |  8119929.51
    1301599 |  8119884.08
     175425 |  8119500.52
     632533 |  8119450.71
     680720 |  8119158.08
     959367 |  8118923.68
    1046336 |  8118789.42
    1127643 |  8118779.76
     195725 |  8118733.86
    1250762 |  8118455.58
       7353 |  8118322.38
     714100 |  8118306.60
     494294 |  8118097.20
    1435183 |  8117935.77
     631208 |  8117846.46
     908466 |  8117795.68
     512811 |  8117387.64
     926850 |  8117041.50
    1229414 |  8117008.20
     684650 |  8116815.18
     322855 |  8116637.16
     434438 |  8116544.45
      96417 |  8116189.73
    1559547 |  8116029.60
     756121 |  8115994.59
     801716 |  8115889.32
    1245596 |  8115792.48
     151318 |  8115669.66
     714043 |  8115555.21
    1260172 |  8115195.57
       9618 |  8115010.20
    1042632 |  8115001.72
     827315 |  8114820.78
    1260561 |  8114762.25
    1283413 |  8114553.00
    1429484 |  8114422.66
     720201 |  8114406.30
      99688 |  8114188.20
     242230 |  8114109.75
    1009306 |  8113974.70
     634458 |  8113802.40
    1497308 |  8113743.09
     486681 |  8113735.80
     377201 |  8113693.35
     910673 |  8113595.90
        890 |  8113468.32
     843246 |  8113161.68
     666516 |  8113148.33
    1087467 |  8112908.60
      79243 |  8112847.90
     401609 |  8112659.35
    1330671 |  8112436.65
    1037360 |  8112237.48
      34060 |  8112125.70
    1478653 |  8112006.16
    1185301 |  8111795.15
     354755 |  8111712.92
    1308955 |  8111660.16
    1506598 |  8111656.80
    1274499 |  8111509.54
    1541887 |  8111486.25
     273689 |  8111364.72
    1337123 |  8111235.38
    1268978 |  8110841.76
     546203 |  8110817.55
     562048 |  8110666.64
      67115 |  8110255.42
     875697 |  8109871.44
     517040 |  8109840.74
    1441046 |  8109821.67
    1570973 |  8109494.33
    1188021 |  8109440.01
    1297449 |  8109439.67
     371510 |  8109136.86
    1141206 |  8108799.00
     551172 |  8108660.88
    1426599 |  8108441.10
    1208077 |  8108430.55
    1133186 |  8108303.62
     568779 |  8108154.22
     210880 |  8108103.06
     244217 |  8108002.64
     309197 |  8107793.28
    1500804 |  8107684.40
     603219 |  8107339.85
     377139 |  8106724.90
    1347221 |  8106476.94
     143888 |  8106454.86
     758983 |  8106357.65
     512111 |  8106178.18
     499541 |  8106114.07
     320435 |  8105815.10
     666806 |  8105685.83
    1366424 |  8105389.38
    1543657 |  8105077.42
    1355002 |  8105035.20
    1419410 |  8104948.39
    1426043 |  8104739.49
    1566519 |  8104236.30
    1165429 |  8104057.53
     681066 |  8104021.38
     421953 |  8103923.80
      93612 |  8103909.60
    1187237 |  8103329.31
    1164975 |  8103185.74
    1447909 |  8103040.88
      57014 |  8102826.84
     777004 |  8102823.88
     848866 |  8102322.36
      75730 |  8102029.76
     778028 |  8101931.85
    1484620 |  8101574.68
     645582 |  8101479.84
     161943 |  8101426.85
     453421 |  8101342.56
    1138865 |  8101040.19
     913134 |  8101012.32
     565642 |  8100918.00
    1513499 |  8100876.21
     944161 |  8100819.52
     674232 |  8100586.05
      19832 |  8100518.12
    1465187 |  8099821.80
    1591686 |  8099193.52
     213452 |  8099108.62
    1152242 |  8098861.20
     484834 |  8098765.95
     499887 |  8098517.06
     709292 |  8098165.46
     716867 |  8097960.00
    1573012 |  8097297.36
     593132 |  8097167.46
     262142 |  8097154.68
    1466933 |  8096371.89
    1230796 |  8096172.98
     655084 |  8096045.28
    1196094 |  8095849.24
     326086 |  8095456.16
     716685 |  8095225.32
    1580416 |  8094630.75
    1282062 |  8094601.35
     165034 |  8094510.16
     764929 |  8094465.58
    1348341 |  8094455.36
     780097 |  8094389.52
     755616 |  8093976.89
     180107 |  8093887.20
     135129 |  8093645.84
    1008869 |  8093066.35
    1295131 |  8093062.53
     162808 |  8093035.42
     815105 |  8092893.93
    1490605 |  8092857.74
    1053056 |  8092814.76
    1597532 |  8092607.77
    1506362 |  8092588.35
    1486969 |  8092545.12
     493056 |  8092113.12
     759413 |  8092038.02
     761029 |  8091951.84
     719203 |  8091917.76
    1262989 |  8091822.27
     920698 |  8091813.72
     543482 |  8091641.72
     660785 |  8091610.28
     613048 |  8091497.98
     571306 |  8091385.92
    1205060 |  8091196.40
    1421331 |  8091064.83
     743741 |  8090839.70
    1005619 |  8090819.94
    1566704 |  8090790.90
     620044 |  8090717.19
     182984 |  8090683.20
     824336 |  8090259.66
    1076937 |  8089997.58
    1015673 |  8089535.32
     120670 |  8089385.82
    1293213 |  8089170.18
     147417 |  8089113.24
     564809 |  8089084.95
     394872 |  8089059.51
    1204782 |  8088934.86
    1067622 |  8088827.88
    1392405 |  8088705.80
    1155976 |  8088524.30
    1219462 |  8088402.36
     518355 |  8088205.37
     894576 |  8087962.00
     606477 |  8087210.56
     297588 |  8086747.90
     669305 |  8086699.44
     228255 |  8086606.49
     952814 |  8086393.39
    1352299 |  8086183.84
    1174913 |  8086140.00
    1497045 |  8085665.99
    1343175 |  8085555.45
     456205 |  8085321.99
    1071601 |  8085085.25
    1131794 |  8085014.75
      64146 |  8084890.00
     376429 |  8084838.84
    1100803 |  8084382.46
     116876 |  8084176.71
     507294 |  8084152.97
     953316 |  8084098.08
     699419 |  8084087.00
     923739 |  8083939.16
     895674 |  8083837.86
     698994 |  8083736.64
     656117 |  8083500.00
     817930 |  8083486.92
     825117 |  8083406.83
     632400 |  8083399.68
     699908 |  8083385.52
      20145 |  8083229.40
     724638 |  8082866.07
     299339 |  8082718.17
    1418791 |  8082715.92
    1242509 |  8082612.16
    1427369 |  8082530.22
     489872 |  8082481.82
    1219309 |  8082405.06
     561909 |  8082309.87
    1248963 |  8082233.76
     467583 |  8082140.25
    1178109 |  8081976.15
     928973 |  8081797.32
    1442600 |  8081708.40
     472699 |  8081565.40
     937285 |  8081561.64
    1323562 |  8081409.00
     568418 |  8081088.21
     953735 |  8081035.32
     570781 |  8080998.12
     556159 |  8080876.80
     280666 |  8080777.11
     982315 |  8080693.11
    1125546 |  8080676.76
      44488 |  8080666.44
     887522 |  8080617.00
     428382 |  8080481.12
    1565923 |  8080450.56
     727061 |  8080198.15
     820870 |  8080144.50
     275932 |  8079969.96
     549617 |  8079940.60
     290921 |  8079789.90
     396791 |  8079273.24
     241109 |  8079237.60
    1513581 |  8078952.42
      46951 |  8078828.40
    1529140 |  8078757.92
    1537085 |  8078689.40
     895995 |  8078607.63
      71884 |  8078395.92
    1288950 |  8078380.61
    1577367 |  8078361.50
     852110 |  8078324.10
     780493 |  8078213.16
     343062 |  8078018.60
     260982 |  8077878.18
    1055556 |  8077401.76
     191049 |  8076442.65
    1462315 |  8076310.08
    1188612 |  8076309.51
    1349592 |  8075859.00
    1492114 |  8075843.52
     614630 |  8075726.18
     662297 |  8075707.20
     417460 |  8075298.30
     958755 |  8075200.25
     703005 |  8075004.00
     139300 |  8074755.36
     744981 |  8074404.84
     793182 |  8074357.68
    1388158 |  8074317.33
     810818 |  8073990.00
     278786 |  8073939.06
    1556780 |  8073933.66
     761220 |  8073767.04
     958758 |  8073248.40
    1406825 |  8072898.08
    1125521 |  8072885.01
     447359 |  8072353.10
     960579 |  8072081.13
     661226 |  8071980.80
    1530623 |  8071920.00
     382824 |  8071888.41
    1436881 |  8071854.48
     266831 |  8071654.50
    1049897 |  8071537.60
     689214 |  8071341.57
     806252 |  8071305.92
     713234 |  8071188.92
     176630 |  8071173.90
     427371 |  8071150.55
     902089 |  8071061.07
     244922 |  8071058.90
     399343 |  8070788.08
     265991 |  8070379.20
     690410 |  8070358.66
     914228 |  8070225.28
    1189253 |  8070184.12
     529885 |  8069245.76
     679840 |  8069183.44
     495012 |  8069134.06
     734136 |  8068977.92
     130490 |  8068975.28
     507870 |  8068697.37
      37487 |  8068501.80
    1321718 |  8068330.98
     300679 |  8067780.00
    1529052 |  8067565.64
    1333867 |  8067531.10
     582796 |  8067409.78
     371365 |  8067409.68
     523819 |  8067081.95
     329338 |  8066837.32
     317088 |  8066785.78
     873195 |  8066764.97
    1597482 |  8066742.21
     308206 |  8066581.81
     300468 |  8066514.72
     214296 |  8066491.16
     766471 |  8066150.40
     303918 |  8065615.50
    1445684 |  8065586.10
     905285 |  8065575.20
     624880 |  8065103.28
     409144 |  8064954.84
     672357 |  8064264.45
     754888 |  8064189.54
    1577999 |  8064156.10
    1488836 |  8064112.77
     317304 |  8063911.58
    1116072 |  8063159.60
     452029 |  8063083.21
     851782 |  8063036.40
    1439760 |  8062710.25
      85435 |  8062701.07
     174263 |  8062630.68
       8608 |  8062411.16
     181552 |  8062008.30
     127022 |  8061536.34
     365223 |  8061522.66
     491846 |  8061291.99
     214925 |  8061231.36
     687494 |  8061014.70
     111475 |  8060718.47
     268833 |  8060708.50
     460171 |  8060314.35
     567994 |  8060208.56
     850685 |  8060182.34
    1124387 |  8060136.92
     665624 |  8060070.04
      37099 |  8059989.76
     565919 |  8059951.90
    1109404 |  8059604.73
    1493791 |  8059453.44
     720992 |  8059299.57
    1383116 |  8059101.56
    1376906 |  8058903.00
     360097 |  8058783.11
    1256289 |  8058437.17
     175909 |  8058130.43
    1142756 |  8057927.70
      81269 |  8057806.88
    1534255 |  8057752.57
     114690 |  8057666.90
     708911 |  8057491.11
      42809 |  8057079.08
     885964 |  8057053.44
     102859 |  8056750.10
     305426 |  8056690.95
     890891 |  8056569.84
     624969 |  8056182.42
     713393 |  8056174.23
     603762 |  8056007.68
     371662 |  8055854.73
     692651 |  8055837.50
    1503809 |  8055781.20
     507478 |  8055623.70
    1176819 |  8055272.96
     844973 |  8055180.72
    1587242 |  8054976.99
    1431461 |  8054738.09
     793197 |  8054696.52
    1521355 |  8054545.10
    1492972 |  8054323.74
    1220246 |  8054023.64
    1320874 |  8053626.78
    1110616 |  8053608.45
       6209 |  8053554.33
     764335 |  8053294.46
    1250367 |  8053207.65
     623722 |  8053105.95
    1300350 |  8053010.65
     662200 |  8052966.38
    1074689 |  8052754.80
     196715 |  8052644.16
     962847 |  8052587.27
    1051486 |  8052317.17
    1343502 |  8051992.48
     135384 |  8051914.47
     839893 |  8051804.06
     252772 |  8051480.58
     341977 |  8051353.14
    1061765 |  8051109.24
     811578 |  8051107.68
      94207 |  8051054.40
    1460254 |  8050951.24
    1385383 |  8050704.30
    1241758 |  8050650.71
     873504 |  8050620.60
     225678 |  8050444.40
     670909 |  8050263.06
    1461397 |  8050169.60
     769011 |  8050019.79
     489434 |  8049777.60
    1371155 |  8049734.12
     511225 |  8049725.88
     869793 |  8049601.44
    1045346 |  8049508.98
     353727 |  8049429.00
     326533 |  8049352.70
     547061 |  8049330.20
     585783 |  8048982.96
     956176 |  8048441.34
     775691 |  8048409.17
     188485 |  8048386.10
     810861 |  8048052.34
    1390018 |  8047854.45
     171197 |  8047792.05
    1593337 |  8047778.61
     768290 |  8047689.50
    1355577 |  8047562.40
     688397 |  8047364.30
    1016847 |  8047314.43
    1342574 |  8047174.68
    1469273 |  8047166.40
     637278 |  8046570.60
    1594344 |  8046543.24
    1391718 |  8046412.50
    1384640 |  8046248.00
    1002965 |  8046219.93
     704486 |  8046210.07
     289506 |  8046190.46
     727078 |  8046101.85
     893077 |  8045776.15
     471575 |  8045402.64
    1268343 |  8045068.21
     775167 |  8044959.40
    1242783 |  8044546.52
     134374 |  8044340.04
     177404 |  8043965.28
     126969 |  8043898.50
     915058 |  8043755.29
     500265 |  8043651.00
     934717 |  8043093.24
     893688 |  8043086.59
     996969 |  8042873.85
    1088722 |  8042789.30
    1255249 |  8042459.92
     986022 |  8042352.50
     225803 |  8042170.05
    1262474 |  8041779.00
     536003 |  8041574.70
    1164063 |  8041560.00
     303244 |  8041305.51
      30997 |  8041127.80
     677051 |  8040998.23
     456013 |  8040468.60
     572245 |  8040096.73
      77606 |  8039897.16
     539125 |  8039460.33
     722273 |  8039313.60
    1589824 |  8039244.42
     308909 |  8039144.92
    1513066 |  8039142.40
     799879 |  8039054.20
     984262 |  8039008.08
    1078531 |  8038985.17
     916808 |  8038592.27
      43833 |  8038545.83
     386136 |  8038497.18
    1511651 |  8038390.23
     327088 |  8038324.58
     923137 |  8038244.88
     974952 |  8037938.50
     413449 |  8037599.40
     937267 |  8037422.70
    1592755 |  8037420.58
    1373746 |  8037266.38
     486616 |  8037126.10
     782104 |  8036955.00
    1592330 |  8036839.98
     657465 |  8036769.26
    1414210 |  8036503.60
    1377052 |  8036433.35
    1113095 |  8036298.61
     702969 |  8036227.54
     128322 |  8035866.56
    1256875 |  8035647.99
     880564 |  8035612.92
     955496 |  8035612.13
     484668 |  8035577.84
     692488 |  8035533.50
     722868 |  8035510.00
      27778 |  8035498.08
    1279015 |  8035477.12
    1535692 |  8035389.70
     696103 |  8035291.11
     764699 |  8034758.88
    1134446 |  8034531.84
     588421 |  8034468.48
     924221 |  8034442.68
     624895 |  8034359.68
     880471 |  8034190.72
     661033 |  8033909.73
     737723 |  8033906.25
     605199 |  8033866.38
    1016837 |  8033751.99
     357640 |  8033636.04
    1344769 |  8033444.16
     663431 |  8033387.04
     919487 |  8033126.40
     596127 |  8032902.60
     443998 |  8032785.48
    1554231 |  8032557.04
    1531153 |  8032443.49
    1155834 |  8032347.26
      92368 |  8032182.72
    1009481 |  8031528.00
    1163959 |  8031080.36
     675338 |  8031047.49
      20097 |  8030820.40
     148625 |  8030781.47
     612047 |  8030707.20
     828419 |  8030693.58
    1519662 |  8030582.23
     149382 |  8030517.65
    1344547 |  8030151.18
    1442224 |  8029839.16
    1153411 |  8029826.70
    1554541 |  8029551.39
     886947 |  8029389.36
     834326 |  8028416.76
     796688 |  8028395.16
     782215 |  8028271.63
     838552 |  8028252.12
    1123424 |  8027733.52
     173777 |  8027680.59
    1309369 |  8027404.32
      30328 |  8027233.25
    1111293 |  8027136.01
    1578398 |  8027003.20
      74691 |  8026483.70
    1275661 |  8026361.14
     632583 |  8026309.44
    1572490 |  8025767.04
    1251619 |  8025695.04
     896484 |  8025644.60
    1229167 |  8025459.12
       1177 |  8025354.40
     353438 |  8025225.60
     591752 |  8025214.38
    1230728 |  8025013.23
     725919 |  8024904.84
     442214 |  8024693.34
     517940 |  8024361.18
     533459 |  8024313.65
     816342 |  8024205.90
     644392 |  8024076.06
     130331 |  8024070.60
     466127 |  8023920.44
     912462 |  8023895.90
    1327279 |  8023406.83
      61380 |  8023387.80
     629900 |  8022993.03
      16693 |  8022724.67
     102974 |  8022429.15
     758150 |  8022374.34
    1293082 |  8022373.44
     377578 |  8022359.43
     833829 |  8022307.01
    1222555 |  8022131.50
     850352 |  8022127.96
     710249 |  8022090.44
     508215 |  8021980.50
     722299 |  8021890.80
    1334789 |  8021313.00
     474617 |  8021079.50
     381940 |  8020995.26
    1362903 |  8020452.74
     658482 |  8019452.00
     941512 |  8019341.28
    1059667 |  8019241.52
     579185 |  8019239.20
      19131 |  8019034.83
    1434290 |  8018943.83
    1535550 |  8018851.50
     425508 |  8018668.50
    1494252 |  8018497.80
    1035493 |  8018356.50
    1505559 |  8018251.43
    1045347 |  8018171.99
      44674 |  8018134.13
    1434268 |  8017155.63
    1525541 |  8016588.45
     508622 |  8016495.18
     134609 |  8016412.81
    1007886 |  8016412.14
     905486 |  8016327.90
    1150075 |  8016004.92
    1553267 |  8015997.08
    1476774 |  8015393.53
    1498810 |  8015381.14
    1536376 |  8015359.02
     348390 |  8015284.96
     144227 |  8015151.16
     480036 |  8015017.92
    1430041 |  8015011.20
(7434 rows)

