row,customer_id,name,matched_master_id,match_status,match_rule
2,C02658,Rehaan Mahajan,C02658,partial_match,customer_id
3,,Lekha Mitra,,incomplete_match,no_candidate
4,,,,incomplete_match,no_candidate
5,,Ekansh Sodhi,,incomplete_match,no_candidate
6,,,,incomplete_match,no_candidate
7,C02957,Divya Char,C02957,complete_match,customer_id
8,N00085,Warjas Kata,,new_entity,no_candidate
9,N00260,Raagini Bassi,,new_entity,no_candidate
10,,Yamini Roy,C00098,partial_match,name_city
11,N00235,Karan Viswanathan,,new_entity,no_candidate
12,C01131,Faris Pal,C01131,partial_match,customer_id
13,C01529,Kevin Mannan,C01529,partial_match,customer_id
14,C01165,Ikshita Swamy,C01165,conflicting,customer_id
15,C00958,Siya Kaur,C00958,complete_match,customer_id
16,,,,incomplete_match,no_candidate
17,C01580,Mekhala Golla,C01580,conflicting,customer_id
18,C01522,Upasna Bhat,C01522,complete_match,customer_id
19,,Madhavi Agate,,incomplete_match,no_candidate
20,C02101,Nitara Saxena,C02101,conflicting,customer_id
21,N00208,Diya Dube,,new_entity,no_candidate
22,,Ayushman Sant,C02535,partial_match,name_city
23,,Darpan Bhatnagar,,incomplete_match,no_candidate
24,C01076,Upadhriti Atwal,C01076,complete_match,customer_id
25,C00878,Gautami Bedi,C00878,conflicting,customer_id
26,N00381,Anthony Bail,,new_entity,no_candidate
27,C02666,Adya Yadav,C02666,conflicting,customer_id
28,C01759,Maanas Ben,C01759,conflicting,customer_id
29,N00386,Brinda Gole,,new_entity,no_candidate
30,C02424,Chanakya Kumar,C02424,complete_match,customer_id
31,,,,incomplete_match,no_candidate
32,C02747,Joshua Saran,C02747,conflicting,customer_id
33,,DARSH KATA,C01257,partial_match,phone
34,C01675,Raagini Keer,C01675,partial_match,customer_id
35,,Bhavika Bobal,,incomplete_match,no_candidate
36,N00034,Aadi Mody,,new_entity,no_candidate
37,C00856,Luke Sane,C00856,partial_match,customer_id
38,C02801,Prisha Gola,C02801,complete_match,customer_id
39,,Joshua Lala,,incomplete_match,no_candidate
40,C02559,Karan Shah,C02559,conflicting,customer_id
41,N00159,Yuvraj Chatterjee,,new_entity,no_candidate
42,C02714,Vaishnavi Ahluwalia,C02714,conflicting,customer_id
43,N00005,Gavin Singh,,new_entity,no_candidate
44,,SAMAR NARANG,C00823,partial_match,phone
45,,YOCHANA RAMAN,C02329,partial_match,phone
46,N00141,Aachal Mall,,new_entity,no_candidate
47,C00779,Ekta Deshpande,C00779,conflicting,customer_id
48,C00992,Gaurangi Char,C00992,complete_match,customer_id
49,,,C02737,partial_match,email
50,C02936,Inaya Zacharia,C02936,complete_match,customer_id
51,C02870,Hiral Biswas,C02870,partial_match,customer_id
52,C02907,Pallavi Goswami,C02907,partial_match,customer_id
53,C01923,Aashi Nair,C01923,complete_match,customer_id
54,,Isaiah Saini,C02229,partial_match,name_city
55,C02220,Gayathri Sarraf,C02220,partial_match,customer_id
56,N00088,George Swamy,,new_entity,no_candidate
57,N00311,Jackson Bera,,new_entity,no_candidate
58,,,,incomplete_match,no_candidate
59,C02999,Libni Baria,C02999,complete_match,customer_id
60,C00646,Zinal Randhawa,C00646,complete_match,customer_id
61,,RANBIR PANDIT,C00021,partial_match,phone
62,C02879,Yuvraj Baria,C02879,conflicting,customer_id
63,C01674,Champak Aurora,C01674,complete_match,customer_id
64,,Bhavya Karpe,C01187,partial_match,name_city
65,,Ubika Loyal,,incomplete_match,no_candidate
66,C02747,Ekapad De,C02747,partial_match,customer_id
67,N00207,Vedhika Rajan,,new_entity,no_candidate
68,C00479,Harini Barad,C00479,complete_match,customer_id
69,C02645,Bahadurjit Buch,C02645,partial_match,customer_id
70,C01279,Lakshit Char,C01279,partial_match,customer_id
71,N00127,Xiti Varughese,,new_entity,no_candidate
72,C01817,Ria Apte,C01817,complete_match,customer_id
73,C00916,Chaitanya Chada,C00916,partial_match,customer_id
74,N00339,Abdul Oommen,,new_entity,no_candidate
75,N00332,Yoshita Narula,,new_entity,no_candidate
76,N00292,Darpan Tara,,new_entity,no_candidate
77,C01051,Laksh Tata,C01051,conflicting,customer_id
78,,,,incomplete_match,no_candidate
79,N00077,Falan Dugar,,new_entity,no_candidate
80,C01288,Maya Bava,C01288,partial_match,customer_id
81,N00014,Anusha Kala,,new_entity,no_candidate
82,C01234,Brinda Chokshi,C01234,conflicting,customer_id
83,N00346,Bhavya Karnik,,new_entity,no_candidate
84,C00053,Ishanvi Shah,C00053,complete_match,customer_id
85,C02488,Vrinda Nayar,C02488,conflicting,customer_id
86,C02084,Vansha Raja,C02084,complete_match,customer_id
87,C00346,Shivansh Devi,C00346,conflicting,customer_id
88,N00150,Aachal Agarwal,,new_entity,no_candidate
89,N00358,Advay Cherian,,new_entity,no_candidate
90,,Falak Brar,,incomplete_match,no_candidate
91,N00239,Nilima Kothari,,new_entity,no_candidate
92,C01774,Gopal Talwar,C01774,complete_match,customer_id
93,C02423,Daksh Dayal,C02423,conflicting,customer_id
94,N00377,Yagnesh Mittal,,new_entity,no_candidate
95,C01688,Devika Brahmbhatt,C01688,conflicting,customer_id
96,C01858,Zansi Murthy,C01858,complete_match,customer_id
97,,Megha Naik,,incomplete_match,no_candidate
98,C02917,Pallavi Edwin,C02917,conflicting,customer_id
99,C02839,Umang Wagle,C02839,partial_match,customer_id
100,C02888,Tejas Patla,C02888,conflicting,customer_id
101,C02985,Nachiket Rout,C02985,conflicting,customer_id
102,C00203,Mohini Garde,C00203,conflicting,customer_id
103,,,,incomplete_match,no_candidate
104,N00330,Nimrat Bera,,new_entity,no_candidate
105,,YASHAWINI DIXIT,C02703,partial_match,phone
106,N00218,Nidhi Badal,,new_entity,no_candidate
107,C00550,Kai Thakkar,C00550,partial_match,customer_id
108,C01659,Geetika Bhargava,C01659,partial_match,customer_id
109,N00177,Balveer Kibe,,new_entity,no_candidate
110,C02550,Qadim Rana,C02550,partial_match,customer_id
111,C00177,Ronith Bir,C00177,complete_match,customer_id
112,,Leela Mangal,,incomplete_match,no_candidate
113,C01857,Banjeet Dave,C01857,partial_match,customer_id
114,C00125,Anthony Khalsa,C00125,complete_match,customer_id
115,C01869,Farhan Mani,C01869,partial_match,customer_id
116,C01918,Devansh Sharma,C01918,conflicting,customer_id
117,,,,incomplete_match,no_candidate
118,,AARINI OZA,C00019,partial_match,phone
119,,Vyanjana Samra,,incomplete_match,no_candidate
120,N00123,Banjeet Madan,,new_entity,no_candidate
121,C02697,Xalak Devi,C02697,partial_match,customer_id
122,C02378,Ethan Gade,C02378,complete_match,customer_id
123,C01059,Jairaj Pau,C01059,conflicting,customer_id
124,C02546,Girik Bera,C02546,complete_match,customer_id
125,,Dipta Bobal,,incomplete_match,no_candidate
126,,Panini Mander,,incomplete_match,no_candidate
127,C01565,Eshana Chahal,C01565,partial_match,customer_id
128,C00736,Falak Batta,C00736,partial_match,customer_id
129,C01736,Balveer Suri,C01736,partial_match,customer_id
130,,Rachita Baria,C01408,partial_match,name_city
131,C00014,Keya Hayre,C00014,complete_match,customer_id
132,C00775,Barkha Sama,C00775,complete_match,customer_id
133,C01625,Christopher Verma,C01625,partial_match,customer_id
134,,Oeshi Butala,,incomplete_match,no_candidate
135,N00155,Faraj Chatterjee,,new_entity,no_candidate
136,,,,incomplete_match,no_candidate
137,C01423,Nidhi Zachariah,C01423,conflicting,customer_id
138,N00053,Yutika Ravi,,new_entity,no_candidate
139,,,,incomplete_match,no_candidate
140,C01704,Chandran Swamy,C01704,partial_match,customer_id
141,C02788,Rudra Sachdev,C02788,partial_match,customer_id
142,C01946,Vincent Malhotra,C01946,partial_match,customer_id
143,C00324,Irya Mane,C00324,conflicting,customer_id
144,C02168,Bahadurjit Bhagat,C02168,conflicting,customer_id
145,C02902,Dominic Tandon,C02902,conflicting,customer_id
146,C00578,Dev Nadig,C00578,complete_match,customer_id
147,C01860,Girik Contractor,C01860,complete_match,customer_id
148,C02271,Harshil Kalita,C02271,complete_match,customer_id
149,C01212,Gaurangi Mann,C01212,partial_match,customer_id
150,C00833,Lohit Patil,C00833,complete_match,customer_id
151,C02810,Aarush Sane,C02810,partial_match,customer_id
152,C00323,Veda Date,C00323,conflicting,customer_id
153,,Christopher Sha,,incomplete_match,no_candidate
154,C02643,Eshana Dewan,C02643,partial_match,customer_id
155,N00008,Robert Mitter,,new_entity,no_candidate
156,C00583,Qabil Swaminathan,C00583,partial_match,customer_id
157,,,,incomplete_match,no_candidate
158,C01032,Januja Natt,C01032,complete_match,customer_id
159,C01988,Ridhi Kale,C01988,complete_match,customer_id
160,C00370,Vamakshi Bala,C00370,partial_match,customer_id
161,C01302,Gunbir Lad,C01302,conflicting,customer_id
162,C01492,Yashvi Sarraf,C01492,complete_match,customer_id
163,,Chaitaly Dixit,,incomplete_match,no_candidate
164,C00737,Harish Dhillon,C00737,complete_match,customer_id
165,C01800,Eta Kaul,C01800,complete_match,customer_id
166,,DIPTA DATTA,C01446,partial_match,phone
167,C01498,Oviya Nagy,C01498,partial_match,customer_id
168,C02083,Neelima Mahajan,C02083,conflicting,customer_id
169,N00345,Netra Prabhakar,,new_entity,no_candidate
170,C00669,Chakrika Chaudry,C00669,conflicting,customer_id
171,,Chasmum Dhingra,,incomplete_match,no_candidate
172,C01068,Vincent Kala,C01068,conflicting,customer_id
173,C02682,David Bhakta,C02682,partial_match,customer_id
174,C01050,Aradhana Hari,C01050,conflicting,customer_id
175,,Yoshita Bajaj,,incomplete_match,no_candidate
176,C01955,Tanvi Kuruvilla,C01955,partial_match,customer_id
177,,chaaya verma,C00592,partial_match,email
178,,,,incomplete_match,no_candidate
179,C01136,Balvan Ratta,C01136,complete_match,customer_id
180,C00270,Irya Misra,C00270,complete_match,customer_id
181,C01182,Shravya Soman,C01182,complete_match,customer_id
182,N00211,Joshua Nanda,,new_entity,no_candidate
183,C00982,Wishi Upadhyay,C00982,partial_match,customer_id
184,N00378,Urvashi Desai,,new_entity,no_candidate
185,,,C02007,partial_match,email
186,C01193,Dakshesh Minhas,C01193,partial_match,customer_id
187,N00352,Leela Nayak,,new_entity,no_candidate
188,C02997,Charita Sachar,C02997,complete_match,customer_id
189,,OLIVER SANGHVI,C00903,partial_match,phone
190,C02913,Abhimanyu Dube,C02913,partial_match,customer_id
191,,Tejas Mani,C02755,partial_match,name_city
192,,Gabriel Kala,,incomplete_match,no_candidate
193,C00614,Yatin Bala,C00614,partial_match,customer_id
194,C01327,Neha Bhalla,C01327,partial_match,customer_id
195,C02769,Siya Chawla,C02769,complete_match,customer_id
196,C01701,Yochana Anand,C01701,partial_match,customer_id
197,C02033,Omaja Dubey,C02033,partial_match,customer_id
198,N00082,Chatura Chowdhury,,new_entity,no_candidate
199,N00230,Niharika Toor,,new_entity,no_candidate
200,,,,incomplete_match,no_candidate
201,C02226,Aarav Gopal,C02226,partial_match,customer_id
202,C00526,Nirja Manne,C00526,partial_match,customer_id
203,,,C02491,partial_match,email
204,C02606,Ishani Chakraborty,C02606,complete_match,customer_id
205,C01937,Tanmayi Gokhale,C01937,partial_match,customer_id
206,C00598,Hiral Bahl,C00598,complete_match,customer_id
207,C01641,Rayaan Lala,C01641,complete_match,customer_id
208,N00050,Gaurang Pai,,new_entity,no_candidate
209,C02814,Orinder Choudhry,C02814,conflicting,customer_id
210,,neha kanda,C00076,partial_match,email
211,,Nitara Saxena,,incomplete_match,no_candidate
212,C02309,Daniel Varma,C02309,partial_match,customer_id
213,N00376,Bachittar Cherian,,new_entity,no_candidate
214,C00597,Samesh D’Alia,C00597,complete_match,customer_id
215,N00288,Balvan Randhawa,,new_entity,no_candidate
216,C01016,Urvashi Raval,C01016,conflicting,customer_id
217,,Hemal Boase,,incomplete_match,no_candidate
218,N00388,Sudiksha Kurian,,new_entity,no_candidate
219,C00517,Jack Dyal,C00517,partial_match,customer_id
220,,idika behl,C00296,partial_match,email
221,C00181,Eshana Bir,C00181,conflicting,customer_id
222,N00203,Yachana Saraf,,new_entity,no_candidate
223,C02408,Rajata Kulkarni,C02408,conflicting,customer_id
224,C01710,Samuel Ray,C01710,partial_match,customer_id
225,N00277,Mugdha Loke,,new_entity,no_candidate
226,N00280,Yatin Kapur,,new_entity,no_candidate
227,C01018,Manya Ray,C01018,complete_match,customer_id
228,C01443,Neha Nagar,C01443,partial_match,customer_id
229,,NATHAN KHARE,C00638,partial_match,phone
230,C00761,Irya Bedi,C00761,partial_match,customer_id
231,N00354,Logan Sidhu,,new_entity,no_candidate
232,N00183,Advaith Tara,,new_entity,no_candidate
233,C01322,Harinakshi Prashad,C01322,partial_match,customer_id
234,N00226,Azaan Kohli,,new_entity,no_candidate
235,C00636,Meghana Sastry,C00636,conflicting,customer_id
236,,Yoshita Buch,,incomplete_match,no_candidate
237,C02202,Yashawini Chokshi,C02202,partial_match,customer_id
238,C00847,Abeer Gill,C00847,partial_match,customer_id
239,,,,incomplete_match,no_candidate
240,N00360,Ayaan Lad,,new_entity,no_candidate
241,,Yoshita Narula,C02589,partial_match,name_city
242,C02651,Radhika Rajagopalan,C02651,conflicting,customer_id
243,C02361,Widisha Yogi,C02361,conflicting,customer_id
244,C00049,Jonathan Kala,C00049,partial_match,customer_id
245,C00112,Arya Dutta,C00112,partial_match,customer_id
246,C02833,Jai Mall,C02833,partial_match,customer_id
247,C00491,Om Mahal,C00491,complete_match,customer_id
248,C00197,Qadim Sura,C00197,conflicting,customer_id
249,C00363,Noah Char,C00363,partial_match,customer_id
250,N00112,Dev Sastry,,new_entity,no_candidate
251,N00317,Chakrika Nagi,,new_entity,no_candidate
252,N00361,Janaki Prabhu,,new_entity,no_candidate
253,C00054,Gaurika Joshi,C00054,partial_match,customer_id
254,C02774,Barkha Sankaran,C02774,conflicting,customer_id
255,N00349,Veda Mani,,new_entity,no_candidate
256,C00562,Yashvi Menon,C00562,partial_match,customer_id
257,C00476,Patrick Zachariah,C00476,conflicting,customer_id
258,,NIRJA PALLA,C02387,partial_match,phone
259,,Mitesh Gulati,,incomplete_match,no_candidate
260,C02520,Vedant Sachdev,C02520,partial_match,customer_id
261,N00217,Ekanta Bhavsar,,new_entity,no_candidate
262,C02244,Karan Sangha,C02244,conflicting,customer_id
263,C01097,Champak Palla,C01097,partial_match,customer_id
264,C00281,Prisha Acharya,C00281,partial_match,customer_id
265,N00129,Laksh Vohra,,new_entity,no_candidate
266,,maanav ray,C00232,partial_match,email
267,C00112,Arya Dutta,C00112,conflicting,customer_id
268,N00191,Michael Nagi,,new_entity,no_candidate
269,,ojasvi doctor,C02823,partial_match,email
270,C02004,Radhika Ghosh,C02004,partial_match,customer_id
271,C01109,Agastya Kade,C01109,complete_match,customer_id
272,,Urmi Varughese,,incomplete_match,no_candidate
273,C02024,Gavin Parmer,C02024,conflicting,customer_id
274,C01981,Eesha Bains,C01981,complete_match,customer_id
275,N00200,Barkha Seth,,new_entity,no_candidate
276,C02777,Mohini Mann,C02777,partial_match,customer_id
277,,,C01881,partial_match,email
278,,Teerth Kanda,C01307,partial_match,name_city
279,N00367,Ranbir Natarajan,,new_entity,no_candidate
280,C00760,Thomas Merchant,C00760,complete_match,customer_id
281,C00508,Amrita Mane,C00508,conflicting,customer_id
282,C00848,Tanvi Palla,C00848,complete_match,customer_id
283,C00233,Siddharth Dyal,C00233,complete_match,customer_id
284,C02666,Omkaar Salvi,C02666,complete_match,customer_id
285,,Laban Sem,,incomplete_match,no_candidate
286,N00061,Teerth Khosla,,new_entity,no_candidate
287,C02868,Nicholas Jaggi,C02868,complete_match,customer_id
288,C00561,Banjeet Ganesh,C00561,complete_match,customer_id
289,C02270,Inaya Ghosh,C02270,conflicting,customer_id
290,C02450,Oni Tak,C02450,complete_match,customer_id
291,C00331,Yochana Wason,C00331,conflicting,customer_id
292,C00144,Riya Tandon,C00144,partial_match,customer_id
293,,Tanvi Balasubramanian,C00148,partial_match,name_city
294,C00364,Zayyan Bandi,C00364,complete_match,customer_id
295,,,,incomplete_match,no_candidate
296,C00071,Qarin Dada,C00071,partial_match,customer_id
297,C01575,Sachi Wason,C01575,complete_match,customer_id
298,C02824,Chasmum Kulkarni,C02824,complete_match,customer_id
299,N00389,Vasana Mukherjee,,new_entity,no_candidate
300,C01209,Jyoti Gola,C01209,conflicting,customer_id
301,C01983,Mason Ganesh,C01983,conflicting,customer_id
302,C02790,Aahana Nagar,C02790,conflicting,customer_id
303,C01226,Jeremiah Narayan,C01226,partial_match,customer_id
304,N00371,Nirja Kothari,,new_entity,no_candidate
305,C02748,Madhav Vora,C02748,partial_match,customer_id
306,C00791,Zehaan Ramaswamy,C00791,partial_match,customer_id
307,C00160,Yashoda Sule,C00160,conflicting,customer_id
308,C02335,Nidra Dua,C02335,conflicting,customer_id
309,,Xalak Sani,C01532,partial_match,name_city
310,C00373,Robert Bhargava,C00373,complete_match,customer_id
311,C02013,Radhika Rau,C02013,complete_match,customer_id
312,N00255,Ranbir Chada,,new_entity,no_candidate
313,N00336,Ojas Sahota,,new_entity,no_candidate
314,C00353,Aarav Kar,C00353,partial_match,customer_id
315,C01964,Yatan Kamdar,C01964,partial_match,customer_id
316,C00923,Bachittar Sheth,C00923,complete_match,customer_id
317,C02912,Umang Gola,C02912,partial_match,customer_id
318,N00212,Krish Dhar,,new_entity,no_candidate
319,C01726,Zilmil Ganguly,C01726,conflicting,customer_id
320,C00498,Tristan Lala,C00498,complete_match,customer_id
321,C01479,Balhaar Garde,C01479,complete_match,customer_id
322,,Om Iyer,C01234,partial_match,name_city
323,C01681,Atharv Mangal,C01681,partial_match,customer_id
324,C00658,Harinakshi Dhar,C00658,partial_match,customer_id
325,C02883,Nakul Kapur,C02883,conflicting,customer_id
326,N00010,Gaurangi Kadakia,,new_entity,no_candidate
327,C01780,Agastya Lala,C01780,partial_match,customer_id
328,C02808,Joshua Kalla,C02808,conflicting,customer_id
329,N00087,Viraj Narang,,new_entity,no_candidate
330,N00347,Xalak Padmanabhan,,new_entity,no_candidate
331,C01243,Veda Sandal,C01243,conflicting,customer_id
332,C01467,Ijaya Goel,C01467,conflicting,customer_id
333,C01084,Kashish Radhakrishnan,C01084,partial_match,customer_id
334,C00037,Omya Seth,C00037,complete_match,customer_id
335,N00092,Jagrati Rama,,new_entity,no_candidate
336,C00194,Simon Minhas,C00194,conflicting,customer_id
337,N00310,Zayyan Raval,,new_entity,no_candidate
338,C01647,Sai Ranganathan,C01647,conflicting,customer_id
339,C01452,Dhruv Datta,C01452,complete_match,customer_id
340,C02854,Xavier Mistry,C02854,partial_match,customer_id
341,,,,incomplete_match,no_candidate
342,C00686,Urmi Borde,C00686,conflicting,customer_id
343,N00118,Jalsa Salvi,,new_entity,no_candidate
344,C01655,Jeevika Natarajan,C01655,partial_match,customer_id
345,N00394,Vinaya Arya,,new_entity,no_candidate
346,C00387,Ijaya Bajwa,C00387,complete_match,customer_id
347,N00227,Yamini Palan,,new_entity,no_candidate
348,,,,incomplete_match,no_candidate
349,C00375,Amaira Bhargava,C00375,conflicting,customer_id
350,,hemangini dhaliwal,C00509,partial_match,email
351,C00773,Bina Raval,C00773,complete_match,customer_id
352,,Naksh Gara,,incomplete_match,no_candidate
353,C01792,Kamala Apte,C01792,conflicting,customer_id
354,C00929,Widisha Ramaswamy,C00929,complete_match,customer_id
355,,,,incomplete_match,no_candidate
356,C02804,Daniel Rastogi,C02804,partial_match,customer_id
357,C00491,Om Mahal,C00491,partial_match,customer_id
358,C00893,Harinakshi Oommen,C00893,complete_match,customer_id
359,C00042,Matthew Gokhale,C00042,complete_match,customer_id
360,C01851,Anusha Padmanabhan,C01851,partial_match,customer_id
361,C00567,Nikita Gopal,C00567,complete_match,customer_id
362,,Warinder Nori,,incomplete_match,no_candidate
363,C01018,Benjamin Gera,C01018,conflicting,customer_id
364,C01163,Chandresh Rajagopalan,C01163,partial_match,customer_id
365,N00342,Teerth Agarwal,,new_entity,no_candidate
366,,Siya Kaur,C00958,partial_match,name_city
367,C01886,Oeshi Thakur,C01886,partial_match,customer_id
368,C01478,Kala Hans,C01478,partial_match,customer_id
369,C02100,Aarav Arya,C02100,partial_match,customer_id
370,N00151,Hredhaan Sachdeva,,new_entity,no_candidate
371,C01526,Champak Bir,C01526,complete_match,customer_id
372,N00149,Yashvi Koshy,,new_entity,no_candidate
373,C02053,Tanvi Edwin,C02053,conflicting,customer_id
374,C01764,Warda Jaggi,C01764,partial_match,customer_id
375,C02257,Isaac Palla,C02257,complete_match,customer_id
376,N00145,Nitesh Pandya,,new_entity,no_candidate
377,C01509,Aayush Cherian,C01509,conflicting,customer_id
378,C00661,Maanav Deol,C00661,complete_match,customer_id
379,C00512,Priya Char,C00512,conflicting,customer_id
380,C00015,Mahika Kamdar,C00015,conflicting,customer_id
381,C02236,Yashvi Doctor,C02236,partial_match,customer_id
382,,Arya Mohanty,,incomplete_match,no_candidate
383,C01421,Patrick Parsa,C01421,partial_match,customer_id
384,N00109,Ladli Sawhney,,new_entity,no_candidate
385,N00251,Farhan Saha,,new_entity,no_candidate
386,C01733,Libni Batra,C01733,partial_match,customer_id
387,C02598,Girik Lad,C02598,partial_match,customer_id
388,N00094,Vivaan Cherian,,new_entity,no_candidate
389,,Sachi Thakkar,,incomplete_match,no_candidate
390,,DIPTA DE,C01576,partial_match,phone
391,N00063,Sara Bail,,new_entity,no_candidate
392,N00113,Ansh Varty,,new_entity,no_candidate
393,N00039,Elijah Warrior,,new_entity,no_candidate
394,C01104,Nandini Guha,C01104,partial_match,customer_id
395,C00856,Vedhika Subramanian,C00856,conflicting,customer_id
396,,MANAN RAU,C00007,partial_match,phone
397,C00357,Tarak Subramaniam,C00357,partial_match,customer_id
398,,Amaira Behl,,incomplete_match,no_candidate
399,C01565,Rudra Vaidya,C01565,conflicting,customer_id
400,N00272,Harshil Sinha,,new_entity,no_candidate
401,C00561,Ekiya Bajwa,C00561,conflicting,customer_id
402,N00328,Pooja Agrawal,,new_entity,no_candidate
403,C01807,Ishwar Vig,C01807,partial_match,customer_id
404,,Aarush Raval,C02397,partial_match,name_city
405,C00610,Rohan Bala,C00610,partial_match,customer_id
406,C02982,Chakradev Iyengar,C02982,conflicting,customer_id
407,C00712,Parth Pandit,C00712,conflicting,customer_id
408,C00569,Forum Virk,C00569,conflicting,customer_id
409,C01116,Ekanta Bassi,C01116,partial_match,customer_id
410,C00267,Krish Mani,C00267,conflicting,customer_id
411,C01536,Aachal Bhandari,C01536,conflicting,customer_id
412,C01552,Turvi Garg,C01552,conflicting,customer_id
413,N00072,Ryan Chandra,,new_entity,no_candidate
414,C02812,Gaurika Rajagopalan,C02812,partial_match,customer_id
415,C02026,Atharv Dugar,C02026,partial_match,customer_id
416,C01804,Anya Agarwal,C01804,conflicting,customer_id
417,N00190,Victor Bhatti,,new_entity,no_candidate
418,C01735,Charles Butala,C01735,partial_match,customer_id
419,N00300,Mohammed Kibe,,new_entity,no_candidate
420,C02867,Isaiah Tripathi,C02867,partial_match,customer_id
421,N00162,Balvan Tank,,new_entity,no_candidate
422,C02415,Max Sangha,C02415,complete_match,customer_id
423,C01750,Vritti Kaul,C01750,partial_match,customer_id
424,C00742,Barkha Dasgupta,C00742,complete_match,customer_id
425,C02299,Yatin Kar,C02299,conflicting,customer_id
426,,Ikshita Narayan,C02307,partial_match,name_city
427,C01486,Nidra Pant,C01486,partial_match,customer_id
428,C00733,Vasana Agarwal,C00733,complete_match,customer_id
429,C01972,Chameli Mishra,C01972,conflicting,customer_id
430,C02775,Vanya Menon,C02775,partial_match,customer_id
431,,,C00366,partial_match,email
432,C01373,Ishani Aggarwal,C01373,conflicting,customer_id
433,,Ishanvi Venkataraman,C02987,partial_match,name_city
434,,Kabir Mani,,incomplete_match,no_candidate
435,C02361,Widisha Yogi,C02361,partial_match,customer_id
436,C02634,Eiravati Prabhakar,C02634,complete_match,customer_id
437,C00803,Agastya Nagarajan,C00803,complete_match,customer_id
438,C00002,Yashica Venkataraman,C00002,complete_match,customer_id
439,C01076,Upadhriti Atwal,C01076,partial_match,customer_id
440,N00168,Amruta Parmar,,new_entity,no_candidate
441,N00055,Indira Nair,,new_entity,no_candidate
442,N00278,Devika Narula,,new_entity,no_candidate
443,C00635,Jyoti Kota,C00635,complete_match,customer_id
444,C02659,Ekanta Aggarwal,C02659,conflicting,customer_id
445,C01957,Tristan Mall,C01957,partial_match,customer_id
446,N00385,Matthew Raju,,new_entity,no_candidate
447,C00773,Bina Raval,C00773,partial_match,customer_id
448,C02362,Finn Gara,C02362,partial_match,customer_id
449,C01830,Nathan Prabhakar,C01830,partial_match,customer_id
450,C01061,Zilmil Rao,C01061,conflicting,customer_id
451,C00123,Yatin Patla,C00123,partial_match,customer_id
452,C02026,Atharv Dugar,C02026,complete_match,customer_id
453,,Aarush Subramaniam,,incomplete_match,no_candidate
454,C01518,Brijesh Sachdev,C01518,conflicting,customer_id
455,N00216,Upadhriti Vaidya,,new_entity,no_candidate
456,C02876,Gautami Krishna,C02876,partial_match,customer_id
457,C02341,Ganga Sura,C02341,partial_match,customer_id
458,C01431,Lavanya Virk,C01431,complete_match,customer_id
459,,,,incomplete_match,no_candidate
460,,Ekantika Bali,C02628,partial_match,name_city
461,C01168,Osha Korpal,C01168,partial_match,customer_id
462,C00106,Dakshesh Prabhakar,C00106,complete_match,customer_id
463,C02061,Rachana Panchal,C02061,partial_match,customer_id
464,,faraj dyal,C00755,partial_match,email
465,C00813,Oviya Saini,C00813,conflicting,customer_id
466,N00131,Amara Grover,,new_entity,no_candidate
467,C00312,Anthony Mahal,C00312,conflicting,customer_id
468,C01887,Arjun Munshi,C01887,complete_match,customer_id
469,C01317,Daksha Grover,C01317,complete_match,customer_id
470,C00400,Madhavi Agate,C00400,partial_match,customer_id
471,,Yasti Dhaliwal,,incomplete_match,no_candidate
472,,Turvi Rau,C02193,partial_match,name_city
473,C02204,Charvi Rai,C02204,complete_match,customer_id
474,C00335,Idika Pillay,C00335,complete_match,customer_id
475,,Bhavini Kaul,C01065,partial_match,name_city
476,N00380,Charan Karnik,,new_entity,no_candidate
477,C02087,Kabir Tank,C02087,complete_match,customer_id
478,,,,incomplete_match,no_candidate
479,,GAGAN SURA,C02465,partial_match,phone
480,C01507,Prisha Menon,C01507,partial_match,customer_id
481,,chandresh saha,C01970,partial_match,email
482,,Warhi Sen,,incomplete_match,no_candidate
483,C02835,George Mittal,C02835,complete_match,customer_id
484,N00308,Tripti Ramaswamy,,new_entity,no_candidate
485,N00219,Qushi Lanka,,new_entity,no_candidate
486,C00521,Ansh Prabhakar,C00521,partial_match,customer_id
487,C02994,Arya Pandya,C02994,partial_match,customer_id
488,,Azaan More,C00152,partial_match,name_city
489,N00350,Kala Sandal,,new_entity,no_candidate
490,N00359,Vyanjana Sekhon,,new_entity,no_candidate
491,C01800,Eta Kaul,C01800,partial_match,customer_id
492,C00824,Aarna Oak,C00824,complete_match,customer_id
493,N00324,Dhriti De,,new_entity,no_candidate
494,,Thomas Gokhale,C01885,partial_match,name_city
495,C02989,Lila Om,C02989,conflicting,customer_id
496,C02315,Jai Sarraf,C02315,complete_match,customer_id
497,C00191,Bahadurjit Khurana,C00191,partial_match,customer_id
498,,Tanmayi Nadkarni,C02039,partial_match,name_city
499,C02494,Jagdish Sahota,C02494,partial_match,customer_id
500,C01768,Dalaja Sawhney,C01768,complete_match,customer_id
501,C00220,Nathaniel Din,C00220,conflicting,customer_id
502,,,,incomplete_match,no_candidate
503,C02218,Faqid Baria,C02218,conflicting,customer_id
504,N00185,Abhimanyu Kapur,,new_entity,no_candidate
505,C02517,Zilmil Raja,C02517,complete_match,customer_id
506,C02448,Ati Taneja,C02448,complete_match,customer_id
507,N00344,Arjun Sahota,,new_entity,no_candidate
508,,tejas patla,C02888,partial_match,email
509,C00604,Arjun Rajan,C00604,partial_match,customer_id
510,C00754,Nidra Bera,C00754,partial_match,customer_id
511,,Ganga Bhatti,C02332,partial_match,name_city
512,N00040,Chanakya Sen,,new_entity,no_candidate
513,C00730,Gagan Memon,C00730,partial_match,customer_id
514,,,C01042,partial_match,email
515,C00725,Dayamai Mani,C00725,complete_match,customer_id
516,C01157,Noah Andra,C01157,partial_match,customer_id
517,,Chandran Venkataraman,,incomplete_match,no_candidate
518,C00438,Megha Sekhon,C00438,conflicting,customer_id
519,,Ryan Chaudhry,,incomplete_match,no_candidate
520,N00351,Sai Kuruvilla,,new_entity,no_candidate
521,N00184,Yoshita Sathe,,new_entity,no_candidate
522,,,,incomplete_match,no_candidate
523,N00245,Avi Badal,,new_entity,no_candidate
524,C00738,Barkha Hans,C00738,conflicting,customer_id
525,C02708,Aarna Iyengar,C02708,partial_match,customer_id
526,C01752,Wyatt Khare,C01752,complete_match,customer_id
527,,,,incomplete_match,no_candidate
528,,TRISTAN SANKAR,C01581,partial_match,phone
529,C00717,Jagvi Swamy,C00717,complete_match,customer_id
530,N00364,Vincent Behl,,new_entity,no_candidate
531,C00540,Falguni Balakrishnan,C00540,partial_match,customer_id
532,N00057,Fiyaz Soman,,new_entity,no_candidate
533,C02487,Balveer Sharma,C02487,conflicting,customer_id
534,C00159,Anthony Jayaraman,C00159,partial_match,customer_id
535,C02696,Xiti Manne,C02696,partial_match,customer_id
536,,Madhav Vora,C02748,partial_match,name_city
537,C01937,Tanmayi Gokhale,C01937,conflicting,customer_id
538,C00089,Amara Randhawa,C00089,complete_match,customer_id
539,C00724,Riya Pathak,C00724,partial_match,customer_id
540,C00148,Tanvi Balasubramanian,C00148,partial_match,customer_id
541,N00038,Jagrati Rana,,new_entity,no_candidate
542,N00254,Dhruv Parmer,,new_entity,no_candidate
543,,Eshana Kakar,,incomplete_match,no_candidate
544,C01177,Tarak Bumb,C01177,complete_match,customer_id
545,C02224,Lohit Mani,C02224,partial_match,customer_id
546,C02521,Watika Thakur,C02521,conflicting,customer_id
547,C00974,Shravya Raja,C00974,partial_match,customer_id
548,N00074,Balvan Nadkarni,,new_entity,no_candidate
549,C01901,Bina Sagar,C01901,conflicting,customer_id
550,,Barkha Dasgupta,C00742,partial_match,name_city
551,N00046,Anjali Sarin,,new_entity,no_candidate
552,C01026,Maya Grewal,C01026,partial_match,customer_id
553,N00282,Idika Sanghvi,,new_entity,no_candidate
554,C01637,Pranit Padmanabhan,C01637,partial_match,customer_id
555,C01215,Bahadurjit Ram,C01215,partial_match,customer_id
556,C02028,Ekantika Sanghvi,C02028,partial_match,customer_id
557,,Ranbir Chanda,C00052,partial_match,name_city
558,C02500,Chatura Nazareth,C02500,partial_match,customer_id
559,C01776,Sanya Krishnan,C01776,partial_match,customer_id
560,C00167,Adweta Soni,C00167,partial_match,customer_id
561,,,,incomplete_match,no_candidate
562,,,C00309,partial_match,email
563,C00059,Mahika Chander,C00059,partial_match,customer_id
564,N00090,Kamya Dayal,,new_entity,no_candidate
565,C01279,Lakshit Char,C01279,complete_match,customer_id
566,N00244,Banjeet Rana,,new_entity,no_candidate
567,C01901,Sanya Warrior,C01901,complete_match,customer_id
568,N00224,Ladli Kohli,,new_entity,no_candidate
569,C02598,Girik Lad,C02598,conflicting,customer_id
570,C00028,Pranit Mangat,C00028,complete_match,customer_id
571,C00417,Vedhika Mand,C00417,partial_match,customer_id
572,C00059,Mahika Chander,C00059,conflicting,customer_id
573,C02597,Rajata Bala,C02597,partial_match,customer_id
574,,AGASTYA LALA,C01780,partial_match,phone
575,C02277,Reyansh Pandya,C02277,conflicting,customer_id
576,N00067,Chakradhar Randhawa,,new_entity,no_candidate
577,C01178,Upkaar Chakrabarti,C01178,partial_match,customer_id
578,N00313,Chaaya Ghosh,,new_entity,no_candidate
579,C00253,Lajita Gupta,C00253,partial_match,customer_id
580,C00166,Zehaan Thaker,C00166,complete_match,customer_id
581,,Hamsini Brahmbhatt,,incomplete_match,no_candidate
582,C01764,Warda Jaggi,C01764,complete_match,customer_id
583,C02572,Libni Wali,C02572,conflicting,customer_id
584,C02944,Nidhi Jhaveri,C02944,complete_match,customer_id
585,C00308,Qabil Samra,C00308,conflicting,customer_id
586,C01396,Hemani Thakur,C01396,partial_match,customer_id
587,C01532,Chandresh Desai,C01532,conflicting,customer_id
588,N00293,Damyanti Vig,,new_entity,no_candidate
589,C00313,Ubika Narula,C00313,conflicting,customer_id
590,C01067,Om Kunda,C01067,complete_match,customer_id
591,,,,incomplete_match,no_candidate
592,C00580,Christopher Varkey,C00580,partial_match,customer_id
593,C02545,Amara Balay,C02545,partial_match,customer_id
594,C02480,Warda Kanda,C02480,conflicting,customer_id
595,C00073,Caleb Chaudhary,C00073,conflicting,customer_id
596,C00794,Girindra Gupta,C00794,conflicting,customer_id
597,C01730,Januja Ramanathan,C01730,complete_match,customer_id
598,,Wakeeta Aurora,C01642,partial_match,name_city
599,C02666,Omkaar Salvi,C02666,partial_match,customer_id
600,C02925,Robert Soni,C02925,partial_match,customer_id
601,C02784,Zaid Parekh,C02784,partial_match,customer_id
602,C00063,Amaira Sangha,C00063,complete_match,customer_id
603,C02415,Max Sangha,C02415,partial_match,customer_id
604,C02866,Eshana Parsa,C02866,partial_match,customer_id
605,C00972,Utkarsh Keer,C00972,partial_match,customer_id
606,C02833,Jai Mall,C02833,complete_match,customer_id
607,,JOSHUA KALLA,C02808,partial_match,phone
608,C01261,Yashoda Shenoy,C01261,complete_match,customer_id
609,N00023,Naksh Bhalla,,new_entity,no_candidate
610,C00564,Chatura Kade,C00564,conflicting,customer_id
611,C00232,Maanav Ray,C00232,complete_match,customer_id
612,,,,incomplete_match,no_candidate
613,C00801,Rehaan Sachar,C00801,partial_match,customer_id
614,N00051,Ranbir Mutti,,new_entity,no_candidate
615,,Siya Chacko,,incomplete_match,no_candidate
616,,Bishakha Shetty,C00013,partial_match,name_city
617,C01649,Inaya Pandey,C01649,complete_match,customer_id
618,C00885,Wahab Palla,C00885,complete_match,customer_id
619,C00008,Yug Madan,C00008,complete_match,customer_id
620,,JASMIT WARRIOR,C00480,partial_match,phone
621,C02988,Qarin Loke,C02988,complete_match,customer_id
622,C01628,Mahika Banik,C01628,conflicting,customer_id
623,C02087,Kabir Tank,C02087,conflicting,customer_id
624,N00030,Manbir Chawla,,new_entity,no_candidate
625,C02147,Mason Dugar,C02147,conflicting,customer_id
626,C01221,Bhavya Toor,C01221,conflicting,customer_id
627,,,,incomplete_match,no_candidate
628,N00137,Jatin Acharya,,new_entity,no_candidate
629,C01772,Triveni Jaggi,C01772,complete_match,customer_id
630,C00966,Laksh Puri,C00966,partial_match,customer_id
631,C00298,Anya Shah,C00298,conflicting,customer_id
632,C01020,Jeevika Dua,C01020,partial_match,customer_id
633,N00086,Vansha Kurian,,new_entity,no_candidate
634,C00338,Jalsa Vasa,C00338,conflicting,customer_id
635,C00915,Yatan Kaur,C00915,conflicting,customer_id
636,C00484,Aryan Hegde,C00484,conflicting,customer_id
637,C02446,William Lad,C02446,complete_match,customer_id
638,C02171,Tanish Sachdeva,C02171,conflicting,customer_id
639,,Dakshesh Prabhakar,,incomplete_match,no_candidate
640,C01407,Omkaar Narasimhan,C01407,complete_match,customer_id
641,C00683,Udyati Luthra,C00683,complete_match,customer_id
642,,MEGHANA YADAV,C02511,partial_match,phone
643,C02392,Naveen Agarwal,C02392,partial_match,customer_id
644,N00289,Forum Rastogi,,new_entity,no_candidate
645,C01001,Charan Nagi,C01001,complete_match,customer_id
646,,,,incomplete_match,no_candidate
647,C00739,Devika Saxena,C00739,complete_match,customer_id
648,,yashawini shere,C02519,partial_match,email
649,N00187,Laban Malhotra,,new_entity,no_candidate
650,,jeremiah mukhopadhyay,C01129,partial_match,email
651,C00167,Adweta Soni,C00167,complete_match,customer_id
652,,Kala Samra,C01935,partial_match,name_city
653,C02335,Nidra Dua,C02335,complete_match,customer_id
654,C02702,Henry Pandey,C02702,conflicting,customer_id
655,C02444,Shaurya Bhatti,C02444,conflicting,customer_id
656,C02435,Vrishti Trivedi,C02435,complete_match,customer_id
657,C02782,Nitara Srivastava,C02782,complete_match,customer_id
658,,,C01809,partial_match,email
659,C00087,Patrick Dube,C00087,complete_match,customer_id
660,,Anika Handa,,incomplete_match,no_candidate
661,N00373,Eiravati Sem,,new_entity,no_candidate
662,N00390,Vinaya Wadhwa,,new_entity,no_candidate
663,C02730,Chavvi Chakrabarti,C02730,conflicting,customer_id
664,C02267,William Pal,C02267,complete_match,customer_id
665,C02108,Zayyan Sami,C02108,complete_match,customer_id
666,,Peter Jha,,incomplete_match,no_candidate
667,N00124,Zayan Bedi,,new_entity,no_candidate
668,C00108,Sanya Nagar,C00108,conflicting,customer_id
669,C02647,Oscar Lalla,C02647,complete_match,customer_id
670,N00368,Vinaya Keer,,new_entity,no_candidate
671,C00316,Nihal Chopra,C00316,complete_match,customer_id
672,,MAX SANE,C00770,partial_match,phone
673,C01233,Quincy Khare,C01233,partial_match,customer_id
674,C00801,Rehaan Sachar,C00801,complete_match,customer_id
675,,Manan Kale,C02983,partial_match,name_city
676,,Aradhana Dave,C01766,partial_match,name_city
677,N00134,Anamika Lala,,new_entity,no_candidate
678,,ekaraj sami,C02527,partial_match,email
679,N00012,Ekani Kara,,new_entity,no_candidate
680,,,C02683,partial_match,email
681,,Nidhi Zachariah,C01423,partial_match,name_city
682,N00399,Eshana Bir,,new_entity,no_candidate
683,C00306,Vinaya Sawhney,C00306,partial_match,customer_id
684,C00121,Ekantika Chowdhury,C00121,complete_match,customer_id
685,,Utkarsh Badal,,incomplete_match,no_candidate
686,C01115,Nisha Sathe,C01115,partial_match,customer_id
687,C01811,Anjali Patel,C01811,partial_match,customer_id
688,C00779,Ekta Deshpande,C00779,complete_match,customer_id
689,C00510,Mitesh Wason,C00510,complete_match,customer_id
690,,Gaurangi Jhaveri,C02276,partial_match,name_city
691,,Amara Balay,C02545,partial_match,name_city
692,N00179,Yadavi Khanna,,new_entity,no_candidate
693,C00248,Ishanvi Mishra,C00248,partial_match,customer_id
694,C02114,Arya Borde,C02114,conflicting,customer_id
695,C02636,Wazir Sachdev,C02636,partial_match,customer_id
696,C02908,Utkarsh Kapoor,C02908,complete_match,customer_id
697,C00983,Jasmit Doshi,C00983,partial_match,customer_id
698,N00220,Timothy Randhawa,,new_entity,no_candidate
699,C02962,Deepa Sodhi,C02962,complete_match,customer_id
700,C02307,Ikshita Narayan,C02307,partial_match,customer_id
701,N00334,Nilima Chander,,new_entity,no_candidate
702,,CHAMPAK PALLA,C01097,partial_match,phone
703,C01692,Ladli Mangal,C01692,partial_match,customer_id
704,C01859,Ranveer Bhatti,C01859,partial_match,customer_id
705,C00743,Ekantika Narayanan,C00743,conflicting,customer_id
706,,,C01806,partial_match,email
707,,,,incomplete_match,no_candidate
708,C01345,Sarthak Murthy,C01345,partial_match,customer_id
709,C02073,Rohan Desai,C02073,complete_match,customer_id
710,C01424,Arin Raval,C01424,partial_match,customer_id
711,C01228,Dhriti Dey,C01228,partial_match,customer_id
712,C00057,Mitali Ramaswamy,C00057,conflicting,customer_id
713,C01991,Aishani Ahluwalia,C01991,complete_match,customer_id
714,N00355,Shivansh Devan,,new_entity,no_candidate
715,N00033,Pushti Prakash,,new_entity,no_candidate
716,C02286,Omaja Sandhu,C02286,complete_match,customer_id
717,C01503,Amruta Dalal,C01503,complete_match,customer_id
718,C01952,Laban Shenoy,C01952,conflicting,customer_id
719,C00188,Aadhya Sheth,C00188,complete_match,customer_id
720,C01120,Yashica Behl,C01120,partial_match,customer_id
721,,Kalpit Khatri,,incomplete_match,no_candidate
722,C00800,Atharv Jani,C00800,complete_match,customer_id
723,N00270,Chakrika Thaman,,new_entity,no_candidate
724,N00091,Veda Bedi,,new_entity,no_candidate
725,C01500,Bimala Basu,C01500,complete_match,customer_id
726,,Matthew Gokhale,,incomplete_match,no_candidate
727,C00592,Chaaya Verma,C00592,partial_match,customer_id
728,C02046,Shaurya Shenoy,C02046,partial_match,customer_id
729,C00231,Lakshit Sangha,C00231,partial_match,customer_id
730,C02065,William Baria,C02065,complete_match,customer_id
731,,Vincent Barman,C02161,partial_match,name_city
732,,Onveer Merchant,C00079,partial_match,name_city
733,C02314,Tripti Prashad,C02314,partial_match,customer_id
734,C01472,Peter Jha,C01472,partial_match,customer_id
735,N00003,Raagini Ray,,new_entity,no_candidate
736,N00268,Anmol Bobal,,new_entity,no_candidate
737,C00351,Vasana Bose,C00351,complete_match,customer_id
738,,,C02801,partial_match,email
739,C00526,Nirja Manne,C00526,complete_match,customer_id
740,C02759,Zinal Narayanan,C02759,partial_match,customer_id
741,,Omya Kurian,,incomplete_match,no_candidate
742,,Harita Ganguly,C02419,partial_match,name_city
743,C02509,Siddharth Kari,C02509,partial_match,customer_id
744,C02466,Jai Raval,C02466,conflicting,customer_id
745,C00697,Sanaya Chada,C00697,complete_match,customer_id
746,,,,incomplete_match,no_candidate
747,C00339,Ishani Sandal,C00339,conflicting,customer_id
748,,QADIM ISSAC,C02756,partial_match,phone
749,C00703,Naksh Lad,C00703,complete_match,customer_id
750,C02858,Aarna Chakraborty,C02858,conflicting,customer_id
751,C02626,Maanas Dey,C02626,conflicting,customer_id
752,C02705,Pavani Sundaram,C02705,partial_match,customer_id
753,,Xalak Sani,,incomplete_match,no_candidate
754,C01663,Dhriti Gour,C01663,complete_match,customer_id
755,C00192,Faraj Patil,C00192,conflicting,customer_id
756,C02009,Geetika Hayer,C02009,partial_match,customer_id
757,N00240,Diya Ben,,new_entity,no_candidate
758,C00701,Amruta Bahri,C00701,conflicting,customer_id
759,,Pranav Batra,C01714,partial_match,name_city
760,C00571,Barkha Lanka,C00571,partial_match,customer_id
761,C01566,Yagnesh Dayal,C01566,partial_match,customer_id
762,C02246,Nisha Sengupta,C02246,partial_match,customer_id
763,C00556,Tanvi Shanker,C00556,partial_match,customer_id
764,C01038,Daniel Hegde,C01038,conflicting,customer_id
765,,Bachittar Sheth,,incomplete_match,no_candidate
766,N00119,Tara Sami,,new_entity,no_candidate
767,C02437,Pushti Ratta,C02437,conflicting,customer_id
768,C02854,Oni Dara,C02854,conflicting,customer_id
769,N00071,Isha Shah,,new_entity,no_candidate
770,C01129,Jeremiah Mukhopadhyay,C01129,complete_match,customer_id
771,N00264,Utkarsh Rau,,new_entity,no_candidate
772,C00877,Bhavini Seshadri,C00877,complete_match,customer_id
773,,madhav ganguly,C00858,partial_match,email
774,C01072,Yashica Mani,C01072,conflicting,customer_id
775,C02142,Nikita Subramaniam,C02142,partial_match,customer_id
776,N00098,Chandran Dar,,new_entity,no_candidate
777,,FALAK ARYA,C02826,partial_match,phone
778,C00633,Maanas Shah,C00633,partial_match,customer_id
779,C01966,Naksh Sengupta,C01966,complete_match,customer_id
780,C01436,Sachi Raman,C01436,partial_match,customer_id
781,C00711,Tanish Batta,C00711,complete_match,customer_id
782,C02569,Idika Tiwari,C02569,complete_match,customer_id
783,C02002,Frado Varghese,C02002,complete_match,customer_id
784,N00070,Aarav Shukla,,new_entity,no_candidate
785,C00095,Banjeet Mannan,C00095,partial_match,customer_id
786,,Avi Narayanan,,incomplete_match,no_candidate
787,,,,incomplete_match,no_candidate
788,C00356,Arunima Sani,C00356,partial_match,customer_id
789,,Harinakshi Prashad,C01322,partial_match,name_city
790,C01994,Ekavir Konda,C01994,conflicting,customer_id
791,C01468,Frederick Reddy,C01468,complete_match,customer_id
792,C01746,Agastya Venkatesh,C01746,partial_match,customer_id
793,C00113,Krishna Pant,C00113,complete_match,customer_id
794,N00258,Vasana Tella,,new_entity,no_candidate
795,N00078,Brinda Issac,,new_entity,no_candidate
796,C01237,Gautam Chauhan,C01237,partial_match,customer_id
797,C01904,Brinda Bala,C01904,conflicting,customer_id
798,C00372,Anya Dave,C00372,partial_match,customer_id
799,C00866,Ojasvi Cherian,C00866,partial_match,customer_id
800,,,,incomplete_match,no_candidate
801,N00161,Amruta Gade,,new_entity,no_candidate
802,,azad deol,C01648,partial_match,email
803,C00156,Azaan Khalsa,C00156,complete_match,customer_id
804,C02118,Kashvi Gill,C02118,complete_match,customer_id
805,C00905,Jagvi Ghose,C00905,partial_match,customer_id
806,N00062,Aadhya Subramanian,,new_entity,no_candidate
807,C00518,Sarthak Chad,C00518,partial_match,customer_id
808,C01287,Orinder Apte,C01287,complete_match,customer_id
809,C02039,Tanmayi Nadkarni,C02039,conflicting,customer_id
810,N00375,Jeevika Dutta,,new_entity,no_candidate
811,N00059,Vidhi Ratti,,new_entity,no_candidate
812,N00056,Mahika Sundaram,,new_entity,no_candidate
813,,yahvi goswami,C00469,partial_match,email
814,C01173,Ekaraj Wable,C01173,partial_match,customer_id
815,C02152,Shivansh Bir,C02152,complete_match,customer_id
816,C02837,Saumya Merchant,C02837,partial_match,customer_id
817,C01414,Logan Rajagopalan,C01414,conflicting,customer_id
818,C00241,Aashi Ghosh,C00241,partial_match,customer_id
819,C01408,Rachita Baria,C01408,conflicting,customer_id
820,C02958,Abha Gokhale,C02958,partial_match,customer_id
821,C01389,Ekaraj Dass,C01389,complete_match,customer_id
822,C00142,Xiti Sami,C00142,complete_match,customer_id
823,,,,incomplete_match,no_candidate
824,N00326,Avni Raghavan,,new_entity,no_candidate
825,C01193,Dakshesh Minhas,C01193,complete_match,customer_id
826,C00146,Xavier Golla,C00146,complete_match,customer_id
827,C00541,Dalbir Kakar,C00541,conflicting,customer_id
828,,Vansha Raja,,incomplete_match,no_candidate
829,C00248,Ishanvi Mishra,C00248,conflicting,customer_id
830,N00201,Ati Sama,,new_entity,no_candidate
831,C00890,Samar Swaminathan,C00890,complete_match,customer_id
832,N00021,Anirudh Lanka,,new_entity,no_candidate
833,C02903,Dhruv Swaminathan,C02903,complete_match,customer_id
834,C01045,Fariq Butala,C01045,complete_match,customer_id
835,C01690,Anmol Deep,C01690,complete_match,customer_id
836,,,C00168,partial_match,email
837,,Qadim Sura,,incomplete_match,no_candidate
838,C02408,Hemangini Baria,C02408,complete_match,customer_id
839,C00128,Pranav Cheema,C00128,complete_match,customer_id
840,C02059,Yochana Pathak,C02059,conflicting,customer_id
841,N00079,Alexander Merchant,,new_entity,no_candidate
842,C01384,Aishani Ram,C01384,complete_match,customer_id
843,N00283,Kashvi Din,,new_entity,no_candidate
844,C02375,Ubika Bahl,C02375,conflicting,customer_id
845,C00664,Garima Varkey,C00664,partial_match,customer_id
846,C00477,Ijaya Sane,C00477,conflicting,customer_id
847,C00279,Hiral Kata,C00279,partial_match,customer_id
848,C01783,Qabil Chana,C01783,partial_match,customer_id
849,C01843,Nilima Dugar,C01843,complete_match,customer_id
850,N00210,Eta Sane,,new_entity,no_candidate
851,C00386,Nicholas Gokhale,C00386,complete_match,customer_id
852,N00006,Chandresh Bhatt,,new_entity,no_candidate
853,C02011,Mohammed Mammen,C02011,conflicting,customer_id
854,C02371,Lajita Sahni,C02371,conflicting,customer_id
855,,,C02025,partial_match,email
856,C01312,Jack Dora,C01312,complete_match,customer_id
857,C01525,Nirja Sanghvi,C01525,conflicting,customer_id
858,C02331,Anita Sen,C02331,conflicting,customer_id
859,,Jyoti Suresh,C02395,partial_match,name_city
860,N00011,Tejas Misra,,new_entity,no_candidate
861,C01564,Yagnesh Srinivasan,C01564,partial_match,customer_id
862,,,,incomplete_match,no_candidate
863,C02661,Ishani Bir,C02661,complete_match,customer_id
864,C01235,Daniel Dave,C01235,partial_match,customer_id
865,N00259,Ishaan Shanker,,new_entity,no_candidate
866,C00749,Rudra Naik,C00749,conflicting,customer_id
867,N00136,Caleb Desai,,new_entity,no_candidate
868,C01189,Chaitaly Taneja,C01189,complete_match,customer_id
869,C02798,Nakul Radhakrishnan,C02798,conflicting,customer_id
870,N00192,Ranveer Wali,,new_entity,no_candidate
871,C02907,Adya Palla,C02907,conflicting,customer_id
872,C02047,Ekansh Wagle,C02047,complete_match,customer_id
873,C01161,Reva Puri,C01161,conflicting,customer_id
874,,keya hayre,C00014,partial_match,email
875,C01247,Divya Naidu,C01247,complete_match,customer_id
876,N00301,Ishani Taneja,,new_entity,no_candidate
877,N00148,Jalsa Sankaran,,new_entity,no_candidate
878,C01534,Hemang Garg,C01534,complete_match,customer_id
879,,,C01978,partial_match,email
880,C00687,Advay Sachdev,C00687,partial_match,customer_id
881,C02129,Ekta Konda,C02129,partial_match,customer_id
882,C01748,Eshana Chaudhuri,C01748,complete_match,customer_id
883,C02335,Nidra Dua,C02335,partial_match,customer_id
884,C00066,Ayushman Bajwa,C00066,complete_match,customer_id
885,C02455,Yoshita Mohan,C02455,partial_match,customer_id
886,,ISHITA CHAHAL,C02473,partial_match,phone
887,C01655,Kabir Banerjee,C01655,conflicting,customer_id
888,N00125,Robert Sane,,new_entity,no_candidate
889,C00061,Anirudh Basak,C00061,conflicting,customer_id
890,C00020,Ria Sabharwal,C00020,partial_match,customer_id
891,C02632,Jagdish Hegde,C02632,complete_match,customer_id
892,,,,incomplete_match,no_candidate
893,,,,incomplete_match,no_candidate
894,,Faraj Patil,,incomplete_match,no_candidate
895,N00029,Caleb Mammen,,new_entity,no_candidate
896,N00214,Gopal Maharaj,,new_entity,no_candidate
897,C02003,Kevin Sawhney,C02003,complete_match,customer_id
898,,DAYITA ANNE,C00449,partial_match,phone
899,N00233,Yug Rajagopal,,new_entity,no_candidate
900,,Nikita Som,,incomplete_match,no_candidate
901,N00353,Nidra Padmanabhan,,new_entity,no_candidate
902,C00036,Bhanumati Dave,C00036,partial_match,customer_id
903,,Alexander Bajwa,C01930,partial_match,name_city
904,C01883,Quincy Chada,C01883,conflicting,customer_id
905,N00004,Aarav Suresh,,new_entity,no_candidate
906,N00142,Nandini Bhandari,,new_entity,no_candidate
907,C01600,Liam Panchal,C01600,conflicting,customer_id
908,N00027,Ronith Chander,,new_entity,no_candidate
909,C01070,Rachana Batra,C01070,conflicting,customer_id
910,C02463,Sneha Keer,C02463,complete_match,customer_id
911,N00263,Anmol Kakar,,new_entity,no_candidate
912,,Zaid Shukla,C02237,partial_match,name_city
913,N00271,Bhavya Kalla,,new_entity,no_candidate
914,C00669,Chakrika Chaudry,C00669,partial_match,customer_id
915,N00126,Laban Banerjee,,new_entity,no_candidate
916,C00884,Vedant Merchant,C00884,conflicting,customer_id
917,C01531,Pranav Anand,C01531,complete_match,customer_id
918,C00698,Nihal Suresh,C00698,conflicting,customer_id
919,C01294,Isha Devi,C01294,partial_match,customer_id
920,N00178,Eta Chaudhari,,new_entity,no_candidate
921,C01703,Harish Bhalla,C01703,partial_match,customer_id
922,C01353,Jeevika Ravi,C01353,complete_match,customer_id
923,,Indrajit Kant,,incomplete_match,no_candidate
924,,Henry Mander,C00565,partial_match,name_city
925,C00587,Timothy Sama,C00587,conflicting,customer_id
926,,Zayyan Sarma,,incomplete_match,no_candidate
927,N00198,Om Grover,,new_entity,no_candidate
928,C00028,Pranit Mangat,C00028,conflicting,customer_id
929,C00613,Dhruv Bhargava,C00613,complete_match,customer_id
930,N00197,Raksha Goswami,,new_entity,no_candidate
931,,Bina Raval,,incomplete_match,no_candidate
932,C02160,Daniel Raval,C02160,complete_match,customer_id
933,C01105,Siya Chacko,C01105,conflicting,customer_id
934,N00121,Manan Ganesh,,new_entity,no_candidate
935,,Dayita Anne,,incomplete_match,no_candidate
936,C00933,Arin Chanda,C00933,partial_match,customer_id
937,,,C00371,partial_match,email
938,C02608,Alka Narayanan,C02608,partial_match,customer_id
939,C02743,Barkha Varty,C02743,partial_match,customer_id
940,N00143,Vivaan Sekhon,,new_entity,no_candidate
941,N00315,Adya Tak,,new_entity,no_candidate
942,C02574,Ekantika Chakrabarti,C02574,complete_match,customer_id
943,C01238,Dev Mammen,C01238,conflicting,customer_id
944,N00357,Gunbir Narayanan,,new_entity,no_candidate
945,,Zansi Ganesan,C00224,partial_match,name_city
946,C00283,Bishakha Chaudhry,C00283,conflicting,customer_id
947,C01082,Shivani Dhillon,C01082,conflicting,customer_id
948,C02445,Pratyush Balasubramanian,C02445,complete_match,customer_id
949,N00234,Zaitra Narula,,new_entity,no_candidate
950,C02047,Ekansh Wagle,C02047,partial_match,customer_id
951,C02989,Lila Om,C02989,partial_match,customer_id
952,C01291,Ekaraj Chacko,C01291,complete_match,customer_id
953,C01774,Gopal Talwar,C01774,partial_match,customer_id
954,C00003,Daksha Pai,C00003,partial_match,customer_id
955,,Jeremiah Mukhopadhyay,,incomplete_match,no_candidate
956,N00225,Sudiksha Apte,,new_entity,no_candidate
957,C00042,Matthew Gokhale,C00042,partial_match,customer_id
958,C01494,Krishna Das,C01494,partial_match,customer_id
959,C02291,Azad Aurora,C02291,partial_match,customer_id
960,C00468,Timothy Magar,C00468,partial_match,customer_id
961,C00606,Rayaan Mohan,C00606,partial_match,customer_id
962,C01920,Inaya Kulkarni,C01920,complete_match,customer_id
963,,,C00576,partial_match,email
964,C00138,Vihaan Dass,C00138,conflicting,customer_id
965,,Eesha Bains,C01981,partial_match,name_city
966,,Qushi Naidu,C02571,partial_match,name_city
967,C02406,Ekiya Agate,C02406,complete_match,customer_id
968,C01542,Harshil Dass,C01542,partial_match,customer_id
969,N00294,Anvi Patla,,new_entity,no_candidate
970,C02272,Amrita Sampath,C02272,complete_match,customer_id
971,C02663,Mohini Kamdar,C02663,complete_match,customer_id
972,,,,incomplete_match,no_candidate
973,C01293,Nimrat Baria,C01293,partial_match,customer_id
974,C02783,Pranit Yogi,C02783,partial_match,customer_id
975,N00257,Kavya Shenoy,,new_entity,no_candidate
976,,Chandran Swamy,,incomplete_match,no_candidate
977,C00879,Chaitanya Gole,C00879,complete_match,customer_id
978,N00037,Bachittar Sarin,,new_entity,no_candidate
979,N00102,Maanav Aggarwal,,new_entity,no_candidate
980,,,,incomplete_match,no_candidate
981,C02022,Abeer Prashad,C02022,partial_match,customer_id
982,C02527,Ekaraj Sami,C02527,partial_match,customer_id
983,C00346,Jackson Agrawal,C00346,partial_match,customer_id
984,C02698,Bahadurjit Jhaveri,C02698,conflicting,customer_id
985,C02479,Ucchal More,C02479,complete_match,customer_id
986,C02434,Nikita Som,C02434,complete_match,customer_id
987,C02821,Yahvi Natarajan,C02821,complete_match,customer_id
988,C00887,Siddharth Rao,C00887,complete_match,customer_id
989,,,C02442,partial_match,email
990,N00221,Gagan Varty,,new_entity,no_candidate
991,C01254,Janaki Bhavsar,C01254,complete_match,customer_id
992,C02473,Ishita Chahal,C02473,partial_match,customer_id
993,,Om Pandya,,incomplete_match,no_candidate
994,C00071,Qarin Dada,C00071,complete_match,customer_id
995,,,,incomplete_match,no_candidate
996,,Hemal Boase,C00024,partial_match,name_city
997,C01529,Kevin Mannan,C01529,complete_match,customer_id
998,C01304,Yochana Choudhary,C01304,complete_match,customer_id
999,N00117,Keya Chakrabarti,,new_entity,no_candidate
1000,,Chandani Deo,,incomplete_match,no_candidate
1001,C01556,Daniel Badal,C01556,partial_match,customer_id
1002,N00298,Hema Dalal,,new_entity,no_candidate
1003,C02770,Neel Tak,C02770,partial_match,customer_id
1004,C02180,Aryan Trivedi,C02180,conflicting,customer_id
1005,C00951,Tanay Kashyap,C00951,partial_match,customer_id
1006,C02145,Oscar Wali,C02145,partial_match,customer_id
1007,N00156,Aishani Prakash,,new_entity,no_candidate
1008,C00766,Kritika Sule,C00766,complete_match,customer_id
1009,C02716,Eshana Sandal,C02716,partial_match,customer_id
1010,C00583,Qabil Swaminathan,C00583,conflicting,customer_id
1011,C02556,Meera Kale,C02556,complete_match,customer_id
1012,C00994,Qadim Chakraborty,C00994,partial_match,customer_id
1013,C02728,Lucky Deep,C02728,complete_match,customer_id
1014,C00331,Yochana Wason,C00331,complete_match,customer_id
1015,C02760,Arin Hora,C02760,conflicting,customer_id
1016,C01700,Michael Barad,C01700,conflicting,customer_id
1017,C01024,Qabil Sarraf,C01024,conflicting,customer_id
1018,C00309,Inaya Mohan,C00309,partial_match,customer_id
1019,C01078,Harrison Sanghvi,C01078,conflicting,customer_id
1020,N00075,Anirudh Khurana,,new_entity,no_candidate
1021,N00049,Hemani Wali,,new_entity,no_candidate
1022,,,C00057,partial_match,email
1023,C02209,Vincent Mutti,C02209,complete_match,customer_id
1024,C02275,Peter Vohra,C02275,conflicting,customer_id
1025,,Divya Aggarwal,C00677,partial_match,name_city
1026,N00042,Tanish Parmar,,new_entity,no_candidate
1027,C01201,Ekalinga Kashyap,C01201,partial_match,customer_id
1028,C00756,Aachal Chaudhary,C00756,conflicting,customer_id
1029,C00673,Brijesh Misra,C00673,conflicting,customer_id
1030,N00128,Bishakha Gupta,,new_entity,no_candidate
1031,,,C00018,partial_match,email
1032,C00682,Zashil Babu,C00682,complete_match,customer_id
1033,N00172,Chandran Solanki,,new_entity,no_candidate
1034,,Abha Gokhale,,incomplete_match,no_candidate
1035,N00309,Imaran Ray,,new_entity,no_candidate
1036,C01650,Balvan Borde,C01650,partial_match,customer_id
1037,N00253,Raghav Gopal,,new_entity,no_candidate
1038,,Kala Tripathi,,incomplete_match,no_candidate
1039,C02732,Zaid Sani,C02732,partial_match,customer_id
1040,,,,incomplete_match,no_candidate
1041,N00319,Ranbir Bajaj,,new_entity,no_candidate
1042,C00139,Vrinda Pathak,C00139,partial_match,customer_id
1043,C01350,Pavani Bhagat,C01350,conflicting,customer_id
1044,N00103,Anya Bahri,,new_entity,no_candidate
1045,C01525,Chandran Pradhan,C01525,partial_match,customer_id
1046,C01062,Jacob Rao,C01062,partial_match,customer_id
1047,,,,incomplete_match,no_candidate
1048,C01462,Advik Goel,C01462,partial_match,customer_id
1049,N00182,Bakhshi Pradhan,,new_entity,no_candidate
1050,C00243,Adya Varma,C00243,partial_match,customer_id
1051,C00813,Oviya Saini,C00813,partial_match,customer_id
1052,C02494,Jagdish Sahota,C02494,complete_match,customer_id
1053,C00946,Indira Parikh,C00946,conflicting,customer_id
1054,N00186,Jatin Mangat,,new_entity,no_candidate
1055,N00337,Ria Buch,,new_entity,no_candidate
1056,C02019,Vivaan Tandon,C02019,partial_match,customer_id
1057,N00279,Henry Palan,,new_entity,no_candidate
1058,C01685,Wriddhish Ramesh,C01685,partial_match,customer_id
1059,C02081,Vyanjana Apte,C02081,complete_match,customer_id
1060,C02636,Shivansh Krishnamurthy,C02636,conflicting,customer_id
1061,C01786,Nimrat Nadkarni,C01786,complete_match,customer_id
1062,C02856,Dalbir Hayer,C02856,conflicting,customer_id
1063,C00116,Aarna Patla,C00116,complete_match,customer_id
1064,C02088,Omya Deep,C02088,partial_match,customer_id
1065,C00429,Ikbal Agrawal,C00429,partial_match,customer_id
1066,C00626,Orinder Walia,C00626,conflicting,customer_id
1067,,Vanya Dara,C00535,partial_match,name_city
1068,C00872,Meera Nigam,C00872,partial_match,customer_id
1069,C01016,Urvashi Raval,C01016,partial_match,customer_id
1070,C00500,Liam Borra,C00500,complete_match,customer_id
1071,C00918,Daniel Barad,C00918,complete_match,customer_id
1072,N00232,Jairaj Prabhakar,,new_entity,no_candidate
1073,C02201,Indali Magar,C02201,conflicting,customer_id
1074,N00305,Advaith Arya,,new_entity,no_candidate
1075,C02445,Pratyush Balasubramanian,C02445,partial_match,customer_id
1076,C02463,Sneha Keer,C02463,partial_match,customer_id
1077,,vedant shanker,C02179,partial_match,email
1078,C00481,Lajita Thakur,C00481,conflicting,customer_id
1079,C00217,Ekansh Dhingra,C00217,complete_match,customer_id
1080,C00926,Amruta Wali,C00926,conflicting,customer_id
1081,C00111,Warhi Kaul,C00111,conflicting,customer_id
1082,C02752,Madhav Kari,C02752,conflicting,customer_id
1083,N00321,Jackson Dugar,,new_entity,no_candidate
1084,C02297,Triya Badal,C02297,partial_match,customer_id
1085,C01357,Rehaan Kakar,C01357,complete_match,customer_id
1086,C02322,Urishilla Patil,C02322,partial_match,customer_id
1087,C02250,Vasatika Nadig,C02250,complete_match,customer_id
1088,N00081,Pranav Tella,,new_entity,no_candidate
1089,,George Deol,C01729,partial_match,name_city
1090,,,,incomplete_match,no_candidate
1091,C00574,Gayathri Chaudhuri,C00574,conflicting,customer_id
1092,C00748,Ekiya Chaudhry,C00748,conflicting,customer_id
1093,N00066,Amara Lanka,,new_entity,no_candidate
1094,C00043,Gunbir Banerjee,C00043,complete_match,customer_id
1095,,Chakradhar Hayer,,incomplete_match,no_candidate
1096,,,,incomplete_match,no_candidate
1097,,Ijaya Sidhu,,incomplete_match,no_candidate
1098,C02713,Eiravati Sant,C02713,conflicting,customer_id
1099,C02809,Madhavi Kohli,C02809,complete_match,customer_id
1100,C00329,Damyanti Wadhwa,C00329,partial_match,customer_id
1101,C00289,Darika Grewal,C00289,conflicting,customer_id
1102,C00604,Arjun Rajan,C00604,complete_match,customer_id
1103,,,C00886,partial_match,email
1104,C01260,Vedant Nath,C01260,partial_match,customer_id
1105,N00295,Faris Rai,,new_entity,no_candidate
1106,C00407,Kabir Dalal,C00407,partial_match,customer_id
1107,N00135,Jeevika Jain,,new_entity,no_candidate
1108,C02137,Atharv Soni,C02137,conflicting,customer_id
1109,C00606,Thomas Parmer,C00606,conflicting,customer_id
1110,C00841,Bhavika Lala,C00841,partial_match,customer_id
1111,N00114,Xavier Tata,,new_entity,no_candidate
1112,C02778,Charan Sethi,C02778,complete_match,customer_id
1113,C01997,Pranit Dey,C01997,partial_match,customer_id
1114,C02643,Eshana Dewan,C02643,conflicting,customer_id
1115,N00273,Dalaja Dhillon,,new_entity,no_candidate
1116,N00036,Keya Roy,,new_entity,no_candidate
1117,N00400,Yochana Chana,,new_entity,no_candidate
1118,C01894,Harshil Sani,C01894,conflicting,customer_id
1119,C01484,Tanmayi Johal,C01484,conflicting,customer_id
1120,C02608,Alka Narayanan,C02608,complete_match,customer_id
1121,C01360,Jagat Borah,C01360,conflicting,customer_id
1122,C00774,Qabil Hegde,C00774,partial_match,customer_id
1123,,Aradhana Devan,,incomplete_match,no_candidate
1124,C00846,Suhani Kari,C00846,conflicting,customer_id
1125,,Hredhaan Tak,,incomplete_match,no_candidate
1126,C00757,Mekhala Dugal,C00757,complete_match,customer_id
1127,C00881,Sai Date,C00881,partial_match,customer_id
1128,C00917,Abhiram Sandal,C00917,complete_match,customer_id
1129,C00444,Damini Sandhu,C00444,partial_match,customer_id
1130,C00420,Qabil Pandey,C00420,complete_match,customer_id
1131,,,,incomplete_match,no_candidate
1132,N00022,Gopal Acharya,,new_entity,no_candidate
1133,N00303,Dominic Contractor,,new_entity,no_candidate
1134,,,,incomplete_match,no_candidate
1135,N00262,Aarna Das,,new_entity,no_candidate
1136,,Xalak Jha,,incomplete_match,no_candidate
1137,,,,incomplete_match,no_candidate
1138,N00133,Jai Sarin,,new_entity,no_candidate
1139,C02379,Peter Raj,C02379,conflicting,customer_id
1140,C00612,Xiti Raja,C00612,conflicting,customer_id
1141,C02154,Meghana Seth,C02154,conflicting,customer_id
1142,C02826,Falak Arya,C02826,partial_match,customer_id
1143,C02330,Faqid Ghosh,C02330,complete_match,customer_id
1144,N00043,Maanas Chhabra,,new_entity,no_candidate
1145,N00393,Sachi Anand,,new_entity,no_candidate
1146,C02149,Elijah Mohan,C02149,complete_match,customer_id
1147,C01622,Raagini Pall,C01622,conflicting,customer_id
1148,C02847,Yachana Keer,C02847,complete_match,customer_id
1149,C02591,Raghav Sekhon,C02591,complete_match,customer_id
1150,C00634,Gagan Gandhi,C00634,complete_match,customer_id
1151,N00031,Omaja Chander,,new_entity,no_candidate
1152,N00276,Warjas Devi,,new_entity,no_candidate
1153,N00286,Warinder Bera,,new_entity,no_candidate
1154,C00533,Nihal Subramaniam,C00533,complete_match,customer_id
1155,C00935,Anita Handa,C00935,complete_match,customer_id
1156,C00818,Chameli Tripathi,C00818,partial_match,customer_id
1157,C02288,Jyoti Rau,C02288,complete_match,customer_id
1158,C00487,Hredhaan Badami,C00487,partial_match,customer_id
1159,N00384,Abha Chahal,,new_entity,no_candidate
1160,N00266,Rushil Swaminathan,,new_entity,no_candidate
1161,C01756,Shravya Kapadia,C01756,partial_match,customer_id
1162,N00181,Jackson Rattan,,new_entity,no_candidate
1163,C02035,Mitesh Parikh,C02035,partial_match,customer_id
1164,C02651,Radhika Rajagopalan,C02651,partial_match,customer_id
1165,,Panini Sathe,,incomplete_match,no_candidate
1166,C01031,Mitali Sura,C01031,complete_match,customer_id
1167,C01489,Orinder Shetty,C01489,complete_match,customer_id
1168,,Dalaja Misra,,incomplete_match,no_candidate
1169,,Hredhaan Badami,,incomplete_match,no_candidate
1170,C02648,Aishani Agarwal,C02648,partial_match,customer_id
1171,N00144,Rachana Ramanathan,,new_entity,no_candidate
1172,C00273,Jeet Shenoy,C00273,partial_match,customer_id
1173,C02829,Aradhana Devan,C02829,complete_match,customer_id
1174,C00331,Yochana Wason,C00331,partial_match,customer_id
1175,,Abhimanyu Halder,C01721,partial_match,name_city
1176,,turvi sekhon,C01754,partial_match,email
1177,,Mohammed Natarajan,,incomplete_match,no_candidate
1178,C00827,Reva Walla,C00827,complete_match,customer_id
1179,,qabil trivedi,C01146,partial_match,email
1180,,Imaran Anne,C02751,partial_match,name_city
1181,N00348,Zayyan Reddy,,new_entity,no_candidate
1182,N00338,Harish Sem,,new_entity,no_candidate
1183,C01461,Ranbir Char,C01461,partial_match,customer_id
1184,N00083,Megha Narayanan,,new_entity,no_candidate
1185,C01313,Mugdha Khurana,C01313,conflicting,customer_id
1186,C01545,Urmi Wason,C01545,conflicting,customer_id
1187,C00439,Nathaniel Bhatia,C00439,partial_match,customer_id
1188,C02300,Priya Das,C02300,partial_match,customer_id
1189,N00157,Manbir Balan,,new_entity,no_candidate
1190,C02793,Nirja Hans,C02793,conflicting,customer_id
1191,N00325,Ranbir Panchal,,new_entity,no_candidate
1192,C00264,Yashvi Panchal,C00264,complete_match,customer_id
1193,C01701,Yochana Anand,C01701,complete_match,customer_id
1194,C00666,Tara Bhatt,C00666,partial_match,customer_id
1195,C00876,Max Dugar,C00876,complete_match,customer_id
1196,,Unnati Narang,C00954,partial_match,name_city
1197,C00240,Vedhika Chopra,C00240,conflicting,customer_id
1198,C02731,Theodore Bhatnagar,C02731,conflicting,customer_id
1199,,,C01626,partial_match,email
1200,C00559,Nihal Ram,C00559,conflicting,customer_id
1201,,Hiral Bahl,,incomplete_match,no_candidate
1202,,Vanya Sabharwal,C02885,partial_match,name_city
1203,,chameli babu,C00828,partial_match,email
1204,C00287,Leela Mangal,C00287,complete_match,customer_id
1205,C00952,Tarak Kari,C00952,complete_match,customer_id
1206,C01183,Pranav Golla,C01183,conflicting,customer_id
1207,,Omkaar Bhalla,,incomplete_match,no_candidate
1208,N00284,Aadi Chaudhuri,,new_entity,no_candidate
1209,C02221,Kai Rajagopalan,C02221,conflicting,customer_id
1210,C01446,Dipta Datta,C01446,partial_match,customer_id
1211,C00785,Qarin Anand,C00785,partial_match,customer_id
1212,C02307,Ikshita Narayan,C02307,complete_match,customer_id
1213,N00275,Tanvi Tiwari,,new_entity,no_candidate
1214,N00188,Yuvraj Sheth,,new_entity,no_candidate
1215,N00174,Advika Parikh,,new_entity,no_candidate
1216,C00505,Naksh Gara,C00505,partial_match,customer_id
1217,C02412,Lekha Saraf,C02412,partial_match,customer_id
1218,N00382,Kashish Dar,,new_entity,no_candidate
1219,C00663,Hema Kota,C00663,complete_match,customer_id
1220,C00156,Azaan Khalsa,C00156,conflicting,customer_id
1221,C01114,Aradhana Tata,C01114,conflicting,customer_id
1222,C00799,Onkar Kota,C00799,conflicting,customer_id
1223,N00215,Lakshit Kurian,,new_entity,no_candidate
1224,C00268,Wahab Nadkarni,C00268,partial_match,customer_id
1225,C01033,Vasatika Naidu,C01033,conflicting,customer_id
1226,C01081,Dalaja Balay,C01081,complete_match,customer_id
1227,C02952,Nikita Shere,C02952,conflicting,customer_id
1228,C02102,Agastya Trivedi,C02102,complete_match,customer_id
1229,C01290,Ubika Ghosh,C01290,partial_match,customer_id
1230,N00312,Pratyush Kanda,,new_entity,no_candidate
1231,,Upkaar Som,C00596,partial_match,name_city
1232,,Jagvi Tak,C02543,partial_match,name_city
1233,,,,incomplete_match,no_candidate
1234,C01840,Brinda Ghosh,C01840,conflicting,customer_id
1235,C01089,Hitesh Sabharwal,C01089,complete_match,customer_id
1236,C00772,Ethan Sule,C00772,conflicting,customer_id
1237,C02116,Rohan Sane,C02116,conflicting,customer_id
1238,C02063,Parth Khalsa,C02063,complete_match,customer_id
1239,N00101,Warhi Batra,,new_entity,no_candidate
1240,N00302,Suhani Madan,,new_entity,no_candidate
1241,C01405,Daniel Agate,C01405,partial_match,customer_id
1242,C02409,Fariq Vig,C02409,partial_match,customer_id
1243,C02985,Nachiket Rout,C02985,partial_match,customer_id
1244,N00084,Chakradhar Mishra,,new_entity,no_candidate
1245,,,,incomplete_match,no_candidate
1246,,,,incomplete_match,no_candidate
1247,C02779,Dakshesh Desai,C02779,complete_match,customer_id
1248,N00013,Aarush Deol,,new_entity,no_candidate
1249,C02503,Azad Sidhu,C02503,complete_match,customer_id
1250,C02865,Gavin Som,C02865,partial_match,customer_id
1251,N00068,Pushti Kala,,new_entity,no_candidate
1252,,Caleb Talwar,,incomplete_match,no_candidate
1253,C01416,Benjamin Dalal,C01416,conflicting,customer_id
1254,,,,incomplete_match,no_candidate
1255,C00895,Guneet Varty,C00895,conflicting,customer_id
1256,C01106,Ucchal Sangha,C01106,partial_match,customer_id
1257,C00690,Vrishti Sandal,C00690,complete_match,customer_id
1258,C01724,Pushti Chander,C01724,conflicting,customer_id
1259,C00205,Naveen Chana,C00205,conflicting,customer_id
1260,C01362,Megha Grewal,C01362,partial_match,customer_id
1261,C01640,Aachal Brahmbhatt,C01640,complete_match,customer_id
1262,C00309,Inaya Mohan,C00309,complete_match,customer_id
1263,N00318,Tanmayi Handa,,new_entity,no_candidate
1264,N00111,Frado Kulkarni,,new_entity,no_candidate
1265,,Pranav Golla,,incomplete_match,no_candidate
1266,C00500,Liam Borra,C00500,conflicting,customer_id
1267,C00400,Zilmil Jain,C00400,conflicting,customer_id
1268,C02222,Vedant Sawhney,C02222,partial_match,customer_id
1269,,Gavin Purohit,C00537,partial_match,name_city
1270,C00707,Wishi Nigam,C00707,complete_match,customer_id
1271,N00058,Jeremiah Maharaj,,new_entity,no_candidate
1272,,,C00439,partial_match,email
1273,C00399,Ridhi Vasa,C00399,conflicting,customer_id
1274,,,,incomplete_match,no_candidate
1275,N00222,Lajita Bajaj,,new_entity,no_candidate
1276,C00169,Umang Deol,C00169,complete_match,customer_id
1277,C00854,Chandresh Dewan,C00854,conflicting,customer_id
1278,,finn rama,C02346,partial_match,email
1279,C01002,Oscar Kalita,C01002,conflicting,customer_id
1280,C00454,Falguni Krish,C00454,conflicting,customer_id
1281,C01895,Falak Brar,C01895,partial_match,customer_id
1282,C00870,Ijaya Mandal,C00870,conflicting,customer_id
1283,C01573,Rachana Nori,C01573,partial_match,customer_id
1284,C00744,Jagvi Pandya,C00744,partial_match,customer_id
1285,C02776,Vasatika Krishnan,C02776,conflicting,customer_id
1286,,Vasudha Kannan,,incomplete_match,no_candidate
1287,C00659,Wahab Bawa,C00659,partial_match,customer_id
1288,,indira shah,C01741,partial_match,email
1289,C02915,Imaran Jani,C02915,conflicting,customer_id
1290,C00084,Shravya Banerjee,C00084,complete_match,customer_id
1291,N00035,Arin Brar,,new_entity,no_candidate
1292,C00184,Vyanjana Sidhu,C00184,conflicting,customer_id
1293,,,,incomplete_match,no_candidate
1294,,Tarak Subramaniam,C01480,partial_match,name_city
1295,C02017,Warinder Doctor,C02017,conflicting,customer_id
1296,C01470,Krishna Cheema,C01470,complete_match,customer_id
1297,C01520,Kabir Randhawa,C01520,complete_match,customer_id
1298,C00573,Qarin Chandra,C00573,complete_match,customer_id
1299,C00318,Umang Vala,C00318,partial_match,customer_id
1300,,Ekta Gill,C02491,partial_match,name_city
1301,N00327,Mitali Chand,,new_entity,no_candidate
1302,,,,incomplete_match,no_candidate
1303,C01136,Balvan Ratta,C01136,conflicting,customer_id
1304,C01999,Max Mitter,C01999,partial_match,customer_id
1305,N00395,Sneha Das,,new_entity,no_candidate
1306,C02730,Joshua Bandi,C02730,complete_match,customer_id
1307,C02237,Zaid Shukla,C02237,partial_match,customer_id
1308,C00191,Bahadurjit Khurana,C00191,conflicting,customer_id
1309,N00202,Wridesh Purohit,,new_entity,no_candidate
1310,C00811,Yatan Saha,C00811,partial_match,customer_id
1311,,,,incomplete_match,no_candidate
1312,N00205,Jackson Malhotra,,new_entity,no_candidate
1313,,,,incomplete_match,no_candidate
1314,C02098,Udant Chanda,C02098,partial_match,customer_id
1315,C00369,Urishilla Trivedi,C00369,partial_match,customer_id
1316,N00241,George Baria,,new_entity,no_candidate
1317,,Pallavi Balasubramanian,,incomplete_match,no_candidate
1318,C02441,Abdul Madan,C02441,conflicting,customer_id
1319,C02813,Indali Nadkarni,C02813,complete_match,customer_id
1320,C02881,Yatin Jaggi,C02881,partial_match,customer_id
1321,C00783,Wakeeta Shankar,C00783,conflicting,customer_id
1322,C00341,Lopa Modi,C00341,partial_match,customer_id
1323,C00403,Sanya Brar,C00403,complete_match,customer_id
1324,C02548,Charan Soni,C02548,partial_match,customer_id
1325,,Karan Chand,,incomplete_match,no_candidate
1326,C02204,Charvi Rai,C02204,partial_match,customer_id
1327,C01250,Upadhriti Cheema,C01250,conflicting,customer_id
1328,C01353,Jeevika Ravi,C01353,partial_match,customer_id
1329,,Jatin Banik,,incomplete_match,no_candidate
1330,,Agastya Ganesh,,incomplete_match,no_candidate
1331,C00201,Kai Goswami,C00201,complete_match,customer_id
1332,C01309,Frederick Kara,C01309,conflicting,customer_id
1333,C00489,Vivaan Patla,C00489,partial_match,customer_id
1334,C01635,Onkar Choudhary,C01635,partial_match,customer_id
1335,C01669,Onkar Krishnamurthy,C01669,partial_match,customer_id
1336,C00227,Umang Iyengar,C00227,partial_match,customer_id
1337,C02382,Wazir Chadha,C02382,partial_match,customer_id
1338,,ishanvi shah,C00053,partial_match,email
1339,C01428,Ria Mannan,C01428,complete_match,customer_id
1340,C02801,Prisha Gola,C02801,partial_match,customer_id
1341,C00524,Ikshita Gour,C00524,conflicting,customer_id
1342,C00646,Zinal Randhawa,C00646,conflicting,customer_id
1343,C00287,Leela Mangal,C00287,conflicting,customer_id
1344,N00335,Ijaya Muni,,new_entity,no_candidate
1345,N00366,Mohammed Manda,,new_entity,no_candidate
1346,N00106,Zarna Mane,,new_entity,no_candidate
1347,N00193,Harrison Barad,,new_entity,no_candidate
1348,,,,incomplete_match,no_candidate
1349,C01222,Wakeeta Chander,C01222,complete_match,customer_id
1350,,Ranbir Char,C01461,partial_match,name_city
1351,C00289,Darika Grewal,C00289,partial_match,customer_id
1352,C02230,Abeer Misra,C02230,conflicting,customer_id
1353,N00356,Urvashi Bhatti,,new_entity,no_candidate
1354,C02387,Nirja Palla,C02387,complete_match,customer_id
1355,N00285,Lakshit Sachdev,,new_entity,no_candidate
1356,C00464,Ayaan Manne,C00464,complete_match,customer_id
1357,,,C02303,partial_match,email
1358,C01834,Pahal Tailor,C01834,partial_match,customer_id
1359,,Warinder Ravel,,incomplete_match,no_candidate
1360,C02511,Meghana Yadav,C02511,complete_match,customer_id
1361,N00340,Jason Dayal,,new_entity,no_candidate
1362,C01417,Riya Khosla,C01417,complete_match,customer_id
1363,,Yauvani Chhabra,,incomplete_match,no_candidate
1364,,nidra bera,C00754,partial_match,email
1365,C01854,Owen Pathak,C01854,conflicting,customer_id
1366,C01491,Urmi Pai,C01491,conflicting,customer_id
1367,,Faras Ravi,C02093,partial_match,name_city
1368,N00296,Watika Handa,,new_entity,no_candidate
1369,C00024,Hemal Boase,C00024,complete_match,customer_id
1370,C01336,Anya Nanda,C01336,complete_match,customer_id
1371,C01839,Damyanti Setty,C01839,partial_match,customer_id
1372,C01237,Gautam Chauhan,C01237,complete_match,customer_id
1373,C00839,Aarna Palla,C00839,partial_match,customer_id
1374,C02275,Matthew Sodhi,C02275,partial_match,customer_id
1375,,,,incomplete_match,no_candidate
1376,C02353,Chatresh Pillay,C02353,conflicting,customer_id
1377,C00347,Hemang Chanda,C00347,complete_match,customer_id
1378,C01292,Tejas Ahuja,C01292,conflicting,customer_id
1379,C02500,Chatura Nazareth,C02500,complete_match,customer_id
1380,C02797,Hema Gola,C02797,partial_match,customer_id
1381,N00073,Prisha Gill,,new_entity,no_candidate
1382,C01797,Ishita Golla,C01797,conflicting,customer_id
1383,C02855,Ishanvi Nagi,C02855,complete_match,customer_id
1384,C01923,Aashi Nair,C01923,partial_match,customer_id
1385,C01734,Neha Roy,C01734,partial_match,customer_id
1386,N00248,Indrajit Golla,,new_entity,no_candidate
1387,C00052,Ranbir Chanda,C00052,complete_match,customer_id
1388,N00060,Wazir Dara,,new_entity,no_candidate
1389,,Vedant Sachdev,C02520,partial_match,name_city
1390,C01774,Gopal Talwar,C01774,conflicting,customer_id
1391,C00349,Tamanna Thakur,C00349,partial_match,customer_id
1392,C01680,Chaman Mital,C01680,complete_match,customer_id
1393,N00322,Aryan Ravel,,new_entity,no_candidate
1394,N00026,Gagan Chander,,new_entity,no_candidate
1395,N00171,Neelima Kota,,new_entity,no_candidate
1396,C01215,Bahadurjit Ram,C01215,complete_match,customer_id
1397,N00007,Harrison Ahuja,,new_entity,no_candidate
1398,,Raghav Sekhon,C02591,partial_match,name_city
1399,C00944,Ekanta Patil,C00944,complete_match,customer_id
1400,C02997,Charita Sachar,C02997,partial_match,customer_id
1401,C01093,Vedika Bora,C01093,complete_match,customer_id
1402,C00114,Chakradev Chaudhari,C00114,complete_match,customer_id
1403,C02296,Watika Goda,C02296,partial_match,customer_id
1404,,,,incomplete_match,no_candidate
1405,C01657,Utkarsh Bal,C01657,partial_match,customer_id
1406,C00640,Jagat Banik,C00640,conflicting,customer_id
1407,C00567,Nikita Gopal,C00567,partial_match,customer_id
1408,C00364,Zayyan Bandi,C00364,partial_match,customer_id
1409,,Riya Ramakrishnan,C00204,partial_match,name_city
1410,C01162,Jyoti Kumer,C01162,conflicting,customer_id
1411,C01215,Bahadurjit Ram,C01215,conflicting,customer_id
1412,C02364,Dominic Bahl,C02364,conflicting,customer_id
1413,N00096,Ekantika Kumar,,new_entity,no_candidate
1414,,zansi ganesan,C00224,partial_match,email
1415,C00822,Gayathri Deo,C00822,partial_match,customer_id
1416,,Gagan Cheema,,incomplete_match,no_candidate
1417,C02978,Upasna Bhatt,C02978,partial_match,customer_id
1418,,Kala Chakrabarti,C01695,partial_match,name_city
1419,,ANYA BIR,C02184,partial_match,phone
1420,,UTKARSH BAL,C01657,partial_match,phone
1421,N00009,Tamanna Kara,,new_entity,no_candidate
1422,C02851,Raagini Chanda,C02851,conflicting,customer_id
1423,,,C00533,partial_match,email
1424,N00231,Deepa Som,,new_entity,no_candidate
1425,C01645,Tanveer Lala,C01645,conflicting,customer_id
1426,C02838,Shivani Dhawan,C02838,complete_match,customer_id
1427,,,C00406,partial_match,email
1428,C01213,Liam Bala,C01213,complete_match,customer_id
1429,,Warinder Ranganathan,C00959,partial_match,name_city
1430,N00165,Nakul Maharaj,,new_entity,no_candidate
1431,,Ishani Yohannan,,incomplete_match,no_candidate
1432,C00378,Omya Kurian,C00378,partial_match,customer_id
1433,C01922,Damini Chanda,C01922,complete_match,customer_id
1434,C00735,Patrick Borra,C00735,complete_match,customer_id
1435,C02762,Eshana Bhatt,C02762,partial_match,customer_id
1436,C02319,Yamini Mutti,C02319,partial_match,customer_id
1437,N00120,Zaitra Sachdev,,new_entity,no_candidate
1438,C00850,Urishilla Gokhale,C00850,conflicting,customer_id
1439,N00363,Geetika Chaudry,,new_entity,no_candidate
1440,C00867,Vivaan Mall,C00867,complete_match,customer_id
1441,C01511,Vasudha Kannan,C01511,partial_match,customer_id
1442,N00001,Quincy Mangat,,new_entity,no_candidate
1443,C00829,Kamala Agate,C00829,conflicting,customer_id
1444,,,,incomplete_match,no_candidate
1445,C01168,Osha Korpal,C01168,complete_match,customer_id
1446,N00147,Ekaraj Soni,,new_entity,no_candidate
1447,,Ekavir Tiwari,C02040,partial_match,name_city
1448,C02562,Veda Choudhry,C02562,conflicting,customer_id
1449,C01220,Bishakha Majumdar,C01220,conflicting,customer_id
1450,C00897,Aadhya Nagar,C00897,complete_match,customer_id
1451,N00333,Vasudha Kala,,new_entity,no_candidate
1452,C00924,Charvi Warrior,C00924,complete_match,customer_id
1453,C02447,Hema Kata,C02447,complete_match,customer_id
1454,C00954,Unnati Narang,C00954,complete_match,customer_id
1455,C01831,Anamika Sami,C01831,conflicting,customer_id
1456,,,C00783,partial_match,email
1457,N00018,Abhimanyu Kumer,,new_entity,no_candidate
1458,C02649,Girik Bera,C02649,complete_match,customer_id
1459,N00153,Rishi Gala,,new_entity,no_candidate
1460,C01254,Janaki Bhavsar,C01254,conflicting,customer_id
1461,C01276,Jagvi Joshi,C01276,conflicting,customer_id
1462,,MOHINI MANN,C02777,partial_match,phone
1463,N00383,Pranit Tailor,,new_entity,no_candidate
1464,N00089,Yashica Sodhi,,new_entity,no_candidate
1465,C02939,Matthew Ghosh,C02939,conflicting,customer_id
1466,C00657,Waida Boase,C00657,partial_match,customer_id
1467,N00017,Ranbir Khanna,,new_entity,no_candidate
1468,,SATHVIK KEER,C00470,partial_match,phone
1469,,,C01364,partial_match,email
1470,C00967,Yashoda Bera,C00967,conflicting,customer_id
1471,,Tripti Ratta,C02111,partial_match,name_city
1472,C02301,Quincy Ratta,C02301,complete_match,customer_id
1473,C02419,Harita Ganguly,C02419,conflicting,customer_id
1474,N00392,Lila Deol,,new_entity,no_candidate
1475,C00643,Arjun Deep,C00643,partial_match,customer_id
1476,C01320,Advay Verma,C01320,complete_match,customer_id
1477,N00320,Jagvi Kar,,new_entity,no_candidate
1478,C01944,Kamya Manda,C01944,complete_match,customer_id
1479,C00121,Ekantika Chowdhury,C00121,conflicting,customer_id
1480,C01019,Urmi Varughese,C01019,conflicting,customer_id
1481,C00865,Ikbal Natt,C00865,partial_match,customer_id
1482,C00229,Teerth Ramachandran,C00229,conflicting,customer_id
1483,N00064,Vasana Nanda,,new_entity,no_candidate
1484,C00511,Amruta Oak,C00511,partial_match,customer_id
1485,N00398,Vidhi Nigam,,new_entity,no_candidate
1486,C02057,Ikbal Khurana,C02057,complete_match,customer_id
1487,C02068,Yash Rege,C02068,conflicting,customer_id
1488,N00044,Qushi Radhakrishnan,,new_entity,no_candidate
1489,N00016,Vedant Hayer,,new_entity,no_candidate
1490,C00080,Theodore Borra,C00080,partial_match,customer_id
1491,C00178,Rayaan Wali,C00178,partial_match,customer_id
1492,C01047,Ridhi Bora,C01047,conflicting,customer_id
1493,N00110,Karan Bajaj,,new_entity,no_candidate
1494,C01169,Tanish Sama,C01169,complete_match,customer_id
1495,C00611,Abhimanyu Ramesh,C00611,partial_match,customer_id
1496,,,,incomplete_match,no_candidate
1497,N00194,Faraj Parsa,,new_entity,no_candidate
1498,C01539,Wakeeta Keer,C01539,partial_match,customer_id
1499,N00252,Adweta Iyer,,new_entity,no_candidate
1500,,Hardik Saran,C02015,partial_match,name_city
1501,C01645,Tanveer Lala,C01645,partial_match,customer_id
1502,,VANSHA MURTY,C01973,partial_match,phone
1503,C01975,Hemangini Wagle,C01975,complete_match,customer_id
1504,C00877,Bhavini Seshadri,C00877,partial_match,customer_id
1505,,Abha Seth,,incomplete_match,no_candidate
1506,C01071,Charles Mammen,C01071,complete_match,customer_id
1507,,VEDHIKA NAIR,C02955,partial_match,phone
1508,N00331,Janani Mohanty,,new_entity,no_candidate
1509,,Kiaan Dugal,,incomplete_match,no_candidate
1510,C00734,Pranav Bobal,C00734,conflicting,customer_id
1511,,,C02228,partial_match,email
1512,C02825,Gautami Memon,C02825,partial_match,customer_id
1513,C02419,Harita Ganguly,C02419,complete_match,customer_id
1514,C02290,Jackson Parmer,C02290,complete_match,customer_id
1515,C00398,Bhavya Dugal,C00398,partial_match,customer_id
1516,,ZASHIL PATEL,C02820,partial_match,phone
1517,,,,incomplete_match,no_candidate
1518,C01485,Indali Tandon,C01485,partial_match,customer_id
1519,,Nicholas Aurora,C00490,partial_match,name_city
1520,,,C00409,partial_match,email
1521,C02910,Zinal Tara,C02910,complete_match,customer_id
1522,,,C01526,partial_match,email
1523,C01600,Liam Panchal,C01600,complete_match,customer_id
1524,C01474,Vanya Warrior,C01474,partial_match,customer_id
1525,C02766,Om Ramesh,C02766,partial_match,customer_id
1526,N00246,Quincy Shanker,,new_entity,no_candidate
1527,C01317,Daksha Grover,C01317,partial_match,customer_id
1528,C01014,Rajata Sundaram,C01014,conflicting,customer_id
1529,C00869,Jason Sha,C00869,conflicting,customer_id
1530,N00076,Ryan Gupta,,new_entity,no_candidate
1531,,,,incomplete_match,no_candidate
1532,C02718,Faris Kakar,C02718,complete_match,customer_id
1533,C02284,Mohammed Natarajan,C02284,partial_match,customer_id
1534,N00236,Vasudha Toor,,new_entity,no_candidate
1535,C01348,Devika Mital,C01348,partial_match,customer_id
1536,,,,incomplete_match,no_candidate
1537,C01413,Kabir Bath,C01413,complete_match,customer_id
1538,C01057,Luke Wason,C01057,partial_match,customer_id
1539,,Aadhya Sheth,,incomplete_match,no_candidate
1540,C02933,Lila Guha,C02933,partial_match,customer_id
1541,N00020,Irya Konda,,new_entity,no_candidate
1542,,,,incomplete_match,no_candidate
1543,C02477,Peter Varkey,C02477,conflicting,customer_id
1544,C00348,Ranveer Prasad,C00348,partial_match,customer_id
1545,C01426,Faraj Kashyap,C01426,partial_match,customer_id
1546,C00809,Oliver Bhat,C00809,complete_match,customer_id
1547,C00781,Hamsini Apte,C00781,partial_match,customer_id
1548,C01134,Mekhala Bhalla,C01134,partial_match,customer_id
1549,,,,incomplete_match,no_candidate
1550,,vasudha kannan,C01511,partial_match,email
1551,,Vrishti Sane,C01344,partial_match,name_city
1552,C00340,Maanav Gara,C00340,complete_match,customer_id
1553,N00290,Gaurang Sidhu,,new_entity,no_candidate
1554,C00895,Guneet Varty,C00895,complete_match,customer_id
1555,C00908,Gavin Rajagopal,C00908,complete_match,customer_id
1556,,,,incomplete_match,no_candidate
1557,C01321,Udyati Sen,C01321,partial_match,customer_id
1558,N00242,Zilmil Upadhyay,,new_entity,no_candidate
1559,C02578,Maanav Rajagopal,C02578,conflicting,customer_id
1560,C01503,Amruta Dalal,C01503,partial_match,customer_id
1561,C01238,Dev Mammen,C01238,partial_match,customer_id
1562,C01884,Jhalak Narasimhan,C01884,partial_match,customer_id
1563,,nitesh ramaswamy,C02863,partial_match,email
1564,C00098,Yamini Roy,C00098,complete_match,customer_id
1565,C00365,Azad Chakrabarti,C00365,conflicting,customer_id
1566,N00365,Amrita Sant,,new_entity,no_candidate
1567,N00032,Garima Kannan,,new_entity,no_candidate
1568,C01396,Hemani Thakur,C01396,conflicting,customer_id
1569,C02540,Dipta Bhattacharyya,C02540,partial_match,customer_id
1570,,ADWETA BEN,C01926,partial_match,phone
1571,,HARINI AGRAWAL,C02248,partial_match,phone
1572,,,,incomplete_match,no_candidate
1573,N00316,Nicholas Khare,,new_entity,no_candidate
1574,,Balvan Ratta,C01136,partial_match,name_city
1575,C00026,Zarna Ramaswamy,C00026,complete_match,customer_id
1576,N00297,Jason Iyer,,new_entity,no_candidate
1577,C00952,Xiti Halder,C00952,conflicting,customer_id
1578,C01719,Anita Nagi,C01719,conflicting,customer_id
1579,C01959,Mohammed Bera,C01959,conflicting,customer_id
1580,C00627,Neha Mukhopadhyay,C00627,conflicting,customer_id
1581,C00047,Jasmit Nath,C00047,partial_match,customer_id
1582,,,C00739,partial_match,email
1583,N00158,Bahadurjit Sur,,new_entity,no_candidate
1584,C01258,Yasti Nadkarni,C01258,complete_match,customer_id
1585,N00002,Gautam Vasa,,new_entity,no_candidate
1586,N00099,Dalbir Kar,,new_entity,no_candidate
1587,C02126,Arjun Bawa,C02126,partial_match,customer_id
1588,C01363,Yochana Sule,C01363,complete_match,customer_id
1589,C02841,Anya Kaul,C02841,complete_match,customer_id
1590,N00329,Isha Tiwari,,new_entity,no_candidate
1591,N00105,Priya Ramesh,,new_entity,no_candidate
1592,N00209,Frado Sura,,new_entity,no_candidate
1593,C01318,Chaitanya Dhingra,C01318,complete_match,customer_id
1594,N00047,Ekaja Modi,,new_entity,no_candidate
1595,C00363,Noah Char,C00363,conflicting,customer_id
1596,C02893,Samar Amble,C02893,complete_match,customer_id
1597,C01824,Suhani Basu,C01824,conflicting,customer_id
1598,C02557,Jairaj Devi,C02557,partial_match,customer_id
1599,C01989,Vedant Batta,C01989,partial_match,customer_id
1600,C02111,Tripti Ratta,C02111,partial_match,customer_id
1601,C02887,Chavvi Mangal,C02887,partial_match,customer_id
1602,N00387,Dakshesh Nazareth,,new_entity,no_candidate
1603,C02127,Ladli Johal,C02127,partial_match,customer_id
1604,,krishna murthy,C02894,partial_match,email
1605,C01464,Kavya Boase,C01464,partial_match,customer_id
1606,C00300,Harinakshi Yohannan,C00300,conflicting,customer_id
1607,N00069,Chaaya Kapur,,new_entity,no_candidate
1608,C02498,Daksh Sule,C02498,partial_match,customer_id
1609,C01815,Kashvi Randhawa,C01815,conflicting,customer_id
1610,C01551,Ekansh Sharaf,C01551,complete_match,customer_id
1611,,Urvashi Kaul,,incomplete_match,no_candidate
1612,C00140,Ridhi Sachdev,C00140,partial_match,customer_id
1613,C02132,Hamsini Gara,C02132,conflicting,customer_id
1614,C01128,Tanvi Sehgal,C01128,conflicting,customer_id
1615,N00189,Jhalak Gala,,new_entity,no_candidate
1616,C02184,Anya Bir,C02184,conflicting,customer_id
1617,C02753,Chandresh Bora,C02753,partial_match,customer_id
1618,,,,incomplete_match,no_candidate
1619,N00341,Yauvani Sem,,new_entity,no_candidate
1620,,Fariq Dugal,,incomplete_match,no_candidate
1621,N00304,Zayan Karan,,new_entity,no_candidate
1622,C02734,Ekansh Saha,C02734,conflicting,customer_id
1623,C02628,Ekantika Bali,C02628,partial_match,customer_id
1624,,Quincy Bose,C02213,partial_match,name_city
1625,C00260,Kavya Rajagopal,C00260,complete_match,customer_id
1626,,Megha Tak,C01280,partial_match,name_city
1627,C00698,Nihal Suresh,C00698,partial_match,customer_id
1628,,Meera Dubey,,incomplete_match,no_candidate
1629,N00024,Orinder Gole,,new_entity,no_candidate
1630,N00247,Tristan Sehgal,,new_entity,no_candidate
1631,,,,incomplete_match,no_candidate
1632,N00291,Jeevika Ramaswamy,,new_entity,no_candidate
1633,C02641,Guneet Buch,C02641,complete_match,customer_id
1634,,,,incomplete_match,no_candidate
1635,N00015,Mekhala Guha,,new_entity,no_candidate
1636,C01456,Charvi Ranganathan,C01456,conflicting,customer_id
1637,C00261,Zayyan Muni,C00261,complete_match,customer_id
1638,,,C00419,partial_match,email
1639,C01531,Pranav Anand,C01531,partial_match,customer_id
1640,C00223,Faris Saini,C00223,conflicting,customer_id
1641,C02453,Kavya Cheema,C02453,partial_match,customer_id
1642,C01495,Dalbir Rau,C01495,complete_match,customer_id
1643,,Wishi Upadhyay,C00982,partial_match,name_city
1644,C01033,Vasatika Naidu,C01033,complete_match,customer_id
1645,,Eshana Chaudhuri,C01748,partial_match,name_city
1646,C01091,Nilima Sridhar,C01091,conflicting,customer_id
1647,C02486,Abeer Som,C02486,conflicting,customer_id
1648,,Nikita Oommen,,incomplete_match,no_candidate
1649,N00287,Elijah Ghosh,,new_entity,no_candidate
1650,C00727,Widisha Hari,C00727,conflicting,customer_id
1651,N00025,Joshua Gupta,,new_entity,no_candidate
1652,C01909,Osha Hora,C01909,conflicting,customer_id
1653,C00034,Mugdha Om,C00034,partial_match,customer_id
1654,C02518,Anamika Sampath,C02518,conflicting,customer_id
1655,,sai narain,C02049,partial_match,email
1656,C01266,Yamini Kunda,C01266,complete_match,customer_id
1657,C00188,Aadhya Sheth,C00188,partial_match,customer_id
1658,,,,incomplete_match,no_candidate
1659,C00405,Luke Dyal,C00405,partial_match,customer_id
1660,N00097,Gopal Gopal,,new_entity,no_candidate
1661,C00292,Isha Bora,C00292,partial_match,customer_id
1662,N00196,Ekani Uppal,,new_entity,no_candidate
1663,C02464,Nirja Sawhney,C02464,complete_match,customer_id
1664,C02052,Bakhshi Dalal,C02052,conflicting,customer_id
1665,,SIYA CHACKO,C01105,partial_match,phone
1666,N00307,Omya Raman,,new_entity,no_candidate
1667,N00256,Vincent Mahal,,new_entity,no_candidate
1668,,Nicholas Jaggi,C02868,partial_match,name_city
1669,C00200,Suhani Nayar,C00200,partial_match,customer_id
1670,,charles mammen,C01071,partial_match,email
1671,C01779,Divya Manda,C01779,conflicting,customer_id
1672,C00253,Lajita Gupta,C00253,conflicting,customer_id
1673,C02987,Ishanvi Venkataraman,C02987,partial_match,customer_id
1674,,DAKSH NAGY,C00577,partial_match,phone
1675,N00180,Priya Gaba,,new_entity,no_candidate
1676,,Brinda Ghosh,,incomplete_match,no_candidate
1677,N00139,Manthan Dhar,,new_entity,no_candidate
1678,N00100,Abha Lata,,new_entity,no_candidate
1679,C01199,Januja Raj,C01199,partial_match,customer_id
1680,C00208,Tanveer Karan,C00208,complete_match,customer_id
1681,,Libni Batra,,incomplete_match,no_candidate
1682,,JANAKI MASTER,C02495,partial_match,phone
1683,C00197,Qadim Sura,C00197,partial_match,customer_id
1684,C01825,Ayushman Mahajan,C01825,conflicting,customer_id
1685,C02718,Faris Kakar,C02718,partial_match,customer_id
1686,C00671,Alexander Sampath,C00671,conflicting,customer_id
1687,C01719,Anita Nagi,C01719,partial_match,customer_id
1688,C02711,Amruta Misra,C02711,complete_match,customer_id
1689,C00411,Isaac Gokhale,C00411,partial_match,customer_id
1690,C02919,Maanav Devan,C02919,conflicting,customer_id
1691,C00040,Frederick Pillai,C00040,complete_match,customer_id
1692,C00226,Anita Chandra,C00226,partial_match,customer_id
1693,,Sathvik Keer,,incomplete_match,no_candidate
1694,C02696,Xiti Manne,C02696,complete_match,customer_id
1695,N00372,Dayita Vora,,new_entity,no_candidate
1696,C00831,Harrison Guha,C00831,conflicting,customer_id
1697,N00379,Lakshmi Ganesan,,new_entity,no_candidate
1698,C00777,Owen Sarkar,C00777,partial_match,customer_id
1699,N00019,Nathan Sule,,new_entity,no_candidate
1700,N00115,Jason Magar,,new_entity,no_candidate
1701,C02006,Charvi Sundaram,C02006,conflicting,customer_id
1702,N00095,Widisha Dhingra,,new_entity,no_candidate
1703,C01647,Avi Dugar,C01647,partial_match,customer_id
1704,C00826,Krish Hari,C00826,partial_match,customer_id
1705,,,,incomplete_match,no_candidate
1706,C01456,Rohan Sastry,C01456,complete_match,customer_id
1707,C00162,Maya Kalla,C00162,complete_match,customer_id
1708,C01103,Hardik Pradhan,C01103,conflicting,customer_id
1709,C02476,Ekiya Nagarajan,C02476,partial_match,customer_id
1710,C01207,Nilima Bath,C01207,conflicting,customer_id
1711,N00065,Zilmil Ganesan,,new_entity,no_candidate
1712,N00223,Oscar Bansal,,new_entity,no_candidate
1713,C00297,Girindra More,C00297,complete_match,customer_id
1714,,chanchal nagi,C02996,partial_match,email
1715,C01696,Naveen Mutti,C01696,complete_match,customer_id
1716,C01046,Hemani Jha,C01046,partial_match,customer_id
1717,,,,incomplete_match,no_candidate
1718,N00122,Meera Mistry,,new_entity,no_candidate
1719,N00140,Anita Bhattacharyya,,new_entity,no_candidate
1720,C02725,Ekani Karnik,C02725,partial_match,customer_id
1721,C01994,Ekavir Konda,C01994,partial_match,customer_id
1722,,Ikbal Wali,C02605,partial_match,name_city
1723,N00314,Radhika Mukherjee,,new_entity,no_candidate
1724,C00491,Samarth Nanda,C00491,conflicting,customer_id
1725,N00369,Noah Minhas,,new_entity,no_candidate
1726,C02856,Ira Sura,C02856,complete_match,customer_id
1727,C00838,Vinaya Rout,C00838,complete_match,customer_id
1728,C01862,Divya Warrior,C01862,conflicting,customer_id
1729,C02236,Yashvi Doctor,C02236,conflicting,customer_id
1730,C01744,Harsh Sekhon,C01744,complete_match,customer_id
1731,N00391,Udyati Balan,,new_entity,no_candidate
1732,C02684,Vihaan Ravi,C02684,partial_match,customer_id
1733,C02949,Bachittar Sahota,C02949,conflicting,customer_id
1734,,BANJEET GANESH,C00561,partial_match,phone
1735,,,,incomplete_match,no_candidate
1736,N00229,Yachana Zacharia,,new_entity,no_candidate
1737,C01772,Triveni Jaggi,C01772,partial_match,customer_id
1738,,Oviya Thakkar,,incomplete_match,no_candidate
1739,C02308,Deepa Dar,C02308,complete_match,customer_id
1740,C01462,Ayushman Chaudhari,C01462,conflicting,customer_id
1741,N00343,Harinakshi Patla,,new_entity,no_candidate
1742,,,C02694,partial_match,email
1743,C00170,Hiral Bala,C00170,complete_match,customer_id
1744,,,,incomplete_match,no_candidate
1745,N00041,Michael Vig,,new_entity,no_candidate
1746,C00311,Sanaya Raj,C00311,partial_match,customer_id
1747,N00397,Jeevika Kohli,,new_entity,no_candidate
1748,C00107,Amrita Baral,C00107,complete_match,customer_id
1749,,Aarnav Dua,C00536,partial_match,name_city
1750,N00054,Yauvani Khatri,,new_entity,no_candidate
1751,C00096,Oliver Pai,C00096,complete_match,customer_id
1752,C02470,Parth Chowdhury,C02470,partial_match,customer_id
1753,C01242,Anjali Dash,C01242,complete_match,customer_id
1754,C00372,Anya Dave,C00372,complete_match,customer_id
1755,,baljiwan nori,C00482,partial_match,email
1756,,Quincy Khare,,incomplete_match,no_candidate
1757,N00132,Ekiya Krishnamurthy,,new_entity,no_candidate
1758,C01805,Waida Batra,C01805,partial_match,customer_id
1759,N00362,Nilima Sampath,,new_entity,no_candidate
1760,C01479,Balhaar Garde,C01479,partial_match,customer_id
1761,N00238,Fitan Chada,,new_entity,no_candidate
1762,,Jacob Nagar,,incomplete_match,no_candidate
1763,C00642,Owen Reddy,C00642,partial_match,customer_id
1764,N00154,Isha Sant,,new_entity,no_candidate
1765,C00926,Amruta Wali,C00926,complete_match,customer_id
1766,C00120,Orinder Choudhury,C00120,complete_match,customer_id
1767,,,,incomplete_match,no_candidate
1768,C01541,Wahab Gara,C01541,complete_match,customer_id
1769,C01280,Megha Tak,C01280,conflicting,customer_id
1770,C00023,Irya Nori,C00023,conflicting,customer_id
1771,C00204,Riya Ramakrishnan,C00204,partial_match,customer_id
1772,,Christopher Verma,,incomplete_match,no_candidate
1773,C02495,Janaki Master,C02495,conflicting,customer_id
1774,C02874,Unni Mand,C02874,conflicting,customer_id
1775,N00306,Forum Setty,,new_entity,no_candidate
1776,C02156,Xalak Raval,C02156,conflicting,customer_id
1777,C02456,Reyansh Saran,C02456,complete_match,customer_id
1778,C00685,Harsh Goda,C00685,conflicting,customer_id
1779,C01096,Kiaan Balay,C01096,complete_match,customer_id
1780,C00475,Triveni Balakrishnan,C00475,partial_match,customer_id
1781,C01977,Hredhaan Aggarwal,C01977,complete_match,customer_id
1782,C00983,Jasmit Doshi,C00983,complete_match,customer_id
1783,N00146,Nirja Trivedi,,new_entity,no_candidate
1784,C01084,Kashish Radhakrishnan,C01084,conflicting,customer_id
1785,N00173,Abdul Malhotra,,new_entity,no_candidate
1786,,,C01890,partial_match,email
1787,C01618,Kashish Arya,C01618,complete_match,customer_id
1788,N00052,Yoshita Handa,,new_entity,no_candidate
1789,N00163,Anita Brar,,new_entity,no_candidate
1790,,,,incomplete_match,no_candidate
1791,,,,incomplete_match,no_candidate
1792,C02164,Ryan Banerjee,C02164,conflicting,customer_id
1793,C02427,Abeer Contractor,C02427,conflicting,customer_id
1794,,vritti purohit,C02817,partial_match,email
1795,C00174,Lila Narayan,C00174,partial_match,customer_id
1796,C02901,Kashish Chahal,C02901,conflicting,customer_id
1797,N00167,Yachana Bora,,new_entity,no_candidate
1798,C00525,Tejas Aurora,C00525,partial_match,customer_id
1799,C00490,Nicholas Aurora,C00490,complete_match,customer_id
1800,N00108,Hemangini Tiwari,,new_entity,no_candidate
1801,C01592,Sanaya Bal,C01592,conflicting,customer_id
1802,C00536,Aarnav Dua,C00536,partial_match,customer_id
1803,C02304,Darika Saraf,C02304,conflicting,customer_id
1804,C00724,Riya Pathak,C00724,complete_match,customer_id
1805,N00267,Manya Sinha,,new_entity,no_candidate
1806,C02443,Xalak Mangal,C02443,partial_match,customer_id
1807,C01446,Dipta Datta,C01446,conflicting,customer_id
1808,N00107,Yahvi Ganesh,,new_entity,no_candidate
1809,N00249,Dominic Vyas,,new_entity,no_candidate
1810,C00446,Dipta Bobal,C00446,partial_match,customer_id
1811,C00857,Rachit Bassi,C00857,conflicting,customer_id
1812,C01439,Arya Sathe,C01439,complete_match,customer_id
1813,C02877,Girik Bhardwaj,C02877,complete_match,customer_id
1814,N00093,Jalsa Purohit,,new_entity,no_candidate
1815,,,C00689,partial_match,email
1816,C02310,Indira Iyengar,C02310,complete_match,customer_id
1817,C01979,Laban Vasa,C01979,conflicting,customer_id
1818,C00979,Vanya Hegde,C00979,complete_match,customer_id
1819,C00223,Faris Saini,C00223,partial_match,customer_id
1820,C01366,Lucky Gole,C01366,complete_match,customer_id
1821,C00186,Ishita Rajagopalan,C00186,partial_match,customer_id
1822,C00633,Maanas Shah,C00633,conflicting,customer_id
1823,,Anika Handa,C00652,partial_match,name_city
1824,C01444,Wakeeta Chauhan,C01444,partial_match,customer_id
1825,C02576,Anita Pandya,C02576,complete_match,customer_id
1826,C02334,Ishwar Butala,C02334,partial_match,customer_id
1827,C00259,Omkaar Buch,C00259,conflicting,customer_id
1828,C02711,Amruta Misra,C02711,partial_match,customer_id
1829,,,,incomplete_match,no_candidate
1830,N00152,Damini Ganguly,,new_entity,no_candidate
1831,C02096,Caleb Nagar,C02096,partial_match,customer_id
1832,,Victor Parmer,,incomplete_match,no_candidate
1833,C01615,Neelima Barad,C01615,partial_match,customer_id
1834,C01853,Radha Bava,C01853,complete_match,customer_id
1835,,bhavika lala,C00841,partial_match,email
1836,C00865,Ikbal Natt,C00865,complete_match,customer_id
1837,N00138,Chatura Mistry,,new_entity,no_candidate
1838,,Chakradev Bhandari,C01145,partial_match,name_city
1839,N00028,Riya Dixit,,new_entity,no_candidate
1840,C00242,Harinakshi Goda,C00242,complete_match,customer_id
1841,,,,incomplete_match,no_candidate
1842,N00199,Vamakshi Bhatia,,new_entity,no_candidate
1843,C01993,Tejas Murty,C01993,complete_match,customer_id
1844,,,,incomplete_match,no_candidate
1845,,VYANJANA PALAN,C00784,partial_match,phone
1846,C00496,Ladli Bhalla,C00496,partial_match,customer_id
1847,,Abha Tandon,,incomplete_match,no_candidate
1848,C02319,Yamini Mutti,C02319,complete_match,customer_id
1849,C01704,Chandran Swamy,C01704,complete_match,customer_id
1850,C02672,Balvan Mistry,C02672,conflicting,customer_id
1851,C01425,Ijaya Sidhu,C01425,partial_match,customer_id
1852,C00863,Ira Kaur,C00863,complete_match,customer_id
1853,C01824,Suhani Basu,C01824,partial_match,customer_id
1854,C02001,Jeremiah Balakrishnan,C02001,complete_match,customer_id
1855,C01509,Aayush Cherian,C01509,complete_match,customer_id
1856,,Theodore Bhatnagar,C02731,partial_match,name_city
1857,C01046,Hemani Jha,C01046,complete_match,customer_id
1858,C00906,Charan Yohannan,C00906,partial_match,customer_id
1859,N00116,Oeshi Sama,,new_entity,no_candidate
1860,C00199,Netra Pau,C00199,partial_match,customer_id
1861,C02462,Rajata Bhandari,C02462,conflicting,customer_id
1862,C01549,Jalsa Bawa,C01549,partial_match,customer_id
1863,C01270,Eshana Dubey,C01270,complete_match,customer_id
1864,,megha sekhon,C00438,partial_match,email
1865,C00172,Urvi Nagy,C00172,complete_match,customer_id
1866,N00048,Rishi Swaminathan,,new_entity,no_candidate
1867,C01189,Chaitaly Taneja,C01189,partial_match,customer_id
1868,C02077,Sneha Rai,C02077,partial_match,customer_id
1869,C00396,Bina Ravi,C00396,complete_match,customer_id
1870,N00370,Bakhshi Divan,,new_entity,no_candidate
1871,C02081,Vyanjana Apte,C02081,partial_match,customer_id
1872,C00929,Widisha Ramaswamy,C00929,partial_match,customer_id
1873,C00754,Nidra Bera,C00754,complete_match,customer_id
1874,C02458,Vrinda Venkatesh,C02458,partial_match,customer_id
1875,N00374,Ekavir Sur,,new_entity,no_candidate
1876,C00178,Gunbir Anand,C00178,conflicting,customer_id
1877,,,,incomplete_match,no_candidate
1878,C02222,Vedant Sawhney,C02222,complete_match,customer_id
1879,C02962,Deepa Sodhi,C02962,partial_match,customer_id
1880,,,C02813,partial_match,email
1881,N00261,Inaya Wagle,,new_entity,no_candidate
1882,C02268,David Bora,C02268,partial_match,customer_id
1883,C00736,Falak Batta,C00736,complete_match,customer_id
1884,C02745,Oeshi Butala,C02745,conflicting,customer_id
1885,C00691,Champak Loke,C00691,conflicting,customer_id
1886,,charles chaudhari,C01123,partial_match,email
1887,,sai shukla,C02413,partial_match,email
1888,,Vanya Sabharwal,C02885,partial_match,name_city
1889,N00130,Edhitha Basak,,new_entity,no_candidate
1890,C02329,Yochana Raman,C02329,complete_match,customer_id
1891,,Yashodhara Gandhi,C02931,partial_match,name_city
1892,C01927,Krish Arya,C01927,conflicting,customer_id
1893,N00045,Balendra Misra,,new_entity,no_candidate
1894,C00616,Zarna Saraf,C00616,partial_match,customer_id
1895,N00206,Ekansh Chaudhari,,new_entity,no_candidate
1896,C00560,Upasna Gara,C00560,conflicting,customer_id
1897,C02984,Watika Kalita,C02984,complete_match,customer_id
1898,C01186,Vihaan Gupta,C01186,complete_match,customer_id
1899,,Alexander Bera,C00530,partial_match,name_city
1900,C02223,Ekani Prashad,C02223,complete_match,customer_id
1901,,madhavi agate,C00400,partial_match,email
1902,C02539,Zashil Ranganathan,C02539,complete_match,customer_id
1903,C02021,Harsh Chatterjee,C02021,conflicting,customer_id
1904,N00299,Pavani Gera,,new_entity,no_candidate
1905,C02870,Hiral Biswas,C02870,conflicting,customer_id
1906,C02490,Falak Gole,C02490,conflicting,customer_id
1907,C01729,George Deol,C01729,partial_match,customer_id
1908,C02055,Zaitra Dubey,C02055,complete_match,customer_id
1909,N00396,Qabil Ram,,new_entity,no_candidate
1910,C01841,Oliver Hegde,C01841,partial_match,customer_id
1911,C01313,Mugdha Khurana,C01313,partial_match,customer_id
1912,,,,incomplete_match,no_candidate
1913,C01660,Kritika Rau,C01660,conflicting,customer_id
1914,N00204,Thomas Buch,,new_entity,no_candidate
1915,C00774,Qabil Hegde,C00774,complete_match,customer_id
1916,,MADHAV PRABHU,C00996,partial_match,phone
1917,N00104,Guneet Mahajan,,new_entity,no_candidate
1918,N00176,Chatura Verma,,new_entity,no_candidate
1919,,,C02042,partial_match,email
1920,,Triya Arora,,incomplete_match,no_candidate
1921,C01617,Jonathan Rege,C01617,partial_match,customer_id
1922,C00686,Urmi Borde,C00686,complete_match,customer_id
1923,N00274,Warjas Kar,,new_entity,no_candidate
1924,C02161,Vincent Barman,C02161,conflicting,customer_id
1925,C01759,Maanas Ben,C01759,complete_match,customer_id
1926,C01936,Zehaan Tailor,C01936,conflicting,customer_id
1927,C00728,Adya Nath,C00728,complete_match,customer_id
1928,C00747,Viraj Thakkar,C00747,complete_match,customer_id
1929,C02299,Yatin Kar,C02299,partial_match,customer_id
1930,C01171,Rayaan Cheema,C01171,partial_match,customer_id
1931,N00169,Ucchal Deo,,new_entity,no_candidate
1932,C02452,Michael Kannan,C02452,conflicting,customer_id
1933,C01064,Veer Sanghvi,C01064,complete_match,customer_id
1934,N00166,Reva Pillay,,new_entity,no_candidate
1935,,,C00893,partial_match,email
1936,N00195,Upadhriti Issac,,new_entity,no_candidate
1937,N00213,Lavanya Dubey,,new_entity,no_candidate
1938,N00175,Damini Upadhyay,,new_entity,no_candidate
1939,C02416,Yadavi Singh,C02416,complete_match,customer_id
1940,C02403,Wridesh Kurian,C02403,conflicting,customer_id
1941,C00971,Amol Dhaliwal,C00971,conflicting,customer_id
1942,C00658,Harinakshi Dhar,C00658,complete_match,customer_id
1943,C00539,Warinder Bava,C00539,conflicting,customer_id
1944,C02844,Tanmayi Chhabra,C02844,partial_match,customer_id
1945,C01604,Ojasvi Tripathi,C01604,partial_match,customer_id
1946,C00609,Ishanvi Sastry,C00609,conflicting,customer_id
1947,C01050,Megha Char,C01050,complete_match,customer_id
1948,,,,incomplete_match,no_candidate
1949,N00243,Chandresh Lata,,new_entity,no_candidate
1950,C02157,Madhav Singh,C02157,partial_match,customer_id
1951,,,,incomplete_match,no_candidate
1952,N00164,Frado Salvi,,new_entity,no_candidate
1953,,,,incomplete_match,no_candidate
1954,C02262,Zehaan Rastogi,C02262,partial_match,customer_id
1955,,,,incomplete_match,no_candidate
1956,C01118,Qasim Pai,C01118,partial_match,customer_id
1957,C00221,Yuvraj Dutt,C00221,partial_match,customer_id
1958,C02230,Abeer Misra,C02230,complete_match,customer_id
1959,C02785,Adweta Dugar,C02785,conflicting,customer_id
1960,C01745,Christopher Sharma,C01745,partial_match,customer_id
1961,C01036,Teerth Dube,C01036,complete_match,customer_id
1962,,aadi tara,C00849,partial_match,email
1963,N00160,Simon Mody,,new_entity,no_candidate
1964,,Vrinda Pathak,C00139,partial_match,name_city
1965,C01867,Aditya Dixit,C01867,partial_match,customer_id
1966,,Pranav Bedi,,incomplete_match,no_candidate
1967,C02983,Manan Kale,C02983,partial_match,customer_id
1968,N00250,Janaki Chowdhury,,new_entity,no_candidate
1969,N00237,Reva Padmanabhan,,new_entity,no_candidate
1970,C00207,Chanchal Gour,C00207,partial_match,customer_id
1971,,,,incomplete_match,no_candidate
1972,C02156,Abhimanyu Nayar,C02156,complete_match,customer_id
1973,,Chakradhar Badal,,incomplete_match,no_candidate
1974,C02192,Ishanvi Boase,C02192,complete_match,customer_id
1975,,,,incomplete_match,no_candidate
1976,C00648,Ojasvi Kota,C00648,partial_match,customer_id
1977,C01872,Avi Memon,C01872,partial_match,customer_id
1978,,Samesh Sundaram,C01548,partial_match,name_city
1979,C01364,Neha Baria,C01364,partial_match,customer_id
1980,C00931,Nirja Sha,C00931,conflicting,customer_id
1981,C00892,Chandresh Rai,C00892,complete_match,customer_id
1982,C00575,Kavya Chhabra,C00575,complete_match,customer_id
1983,C00891,Dayamai Khatri,C00891,conflicting,customer_id
1984,N00265,Parth Patla,,new_entity,no_candidate
1985,N00323,Warjas Jaggi,,new_entity,no_candidate
1986,,Yauvani Soman,C02667,partial_match,name_city
1987,C02772,Kashish Prabhu,C02772,complete_match,customer_id
1988,N00228,Faraj Patil,,new_entity,no_candidate
1989,C02827,Ishani Gopal,C02827,complete_match,customer_id
1990,,Alexander Bajwa,C01930,partial_match,name_city
1991,C01102,Raksha Seshadri,C01102,conflicting,customer_id
1992,N00269,Yashawini Contractor,,new_entity,no_candidate
1993,N00281,Ranbir Bali,,new_entity,no_candidate
1994,N00080,Xiti Sundaram,,new_entity,no_candidate
1995,N00170,Peter Tak,,new_entity,no_candidate
1996,C00658,Harinakshi Dhar,C00658,conflicting,customer_id
1997,,Amaira Behl,C02891,partial_match,name_city
1998,,Aarna Chakraborty,C02858,partial_match,name_city
1999,C00284,Rishi Shetty,C00284,complete_match,customer_id
2000,,Aarnav Amble,C02921,partial_match,name_city
2001,C01290,Ubika Ghosh,C01290,complete_match,customer_id
